uid,block,a,b,tol_ms,hits,den,twice_hits,a_n,b_n,b_covered
ex01_confused_00028,ex01::HE WROTE GULLIVER'S TRAVEL,asr_3408,emotion_3408,0,9,43,18,28,15,9
ex01_confused_00028,ex01::HE WROTE GULLIVER'S TRAVEL,asr_3408,emotion_3408,20,14,43,28,28,15,14
ex01_confused_00028,ex01::HE WROTE GULLIVER'S TRAVEL,asr_3408,emotion_3408,40,15,43,30,28,15,15
ex01_confused_00028,ex01::HE WROTE GULLIVER'S TRAVEL,asr_3408,intent_3408_last,0,17,51,34,28,23,17
ex01_confused_00028,ex01::HE WROTE GULLIVER'S TRAVEL,asr_3408,intent_3408_last,20,23,51,46,28,23,23
ex01_confused_00028,ex01::HE WROTE GULLIVER'S TRAVEL,asr_3408,intent_3408_last,40,23,51,46,28,23,23
ex01_confused_00028,ex01::HE WROTE GULLIVER'S TRAVEL,asr_3408,speaker_count_3408_last,0,3,37,6,28,9,3
ex01_confused_00028,ex01::HE WROTE GULLIVER'S TRAVEL,asr_3408,speaker_count_3408_last,20,7,37,14,28,9,7
ex01_confused_00028,ex01::HE WROTE GULLIVER'S TRAVEL,asr_3408,speaker_count_3408_last,40,9,37,18,28,9,9
ex01_confused_00028,ex01::HE WROTE GULLIVER'S TRAVEL,emotion_3408,intent_3408_last,0,8,38,16,15,23,8
ex01_confused_00028,ex01::HE WROTE GULLIVER'S TRAVEL,emotion_3408,intent_3408_last,20,14,38,28,15,23,16
ex01_confused_00028,ex01::HE WROTE GULLIVER'S TRAVEL,emotion_3408,intent_3408_last,40,15,38,30,15,23,17
ex01_confused_00028,ex01::HE WROTE GULLIVER'S TRAVEL,emotion_3408,speaker_count_3408_last,0,2,24,4,15,9,2
ex01_confused_00028,ex01::HE WROTE GULLIVER'S TRAVEL,emotion_3408,speaker_count_3408_last,20,4,24,8,15,9,4
ex01_confused_00028,ex01::HE WROTE GULLIVER'S TRAVEL,emotion_3408,speaker_count_3408_last,40,6,24,12,15,9,6
ex01_confused_00028,ex01::HE WROTE GULLIVER'S TRAVEL,intent_3408_last,speaker_count_3408_last,0,5,32,10,23,9,5
ex01_confused_00028,ex01::HE WROTE GULLIVER'S TRAVEL,intent_3408_last,speaker_count_3408_last,20,7,32,14,23,9,7
ex01_confused_00028,ex01::HE WROTE GULLIVER'S TRAVEL,intent_3408_last,speaker_count_3408_last,40,9,32,18,23,9,9
ex01_confused_00146,ex01::LYNN'S WORKING ON SAGE'S LYRICS,asr_3408,emotion_3408,0,9,51,18,33,18,9
ex01_confused_00146,ex01::LYNN'S WORKING ON SAGE'S LYRICS,asr_3408,emotion_3408,20,17,51,34,33,18,17
ex01_confused_00146,ex01::LYNN'S WORKING ON SAGE'S LYRICS,asr_3408,emotion_3408,40,18,51,36,33,18,18
ex01_confused_00146,ex01::LYNN'S WORKING ON SAGE'S LYRICS,asr_3408,intent_3408_last,0,19,59,38,33,26,19
ex01_confused_00146,ex01::LYNN'S WORKING ON SAGE'S LYRICS,asr_3408,intent_3408_last,20,25,59,50,33,26,25
ex01_confused_00146,ex01::LYNN'S WORKING ON SAGE'S LYRICS,asr_3408,intent_3408_last,40,25,59,50,33,26,25
ex01_confused_00146,ex01::LYNN'S WORKING ON SAGE'S LYRICS,asr_3408,speaker_count_3408_last,0,4,44,8,33,11,4
ex01_confused_00146,ex01::LYNN'S WORKING ON SAGE'S LYRICS,asr_3408,speaker_count_3408_last,20,9,44,18,33,11,10
ex01_confused_00146,ex01::LYNN'S WORKING ON SAGE'S LYRICS,asr_3408,speaker_count_3408_last,40,9,44,18,33,11,10
ex01_confused_00146,ex01::LYNN'S WORKING ON SAGE'S LYRICS,emotion_3408,intent_3408_last,0,8,44,16,18,26,8
ex01_confused_00146,ex01::LYNN'S WORKING ON SAGE'S LYRICS,emotion_3408,intent_3408_last,20,16,44,32,18,26,17
ex01_confused_00146,ex01::LYNN'S WORKING ON SAGE'S LYRICS,emotion_3408,intent_3408_last,40,17,44,34,18,26,20
ex01_confused_00146,ex01::LYNN'S WORKING ON SAGE'S LYRICS,emotion_3408,speaker_count_3408_last,0,4,29,8,18,11,4
ex01_confused_00146,ex01::LYNN'S WORKING ON SAGE'S LYRICS,emotion_3408,speaker_count_3408_last,20,7,29,14,18,11,7
ex01_confused_00146,ex01::LYNN'S WORKING ON SAGE'S LYRICS,emotion_3408,speaker_count_3408_last,40,8,29,16,18,11,8
ex01_confused_00146,ex01::LYNN'S WORKING ON SAGE'S LYRICS,intent_3408_last,speaker_count_3408_last,0,6,37,12,26,11,6
ex01_confused_00146,ex01::LYNN'S WORKING ON SAGE'S LYRICS,intent_3408_last,speaker_count_3408_last,20,8,37,16,26,11,8
ex01_confused_00146,ex01::LYNN'S WORKING ON SAGE'S LYRICS,intent_3408_last,speaker_count_3408_last,40,9,37,18,26,11,9
ex01_confused_00156,ex01::WHAT DID THE DEVIL DO NOW,asr_3408,emotion_3408,0,8,33,16,20,13,8
ex01_confused_00156,ex01::WHAT DID THE DEVIL DO NOW,asr_3408,emotion_3408,20,12,33,24,20,13,12
ex01_confused_00156,ex01::WHAT DID THE DEVIL DO NOW,asr_3408,emotion_3408,40,13,33,26,20,13,13
ex01_confused_00156,ex01::WHAT DID THE DEVIL DO NOW,asr_3408,intent_3408_last,0,10,35,20,20,15,10
ex01_confused_00156,ex01::WHAT DID THE DEVIL DO NOW,asr_3408,intent_3408_last,20,14,35,28,20,15,15
ex01_confused_00156,ex01::WHAT DID THE DEVIL DO NOW,asr_3408,intent_3408_last,40,15,35,30,20,15,15
ex01_confused_00156,ex01::WHAT DID THE DEVIL DO NOW,asr_3408,speaker_count_3408_last,0,3,28,6,20,8,3
ex01_confused_00156,ex01::WHAT DID THE DEVIL DO NOW,asr_3408,speaker_count_3408_last,20,7,28,14,20,8,7
ex01_confused_00156,ex01::WHAT DID THE DEVIL DO NOW,asr_3408,speaker_count_3408_last,40,7,28,14,20,8,7
ex01_confused_00156,ex01::WHAT DID THE DEVIL DO NOW,emotion_3408,intent_3408_last,0,11,28,22,13,15,11
ex01_confused_00156,ex01::WHAT DID THE DEVIL DO NOW,emotion_3408,intent_3408_last,20,13,28,26,13,15,13
ex01_confused_00156,ex01::WHAT DID THE DEVIL DO NOW,emotion_3408,intent_3408_last,40,13,28,26,13,15,13
ex01_confused_00156,ex01::WHAT DID THE DEVIL DO NOW,emotion_3408,speaker_count_3408_last,0,4,21,8,13,8,4
ex01_confused_00156,ex01::WHAT DID THE DEVIL DO NOW,emotion_3408,speaker_count_3408_last,20,6,21,12,13,8,6
ex01_confused_00156,ex01::WHAT DID THE DEVIL DO NOW,emotion_3408,speaker_count_3408_last,40,6,21,12,13,8,6
ex01_confused_00156,ex01::WHAT DID THE DEVIL DO NOW,intent_3408_last,speaker_count_3408_last,0,4,23,8,15,8,4
ex01_confused_00156,ex01::WHAT DID THE DEVIL DO NOW,intent_3408_last,speaker_count_3408_last,20,7,23,14,15,8,7
ex01_confused_00156,ex01::WHAT DID THE DEVIL DO NOW,intent_3408_last,speaker_count_3408_last,40,7,23,14,15,8,7
ex01_confused_00163,ex01::OUT OF NOWHERE YOU GET BLINDSIDED,asr_3408,emotion_3408,0,7,37,14,27,10,7
ex01_confused_00163,ex01::OUT OF NOWHERE YOU GET BLINDSIDED,asr_3408,emotion_3408,20,10,37,20,27,10,10
ex01_confused_00163,ex01::OUT OF NOWHERE YOU GET BLINDSIDED,asr_3408,emotion_3408,40,10,37,20,27,10,10
ex01_confused_00163,ex01::OUT OF NOWHERE YOU GET BLINDSIDED,asr_3408,intent_3408_last,0,14,45,28,27,18,14
ex01_confused_00163,ex01::OUT OF NOWHERE YOU GET BLINDSIDED,asr_3408,intent_3408_last,20,18,45,36,27,18,18
ex01_confused_00163,ex01::OUT OF NOWHERE YOU GET BLINDSIDED,asr_3408,intent_3408_last,40,18,45,36,27,18,18
ex01_confused_00163,ex01::OUT OF NOWHERE YOU GET BLINDSIDED,asr_3408,speaker_count_3408_last,0,2,34,4,27,7,2
ex01_confused_00163,ex01::OUT OF NOWHERE YOU GET BLINDSIDED,asr_3408,speaker_count_3408_last,20,7,34,14,27,7,7
ex01_confused_00163,ex01::OUT OF NOWHERE YOU GET BLINDSIDED,asr_3408,speaker_count_3408_last,40,7,34,14,27,7,7
ex01_confused_00163,ex01::OUT OF NOWHERE YOU GET BLINDSIDED,emotion_3408,intent_3408_last,0,5,28,10,10,18,5
ex01_confused_00163,ex01::OUT OF NOWHERE YOU GET BLINDSIDED,emotion_3408,intent_3408_last,20,9,28,18,10,18,10
ex01_confused_00163,ex01::OUT OF NOWHERE YOU GET BLINDSIDED,emotion_3408,intent_3408_last,40,10,28,20,10,18,12
ex01_confused_00163,ex01::OUT OF NOWHERE YOU GET BLINDSIDED,emotion_3408,speaker_count_3408_last,0,2,17,4,10,7,2
ex01_confused_00163,ex01::OUT OF NOWHERE YOU GET BLINDSIDED,emotion_3408,speaker_count_3408_last,20,6,17,12,10,7,6
ex01_confused_00163,ex01::OUT OF NOWHERE YOU GET BLINDSIDED,emotion_3408,speaker_count_3408_last,40,7,17,14,10,7,7
ex01_confused_00163,ex01::OUT OF NOWHERE YOU GET BLINDSIDED,intent_3408_last,speaker_count_3408_last,0,3,25,6,18,7,3
ex01_confused_00163,ex01::OUT OF NOWHERE YOU GET BLINDSIDED,intent_3408_last,speaker_count_3408_last,20,7,25,14,18,7,7
ex01_confused_00163,ex01::OUT OF NOWHERE YOU GET BLINDSIDED,intent_3408_last,speaker_count_3408_last,40,7,25,14,18,7,7
ex01_confused_00168,ex01::YOU KNOW WHAT,asr_3408,emotion_3408,0,3,13,6,10,3,3
ex01_confused_00168,ex01::YOU KNOW WHAT,asr_3408,emotion_3408,20,3,13,6,10,3,3
ex01_confused_00168,ex01::YOU KNOW WHAT,asr_3408,emotion_3408,40,3,13,6,10,3,3
ex01_confused_00168,ex01::YOU KNOW WHAT,asr_3408,intent_3408_last,0,4,15,8,10,5,4
ex01_confused_00168,ex01::YOU KNOW WHAT,asr_3408,intent_3408_last,20,5,15,10,10,5,5
ex01_confused_00168,ex01::YOU KNOW WHAT,asr_3408,intent_3408_last,40,5,15,10,10,5,5
ex01_confused_00168,ex01::YOU KNOW WHAT,asr_3408,speaker_count_3408_last,0,1,13,2,10,3,1
ex01_confused_00168,ex01::YOU KNOW WHAT,asr_3408,speaker_count_3408_last,20,2,13,4,10,3,2
ex01_confused_00168,ex01::YOU KNOW WHAT,asr_3408,speaker_count_3408_last,40,3,13,6,10,3,3
ex01_confused_00168,ex01::YOU KNOW WHAT,emotion_3408,intent_3408_last,0,3,8,6,3,5,3
ex01_confused_00168,ex01::YOU KNOW WHAT,emotion_3408,intent_3408_last,20,3,8,6,3,5,3
ex01_confused_00168,ex01::YOU KNOW WHAT,emotion_3408,intent_3408_last,40,3,8,6,3,5,3
ex01_confused_00168,ex01::YOU KNOW WHAT,emotion_3408,speaker_count_3408_last,0,1,6,2,3,3,1
ex01_confused_00168,ex01::YOU KNOW WHAT,emotion_3408,speaker_count_3408_last,20,2,6,4,3,3,2
ex01_confused_00168,ex01::YOU KNOW WHAT,emotion_3408,speaker_count_3408_last,40,2,6,4,3,3,2
ex01_confused_00168,ex01::YOU KNOW WHAT,intent_3408_last,speaker_count_3408_last,0,1,8,2,5,3,1
ex01_confused_00168,ex01::YOU KNOW WHAT,intent_3408_last,speaker_count_3408_last,20,2,8,4,5,3,2
ex01_confused_00168,ex01::YOU KNOW WHAT,intent_3408_last,speaker_count_3408_last,40,2,8,4,5,3,2
ex01_confused_00255,ex01::MARIAN,asr_3408,emotion_3408,0,1,14,2,11,3,1
ex01_confused_00255,ex01::MARIAN,asr_3408,emotion_3408,20,3,14,6,11,3,3
ex01_confused_00255,ex01::MARIAN,asr_3408,emotion_3408,40,3,14,6,11,3,3
ex01_confused_00255,ex01::MARIAN,asr_3408,intent_3408_last,0,5,19,10,11,8,5
ex01_confused_00255,ex01::MARIAN,asr_3408,intent_3408_last,20,8,19,16,11,8,8
ex01_confused_00255,ex01::MARIAN,asr_3408,intent_3408_last,40,8,19,16,11,8,8
ex01_confused_00255,ex01::MARIAN,asr_3408,speaker_count_3408_last,0,3,16,6,11,5,3
ex01_confused_00255,ex01::MARIAN,asr_3408,speaker_count_3408_last,20,4,16,8,11,5,4
ex01_confused_00255,ex01::MARIAN,asr_3408,speaker_count_3408_last,40,5,16,10,11,5,5
ex01_confused_00255,ex01::MARIAN,emotion_3408,intent_3408_last,0,2,11,4,3,8,2
ex01_confused_00255,ex01::MARIAN,emotion_3408,intent_3408_last,20,3,11,6,3,8,3
ex01_confused_00255,ex01::MARIAN,emotion_3408,intent_3408_last,40,3,11,6,3,8,3
ex01_confused_00255,ex01::MARIAN,emotion_3408,speaker_count_3408_last,0,1,8,2,3,5,1
ex01_confused_00255,ex01::MARIAN,emotion_3408,speaker_count_3408_last,20,3,8,6,3,5,3
ex01_confused_00255,ex01::MARIAN,emotion_3408,speaker_count_3408_last,40,3,8,6,3,5,3
ex01_confused_00255,ex01::MARIAN,intent_3408_last,speaker_count_3408_last,0,2,13,4,8,5,2
ex01_confused_00255,ex01::MARIAN,intent_3408_last,speaker_count_3408_last,20,3,13,6,8,5,3
ex01_confused_00255,ex01::MARIAN,intent_3408_last,speaker_count_3408_last,40,3,13,6,8,5,3
ex01_confused_00264,ex01::FOR THE FRESH FACE CONTEST,asr_3408,emotion_3408,0,9,33,18,22,11,9
ex01_confused_00264,ex01::FOR THE FRESH FACE CONTEST,asr_3408,emotion_3408,20,11,33,22,22,11,11
ex01_confused_00264,ex01::FOR THE FRESH FACE CONTEST,asr_3408,emotion_3408,40,11,33,22,22,11,11
ex01_confused_00264,ex01::FOR THE FRESH FACE CONTEST,asr_3408,intent_3408_last,0,11,37,22,22,15,11
ex01_confused_00264,ex01::FOR THE FRESH FACE CONTEST,asr_3408,intent_3408_last,20,14,37,28,22,15,14
ex01_confused_00264,ex01::FOR THE FRESH FACE CONTEST,asr_3408,intent_3408_last,40,15,37,30,22,15,15
ex01_confused_00264,ex01::FOR THE FRESH FACE CONTEST,asr_3408,speaker_count_3408_last,0,4,29,8,22,7,4
ex01_confused_00264,ex01::FOR THE FRESH FACE CONTEST,asr_3408,speaker_count_3408_last,20,6,29,12,22,7,6
ex01_confused_00264,ex01::FOR THE FRESH FACE CONTEST,asr_3408,speaker_count_3408_last,40,7,29,14,22,7,7
ex01_confused_00264,ex01::FOR THE FRESH FACE CONTEST,emotion_3408,intent_3408_last,0,7,26,14,11,15,7
ex01_confused_00264,ex01::FOR THE FRESH FACE CONTEST,emotion_3408,intent_3408_last,20,11,26,22,11,15,11
ex01_confused_00264,ex01::FOR THE FRESH FACE CONTEST,emotion_3408,intent_3408_last,40,11,26,22,11,15,12
ex01_confused_00264,ex01::FOR THE FRESH FACE CONTEST,emotion_3408,speaker_count_3408_last,0,4,18,8,11,7,4
ex01_confused_00264,ex01::FOR THE FRESH FACE CONTEST,emotion_3408,speaker_count_3408_last,20,6,18,12,11,7,6
ex01_confused_00264,ex01::FOR THE FRESH FACE CONTEST,emotion_3408,speaker_count_3408_last,40,7,18,14,11,7,7
ex01_confused_00264,ex01::FOR THE FRESH FACE CONTEST,intent_3408_last,speaker_count_3408_last,0,4,22,8,15,7,4
ex01_confused_00264,ex01::FOR THE FRESH FACE CONTEST,intent_3408_last,speaker_count_3408_last,20,6,22,12,15,7,6
ex01_confused_00264,ex01::FOR THE FRESH FACE CONTEST,intent_3408_last,speaker_count_3408_last,40,7,22,14,15,7,7
ex01_confused_00279,ex01::AND DEPRIVE MYSELF OF THE PLEASURE OF WATCHING YOU SQUIRM,asr_3408,emotion_3408,0,13,67,26,47,20,13
ex01_confused_00279,ex01::AND DEPRIVE MYSELF OF THE PLEASURE OF WATCHING YOU SQUIRM,asr_3408,emotion_3408,20,20,67,40,47,20,20
ex01_confused_00279,ex01::AND DEPRIVE MYSELF OF THE PLEASURE OF WATCHING YOU SQUIRM,asr_3408,emotion_3408,40,20,67,40,47,20,20
ex01_confused_00279,ex01::AND DEPRIVE MYSELF OF THE PLEASURE OF WATCHING YOU SQUIRM,asr_3408,intent_3408_last,0,15,76,30,47,29,15
ex01_confused_00279,ex01::AND DEPRIVE MYSELF OF THE PLEASURE OF WATCHING YOU SQUIRM,asr_3408,intent_3408_last,20,29,76,58,47,29,29
ex01_confused_00279,ex01::AND DEPRIVE MYSELF OF THE PLEASURE OF WATCHING YOU SQUIRM,asr_3408,intent_3408_last,40,29,76,58,47,29,29
ex01_confused_00279,ex01::AND DEPRIVE MYSELF OF THE PLEASURE OF WATCHING YOU SQUIRM,asr_3408,speaker_count_3408_last,0,5,59,10,47,12,5
ex01_confused_00279,ex01::AND DEPRIVE MYSELF OF THE PLEASURE OF WATCHING YOU SQUIRM,asr_3408,speaker_count_3408_last,20,11,59,22,47,12,11
ex01_confused_00279,ex01::AND DEPRIVE MYSELF OF THE PLEASURE OF WATCHING YOU SQUIRM,asr_3408,speaker_count_3408_last,40,11,59,22,47,12,11
ex01_confused_00279,ex01::AND DEPRIVE MYSELF OF THE PLEASURE OF WATCHING YOU SQUIRM,emotion_3408,intent_3408_last,0,13,49,26,20,29,13
ex01_confused_00279,ex01::AND DEPRIVE MYSELF OF THE PLEASURE OF WATCHING YOU SQUIRM,emotion_3408,intent_3408_last,20,19,49,38,20,29,19
ex01_confused_00279,ex01::AND DEPRIVE MYSELF OF THE PLEASURE OF WATCHING YOU SQUIRM,emotion_3408,intent_3408_last,40,20,49,40,20,29,21
ex01_confused_00279,ex01::AND DEPRIVE MYSELF OF THE PLEASURE OF WATCHING YOU SQUIRM,emotion_3408,speaker_count_3408_last,0,4,32,8,20,12,4
ex01_confused_00279,ex01::AND DEPRIVE MYSELF OF THE PLEASURE OF WATCHING YOU SQUIRM,emotion_3408,speaker_count_3408_last,20,10,32,20,20,12,10
ex01_confused_00279,ex01::AND DEPRIVE MYSELF OF THE PLEASURE OF WATCHING YOU SQUIRM,emotion_3408,speaker_count_3408_last,40,10,32,20,20,12,10
ex01_confused_00279,ex01::AND DEPRIVE MYSELF OF THE PLEASURE OF WATCHING YOU SQUIRM,intent_3408_last,speaker_count_3408_last,0,7,41,14,29,12,7
ex01_confused_00279,ex01::AND DEPRIVE MYSELF OF THE PLEASURE OF WATCHING YOU SQUIRM,intent_3408_last,speaker_count_3408_last,20,11,41,22,29,12,11
ex01_confused_00279,ex01::AND DEPRIVE MYSELF OF THE PLEASURE OF WATCHING YOU SQUIRM,intent_3408_last,speaker_count_3408_last,40,11,41,22,29,12,11
ex01_confused_00284,ex01::WHERE'D MY POPS GO,asr_3408,emotion_3408,0,4,23,8,16,7,4
ex01_confused_00284,ex01::WHERE'D MY POPS GO,asr_3408,emotion_3408,20,6,23,12,16,7,6
ex01_confused_00284,ex01::WHERE'D MY POPS GO,asr_3408,emotion_3408,40,7,23,14,16,7,7
ex01_confused_00284,ex01::WHERE'D MY POPS GO,asr_3408,intent_3408_last,0,7,27,14,16,11,7
ex01_confused_00284,ex01::WHERE'D MY POPS GO,asr_3408,intent_3408_last,20,10,27,20,16,11,10
ex01_confused_00284,ex01::WHERE'D MY POPS GO,asr_3408,intent_3408_last,40,11,27,22,16,11,11
ex01_confused_00284,ex01::WHERE'D MY POPS GO,asr_3408,speaker_count_3408_last,0,4,21,8,16,5,4
ex01_confused_00284,ex01::WHERE'D MY POPS GO,asr_3408,speaker_count_3408_last,20,5,21,10,16,5,5
ex01_confused_00284,ex01::WHERE'D MY POPS GO,asr_3408,speaker_count_3408_last,40,5,21,10,16,5,5
ex01_confused_00284,ex01::WHERE'D MY POPS GO,emotion_3408,intent_3408_last,0,4,18,8,7,11,4
ex01_confused_00284,ex01::WHERE'D MY POPS GO,emotion_3408,intent_3408_last,20,7,18,14,7,11,7
ex01_confused_00284,ex01::WHERE'D MY POPS GO,emotion_3408,intent_3408_last,40,7,18,14,7,11,8
ex01_confused_00284,ex01::WHERE'D MY POPS GO,emotion_3408,speaker_count_3408_last,0,3,12,6,7,5,3
ex01_confused_00284,ex01::WHERE'D MY POPS GO,emotion_3408,speaker_count_3408_last,20,5,12,10,7,5,5
ex01_confused_00284,ex01::WHERE'D MY POPS GO,emotion_3408,speaker_count_3408_last,40,5,12,10,7,5,5
ex01_confused_00284,ex01::WHERE'D MY POPS GO,intent_3408_last,speaker_count_3408_last,0,4,16,8,11,5,4
ex01_confused_00284,ex01::WHERE'D MY POPS GO,intent_3408_last,speaker_count_3408_last,20,5,16,10,11,5,5
ex01_confused_00284,ex01::WHERE'D MY POPS GO,intent_3408_last,speaker_count_3408_last,40,5,16,10,11,5,5
ex01_confused_00299,ex01::ARE ANNA FARIS AND CHRIS PRATT SEPARATING,asr_3408,emotion_3408,0,10,54,20,36,18,10
ex01_confused_00299,ex01::ARE ANNA FARIS AND CHRIS PRATT SEPARATING,asr_3408,emotion_3408,20,17,54,34,36,18,17
ex01_confused_00299,ex01::ARE ANNA FARIS AND CHRIS PRATT SEPARATING,asr_3408,emotion_3408,40,18,54,36,36,18,18
ex01_confused_00299,ex01::ARE ANNA FARIS AND CHRIS PRATT SEPARATING,asr_3408,intent_3408_last,0,14,62,28,36,26,14
ex01_confused_00299,ex01::ARE ANNA FARIS AND CHRIS PRATT SEPARATING,asr_3408,intent_3408_last,20,25,62,50,36,26,25
ex01_confused_00299,ex01::ARE ANNA FARIS AND CHRIS PRATT SEPARATING,asr_3408,intent_3408_last,40,26,62,52,36,26,26
ex01_confused_00299,ex01::ARE ANNA FARIS AND CHRIS PRATT SEPARATING,asr_3408,speaker_count_3408_last,0,5,48,10,36,12,5
ex01_confused_00299,ex01::ARE ANNA FARIS AND CHRIS PRATT SEPARATING,asr_3408,speaker_count_3408_last,20,9,48,18,36,12,9
ex01_confused_00299,ex01::ARE ANNA FARIS AND CHRIS PRATT SEPARATING,asr_3408,speaker_count_3408_last,40,12,48,24,36,12,12
ex01_confused_00299,ex01::ARE ANNA FARIS AND CHRIS PRATT SEPARATING,emotion_3408,intent_3408_last,0,14,44,28,18,26,14
ex01_confused_00299,ex01::ARE ANNA FARIS AND CHRIS PRATT SEPARATING,emotion_3408,intent_3408_last,20,17,44,34,18,26,18
ex01_confused_00299,ex01::ARE ANNA FARIS AND CHRIS PRATT SEPARATING,emotion_3408,intent_3408_last,40,17,44,34,18,26,19
ex01_confused_00299,ex01::ARE ANNA FARIS AND CHRIS PRATT SEPARATING,emotion_3408,speaker_count_3408_last,0,4,30,8,18,12,4
ex01_confused_00299,ex01::ARE ANNA FARIS AND CHRIS PRATT SEPARATING,emotion_3408,speaker_count_3408_last,20,9,30,18,18,12,9
ex01_confused_00299,ex01::ARE ANNA FARIS AND CHRIS PRATT SEPARATING,emotion_3408,speaker_count_3408_last,40,10,30,20,18,12,10
ex01_confused_00299,ex01::ARE ANNA FARIS AND CHRIS PRATT SEPARATING,intent_3408_last,speaker_count_3408_last,0,5,38,10,26,12,5
ex01_confused_00299,ex01::ARE ANNA FARIS AND CHRIS PRATT SEPARATING,intent_3408_last,speaker_count_3408_last,20,11,38,22,26,12,11
ex01_confused_00299,ex01::ARE ANNA FARIS AND CHRIS PRATT SEPARATING,intent_3408_last,speaker_count_3408_last,40,12,38,24,26,12,12
ex01_confused_00301,ex01::OKAY IS THAT IS THAT GLOVER,asr_3408,emotion_3408,0,8,42,16,30,12,8
ex01_confused_00301,ex01::OKAY IS THAT IS THAT GLOVER,asr_3408,emotion_3408,20,11,42,22,30,12,11
ex01_confused_00301,ex01::OKAY IS THAT IS THAT GLOVER,asr_3408,emotion_3408,40,11,42,22,30,12,11
ex01_confused_00301,ex01::OKAY IS THAT IS THAT GLOVER,asr_3408,intent_3408_last,0,13,50,26,30,20,13
ex01_confused_00301,ex01::OKAY IS THAT IS THAT GLOVER,asr_3408,intent_3408_last,20,20,50,40,30,20,20
ex01_confused_00301,ex01::OKAY IS THAT IS THAT GLOVER,asr_3408,intent_3408_last,40,20,50,40,30,20,20
ex01_confused_00301,ex01::OKAY IS THAT IS THAT GLOVER,asr_3408,speaker_count_3408_last,0,5,39,10,30,9,5
ex01_confused_00301,ex01::OKAY IS THAT IS THAT GLOVER,asr_3408,speaker_count_3408_last,20,7,39,14,30,9,7
ex01_confused_00301,ex01::OKAY IS THAT IS THAT GLOVER,asr_3408,speaker_count_3408_last,40,8,39,16,30,9,8
ex01_confused_00301,ex01::OKAY IS THAT IS THAT GLOVER,emotion_3408,intent_3408_last,0,7,32,14,12,20,7
ex01_confused_00301,ex01::OKAY IS THAT IS THAT GLOVER,emotion_3408,intent_3408_last,20,10,32,20,12,20,10
ex01_confused_00301,ex01::OKAY IS THAT IS THAT GLOVER,emotion_3408,intent_3408_last,40,11,32,22,12,20,12
ex01_confused_00301,ex01::OKAY IS THAT IS THAT GLOVER,emotion_3408,speaker_count_3408_last,0,2,21,4,12,9,2
ex01_confused_00301,ex01::OKAY IS THAT IS THAT GLOVER,emotion_3408,speaker_count_3408_last,20,4,21,8,12,9,4
ex01_confused_00301,ex01::OKAY IS THAT IS THAT GLOVER,emotion_3408,speaker_count_3408_last,40,6,21,12,12,9,6
ex01_confused_00301,ex01::OKAY IS THAT IS THAT GLOVER,intent_3408_last,speaker_count_3408_last,0,2,29,4,20,9,2
ex01_confused_00301,ex01::OKAY IS THAT IS THAT GLOVER,intent_3408_last,speaker_count_3408_last,20,6,29,12,20,9,6
ex01_confused_00301,ex01::OKAY IS THAT IS THAT GLOVER,intent_3408_last,speaker_count_3408_last,40,8,29,16,20,9,8
ex01_confused_00319,ex01::THEN THERE'S MIRACLE OF THIRTY FOURTH STREET BUT ONLY WATCH THE ORIGINAL,asr_3408,emotion_3408,0,23,99,46,62,37,23
ex01_confused_00319,ex01::THEN THERE'S MIRACLE OF THIRTY FOURTH STREET BUT ONLY WATCH THE ORIGINAL,asr_3408,emotion_3408,20,34,99,68,62,37,34
ex01_confused_00319,ex01::THEN THERE'S MIRACLE OF THIRTY FOURTH STREET BUT ONLY WATCH THE ORIGINAL,asr_3408,emotion_3408,40,37,99,74,62,37,37
ex01_confused_00319,ex01::THEN THERE'S MIRACLE OF THIRTY FOURTH STREET BUT ONLY WATCH THE ORIGINAL,asr_3408,intent_3408_last,0,38,109,76,62,47,38
ex01_confused_00319,ex01::THEN THERE'S MIRACLE OF THIRTY FOURTH STREET BUT ONLY WATCH THE ORIGINAL,asr_3408,intent_3408_last,20,47,109,94,62,47,47
ex01_confused_00319,ex01::THEN THERE'S MIRACLE OF THIRTY FOURTH STREET BUT ONLY WATCH THE ORIGINAL,asr_3408,intent_3408_last,40,47,109,94,62,47,47
ex01_confused_00319,ex01::THEN THERE'S MIRACLE OF THIRTY FOURTH STREET BUT ONLY WATCH THE ORIGINAL,asr_3408,speaker_count_3408_last,0,6,77,12,62,15,6
ex01_confused_00319,ex01::THEN THERE'S MIRACLE OF THIRTY FOURTH STREET BUT ONLY WATCH THE ORIGINAL,asr_3408,speaker_count_3408_last,20,15,77,30,62,15,15
ex01_confused_00319,ex01::THEN THERE'S MIRACLE OF THIRTY FOURTH STREET BUT ONLY WATCH THE ORIGINAL,asr_3408,speaker_count_3408_last,40,15,77,30,62,15,15
ex01_confused_00319,ex01::THEN THERE'S MIRACLE OF THIRTY FOURTH STREET BUT ONLY WATCH THE ORIGINAL,emotion_3408,intent_3408_last,0,23,84,46,37,47,23
ex01_confused_00319,ex01::THEN THERE'S MIRACLE OF THIRTY FOURTH STREET BUT ONLY WATCH THE ORIGINAL,emotion_3408,intent_3408_last,20,32,84,64,37,47,32
ex01_confused_00319,ex01::THEN THERE'S MIRACLE OF THIRTY FOURTH STREET BUT ONLY WATCH THE ORIGINAL,emotion_3408,intent_3408_last,40,34,84,68,37,47,37
ex01_confused_00319,ex01::THEN THERE'S MIRACLE OF THIRTY FOURTH STREET BUT ONLY WATCH THE ORIGINAL,emotion_3408,speaker_count_3408_last,0,6,52,12,37,15,6
ex01_confused_00319,ex01::THEN THERE'S MIRACLE OF THIRTY FOURTH STREET BUT ONLY WATCH THE ORIGINAL,emotion_3408,speaker_count_3408_last,20,14,52,28,37,15,14
ex01_confused_00319,ex01::THEN THERE'S MIRACLE OF THIRTY FOURTH STREET BUT ONLY WATCH THE ORIGINAL,emotion_3408,speaker_count_3408_last,40,15,52,30,37,15,15
ex01_confused_00319,ex01::THEN THERE'S MIRACLE OF THIRTY FOURTH STREET BUT ONLY WATCH THE ORIGINAL,intent_3408_last,speaker_count_3408_last,0,7,62,14,47,15,7
ex01_confused_00319,ex01::THEN THERE'S MIRACLE OF THIRTY FOURTH STREET BUT ONLY WATCH THE ORIGINAL,intent_3408_last,speaker_count_3408_last,20,15,62,30,47,15,15
ex01_confused_00319,ex01::THEN THERE'S MIRACLE OF THIRTY FOURTH STREET BUT ONLY WATCH THE ORIGINAL,intent_3408_last,speaker_count_3408_last,40,15,62,30,47,15,15
ex01_confused_00328,ex01::ANTI AGING CREAMS CAN BRING ON BREAKOUTS,asr_3408,emotion_3408,0,12,61,24,41,20,12
ex01_confused_00328,ex01::ANTI AGING CREAMS CAN BRING ON BREAKOUTS,asr_3408,emotion_3408,20,20,61,40,41,20,20
ex01_confused_00328,ex01::ANTI AGING CREAMS CAN BRING ON BREAKOUTS,asr_3408,emotion_3408,40,20,61,40,41,20,20
ex01_confused_00328,ex01::ANTI AGING CREAMS CAN BRING ON BREAKOUTS,asr_3408,intent_3408_last,0,16,73,32,41,32,16
ex01_confused_00328,ex01::ANTI AGING CREAMS CAN BRING ON BREAKOUTS,asr_3408,intent_3408_last,20,32,73,64,41,32,32
ex01_confused_00328,ex01::ANTI AGING CREAMS CAN BRING ON BREAKOUTS,asr_3408,intent_3408_last,40,32,73,64,41,32,32
ex01_confused_00328,ex01::ANTI AGING CREAMS CAN BRING ON BREAKOUTS,asr_3408,speaker_count_3408_last,0,0,54,0,41,13,0
ex01_confused_00328,ex01::ANTI AGING CREAMS CAN BRING ON BREAKOUTS,asr_3408,speaker_count_3408_last,20,9,54,18,41,13,9
ex01_confused_00328,ex01::ANTI AGING CREAMS CAN BRING ON BREAKOUTS,asr_3408,speaker_count_3408_last,40,10,54,20,41,13,10
ex01_confused_00328,ex01::ANTI AGING CREAMS CAN BRING ON BREAKOUTS,emotion_3408,intent_3408_last,0,14,52,28,20,32,14
ex01_confused_00328,ex01::ANTI AGING CREAMS CAN BRING ON BREAKOUTS,emotion_3408,intent_3408_last,20,19,52,38,20,32,20
ex01_confused_00328,ex01::ANTI AGING CREAMS CAN BRING ON BREAKOUTS,emotion_3408,intent_3408_last,40,19,52,38,20,32,22
ex01_confused_00328,ex01::ANTI AGING CREAMS CAN BRING ON BREAKOUTS,emotion_3408,speaker_count_3408_last,0,0,33,0,20,13,0
ex01_confused_00328,ex01::ANTI AGING CREAMS CAN BRING ON BREAKOUTS,emotion_3408,speaker_count_3408_last,20,7,33,14,20,13,7
ex01_confused_00328,ex01::ANTI AGING CREAMS CAN BRING ON BREAKOUTS,emotion_3408,speaker_count_3408_last,40,9,33,18,20,13,9
ex01_confused_00328,ex01::ANTI AGING CREAMS CAN BRING ON BREAKOUTS,intent_3408_last,speaker_count_3408_last,0,0,45,0,32,13,0
ex01_confused_00328,ex01::ANTI AGING CREAMS CAN BRING ON BREAKOUTS,intent_3408_last,speaker_count_3408_last,20,9,45,18,32,13,9
ex01_confused_00328,ex01::ANTI AGING CREAMS CAN BRING ON BREAKOUTS,intent_3408_last,speaker_count_3408_last,40,11,45,22,32,13,11
ex01_confused_00333,ex01::WHAT ARE YOU NO GOOD AT,asr_3408,emotion_3408,0,5,20,10,15,5,5
ex01_confused_00333,ex01::WHAT ARE YOU NO GOOD AT,asr_3408,emotion_3408,20,5,20,10,15,5,5
ex01_confused_00333,ex01::WHAT ARE YOU NO GOOD AT,asr_3408,emotion_3408,40,5,20,10,15,5,5
ex01_confused_00333,ex01::WHAT ARE YOU NO GOOD AT,asr_3408,intent_3408_last,0,8,25,16,15,10,8
ex01_confused_00333,ex01::WHAT ARE YOU NO GOOD AT,asr_3408,intent_3408_last,20,10,25,20,15,10,10
ex01_confused_00333,ex01::WHAT ARE YOU NO GOOD AT,asr_3408,intent_3408_last,40,10,25,20,15,10,10
ex01_confused_00333,ex01::WHAT ARE YOU NO GOOD AT,asr_3408,speaker_count_3408_last,0,0,21,0,15,6,0
ex01_confused_00333,ex01::WHAT ARE YOU NO GOOD AT,asr_3408,speaker_count_3408_last,20,4,21,8,15,6,4
ex01_confused_00333,ex01::WHAT ARE YOU NO GOOD AT,asr_3408,speaker_count_3408_last,40,5,21,10,15,6,5
ex01_confused_00333,ex01::WHAT ARE YOU NO GOOD AT,emotion_3408,intent_3408_last,0,4,15,8,5,10,4
ex01_confused_00333,ex01::WHAT ARE YOU NO GOOD AT,emotion_3408,intent_3408_last,20,5,15,10,5,10,5
ex01_confused_00333,ex01::WHAT ARE YOU NO GOOD AT,emotion_3408,intent_3408_last,40,5,15,10,5,10,5
ex01_confused_00333,ex01::WHAT ARE YOU NO GOOD AT,emotion_3408,speaker_count_3408_last,0,0,11,0,5,6,0
ex01_confused_00333,ex01::WHAT ARE YOU NO GOOD AT,emotion_3408,speaker_count_3408_last,20,3,11,6,5,6,3
ex01_confused_00333,ex01::WHAT ARE YOU NO GOOD AT,emotion_3408,speaker_count_3408_last,40,4,11,8,5,6,4
ex01_confused_00333,ex01::WHAT ARE YOU NO GOOD AT,intent_3408_last,speaker_count_3408_last,0,1,16,2,10,6,1
ex01_confused_00333,ex01::WHAT ARE YOU NO GOOD AT,intent_3408_last,speaker_count_3408_last,20,4,16,8,10,6,4
ex01_confused_00333,ex01::WHAT ARE YOU NO GOOD AT,intent_3408_last,speaker_count_3408_last,40,5,16,10,10,6,5
ex01_confused_00370,ex01::AT LEAST I DO,asr_3408,emotion_3408,0,4,19,8,13,6,4
ex01_confused_00370,ex01::AT LEAST I DO,asr_3408,emotion_3408,20,5,19,10,13,6,5
ex01_confused_00370,ex01::AT LEAST I DO,asr_3408,emotion_3408,40,6,19,12,13,6,6
ex01_confused_00370,ex01::AT LEAST I DO,asr_3408,intent_3408_last,0,6,22,12,13,9,6
ex01_confused_00370,ex01::AT LEAST I DO,asr_3408,intent_3408_last,20,8,22,16,13,9,8
ex01_confused_00370,ex01::AT LEAST I DO,asr_3408,intent_3408_last,40,9,22,18,13,9,9
ex01_confused_00370,ex01::AT LEAST I DO,asr_3408,speaker_count_3408_last,0,1,17,2,13,4,1
ex01_confused_00370,ex01::AT LEAST I DO,asr_3408,speaker_count_3408_last,20,3,17,6,13,4,3
ex01_confused_00370,ex01::AT LEAST I DO,asr_3408,speaker_count_3408_last,40,3,17,6,13,4,3
ex01_confused_00370,ex01::AT LEAST I DO,emotion_3408,intent_3408_last,0,4,15,8,6,9,4
ex01_confused_00370,ex01::AT LEAST I DO,emotion_3408,intent_3408_last,20,5,15,10,6,9,5
ex01_confused_00370,ex01::AT LEAST I DO,emotion_3408,intent_3408_last,40,6,15,12,6,9,7
ex01_confused_00370,ex01::AT LEAST I DO,emotion_3408,speaker_count_3408_last,0,0,10,0,6,4,0
ex01_confused_00370,ex01::AT LEAST I DO,emotion_3408,speaker_count_3408_last,20,3,10,6,6,4,3
ex01_confused_00370,ex01::AT LEAST I DO,emotion_3408,speaker_count_3408_last,40,3,10,6,6,4,3
ex01_confused_00370,ex01::AT LEAST I DO,intent_3408_last,speaker_count_3408_last,0,1,13,2,9,4,1
ex01_confused_00370,ex01::AT LEAST I DO,intent_3408_last,speaker_count_3408_last,20,3,13,6,9,4,3
ex01_confused_00370,ex01::AT LEAST I DO,intent_3408_last,speaker_count_3408_last,40,3,13,6,9,4,3
ex01_default_00028,ex01::HE WROTE GULLIVER'S TRAVEL,asr_3408,emotion_3408,0,9,34,18,23,11,9
ex01_default_00028,ex01::HE WROTE GULLIVER'S TRAVEL,asr_3408,emotion_3408,20,11,34,22,23,11,11
ex01_default_00028,ex01::HE WROTE GULLIVER'S TRAVEL,asr_3408,emotion_3408,40,11,34,22,23,11,11
ex01_default_00028,ex01::HE WROTE GULLIVER'S TRAVEL,asr_3408,intent_3408_last,0,13,38,26,23,15,13
ex01_default_00028,ex01::HE WROTE GULLIVER'S TRAVEL,asr_3408,intent_3408_last,20,15,38,30,23,15,15
ex01_default_00028,ex01::HE WROTE GULLIVER'S TRAVEL,asr_3408,intent_3408_last,40,15,38,30,23,15,15
ex01_default_00028,ex01::HE WROTE GULLIVER'S TRAVEL,asr_3408,speaker_count_3408_last,0,3,30,6,23,7,3
ex01_default_00028,ex01::HE WROTE GULLIVER'S TRAVEL,asr_3408,speaker_count_3408_last,20,7,30,14,23,7,7
ex01_default_00028,ex01::HE WROTE GULLIVER'S TRAVEL,asr_3408,speaker_count_3408_last,40,7,30,14,23,7,7
ex01_default_00028,ex01::HE WROTE GULLIVER'S TRAVEL,emotion_3408,intent_3408_last,0,7,26,14,11,15,7
ex01_default_00028,ex01::HE WROTE GULLIVER'S TRAVEL,emotion_3408,intent_3408_last,20,10,26,20,11,15,11
ex01_default_00028,ex01::HE WROTE GULLIVER'S TRAVEL,emotion_3408,intent_3408_last,40,10,26,20,11,15,12
ex01_default_00028,ex01::HE WROTE GULLIVER'S TRAVEL,emotion_3408,speaker_count_3408_last,0,4,18,8,11,7,4
ex01_default_00028,ex01::HE WROTE GULLIVER'S TRAVEL,emotion_3408,speaker_count_3408_last,20,7,18,14,11,7,7
ex01_default_00028,ex01::HE WROTE GULLIVER'S TRAVEL,emotion_3408,speaker_count_3408_last,40,7,18,14,11,7,7
ex01_default_00028,ex01::HE WROTE GULLIVER'S TRAVEL,intent_3408_last,speaker_count_3408_last,0,3,22,6,15,7,3
ex01_default_00028,ex01::HE WROTE GULLIVER'S TRAVEL,intent_3408_last,speaker_count_3408_last,20,6,22,12,15,7,6
ex01_default_00028,ex01::HE WROTE GULLIVER'S TRAVEL,intent_3408_last,speaker_count_3408_last,40,6,22,12,15,7,6
ex01_default_00146,ex01::LYNN'S WORKING ON SAGE'S LYRICS,asr_3408,emotion_3408,0,8,40,16,25,15,8
ex01_default_00146,ex01::LYNN'S WORKING ON SAGE'S LYRICS,asr_3408,emotion_3408,20,13,40,26,25,15,13
ex01_default_00146,ex01::LYNN'S WORKING ON SAGE'S LYRICS,asr_3408,emotion_3408,40,15,40,30,25,15,15
ex01_default_00146,ex01::LYNN'S WORKING ON SAGE'S LYRICS,asr_3408,intent_3408_last,0,16,45,32,25,20,16
ex01_default_00146,ex01::LYNN'S WORKING ON SAGE'S LYRICS,asr_3408,intent_3408_last,20,20,45,40,25,20,20
ex01_default_00146,ex01::LYNN'S WORKING ON SAGE'S LYRICS,asr_3408,intent_3408_last,40,20,45,40,25,20,20
ex01_default_00146,ex01::LYNN'S WORKING ON SAGE'S LYRICS,asr_3408,speaker_count_3408_last,0,6,32,12,25,7,6
ex01_default_00146,ex01::LYNN'S WORKING ON SAGE'S LYRICS,asr_3408,speaker_count_3408_last,20,7,32,14,25,7,7
ex01_default_00146,ex01::LYNN'S WORKING ON SAGE'S LYRICS,asr_3408,speaker_count_3408_last,40,7,32,14,25,7,7
ex01_default_00146,ex01::LYNN'S WORKING ON SAGE'S LYRICS,emotion_3408,intent_3408_last,0,8,35,16,15,20,8
ex01_default_00146,ex01::LYNN'S WORKING ON SAGE'S LYRICS,emotion_3408,intent_3408_last,20,14,35,28,15,20,15
ex01_default_00146,ex01::LYNN'S WORKING ON SAGE'S LYRICS,emotion_3408,intent_3408_last,40,14,35,28,15,20,15
ex01_default_00146,ex01::LYNN'S WORKING ON SAGE'S LYRICS,emotion_3408,speaker_count_3408_last,0,5,22,10,15,7,5
ex01_default_00146,ex01::LYNN'S WORKING ON SAGE'S LYRICS,emotion_3408,speaker_count_3408_last,20,6,22,12,15,7,6
ex01_default_00146,ex01::LYNN'S WORKING ON SAGE'S LYRICS,emotion_3408,speaker_count_3408_last,40,6,22,12,15,7,6
ex01_default_00146,ex01::LYNN'S WORKING ON SAGE'S LYRICS,intent_3408_last,speaker_count_3408_last,0,6,27,12,20,7,6
ex01_default_00146,ex01::LYNN'S WORKING ON SAGE'S LYRICS,intent_3408_last,speaker_count_3408_last,20,7,27,14,20,7,7
ex01_default_00146,ex01::LYNN'S WORKING ON SAGE'S LYRICS,intent_3408_last,speaker_count_3408_last,40,7,27,14,20,7,7
ex01_default_00156,ex01::WHAT DID THE DEVIL DO NOW,asr_3408,emotion_3408,0,9,30,18,19,11,9
ex01_default_00156,ex01::WHAT DID THE DEVIL DO NOW,asr_3408,emotion_3408,20,11,30,22,19,11,11
ex01_default_00156,ex01::WHAT DID THE DEVIL DO NOW,asr_3408,emotion_3408,40,11,30,22,19,11,11
ex01_default_00156,ex01::WHAT DID THE DEVIL DO NOW,asr_3408,intent_3408_last,0,9,32,18,19,13,9
ex01_default_00156,ex01::WHAT DID THE DEVIL DO NOW,asr_3408,intent_3408_last,20,13,32,26,19,13,13
ex01_default_00156,ex01::WHAT DID THE DEVIL DO NOW,asr_3408,intent_3408_last,40,13,32,26,19,13,13
ex01_default_00156,ex01::WHAT DID THE DEVIL DO NOW,asr_3408,speaker_count_3408_last,0,2,26,4,19,7,2
ex01_default_00156,ex01::WHAT DID THE DEVIL DO NOW,asr_3408,speaker_count_3408_last,20,6,26,12,19,7,6
ex01_default_00156,ex01::WHAT DID THE DEVIL DO NOW,asr_3408,speaker_count_3408_last,40,6,26,12,19,7,6
ex01_default_00156,ex01::WHAT DID THE DEVIL DO NOW,emotion_3408,intent_3408_last,0,9,24,18,11,13,9
ex01_default_00156,ex01::WHAT DID THE DEVIL DO NOW,emotion_3408,intent_3408_last,20,11,24,22,11,13,11
ex01_default_00156,ex01::WHAT DID THE DEVIL DO NOW,emotion_3408,intent_3408_last,40,11,24,22,11,13,12
ex01_default_00156,ex01::WHAT DID THE DEVIL DO NOW,emotion_3408,speaker_count_3408_last,0,2,18,4,11,7,2
ex01_default_00156,ex01::WHAT DID THE DEVIL DO NOW,emotion_3408,speaker_count_3408_last,20,4,18,8,11,7,4
ex01_default_00156,ex01::WHAT DID THE DEVIL DO NOW,emotion_3408,speaker_count_3408_last,40,5,18,10,11,7,5
ex01_default_00156,ex01::WHAT DID THE DEVIL DO NOW,intent_3408_last,speaker_count_3408_last,0,4,20,8,13,7,4
ex01_default_00156,ex01::WHAT DID THE DEVIL DO NOW,intent_3408_last,speaker_count_3408_last,20,6,20,12,13,7,6
ex01_default_00156,ex01::WHAT DID THE DEVIL DO NOW,intent_3408_last,speaker_count_3408_last,40,6,20,12,13,7,6
ex01_default_00163,ex01::OUT OF NOWHERE YOU GET BLINDSIDED,asr_3408,emotion_3408,0,7,38,14,25,13,7
ex01_default_00163,ex01::OUT OF NOWHERE YOU GET BLINDSIDED,asr_3408,emotion_3408,20,13,38,26,25,13,13
ex01_default_00163,ex01::OUT OF NOWHERE YOU GET BLINDSIDED,asr_3408,emotion_3408,40,13,38,26,25,13,13
ex01_default_00163,ex01::OUT OF NOWHERE YOU GET BLINDSIDED,asr_3408,intent_3408_last,0,8,44,16,25,19,8
ex01_default_00163,ex01::OUT OF NOWHERE YOU GET BLINDSIDED,asr_3408,intent_3408_last,20,18,44,36,25,19,18
ex01_default_00163,ex01::OUT OF NOWHERE YOU GET BLINDSIDED,asr_3408,intent_3408_last,40,19,44,38,25,19,19
ex01_default_00163,ex01::OUT OF NOWHERE YOU GET BLINDSIDED,asr_3408,speaker_count_3408_last,0,1,32,2,25,7,1
ex01_default_00163,ex01::OUT OF NOWHERE YOU GET BLINDSIDED,asr_3408,speaker_count_3408_last,20,6,32,12,25,7,6
ex01_default_00163,ex01::OUT OF NOWHERE YOU GET BLINDSIDED,asr_3408,speaker_count_3408_last,40,7,32,14,25,7,7
ex01_default_00163,ex01::OUT OF NOWHERE YOU GET BLINDSIDED,emotion_3408,intent_3408_last,0,6,32,12,13,19,6
ex01_default_00163,ex01::OUT OF NOWHERE YOU GET BLINDSIDED,emotion_3408,intent_3408_last,20,12,32,24,13,19,12
ex01_default_00163,ex01::OUT OF NOWHERE YOU GET BLINDSIDED,emotion_3408,intent_3408_last,40,13,32,26,13,19,14
ex01_default_00163,ex01::OUT OF NOWHERE YOU GET BLINDSIDED,emotion_3408,speaker_count_3408_last,0,2,20,4,13,7,2
ex01_default_00163,ex01::OUT OF NOWHERE YOU GET BLINDSIDED,emotion_3408,speaker_count_3408_last,20,6,20,12,13,7,6
ex01_default_00163,ex01::OUT OF NOWHERE YOU GET BLINDSIDED,emotion_3408,speaker_count_3408_last,40,7,20,14,13,7,7
ex01_default_00163,ex01::OUT OF NOWHERE YOU GET BLINDSIDED,intent_3408_last,speaker_count_3408_last,0,4,26,8,19,7,4
ex01_default_00163,ex01::OUT OF NOWHERE YOU GET BLINDSIDED,intent_3408_last,speaker_count_3408_last,20,7,26,14,19,7,7
ex01_default_00163,ex01::OUT OF NOWHERE YOU GET BLINDSIDED,intent_3408_last,speaker_count_3408_last,40,7,26,14,19,7,7
ex01_default_00168,ex01::YOU KNOW WHAT,asr_3408,emotion_3408,0,0,12,0,10,2,0
ex01_default_00168,ex01::YOU KNOW WHAT,asr_3408,emotion_3408,20,2,12,4,10,2,2
ex01_default_00168,ex01::YOU KNOW WHAT,asr_3408,emotion_3408,40,2,12,4,10,2,2
ex01_default_00168,ex01::YOU KNOW WHAT,asr_3408,intent_3408_last,0,4,15,8,10,5,4
ex01_default_00168,ex01::YOU KNOW WHAT,asr_3408,intent_3408_last,20,5,15,10,10,5,5
ex01_default_00168,ex01::YOU KNOW WHAT,asr_3408,intent_3408_last,40,5,15,10,10,5,5
ex01_default_00168,ex01::YOU KNOW WHAT,asr_3408,speaker_count_3408_last,0,2,13,4,10,3,2
ex01_default_00168,ex01::YOU KNOW WHAT,asr_3408,speaker_count_3408_last,20,3,13,6,10,3,3
ex01_default_00168,ex01::YOU KNOW WHAT,asr_3408,speaker_count_3408_last,40,3,13,6,10,3,3
ex01_default_00168,ex01::YOU KNOW WHAT,emotion_3408,intent_3408_last,0,0,7,0,2,5,0
ex01_default_00168,ex01::YOU KNOW WHAT,emotion_3408,intent_3408_last,20,2,7,4,2,5,2
ex01_default_00168,ex01::YOU KNOW WHAT,emotion_3408,intent_3408_last,40,2,7,4,2,5,2
ex01_default_00168,ex01::YOU KNOW WHAT,emotion_3408,speaker_count_3408_last,0,1,5,2,2,3,1
ex01_default_00168,ex01::YOU KNOW WHAT,emotion_3408,speaker_count_3408_last,20,2,5,4,2,3,2
ex01_default_00168,ex01::YOU KNOW WHAT,emotion_3408,speaker_count_3408_last,40,2,5,4,2,3,2
ex01_default_00168,ex01::YOU KNOW WHAT,intent_3408_last,speaker_count_3408_last,0,2,8,4,5,3,2
ex01_default_00168,ex01::YOU KNOW WHAT,intent_3408_last,speaker_count_3408_last,20,3,8,6,5,3,3
ex01_default_00168,ex01::YOU KNOW WHAT,intent_3408_last,speaker_count_3408_last,40,3,8,6,5,3,3
ex01_default_00255,ex01::MARIAN,asr_3408,emotion_3408,0,1,8,2,7,1,1
ex01_default_00255,ex01::MARIAN,asr_3408,emotion_3408,20,1,8,2,7,1,1
ex01_default_00255,ex01::MARIAN,asr_3408,emotion_3408,40,1,8,2,7,1,1
ex01_default_00255,ex01::MARIAN,asr_3408,intent_3408_last,0,2,12,4,7,5,2
ex01_default_00255,ex01::MARIAN,asr_3408,intent_3408_last,20,5,12,10,7,5,5
ex01_default_00255,ex01::MARIAN,asr_3408,intent_3408_last,40,5,12,10,7,5,5
ex01_default_00255,ex01::MARIAN,asr_3408,speaker_count_3408_last,0,0,8,0,7,1,0
ex01_default_00255,ex01::MARIAN,asr_3408,speaker_count_3408_last,20,1,8,2,7,1,1
ex01_default_00255,ex01::MARIAN,asr_3408,speaker_count_3408_last,40,1,8,2,7,1,1
ex01_default_00255,ex01::MARIAN,emotion_3408,intent_3408_last,0,0,6,0,1,5,0
ex01_default_00255,ex01::MARIAN,emotion_3408,intent_3408_last,20,1,6,2,1,5,1
ex01_default_00255,ex01::MARIAN,emotion_3408,intent_3408_last,40,1,6,2,1,5,1
ex01_default_00255,ex01::MARIAN,emotion_3408,speaker_count_3408_last,0,0,2,0,1,1,0
ex01_default_00255,ex01::MARIAN,emotion_3408,speaker_count_3408_last,20,1,2,2,1,1,1
ex01_default_00255,ex01::MARIAN,emotion_3408,speaker_count_3408_last,40,1,2,2,1,1,1
ex01_default_00255,ex01::MARIAN,intent_3408_last,speaker_count_3408_last,0,1,6,2,5,1,1
ex01_default_00255,ex01::MARIAN,intent_3408_last,speaker_count_3408_last,20,1,6,2,5,1,1
ex01_default_00255,ex01::MARIAN,intent_3408_last,speaker_count_3408_last,40,1,6,2,5,1,1
ex01_default_00264,ex01::FOR THE FRESH FACE CONTEST,asr_3408,emotion_3408,0,9,33,18,20,13,9
ex01_default_00264,ex01::FOR THE FRESH FACE CONTEST,asr_3408,emotion_3408,20,13,33,26,20,13,13
ex01_default_00264,ex01::FOR THE FRESH FACE CONTEST,asr_3408,emotion_3408,40,13,33,26,20,13,13
ex01_default_00264,ex01::FOR THE FRESH FACE CONTEST,asr_3408,intent_3408_last,0,11,35,22,20,15,11
ex01_default_00264,ex01::FOR THE FRESH FACE CONTEST,asr_3408,intent_3408_last,20,14,35,28,20,15,14
ex01_default_00264,ex01::FOR THE FRESH FACE CONTEST,asr_3408,intent_3408_last,40,15,35,30,20,15,15
ex01_default_00264,ex01::FOR THE FRESH FACE CONTEST,asr_3408,speaker_count_3408_last,0,3,26,6,20,6,3
ex01_default_00264,ex01::FOR THE FRESH FACE CONTEST,asr_3408,speaker_count_3408_last,20,5,26,10,20,6,5
ex01_default_00264,ex01::FOR THE FRESH FACE CONTEST,asr_3408,speaker_count_3408_last,40,5,26,10,20,6,5
ex01_default_00264,ex01::FOR THE FRESH FACE CONTEST,emotion_3408,intent_3408_last,0,8,28,16,13,15,8
ex01_default_00264,ex01::FOR THE FRESH FACE CONTEST,emotion_3408,intent_3408_last,20,13,28,26,13,15,13
ex01_default_00264,ex01::FOR THE FRESH FACE CONTEST,emotion_3408,intent_3408_last,40,13,28,26,13,15,13
ex01_default_00264,ex01::FOR THE FRESH FACE CONTEST,emotion_3408,speaker_count_3408_last,0,4,19,8,13,6,4
ex01_default_00264,ex01::FOR THE FRESH FACE CONTEST,emotion_3408,speaker_count_3408_last,20,5,19,10,13,6,5
ex01_default_00264,ex01::FOR THE FRESH FACE CONTEST,emotion_3408,speaker_count_3408_last,40,5,19,10,13,6,5
ex01_default_00264,ex01::FOR THE FRESH FACE CONTEST,intent_3408_last,speaker_count_3408_last,0,4,21,8,15,6,4
ex01_default_00264,ex01::FOR THE FRESH FACE CONTEST,intent_3408_last,speaker_count_3408_last,20,5,21,10,15,6,5
ex01_default_00264,ex01::FOR THE FRESH FACE CONTEST,intent_3408_last,speaker_count_3408_last,40,5,21,10,15,6,5
ex01_default_00279,ex01::AND DEPRIVE MYSELF OF THE PLEASURE OF WATCHING YOU SQUIRM,asr_3408,emotion_3408,0,16,68,32,45,23,16
ex01_default_00279,ex01::AND DEPRIVE MYSELF OF THE PLEASURE OF WATCHING YOU SQUIRM,asr_3408,emotion_3408,20,23,68,46,45,23,23
ex01_default_00279,ex01::AND DEPRIVE MYSELF OF THE PLEASURE OF WATCHING YOU SQUIRM,asr_3408,emotion_3408,40,23,68,46,45,23,23
ex01_default_00279,ex01::AND DEPRIVE MYSELF OF THE PLEASURE OF WATCHING YOU SQUIRM,asr_3408,intent_3408_last,0,18,74,36,45,29,18
ex01_default_00279,ex01::AND DEPRIVE MYSELF OF THE PLEASURE OF WATCHING YOU SQUIRM,asr_3408,intent_3408_last,20,28,74,56,45,29,28
ex01_default_00279,ex01::AND DEPRIVE MYSELF OF THE PLEASURE OF WATCHING YOU SQUIRM,asr_3408,intent_3408_last,40,29,74,58,45,29,29
ex01_default_00279,ex01::AND DEPRIVE MYSELF OF THE PLEASURE OF WATCHING YOU SQUIRM,asr_3408,speaker_count_3408_last,0,2,54,4,45,9,2
ex01_default_00279,ex01::AND DEPRIVE MYSELF OF THE PLEASURE OF WATCHING YOU SQUIRM,asr_3408,speaker_count_3408_last,20,9,54,18,45,9,9
ex01_default_00279,ex01::AND DEPRIVE MYSELF OF THE PLEASURE OF WATCHING YOU SQUIRM,asr_3408,speaker_count_3408_last,40,9,54,18,45,9,9
ex01_default_00279,ex01::AND DEPRIVE MYSELF OF THE PLEASURE OF WATCHING YOU SQUIRM,emotion_3408,intent_3408_last,0,14,52,28,23,29,14
ex01_default_00279,ex01::AND DEPRIVE MYSELF OF THE PLEASURE OF WATCHING YOU SQUIRM,emotion_3408,intent_3408_last,20,22,52,44,23,29,22
ex01_default_00279,ex01::AND DEPRIVE MYSELF OF THE PLEASURE OF WATCHING YOU SQUIRM,emotion_3408,intent_3408_last,40,22,52,44,23,29,24
ex01_default_00279,ex01::AND DEPRIVE MYSELF OF THE PLEASURE OF WATCHING YOU SQUIRM,emotion_3408,speaker_count_3408_last,0,1,32,2,23,9,1
ex01_default_00279,ex01::AND DEPRIVE MYSELF OF THE PLEASURE OF WATCHING YOU SQUIRM,emotion_3408,speaker_count_3408_last,20,8,32,16,23,9,8
ex01_default_00279,ex01::AND DEPRIVE MYSELF OF THE PLEASURE OF WATCHING YOU SQUIRM,emotion_3408,speaker_count_3408_last,40,8,32,16,23,9,8
ex01_default_00279,ex01::AND DEPRIVE MYSELF OF THE PLEASURE OF WATCHING YOU SQUIRM,intent_3408_last,speaker_count_3408_last,0,3,38,6,29,9,3
ex01_default_00279,ex01::AND DEPRIVE MYSELF OF THE PLEASURE OF WATCHING YOU SQUIRM,intent_3408_last,speaker_count_3408_last,20,9,38,18,29,9,9
ex01_default_00279,ex01::AND DEPRIVE MYSELF OF THE PLEASURE OF WATCHING YOU SQUIRM,intent_3408_last,speaker_count_3408_last,40,9,38,18,29,9,9
ex01_default_00284,ex01::WHERE'D MY POPS GO,asr_3408,emotion_3408,0,5,20,10,14,6,5
ex01_default_00284,ex01::WHERE'D MY POPS GO,asr_3408,emotion_3408,20,6,20,12,14,6,6
ex01_default_00284,ex01::WHERE'D MY POPS GO,asr_3408,emotion_3408,40,6,20,12,14,6,6
ex01_default_00284,ex01::WHERE'D MY POPS GO,asr_3408,intent_3408_last,0,7,24,14,14,10,7
ex01_default_00284,ex01::WHERE'D MY POPS GO,asr_3408,intent_3408_last,20,10,24,20,14,10,10
ex01_default_00284,ex01::WHERE'D MY POPS GO,asr_3408,intent_3408_last,40,10,24,20,14,10,10
ex01_default_00284,ex01::WHERE'D MY POPS GO,asr_3408,speaker_count_3408_last,0,2,18,4,14,4,2
ex01_default_00284,ex01::WHERE'D MY POPS GO,asr_3408,speaker_count_3408_last,20,4,18,8,14,4,4
ex01_default_00284,ex01::WHERE'D MY POPS GO,asr_3408,speaker_count_3408_last,40,4,18,8,14,4,4
ex01_default_00284,ex01::WHERE'D MY POPS GO,emotion_3408,intent_3408_last,0,4,16,8,6,10,4
ex01_default_00284,ex01::WHERE'D MY POPS GO,emotion_3408,intent_3408_last,20,6,16,12,6,10,6
ex01_default_00284,ex01::WHERE'D MY POPS GO,emotion_3408,intent_3408_last,40,6,16,12,6,10,6
ex01_default_00284,ex01::WHERE'D MY POPS GO,emotion_3408,speaker_count_3408_last,0,2,10,4,6,4,2
ex01_default_00284,ex01::WHERE'D MY POPS GO,emotion_3408,speaker_count_3408_last,20,4,10,8,6,4,4
ex01_default_00284,ex01::WHERE'D MY POPS GO,emotion_3408,speaker_count_3408_last,40,4,10,8,6,4,4
ex01_default_00284,ex01::WHERE'D MY POPS GO,intent_3408_last,speaker_count_3408_last,0,3,14,6,10,4,3
ex01_default_00284,ex01::WHERE'D MY POPS GO,intent_3408_last,speaker_count_3408_last,20,4,14,8,10,4,4
ex01_default_00284,ex01::WHERE'D MY POPS GO,intent_3408_last,speaker_count_3408_last,40,4,14,8,10,4,4
ex01_default_00299,ex01::ARE ANNA FARIS AND CHRIS PRATT SEPARATING,asr_3408,emotion_3408,0,12,48,24,33,15,12
ex01_default_00299,ex01::ARE ANNA FARIS AND CHRIS PRATT SEPARATING,asr_3408,emotion_3408,20,15,48,30,33,15,15
ex01_default_00299,ex01::ARE ANNA FARIS AND CHRIS PRATT SEPARATING,asr_3408,emotion_3408,40,15,48,30,33,15,15
ex01_default_00299,ex01::ARE ANNA FARIS AND CHRIS PRATT SEPARATING,asr_3408,intent_3408_last,0,13,54,26,33,21,13
ex01_default_00299,ex01::ARE ANNA FARIS AND CHRIS PRATT SEPARATING,asr_3408,intent_3408_last,20,21,54,42,33,21,21
ex01_default_00299,ex01::ARE ANNA FARIS AND CHRIS PRATT SEPARATING,asr_3408,intent_3408_last,40,21,54,42,33,21,21
ex01_default_00299,ex01::ARE ANNA FARIS AND CHRIS PRATT SEPARATING,asr_3408,speaker_count_3408_last,0,7,43,14,33,10,7
ex01_default_00299,ex01::ARE ANNA FARIS AND CHRIS PRATT SEPARATING,asr_3408,speaker_count_3408_last,20,9,43,18,33,10,9
ex01_default_00299,ex01::ARE ANNA FARIS AND CHRIS PRATT SEPARATING,asr_3408,speaker_count_3408_last,40,10,43,20,33,10,10
ex01_default_00299,ex01::ARE ANNA FARIS AND CHRIS PRATT SEPARATING,emotion_3408,intent_3408_last,0,12,36,24,15,21,12
ex01_default_00299,ex01::ARE ANNA FARIS AND CHRIS PRATT SEPARATING,emotion_3408,intent_3408_last,20,15,36,30,15,21,15
ex01_default_00299,ex01::ARE ANNA FARIS AND CHRIS PRATT SEPARATING,emotion_3408,intent_3408_last,40,15,36,30,15,21,16
ex01_default_00299,ex01::ARE ANNA FARIS AND CHRIS PRATT SEPARATING,emotion_3408,speaker_count_3408_last,0,5,25,10,15,10,5
ex01_default_00299,ex01::ARE ANNA FARIS AND CHRIS PRATT SEPARATING,emotion_3408,speaker_count_3408_last,20,8,25,16,15,10,8
ex01_default_00299,ex01::ARE ANNA FARIS AND CHRIS PRATT SEPARATING,emotion_3408,speaker_count_3408_last,40,9,25,18,15,10,9
ex01_default_00299,ex01::ARE ANNA FARIS AND CHRIS PRATT SEPARATING,intent_3408_last,speaker_count_3408_last,0,7,31,14,21,10,7
ex01_default_00299,ex01::ARE ANNA FARIS AND CHRIS PRATT SEPARATING,intent_3408_last,speaker_count_3408_last,20,9,31,18,21,10,9
ex01_default_00299,ex01::ARE ANNA FARIS AND CHRIS PRATT SEPARATING,intent_3408_last,speaker_count_3408_last,40,10,31,20,21,10,10
ex01_default_00301,ex01::OKAY IS THAT IS THAT GLOVER,asr_3408,emotion_3408,0,6,32,12,23,9,6
ex01_default_00301,ex01::OKAY IS THAT IS THAT GLOVER,asr_3408,emotion_3408,20,9,32,18,23,9,9
ex01_default_00301,ex01::OKAY IS THAT IS THAT GLOVER,asr_3408,emotion_3408,40,9,32,18,23,9,9
ex01_default_00301,ex01::OKAY IS THAT IS THAT GLOVER,asr_3408,intent_3408_last,0,9,38,18,23,15,9
ex01_default_00301,ex01::OKAY IS THAT IS THAT GLOVER,asr_3408,intent_3408_last,20,15,38,30,23,15,15
ex01_default_00301,ex01::OKAY IS THAT IS THAT GLOVER,asr_3408,intent_3408_last,40,15,38,30,23,15,15
ex01_default_00301,ex01::OKAY IS THAT IS THAT GLOVER,asr_3408,speaker_count_3408_last,0,6,31,12,23,8,6
ex01_default_00301,ex01::OKAY IS THAT IS THAT GLOVER,asr_3408,speaker_count_3408_last,20,8,31,16,23,8,8
ex01_default_00301,ex01::OKAY IS THAT IS THAT GLOVER,asr_3408,speaker_count_3408_last,40,8,31,16,23,8,8
ex01_default_00301,ex01::OKAY IS THAT IS THAT GLOVER,emotion_3408,intent_3408_last,0,8,24,16,9,15,8
ex01_default_00301,ex01::OKAY IS THAT IS THAT GLOVER,emotion_3408,intent_3408_last,20,9,24,18,9,15,9
ex01_default_00301,ex01::OKAY IS THAT IS THAT GLOVER,emotion_3408,intent_3408_last,40,9,24,18,9,15,10
ex01_default_00301,ex01::OKAY IS THAT IS THAT GLOVER,emotion_3408,speaker_count_3408_last,0,3,17,6,9,8,3
ex01_default_00301,ex01::OKAY IS THAT IS THAT GLOVER,emotion_3408,speaker_count_3408_last,20,5,17,10,9,8,5
ex01_default_00301,ex01::OKAY IS THAT IS THAT GLOVER,emotion_3408,speaker_count_3408_last,40,6,17,12,9,8,6
ex01_default_00301,ex01::OKAY IS THAT IS THAT GLOVER,intent_3408_last,speaker_count_3408_last,0,4,23,8,15,8,4
ex01_default_00301,ex01::OKAY IS THAT IS THAT GLOVER,intent_3408_last,speaker_count_3408_last,20,6,23,12,15,8,6
ex01_default_00301,ex01::OKAY IS THAT IS THAT GLOVER,intent_3408_last,speaker_count_3408_last,40,8,23,16,15,8,8
ex01_default_00319,ex01::THEN THERE'S MIRACLE OF THIRTY FOURTH STREET BUT ONLY WATCH THE ORIGINAL,asr_3408,emotion_3408,0,20,84,40,57,27,20
ex01_default_00319,ex01::THEN THERE'S MIRACLE OF THIRTY FOURTH STREET BUT ONLY WATCH THE ORIGINAL,asr_3408,emotion_3408,20,26,84,52,57,27,26
ex01_default_00319,ex01::THEN THERE'S MIRACLE OF THIRTY FOURTH STREET BUT ONLY WATCH THE ORIGINAL,asr_3408,emotion_3408,40,27,84,54,57,27,27
ex01_default_00319,ex01::THEN THERE'S MIRACLE OF THIRTY FOURTH STREET BUT ONLY WATCH THE ORIGINAL,asr_3408,intent_3408_last,0,24,95,48,57,38,24
ex01_default_00319,ex01::THEN THERE'S MIRACLE OF THIRTY FOURTH STREET BUT ONLY WATCH THE ORIGINAL,asr_3408,intent_3408_last,20,37,95,74,57,38,37
ex01_default_00319,ex01::THEN THERE'S MIRACLE OF THIRTY FOURTH STREET BUT ONLY WATCH THE ORIGINAL,asr_3408,intent_3408_last,40,38,95,76,57,38,38
ex01_default_00319,ex01::THEN THERE'S MIRACLE OF THIRTY FOURTH STREET BUT ONLY WATCH THE ORIGINAL,asr_3408,speaker_count_3408_last,0,8,73,16,57,16,8
ex01_default_00319,ex01::THEN THERE'S MIRACLE OF THIRTY FOURTH STREET BUT ONLY WATCH THE ORIGINAL,asr_3408,speaker_count_3408_last,20,15,73,30,57,16,15
ex01_default_00319,ex01::THEN THERE'S MIRACLE OF THIRTY FOURTH STREET BUT ONLY WATCH THE ORIGINAL,asr_3408,speaker_count_3408_last,40,16,73,32,57,16,16
ex01_default_00319,ex01::THEN THERE'S MIRACLE OF THIRTY FOURTH STREET BUT ONLY WATCH THE ORIGINAL,emotion_3408,intent_3408_last,0,19,65,38,27,38,19
ex01_default_00319,ex01::THEN THERE'S MIRACLE OF THIRTY FOURTH STREET BUT ONLY WATCH THE ORIGINAL,emotion_3408,intent_3408_last,20,23,65,46,27,38,23
ex01_default_00319,ex01::THEN THERE'S MIRACLE OF THIRTY FOURTH STREET BUT ONLY WATCH THE ORIGINAL,emotion_3408,intent_3408_last,40,25,65,50,27,38,29
ex01_default_00319,ex01::THEN THERE'S MIRACLE OF THIRTY FOURTH STREET BUT ONLY WATCH THE ORIGINAL,emotion_3408,speaker_count_3408_last,0,8,43,16,27,16,8
ex01_default_00319,ex01::THEN THERE'S MIRACLE OF THIRTY FOURTH STREET BUT ONLY WATCH THE ORIGINAL,emotion_3408,speaker_count_3408_last,20,12,43,24,27,16,12
ex01_default_00319,ex01::THEN THERE'S MIRACLE OF THIRTY FOURTH STREET BUT ONLY WATCH THE ORIGINAL,emotion_3408,speaker_count_3408_last,40,13,43,26,27,16,13
ex01_default_00319,ex01::THEN THERE'S MIRACLE OF THIRTY FOURTH STREET BUT ONLY WATCH THE ORIGINAL,intent_3408_last,speaker_count_3408_last,0,9,54,18,38,16,9
ex01_default_00319,ex01::THEN THERE'S MIRACLE OF THIRTY FOURTH STREET BUT ONLY WATCH THE ORIGINAL,intent_3408_last,speaker_count_3408_last,20,16,54,32,38,16,16
ex01_default_00319,ex01::THEN THERE'S MIRACLE OF THIRTY FOURTH STREET BUT ONLY WATCH THE ORIGINAL,intent_3408_last,speaker_count_3408_last,40,16,54,32,38,16,16
ex01_default_00328,ex01::ANTI AGING CREAMS CAN BRING ON BREAKOUTS,asr_3408,emotion_3408,0,10,51,20,33,18,10
ex01_default_00328,ex01::ANTI AGING CREAMS CAN BRING ON BREAKOUTS,asr_3408,emotion_3408,20,15,51,30,33,18,15
ex01_default_00328,ex01::ANTI AGING CREAMS CAN BRING ON BREAKOUTS,asr_3408,emotion_3408,40,17,51,34,33,18,17
ex01_default_00328,ex01::ANTI AGING CREAMS CAN BRING ON BREAKOUTS,asr_3408,intent_3408_last,0,19,60,38,33,27,19
ex01_default_00328,ex01::ANTI AGING CREAMS CAN BRING ON BREAKOUTS,asr_3408,intent_3408_last,20,23,60,46,33,27,23
ex01_default_00328,ex01::ANTI AGING CREAMS CAN BRING ON BREAKOUTS,asr_3408,intent_3408_last,40,25,60,50,33,27,25
ex01_default_00328,ex01::ANTI AGING CREAMS CAN BRING ON BREAKOUTS,asr_3408,speaker_count_3408_last,0,3,44,6,33,11,3
ex01_default_00328,ex01::ANTI AGING CREAMS CAN BRING ON BREAKOUTS,asr_3408,speaker_count_3408_last,20,10,44,20,33,11,10
ex01_default_00328,ex01::ANTI AGING CREAMS CAN BRING ON BREAKOUTS,asr_3408,speaker_count_3408_last,40,10,44,20,33,11,10
ex01_default_00328,ex01::ANTI AGING CREAMS CAN BRING ON BREAKOUTS,emotion_3408,intent_3408_last,0,10,45,20,18,27,10
ex01_default_00328,ex01::ANTI AGING CREAMS CAN BRING ON BREAKOUTS,emotion_3408,intent_3408_last,20,14,45,28,18,27,15
ex01_default_00328,ex01::ANTI AGING CREAMS CAN BRING ON BREAKOUTS,emotion_3408,intent_3408_last,40,17,45,34,18,27,19
ex01_default_00328,ex01::ANTI AGING CREAMS CAN BRING ON BREAKOUTS,emotion_3408,speaker_count_3408_last,0,1,29,2,18,11,1
ex01_default_00328,ex01::ANTI AGING CREAMS CAN BRING ON BREAKOUTS,emotion_3408,speaker_count_3408_last,20,9,29,18,18,11,9
ex01_default_00328,ex01::ANTI AGING CREAMS CAN BRING ON BREAKOUTS,emotion_3408,speaker_count_3408_last,40,10,29,20,18,11,10
ex01_default_00328,ex01::ANTI AGING CREAMS CAN BRING ON BREAKOUTS,intent_3408_last,speaker_count_3408_last,0,2,38,4,27,11,2
ex01_default_00328,ex01::ANTI AGING CREAMS CAN BRING ON BREAKOUTS,intent_3408_last,speaker_count_3408_last,20,9,38,18,27,11,9
ex01_default_00328,ex01::ANTI AGING CREAMS CAN BRING ON BREAKOUTS,intent_3408_last,speaker_count_3408_last,40,10,38,20,27,11,10
ex01_default_00333,ex01::WHAT ARE YOU NO GOOD AT,asr_3408,emotion_3408,0,3,22,6,16,6,3
ex01_default_00333,ex01::WHAT ARE YOU NO GOOD AT,asr_3408,emotion_3408,20,6,22,12,16,6,6
ex01_default_00333,ex01::WHAT ARE YOU NO GOOD AT,asr_3408,emotion_3408,40,6,22,12,16,6,6
ex01_default_00333,ex01::WHAT ARE YOU NO GOOD AT,asr_3408,intent_3408_last,0,8,27,16,16,11,8
ex01_default_00333,ex01::WHAT ARE YOU NO GOOD AT,asr_3408,intent_3408_last,20,11,27,22,16,11,11
ex01_default_00333,ex01::WHAT ARE YOU NO GOOD AT,asr_3408,intent_3408_last,40,11,27,22,16,11,11
ex01_default_00333,ex01::WHAT ARE YOU NO GOOD AT,asr_3408,speaker_count_3408_last,0,1,20,2,16,4,1
ex01_default_00333,ex01::WHAT ARE YOU NO GOOD AT,asr_3408,speaker_count_3408_last,20,3,20,6,16,4,3
ex01_default_00333,ex01::WHAT ARE YOU NO GOOD AT,asr_3408,speaker_count_3408_last,40,3,20,6,16,4,3
ex01_default_00333,ex01::WHAT ARE YOU NO GOOD AT,emotion_3408,intent_3408_last,0,4,17,8,6,11,4
ex01_default_00333,ex01::WHAT ARE YOU NO GOOD AT,emotion_3408,intent_3408_last,20,6,17,12,6,11,6
ex01_default_00333,ex01::WHAT ARE YOU NO GOOD AT,emotion_3408,intent_3408_last,40,6,17,12,6,11,6
ex01_default_00333,ex01::WHAT ARE YOU NO GOOD AT,emotion_3408,speaker_count_3408_last,0,0,10,0,6,4,0
ex01_default_00333,ex01::WHAT ARE YOU NO GOOD AT,emotion_3408,speaker_count_3408_last,20,3,10,6,6,4,3
ex01_default_00333,ex01::WHAT ARE YOU NO GOOD AT,emotion_3408,speaker_count_3408_last,40,3,10,6,6,4,3
ex01_default_00333,ex01::WHAT ARE YOU NO GOOD AT,intent_3408_last,speaker_count_3408_last,0,1,15,2,11,4,1
ex01_default_00333,ex01::WHAT ARE YOU NO GOOD AT,intent_3408_last,speaker_count_3408_last,20,3,15,6,11,4,3
ex01_default_00333,ex01::WHAT ARE YOU NO GOOD AT,intent_3408_last,speaker_count_3408_last,40,3,15,6,11,4,3
ex01_default_00370,ex01::AT LEAST I DO,asr_3408,emotion_3408,0,5,19,10,12,7,5
ex01_default_00370,ex01::AT LEAST I DO,asr_3408,emotion_3408,20,6,19,12,12,7,6
ex01_default_00370,ex01::AT LEAST I DO,asr_3408,emotion_3408,40,7,19,14,12,7,7
ex01_default_00370,ex01::AT LEAST I DO,asr_3408,intent_3408_last,0,6,21,12,12,9,6
ex01_default_00370,ex01::AT LEAST I DO,asr_3408,intent_3408_last,20,9,21,18,12,9,9
ex01_default_00370,ex01::AT LEAST I DO,asr_3408,intent_3408_last,40,9,21,18,12,9,9
ex01_default_00370,ex01::AT LEAST I DO,asr_3408,speaker_count_3408_last,0,1,16,2,12,4,1
ex01_default_00370,ex01::AT LEAST I DO,asr_3408,speaker_count_3408_last,20,3,16,6,12,4,3
ex01_default_00370,ex01::AT LEAST I DO,asr_3408,speaker_count_3408_last,40,3,16,6,12,4,3
ex01_default_00370,ex01::AT LEAST I DO,emotion_3408,intent_3408_last,0,6,16,12,7,9,6
ex01_default_00370,ex01::AT LEAST I DO,emotion_3408,intent_3408_last,20,6,16,12,7,9,6
ex01_default_00370,ex01::AT LEAST I DO,emotion_3408,intent_3408_last,40,7,16,14,7,9,7
ex01_default_00370,ex01::AT LEAST I DO,emotion_3408,speaker_count_3408_last,0,1,11,2,7,4,1
ex01_default_00370,ex01::AT LEAST I DO,emotion_3408,speaker_count_3408_last,20,3,11,6,7,4,3
ex01_default_00370,ex01::AT LEAST I DO,emotion_3408,speaker_count_3408_last,40,3,11,6,7,4,3
ex01_default_00370,ex01::AT LEAST I DO,intent_3408_last,speaker_count_3408_last,0,1,13,2,9,4,1
ex01_default_00370,ex01::AT LEAST I DO,intent_3408_last,speaker_count_3408_last,20,3,13,6,9,4,3
ex01_default_00370,ex01::AT LEAST I DO,intent_3408_last,speaker_count_3408_last,40,3,13,6,9,4,3
ex01_enunciated_00028,ex01::HE WROTE GULLIVER'S TRAVEL,asr_3408,emotion_3408,0,10,45,20,28,17,10
ex01_enunciated_00028,ex01::HE WROTE GULLIVER'S TRAVEL,asr_3408,emotion_3408,20,17,45,34,28,17,17
ex01_enunciated_00028,ex01::HE WROTE GULLIVER'S TRAVEL,asr_3408,emotion_3408,40,17,45,34,28,17,17
ex01_enunciated_00028,ex01::HE WROTE GULLIVER'S TRAVEL,asr_3408,intent_3408_last,0,14,49,28,28,21,14
ex01_enunciated_00028,ex01::HE WROTE GULLIVER'S TRAVEL,asr_3408,intent_3408_last,20,20,49,40,28,21,20
ex01_enunciated_00028,ex01::HE WROTE GULLIVER'S TRAVEL,asr_3408,intent_3408_last,40,21,49,42,28,21,21
ex01_enunciated_00028,ex01::HE WROTE GULLIVER'S TRAVEL,asr_3408,speaker_count_3408_last,0,5,36,10,28,8,5
ex01_enunciated_00028,ex01::HE WROTE GULLIVER'S TRAVEL,asr_3408,speaker_count_3408_last,20,7,36,14,28,8,7
ex01_enunciated_00028,ex01::HE WROTE GULLIVER'S TRAVEL,asr_3408,speaker_count_3408_last,40,7,36,14,28,8,7
ex01_enunciated_00028,ex01::HE WROTE GULLIVER'S TRAVEL,emotion_3408,intent_3408_last,0,14,38,28,17,21,14
ex01_enunciated_00028,ex01::HE WROTE GULLIVER'S TRAVEL,emotion_3408,intent_3408_last,20,16,38,32,17,21,16
ex01_enunciated_00028,ex01::HE WROTE GULLIVER'S TRAVEL,emotion_3408,intent_3408_last,40,17,38,34,17,21,18
ex01_enunciated_00028,ex01::HE WROTE GULLIVER'S TRAVEL,emotion_3408,speaker_count_3408_last,0,5,25,10,17,8,5
ex01_enunciated_00028,ex01::HE WROTE GULLIVER'S TRAVEL,emotion_3408,speaker_count_3408_last,20,6,25,12,17,8,6
ex01_enunciated_00028,ex01::HE WROTE GULLIVER'S TRAVEL,emotion_3408,speaker_count_3408_last,40,6,25,12,17,8,6
ex01_enunciated_00028,ex01::HE WROTE GULLIVER'S TRAVEL,intent_3408_last,speaker_count_3408_last,0,5,29,10,21,8,5
ex01_enunciated_00028,ex01::HE WROTE GULLIVER'S TRAVEL,intent_3408_last,speaker_count_3408_last,20,6,29,12,21,8,6
ex01_enunciated_00028,ex01::HE WROTE GULLIVER'S TRAVEL,intent_3408_last,speaker_count_3408_last,40,6,29,12,21,8,6
ex01_enunciated_00146,ex01::LYNN'S WORKING ON SAGE'S LYRICS,asr_3408,emotion_3408,0,11,52,22,31,21,11
ex01_enunciated_00146,ex01::LYNN'S WORKING ON SAGE'S LYRICS,asr_3408,emotion_3408,20,18,52,36,31,21,18
ex01_enunciated_00146,ex01::LYNN'S WORKING ON SAGE'S LYRICS,asr_3408,emotion_3408,40,20,52,40,31,21,20
ex01_enunciated_00146,ex01::LYNN'S WORKING ON SAGE'S LYRICS,asr_3408,intent_3408_last,0,18,59,36,31,28,18
ex01_enunciated_00146,ex01::LYNN'S WORKING ON SAGE'S LYRICS,asr_3408,intent_3408_last,20,27,59,54,31,28,27
ex01_enunciated_00146,ex01::LYNN'S WORKING ON SAGE'S LYRICS,asr_3408,intent_3408_last,40,28,59,56,31,28,28
ex01_enunciated_00146,ex01::LYNN'S WORKING ON SAGE'S LYRICS,asr_3408,speaker_count_3408_last,0,3,40,6,31,9,3
ex01_enunciated_00146,ex01::LYNN'S WORKING ON SAGE'S LYRICS,asr_3408,speaker_count_3408_last,20,9,40,18,31,9,9
ex01_enunciated_00146,ex01::LYNN'S WORKING ON SAGE'S LYRICS,asr_3408,speaker_count_3408_last,40,9,40,18,31,9,9
ex01_enunciated_00146,ex01::LYNN'S WORKING ON SAGE'S LYRICS,emotion_3408,intent_3408_last,0,9,49,18,21,28,9
ex01_enunciated_00146,ex01::LYNN'S WORKING ON SAGE'S LYRICS,emotion_3408,intent_3408_last,20,18,49,36,21,28,21
ex01_enunciated_00146,ex01::LYNN'S WORKING ON SAGE'S LYRICS,emotion_3408,intent_3408_last,40,19,49,38,21,28,23
ex01_enunciated_00146,ex01::LYNN'S WORKING ON SAGE'S LYRICS,emotion_3408,speaker_count_3408_last,0,5,30,10,21,9,5
ex01_enunciated_00146,ex01::LYNN'S WORKING ON SAGE'S LYRICS,emotion_3408,speaker_count_3408_last,20,8,30,16,21,9,8
ex01_enunciated_00146,ex01::LYNN'S WORKING ON SAGE'S LYRICS,emotion_3408,speaker_count_3408_last,40,8,30,16,21,9,8
ex01_enunciated_00146,ex01::LYNN'S WORKING ON SAGE'S LYRICS,intent_3408_last,speaker_count_3408_last,0,5,37,10,28,9,5
ex01_enunciated_00146,ex01::LYNN'S WORKING ON SAGE'S LYRICS,intent_3408_last,speaker_count_3408_last,20,8,37,16,28,9,8
ex01_enunciated_00146,ex01::LYNN'S WORKING ON SAGE'S LYRICS,intent_3408_last,speaker_count_3408_last,40,9,37,18,28,9,9
ex01_enunciated_00156,ex01::WHAT DID THE DEVIL DO NOW,asr_3408,emotion_3408,0,12,37,24,23,14,12
ex01_enunciated_00156,ex01::WHAT DID THE DEVIL DO NOW,asr_3408,emotion_3408,20,14,37,28,23,14,14
ex01_enunciated_00156,ex01::WHAT DID THE DEVIL DO NOW,asr_3408,emotion_3408,40,14,37,28,23,14,14
ex01_enunciated_00156,ex01::WHAT DID THE DEVIL DO NOW,asr_3408,intent_3408_last,0,13,42,26,23,19,13
ex01_enunciated_00156,ex01::WHAT DID THE DEVIL DO NOW,asr_3408,intent_3408_last,20,19,42,38,23,19,19
ex01_enunciated_00156,ex01::WHAT DID THE DEVIL DO NOW,asr_3408,intent_3408_last,40,19,42,38,23,19,19
ex01_enunciated_00156,ex01::WHAT DID THE DEVIL DO NOW,asr_3408,speaker_count_3408_last,0,2,30,4,23,7,2
ex01_enunciated_00156,ex01::WHAT DID THE DEVIL DO NOW,asr_3408,speaker_count_3408_last,20,5,30,10,23,7,5
ex01_enunciated_00156,ex01::WHAT DID THE DEVIL DO NOW,asr_3408,speaker_count_3408_last,40,6,30,12,23,7,6
ex01_enunciated_00156,ex01::WHAT DID THE DEVIL DO NOW,emotion_3408,intent_3408_last,0,10,33,20,14,19,10
ex01_enunciated_00156,ex01::WHAT DID THE DEVIL DO NOW,emotion_3408,intent_3408_last,20,14,33,28,14,19,14
ex01_enunciated_00156,ex01::WHAT DID THE DEVIL DO NOW,emotion_3408,intent_3408_last,40,14,33,28,14,19,15
ex01_enunciated_00156,ex01::WHAT DID THE DEVIL DO NOW,emotion_3408,speaker_count_3408_last,0,2,21,4,14,7,2
ex01_enunciated_00156,ex01::WHAT DID THE DEVIL DO NOW,emotion_3408,speaker_count_3408_last,20,4,21,8,14,7,4
ex01_enunciated_00156,ex01::WHAT DID THE DEVIL DO NOW,emotion_3408,speaker_count_3408_last,40,5,21,10,14,7,5
ex01_enunciated_00156,ex01::WHAT DID THE DEVIL DO NOW,intent_3408_last,speaker_count_3408_last,0,3,26,6,19,7,3
ex01_enunciated_00156,ex01::WHAT DID THE DEVIL DO NOW,intent_3408_last,speaker_count_3408_last,20,6,26,12,19,7,6
ex01_enunciated_00156,ex01::WHAT DID THE DEVIL DO NOW,intent_3408_last,speaker_count_3408_last,40,6,26,12,19,7,6
ex01_enunciated_00163,ex01::OUT OF NOWHERE YOU GET BLINDSIDED,asr_3408,emotion_3408,0,10,50,20,34,16,10
ex01_enunciated_00163,ex01::OUT OF NOWHERE YOU GET BLINDSIDED,asr_3408,emotion_3408,20,15,50,30,34,16,15
ex01_enunciated_00163,ex01::OUT OF NOWHERE YOU GET BLINDSIDED,asr_3408,emotion_3408,40,16,50,32,34,16,16
ex01_enunciated_00163,ex01::OUT OF NOWHERE YOU GET BLINDSIDED,asr_3408,intent_3408_last,0,15,61,30,34,27,15
ex01_enunciated_00163,ex01::OUT OF NOWHERE YOU GET BLINDSIDED,asr_3408,intent_3408_last,20,26,61,52,34,27,26
ex01_enunciated_00163,ex01::OUT OF NOWHERE YOU GET BLINDSIDED,asr_3408,intent_3408_last,40,26,61,52,34,27,26
ex01_enunciated_00163,ex01::OUT OF NOWHERE YOU GET BLINDSIDED,asr_3408,speaker_count_3408_last,0,2,44,4,34,10,2
ex01_enunciated_00163,ex01::OUT OF NOWHERE YOU GET BLINDSIDED,asr_3408,speaker_count_3408_last,20,7,44,14,34,10,7
ex01_enunciated_00163,ex01::OUT OF NOWHERE YOU GET BLINDSIDED,asr_3408,speaker_count_3408_last,40,8,44,16,34,10,8
ex01_enunciated_00163,ex01::OUT OF NOWHERE YOU GET BLINDSIDED,emotion_3408,intent_3408_last,0,9,43,18,16,27,9
ex01_enunciated_00163,ex01::OUT OF NOWHERE YOU GET BLINDSIDED,emotion_3408,intent_3408_last,20,14,43,28,16,27,14
ex01_enunciated_00163,ex01::OUT OF NOWHERE YOU GET BLINDSIDED,emotion_3408,intent_3408_last,40,14,43,28,16,27,14
ex01_enunciated_00163,ex01::OUT OF NOWHERE YOU GET BLINDSIDED,emotion_3408,speaker_count_3408_last,0,2,26,4,16,10,2
ex01_enunciated_00163,ex01::OUT OF NOWHERE YOU GET BLINDSIDED,emotion_3408,speaker_count_3408_last,20,6,26,12,16,10,6
ex01_enunciated_00163,ex01::OUT OF NOWHERE YOU GET BLINDSIDED,emotion_3408,speaker_count_3408_last,40,7,26,14,16,10,7
ex01_enunciated_00163,ex01::OUT OF NOWHERE YOU GET BLINDSIDED,intent_3408_last,speaker_count_3408_last,0,5,37,10,27,10,5
ex01_enunciated_00163,ex01::OUT OF NOWHERE YOU GET BLINDSIDED,intent_3408_last,speaker_count_3408_last,20,7,37,14,27,10,7
ex01_enunciated_00163,ex01::OUT OF NOWHERE YOU GET BLINDSIDED,intent_3408_last,speaker_count_3408_last,40,8,37,16,27,10,8
ex01_enunciated_00168,ex01::YOU KNOW WHAT,asr_3408,emotion_3408,0,3,15,6,10,5,3
ex01_enunciated_00168,ex01::YOU KNOW WHAT,asr_3408,emotion_3408,20,5,15,10,10,5,5
ex01_enunciated_00168,ex01::YOU KNOW WHAT,asr_3408,emotion_3408,40,5,15,10,10,5,5
ex01_enunciated_00168,ex01::YOU KNOW WHAT,asr_3408,intent_3408_last,0,7,18,14,10,8,7
ex01_enunciated_00168,ex01::YOU KNOW WHAT,asr_3408,intent_3408_last,20,8,18,16,10,8,8
ex01_enunciated_00168,ex01::YOU KNOW WHAT,asr_3408,intent_3408_last,40,8,18,16,10,8,8
ex01_enunciated_00168,ex01::YOU KNOW WHAT,asr_3408,speaker_count_3408_last,0,1,13,2,10,3,1
ex01_enunciated_00168,ex01::YOU KNOW WHAT,asr_3408,speaker_count_3408_last,20,3,13,6,10,3,3
ex01_enunciated_00168,ex01::YOU KNOW WHAT,asr_3408,speaker_count_3408_last,40,3,13,6,10,3,3
ex01_enunciated_00168,ex01::YOU KNOW WHAT,emotion_3408,intent_3408_last,0,3,13,6,5,8,3
ex01_enunciated_00168,ex01::YOU KNOW WHAT,emotion_3408,intent_3408_last,20,5,13,10,5,8,5
ex01_enunciated_00168,ex01::YOU KNOW WHAT,emotion_3408,intent_3408_last,40,5,13,10,5,8,5
ex01_enunciated_00168,ex01::YOU KNOW WHAT,emotion_3408,speaker_count_3408_last,0,0,8,0,5,3,0
ex01_enunciated_00168,ex01::YOU KNOW WHAT,emotion_3408,speaker_count_3408_last,20,2,8,4,5,3,2
ex01_enunciated_00168,ex01::YOU KNOW WHAT,emotion_3408,speaker_count_3408_last,40,2,8,4,5,3,2
ex01_enunciated_00168,ex01::YOU KNOW WHAT,intent_3408_last,speaker_count_3408_last,0,1,11,2,8,3,1
ex01_enunciated_00168,ex01::YOU KNOW WHAT,intent_3408_last,speaker_count_3408_last,20,3,11,6,8,3,3
ex01_enunciated_00168,ex01::YOU KNOW WHAT,intent_3408_last,speaker_count_3408_last,40,3,11,6,8,3,3
ex01_enunciated_00255,ex01::MARIAN,asr_3408,emotion_3408,0,2,11,4,8,3,2
ex01_enunciated_00255,ex01::MARIAN,asr_3408,emotion_3408,20,3,11,6,8,3,3
ex01_enunciated_00255,ex01::MARIAN,asr_3408,emotion_3408,40,3,11,6,8,3,3
ex01_enunciated_00255,ex01::MARIAN,asr_3408,intent_3408_last,0,5,15,10,8,7,5
ex01_enunciated_00255,ex01::MARIAN,asr_3408,intent_3408_last,20,7,15,14,8,7,7
ex01_enunciated_00255,ex01::MARIAN,asr_3408,intent_3408_last,40,7,15,14,8,7,7
ex01_enunciated_00255,ex01::MARIAN,asr_3408,speaker_count_3408_last,0,0,10,0,8,2,0
ex01_enunciated_00255,ex01::MARIAN,asr_3408,speaker_count_3408_last,20,1,10,2,8,2,1
ex01_enunciated_00255,ex01::MARIAN,asr_3408,speaker_count_3408_last,40,1,10,2,8,2,1
ex01_enunciated_00255,ex01::MARIAN,emotion_3408,intent_3408_last,0,2,10,4,3,7,2
ex01_enunciated_00255,ex01::MARIAN,emotion_3408,intent_3408_last,20,3,10,6,3,7,3
ex01_enunciated_00255,ex01::MARIAN,emotion_3408,intent_3408_last,40,3,10,6,3,7,3
ex01_enunciated_00255,ex01::MARIAN,emotion_3408,speaker_count_3408_last,0,0,5,0,3,2,0
ex01_enunciated_00255,ex01::MARIAN,emotion_3408,speaker_count_3408_last,20,1,5,2,3,2,1
ex01_enunciated_00255,ex01::MARIAN,emotion_3408,speaker_count_3408_last,40,1,5,2,3,2,1
ex01_enunciated_00255,ex01::MARIAN,intent_3408_last,speaker_count_3408_last,0,0,9,0,7,2,0
ex01_enunciated_00255,ex01::MARIAN,intent_3408_last,speaker_count_3408_last,20,1,9,2,7,2,1
ex01_enunciated_00255,ex01::MARIAN,intent_3408_last,speaker_count_3408_last,40,1,9,2,7,2,1
ex01_enunciated_00264,ex01::FOR THE FRESH FACE CONTEST,asr_3408,emotion_3408,0,11,42,22,29,13,11
ex01_enunciated_00264,ex01::FOR THE FRESH FACE CONTEST,asr_3408,emotion_3408,20,13,42,26,29,13,13
ex01_enunciated_00264,ex01::FOR THE FRESH FACE CONTEST,asr_3408,emotion_3408,40,13,42,26,29,13,13
ex01_enunciated_00264,ex01::FOR THE FRESH FACE CONTEST,asr_3408,intent_3408_last,0,12,50,24,29,21,12
ex01_enunciated_00264,ex01::FOR THE FRESH FACE CONTEST,asr_3408,intent_3408_last,20,20,50,40,29,21,20
ex01_enunciated_00264,ex01::FOR THE FRESH FACE CONTEST,asr_3408,intent_3408_last,40,21,50,42,29,21,21
ex01_enunciated_00264,ex01::FOR THE FRESH FACE CONTEST,asr_3408,speaker_count_3408_last,0,3,38,6,29,9,3
ex01_enunciated_00264,ex01::FOR THE FRESH FACE CONTEST,asr_3408,speaker_count_3408_last,20,6,38,12,29,9,6
ex01_enunciated_00264,ex01::FOR THE FRESH FACE CONTEST,asr_3408,speaker_count_3408_last,40,6,38,12,29,9,6
ex01_enunciated_00264,ex01::FOR THE FRESH FACE CONTEST,emotion_3408,intent_3408_last,0,8,34,16,13,21,8
ex01_enunciated_00264,ex01::FOR THE FRESH FACE CONTEST,emotion_3408,intent_3408_last,20,13,34,26,13,21,13
ex01_enunciated_00264,ex01::FOR THE FRESH FACE CONTEST,emotion_3408,intent_3408_last,40,13,34,26,13,21,14
ex01_enunciated_00264,ex01::FOR THE FRESH FACE CONTEST,emotion_3408,speaker_count_3408_last,0,3,22,6,13,9,3
ex01_enunciated_00264,ex01::FOR THE FRESH FACE CONTEST,emotion_3408,speaker_count_3408_last,20,6,22,12,13,9,6
ex01_enunciated_00264,ex01::FOR THE FRESH FACE CONTEST,emotion_3408,speaker_count_3408_last,40,6,22,12,13,9,6
ex01_enunciated_00264,ex01::FOR THE FRESH FACE CONTEST,intent_3408_last,speaker_count_3408_last,0,4,30,8,21,9,4
ex01_enunciated_00264,ex01::FOR THE FRESH FACE CONTEST,intent_3408_last,speaker_count_3408_last,20,6,30,12,21,9,6
ex01_enunciated_00264,ex01::FOR THE FRESH FACE CONTEST,intent_3408_last,speaker_count_3408_last,40,6,30,12,21,9,6
ex01_enunciated_00279,ex01::AND DEPRIVE MYSELF OF THE PLEASURE OF WATCHING YOU SQUIRM,asr_3408,emotion_3408,0,19,90,38,57,33,19
ex01_enunciated_00279,ex01::AND DEPRIVE MYSELF OF THE PLEASURE OF WATCHING YOU SQUIRM,asr_3408,emotion_3408,20,31,90,62,57,33,31
ex01_enunciated_00279,ex01::AND DEPRIVE MYSELF OF THE PLEASURE OF WATCHING YOU SQUIRM,asr_3408,emotion_3408,40,32,90,64,57,33,32
ex01_enunciated_00279,ex01::AND DEPRIVE MYSELF OF THE PLEASURE OF WATCHING YOU SQUIRM,asr_3408,intent_3408_last,0,24,99,48,57,42,24
ex01_enunciated_00279,ex01::AND DEPRIVE MYSELF OF THE PLEASURE OF WATCHING YOU SQUIRM,asr_3408,intent_3408_last,20,41,99,82,57,42,41
ex01_enunciated_00279,ex01::AND DEPRIVE MYSELF OF THE PLEASURE OF WATCHING YOU SQUIRM,asr_3408,intent_3408_last,40,42,99,84,57,42,42
ex01_enunciated_00279,ex01::AND DEPRIVE MYSELF OF THE PLEASURE OF WATCHING YOU SQUIRM,asr_3408,speaker_count_3408_last,0,3,71,6,57,14,3
ex01_enunciated_00279,ex01::AND DEPRIVE MYSELF OF THE PLEASURE OF WATCHING YOU SQUIRM,asr_3408,speaker_count_3408_last,20,11,71,22,57,14,11
ex01_enunciated_00279,ex01::AND DEPRIVE MYSELF OF THE PLEASURE OF WATCHING YOU SQUIRM,asr_3408,speaker_count_3408_last,40,12,71,24,57,14,12
ex01_enunciated_00279,ex01::AND DEPRIVE MYSELF OF THE PLEASURE OF WATCHING YOU SQUIRM,emotion_3408,intent_3408_last,0,18,75,36,33,42,18
ex01_enunciated_00279,ex01::AND DEPRIVE MYSELF OF THE PLEASURE OF WATCHING YOU SQUIRM,emotion_3408,intent_3408_last,20,31,75,62,33,42,32
ex01_enunciated_00279,ex01::AND DEPRIVE MYSELF OF THE PLEASURE OF WATCHING YOU SQUIRM,emotion_3408,intent_3408_last,40,33,75,66,33,42,36
ex01_enunciated_00279,ex01::AND DEPRIVE MYSELF OF THE PLEASURE OF WATCHING YOU SQUIRM,emotion_3408,speaker_count_3408_last,0,0,47,0,33,14,0
ex01_enunciated_00279,ex01::AND DEPRIVE MYSELF OF THE PLEASURE OF WATCHING YOU SQUIRM,emotion_3408,speaker_count_3408_last,20,9,47,18,33,14,9
ex01_enunciated_00279,ex01::AND DEPRIVE MYSELF OF THE PLEASURE OF WATCHING YOU SQUIRM,emotion_3408,speaker_count_3408_last,40,9,47,18,33,14,9
ex01_enunciated_00279,ex01::AND DEPRIVE MYSELF OF THE PLEASURE OF WATCHING YOU SQUIRM,intent_3408_last,speaker_count_3408_last,0,3,56,6,42,14,3
ex01_enunciated_00279,ex01::AND DEPRIVE MYSELF OF THE PLEASURE OF WATCHING YOU SQUIRM,intent_3408_last,speaker_count_3408_last,20,11,56,22,42,14,11
ex01_enunciated_00279,ex01::AND DEPRIVE MYSELF OF THE PLEASURE OF WATCHING YOU SQUIRM,intent_3408_last,speaker_count_3408_last,40,11,56,22,42,14,11
ex01_enunciated_00284,ex01::WHERE'D MY POPS GO,asr_3408,emotion_3408,0,7,27,14,18,9,7
ex01_enunciated_00284,ex01::WHERE'D MY POPS GO,asr_3408,emotion_3408,20,8,27,16,18,9,8
ex01_enunciated_00284,ex01::WHERE'D MY POPS GO,asr_3408,emotion_3408,40,8,27,16,18,9,8
ex01_enunciated_00284,ex01::WHERE'D MY POPS GO,asr_3408,intent_3408_last,0,13,33,26,18,15,13
ex01_enunciated_00284,ex01::WHERE'D MY POPS GO,asr_3408,intent_3408_last,20,14,33,28,18,15,14
ex01_enunciated_00284,ex01::WHERE'D MY POPS GO,asr_3408,intent_3408_last,40,15,33,30,18,15,15
ex01_enunciated_00284,ex01::WHERE'D MY POPS GO,asr_3408,speaker_count_3408_last,0,3,23,6,18,5,3
ex01_enunciated_00284,ex01::WHERE'D MY POPS GO,asr_3408,speaker_count_3408_last,20,5,23,10,18,5,5
ex01_enunciated_00284,ex01::WHERE'D MY POPS GO,asr_3408,speaker_count_3408_last,40,5,23,10,18,5,5
ex01_enunciated_00284,ex01::WHERE'D MY POPS GO,emotion_3408,intent_3408_last,0,6,24,12,9,15,6
ex01_enunciated_00284,ex01::WHERE'D MY POPS GO,emotion_3408,intent_3408_last,20,9,24,18,9,15,9
ex01_enunciated_00284,ex01::WHERE'D MY POPS GO,emotion_3408,intent_3408_last,40,9,24,18,9,15,9
ex01_enunciated_00284,ex01::WHERE'D MY POPS GO,emotion_3408,speaker_count_3408_last,0,1,14,2,9,5,1
ex01_enunciated_00284,ex01::WHERE'D MY POPS GO,emotion_3408,speaker_count_3408_last,20,4,14,8,9,5,4
ex01_enunciated_00284,ex01::WHERE'D MY POPS GO,emotion_3408,speaker_count_3408_last,40,4,14,8,9,5,4
ex01_enunciated_00284,ex01::WHERE'D MY POPS GO,intent_3408_last,speaker_count_3408_last,0,3,20,6,15,5,3
ex01_enunciated_00284,ex01::WHERE'D MY POPS GO,intent_3408_last,speaker_count_3408_last,20,5,20,10,15,5,5
ex01_enunciated_00284,ex01::WHERE'D MY POPS GO,intent_3408_last,speaker_count_3408_last,40,5,20,10,15,5,5
ex01_enunciated_00299,ex01::ARE ANNA FARIS AND CHRIS PRATT SEPARATING,asr_3408,emotion_3408,0,16,76,32,48,28,16
ex01_enunciated_00299,ex01::ARE ANNA FARIS AND CHRIS PRATT SEPARATING,asr_3408,emotion_3408,20,26,76,52,48,28,26
ex01_enunciated_00299,ex01::ARE ANNA FARIS AND CHRIS PRATT SEPARATING,asr_3408,emotion_3408,40,28,76,56,48,28,28
ex01_enunciated_00299,ex01::ARE ANNA FARIS AND CHRIS PRATT SEPARATING,asr_3408,intent_3408_last,0,26,84,52,48,36,26
ex01_enunciated_00299,ex01::ARE ANNA FARIS AND CHRIS PRATT SEPARATING,asr_3408,intent_3408_last,20,34,84,68,48,36,34
ex01_enunciated_00299,ex01::ARE ANNA FARIS AND CHRIS PRATT SEPARATING,asr_3408,intent_3408_last,40,34,84,68,48,36,34
ex01_enunciated_00299,ex01::ARE ANNA FARIS AND CHRIS PRATT SEPARATING,asr_3408,speaker_count_3408_last,0,5,60,10,48,12,5
ex01_enunciated_00299,ex01::ARE ANNA FARIS AND CHRIS PRATT SEPARATING,asr_3408,speaker_count_3408_last,20,12,60,24,48,12,12
ex01_enunciated_00299,ex01::ARE ANNA FARIS AND CHRIS PRATT SEPARATING,asr_3408,speaker_count_3408_last,40,12,60,24,48,12,12
ex01_enunciated_00299,ex01::ARE ANNA FARIS AND CHRIS PRATT SEPARATING,emotion_3408,intent_3408_last,0,15,64,30,28,36,15
ex01_enunciated_00299,ex01::ARE ANNA FARIS AND CHRIS PRATT SEPARATING,emotion_3408,intent_3408_last,20,23,64,46,28,36,26
ex01_enunciated_00299,ex01::ARE ANNA FARIS AND CHRIS PRATT SEPARATING,emotion_3408,intent_3408_last,40,24,64,48,28,36,29
ex01_enunciated_00299,ex01::ARE ANNA FARIS AND CHRIS PRATT SEPARATING,emotion_3408,speaker_count_3408_last,0,4,40,8,28,12,4
ex01_enunciated_00299,ex01::ARE ANNA FARIS AND CHRIS PRATT SEPARATING,emotion_3408,speaker_count_3408_last,20,10,40,20,28,12,10
ex01_enunciated_00299,ex01::ARE ANNA FARIS AND CHRIS PRATT SEPARATING,emotion_3408,speaker_count_3408_last,40,10,40,20,28,12,10
ex01_enunciated_00299,ex01::ARE ANNA FARIS AND CHRIS PRATT SEPARATING,intent_3408_last,speaker_count_3408_last,0,6,48,12,36,12,6
ex01_enunciated_00299,ex01::ARE ANNA FARIS AND CHRIS PRATT SEPARATING,intent_3408_last,speaker_count_3408_last,20,12,48,24,36,12,12
ex01_enunciated_00299,ex01::ARE ANNA FARIS AND CHRIS PRATT SEPARATING,intent_3408_last,speaker_count_3408_last,40,12,48,24,36,12,12
ex01_enunciated_00301,ex01::OKAY IS THAT IS THAT GLOVER,asr_3408,emotion_3408,0,8,43,16,31,12,8
ex01_enunciated_00301,ex01::OKAY IS THAT IS THAT GLOVER,asr_3408,emotion_3408,20,10,43,20,31,12,10
ex01_enunciated_00301,ex01::OKAY IS THAT IS THAT GLOVER,asr_3408,emotion_3408,40,12,43,24,31,12,12
ex01_enunciated_00301,ex01::OKAY IS THAT IS THAT GLOVER,asr_3408,intent_3408_last,0,13,52,26,31,21,13
ex01_enunciated_00301,ex01::OKAY IS THAT IS THAT GLOVER,asr_3408,intent_3408_last,20,21,52,42,31,21,21
ex01_enunciated_00301,ex01::OKAY IS THAT IS THAT GLOVER,asr_3408,intent_3408_last,40,21,52,42,31,21,21
ex01_enunciated_00301,ex01::OKAY IS THAT IS THAT GLOVER,asr_3408,speaker_count_3408_last,0,4,40,8,31,9,4
ex01_enunciated_00301,ex01::OKAY IS THAT IS THAT GLOVER,asr_3408,speaker_count_3408_last,20,8,40,16,31,9,8
ex01_enunciated_00301,ex01::OKAY IS THAT IS THAT GLOVER,asr_3408,speaker_count_3408_last,40,8,40,16,31,9,8
ex01_enunciated_00301,ex01::OKAY IS THAT IS THAT GLOVER,emotion_3408,intent_3408_last,0,9,33,18,12,21,9
ex01_enunciated_00301,ex01::OKAY IS THAT IS THAT GLOVER,emotion_3408,intent_3408_last,20,12,33,24,12,21,12
ex01_enunciated_00301,ex01::OKAY IS THAT IS THAT GLOVER,emotion_3408,intent_3408_last,40,12,33,24,12,21,13
ex01_enunciated_00301,ex01::OKAY IS THAT IS THAT GLOVER,emotion_3408,speaker_count_3408_last,0,1,21,2,12,9,1
ex01_enunciated_00301,ex01::OKAY IS THAT IS THAT GLOVER,emotion_3408,speaker_count_3408_last,20,5,21,10,12,9,5
ex01_enunciated_00301,ex01::OKAY IS THAT IS THAT GLOVER,emotion_3408,speaker_count_3408_last,40,6,21,12,12,9,6
ex01_enunciated_00301,ex01::OKAY IS THAT IS THAT GLOVER,intent_3408_last,speaker_count_3408_last,0,2,30,4,21,9,2
ex01_enunciated_00301,ex01::OKAY IS THAT IS THAT GLOVER,intent_3408_last,speaker_count_3408_last,20,7,30,14,21,9,7
ex01_enunciated_00301,ex01::OKAY IS THAT IS THAT GLOVER,intent_3408_last,speaker_count_3408_last,40,7,30,14,21,9,7
ex01_enunciated_00319,ex01::THEN THERE'S MIRACLE OF THIRTY FOURTH STREET BUT ONLY WATCH THE ORIGINAL,asr_3408,emotion_3408,0,22,108,44,68,40,22
ex01_enunciated_00319,ex01::THEN THERE'S MIRACLE OF THIRTY FOURTH STREET BUT ONLY WATCH THE ORIGINAL,asr_3408,emotion_3408,20,39,108,78,68,40,39
ex01_enunciated_00319,ex01::THEN THERE'S MIRACLE OF THIRTY FOURTH STREET BUT ONLY WATCH THE ORIGINAL,asr_3408,emotion_3408,40,40,108,80,68,40,40
ex01_enunciated_00319,ex01::THEN THERE'S MIRACLE OF THIRTY FOURTH STREET BUT ONLY WATCH THE ORIGINAL,asr_3408,intent_3408_last,0,31,117,62,68,49,31
ex01_enunciated_00319,ex01::THEN THERE'S MIRACLE OF THIRTY FOURTH STREET BUT ONLY WATCH THE ORIGINAL,asr_3408,intent_3408_last,20,49,117,98,68,49,49
ex01_enunciated_00319,ex01::THEN THERE'S MIRACLE OF THIRTY FOURTH STREET BUT ONLY WATCH THE ORIGINAL,asr_3408,intent_3408_last,40,49,117,98,68,49,49
ex01_enunciated_00319,ex01::THEN THERE'S MIRACLE OF THIRTY FOURTH STREET BUT ONLY WATCH THE ORIGINAL,asr_3408,speaker_count_3408_last,0,5,86,10,68,18,5
ex01_enunciated_00319,ex01::THEN THERE'S MIRACLE OF THIRTY FOURTH STREET BUT ONLY WATCH THE ORIGINAL,asr_3408,speaker_count_3408_last,20,17,86,34,68,18,17
ex01_enunciated_00319,ex01::THEN THERE'S MIRACLE OF THIRTY FOURTH STREET BUT ONLY WATCH THE ORIGINAL,asr_3408,speaker_count_3408_last,40,17,86,34,68,18,17
ex01_enunciated_00319,ex01::THEN THERE'S MIRACLE OF THIRTY FOURTH STREET BUT ONLY WATCH THE ORIGINAL,emotion_3408,intent_3408_last,0,26,89,52,40,49,26
ex01_enunciated_00319,ex01::THEN THERE'S MIRACLE OF THIRTY FOURTH STREET BUT ONLY WATCH THE ORIGINAL,emotion_3408,intent_3408_last,20,37,89,74,40,49,37
ex01_enunciated_00319,ex01::THEN THERE'S MIRACLE OF THIRTY FOURTH STREET BUT ONLY WATCH THE ORIGINAL,emotion_3408,intent_3408_last,40,39,89,78,40,49,41
ex01_enunciated_00319,ex01::THEN THERE'S MIRACLE OF THIRTY FOURTH STREET BUT ONLY WATCH THE ORIGINAL,emotion_3408,speaker_count_3408_last,0,6,58,12,40,18,6
ex01_enunciated_00319,ex01::THEN THERE'S MIRACLE OF THIRTY FOURTH STREET BUT ONLY WATCH THE ORIGINAL,emotion_3408,speaker_count_3408_last,20,16,58,32,40,18,16
ex01_enunciated_00319,ex01::THEN THERE'S MIRACLE OF THIRTY FOURTH STREET BUT ONLY WATCH THE ORIGINAL,emotion_3408,speaker_count_3408_last,40,16,58,32,40,18,16
ex01_enunciated_00319,ex01::THEN THERE'S MIRACLE OF THIRTY FOURTH STREET BUT ONLY WATCH THE ORIGINAL,intent_3408_last,speaker_count_3408_last,0,7,67,14,49,18,7
ex01_enunciated_00319,ex01::THEN THERE'S MIRACLE OF THIRTY FOURTH STREET BUT ONLY WATCH THE ORIGINAL,intent_3408_last,speaker_count_3408_last,20,17,67,34,49,18,17
ex01_enunciated_00319,ex01::THEN THERE'S MIRACLE OF THIRTY FOURTH STREET BUT ONLY WATCH THE ORIGINAL,intent_3408_last,speaker_count_3408_last,40,17,67,34,49,18,17
ex01_enunciated_00328,ex01::ANTI AGING CREAMS CAN BRING ON BREAKOUTS,asr_3408,emotion_3408,0,11,66,22,45,21,11
ex01_enunciated_00328,ex01::ANTI AGING CREAMS CAN BRING ON BREAKOUTS,asr_3408,emotion_3408,20,19,66,38,45,21,19
ex01_enunciated_00328,ex01::ANTI AGING CREAMS CAN BRING ON BREAKOUTS,asr_3408,emotion_3408,40,20,66,40,45,21,20
ex01_enunciated_00328,ex01::ANTI AGING CREAMS CAN BRING ON BREAKOUTS,asr_3408,intent_3408_last,0,24,79,48,45,34,24
ex01_enunciated_00328,ex01::ANTI AGING CREAMS CAN BRING ON BREAKOUTS,asr_3408,intent_3408_last,20,33,79,66,45,34,33
ex01_enunciated_00328,ex01::ANTI AGING CREAMS CAN BRING ON BREAKOUTS,asr_3408,intent_3408_last,40,34,79,68,45,34,34
ex01_enunciated_00328,ex01::ANTI AGING CREAMS CAN BRING ON BREAKOUTS,asr_3408,speaker_count_3408_last,0,4,57,8,45,12,4
ex01_enunciated_00328,ex01::ANTI AGING CREAMS CAN BRING ON BREAKOUTS,asr_3408,speaker_count_3408_last,20,9,57,18,45,12,9
ex01_enunciated_00328,ex01::ANTI AGING CREAMS CAN BRING ON BREAKOUTS,asr_3408,speaker_count_3408_last,40,9,57,18,45,12,9
ex01_enunciated_00328,ex01::ANTI AGING CREAMS CAN BRING ON BREAKOUTS,emotion_3408,intent_3408_last,0,11,55,22,21,34,11
ex01_enunciated_00328,ex01::ANTI AGING CREAMS CAN BRING ON BREAKOUTS,emotion_3408,intent_3408_last,20,18,55,36,21,34,19
ex01_enunciated_00328,ex01::ANTI AGING CREAMS CAN BRING ON BREAKOUTS,emotion_3408,intent_3408_last,40,20,55,40,21,34,22
ex01_enunciated_00328,ex01::ANTI AGING CREAMS CAN BRING ON BREAKOUTS,emotion_3408,speaker_count_3408_last,0,2,33,4,21,12,2
ex01_enunciated_00328,ex01::ANTI AGING CREAMS CAN BRING ON BREAKOUTS,emotion_3408,speaker_count_3408_last,20,7,33,14,21,12,7
ex01_enunciated_00328,ex01::ANTI AGING CREAMS CAN BRING ON BREAKOUTS,emotion_3408,speaker_count_3408_last,40,8,33,16,21,12,8
ex01_enunciated_00328,ex01::ANTI AGING CREAMS CAN BRING ON BREAKOUTS,intent_3408_last,speaker_count_3408_last,0,3,46,6,34,12,3
ex01_enunciated_00328,ex01::ANTI AGING CREAMS CAN BRING ON BREAKOUTS,intent_3408_last,speaker_count_3408_last,20,8,46,16,34,12,8
ex01_enunciated_00328,ex01::ANTI AGING CREAMS CAN BRING ON BREAKOUTS,intent_3408_last,speaker_count_3408_last,40,8,46,16,34,12,8
ex01_enunciated_00333,ex01::WHAT ARE YOU NO GOOD AT,asr_3408,emotion_3408,0,8,35,16,24,11,8
ex01_enunciated_00333,ex01::WHAT ARE YOU NO GOOD AT,asr_3408,emotion_3408,20,8,35,16,24,11,8
ex01_enunciated_00333,ex01::WHAT ARE YOU NO GOOD AT,asr_3408,emotion_3408,40,10,35,20,24,11,10
ex01_enunciated_00333,ex01::WHAT ARE YOU NO GOOD AT,asr_3408,intent_3408_last,0,11,43,22,24,19,11
ex01_enunciated_00333,ex01::WHAT ARE YOU NO GOOD AT,asr_3408,intent_3408_last,20,18,43,36,24,19,18
ex01_enunciated_00333,ex01::WHAT ARE YOU NO GOOD AT,asr_3408,intent_3408_last,40,19,43,38,24,19,19
ex01_enunciated_00333,ex01::WHAT ARE YOU NO GOOD AT,asr_3408,speaker_count_3408_last,0,0,30,0,24,6,0
ex01_enunciated_00333,ex01::WHAT ARE YOU NO GOOD AT,asr_3408,speaker_count_3408_last,20,3,30,6,24,6,3
ex01_enunciated_00333,ex01::WHAT ARE YOU NO GOOD AT,asr_3408,speaker_count_3408_last,40,3,30,6,24,6,3
ex01_enunciated_00333,ex01::WHAT ARE YOU NO GOOD AT,emotion_3408,intent_3408_last,0,6,30,12,11,19,6
ex01_enunciated_00333,ex01::WHAT ARE YOU NO GOOD AT,emotion_3408,intent_3408_last,20,8,30,16,11,19,8
ex01_enunciated_00333,ex01::WHAT ARE YOU NO GOOD AT,emotion_3408,intent_3408_last,40,9,30,18,11,19,10
ex01_enunciated_00333,ex01::WHAT ARE YOU NO GOOD AT,emotion_3408,speaker_count_3408_last,0,0,17,0,11,6,0
ex01_enunciated_00333,ex01::WHAT ARE YOU NO GOOD AT,emotion_3408,speaker_count_3408_last,20,4,17,8,11,6,4
ex01_enunciated_00333,ex01::WHAT ARE YOU NO GOOD AT,emotion_3408,speaker_count_3408_last,40,4,17,8,11,6,4
ex01_enunciated_00333,ex01::WHAT ARE YOU NO GOOD AT,intent_3408_last,speaker_count_3408_last,0,1,25,2,19,6,1
ex01_enunciated_00333,ex01::WHAT ARE YOU NO GOOD AT,intent_3408_last,speaker_count_3408_last,20,3,25,6,19,6,3
ex01_enunciated_00333,ex01::WHAT ARE YOU NO GOOD AT,intent_3408_last,speaker_count_3408_last,40,3,25,6,19,6,3
ex01_enunciated_00370,ex01::AT LEAST I DO,asr_3408,emotion_3408,0,5,23,10,15,8,5
ex01_enunciated_00370,ex01::AT LEAST I DO,asr_3408,emotion_3408,20,6,23,12,15,8,6
ex01_enunciated_00370,ex01::AT LEAST I DO,asr_3408,emotion_3408,40,7,23,14,15,8,7
ex01_enunciated_00370,ex01::AT LEAST I DO,asr_3408,intent_3408_last,0,9,27,18,15,12,9
ex01_enunciated_00370,ex01::AT LEAST I DO,asr_3408,intent_3408_last,20,12,27,24,15,12,12
ex01_enunciated_00370,ex01::AT LEAST I DO,asr_3408,intent_3408_last,40,12,27,24,15,12,12
ex01_enunciated_00370,ex01::AT LEAST I DO,asr_3408,speaker_count_3408_last,0,2,20,4,15,5,2
ex01_enunciated_00370,ex01::AT LEAST I DO,asr_3408,speaker_count_3408_last,20,5,20,10,15,5,5
ex01_enunciated_00370,ex01::AT LEAST I DO,asr_3408,speaker_count_3408_last,40,5,20,10,15,5,5
ex01_enunciated_00370,ex01::AT LEAST I DO,emotion_3408,intent_3408_last,0,5,20,10,8,12,5
ex01_enunciated_00370,ex01::AT LEAST I DO,emotion_3408,intent_3408_last,20,7,20,14,8,12,7
ex01_enunciated_00370,ex01::AT LEAST I DO,emotion_3408,intent_3408_last,40,7,20,14,8,12,7
ex01_enunciated_00370,ex01::AT LEAST I DO,emotion_3408,speaker_count_3408_last,0,1,13,2,8,5,1
ex01_enunciated_00370,ex01::AT LEAST I DO,emotion_3408,speaker_count_3408_last,20,4,13,8,8,5,4
ex01_enunciated_00370,ex01::AT LEAST I DO,emotion_3408,speaker_count_3408_last,40,4,13,8,8,5,4
ex01_enunciated_00370,ex01::AT LEAST I DO,intent_3408_last,speaker_count_3408_last,0,2,17,4,12,5,2
ex01_enunciated_00370,ex01::AT LEAST I DO,intent_3408_last,speaker_count_3408_last,20,5,17,10,12,5,5
ex01_enunciated_00370,ex01::AT LEAST I DO,intent_3408_last,speaker_count_3408_last,40,5,17,10,12,5,5
ex01_happy_00028,ex01::HE WROTE GULLIVER'S TRAVEL,asr_3408,emotion_3408,0,10,36,20,24,12,10
ex01_happy_00028,ex01::HE WROTE GULLIVER'S TRAVEL,asr_3408,emotion_3408,20,12,36,24,24,12,12
ex01_happy_00028,ex01::HE WROTE GULLIVER'S TRAVEL,asr_3408,emotion_3408,40,12,36,24,24,12,12
ex01_happy_00028,ex01::HE WROTE GULLIVER'S TRAVEL,asr_3408,intent_3408_last,0,12,41,24,24,17,12
ex01_happy_00028,ex01::HE WROTE GULLIVER'S TRAVEL,asr_3408,intent_3408_last,20,17,41,34,24,17,17
ex01_happy_00028,ex01::HE WROTE GULLIVER'S TRAVEL,asr_3408,intent_3408_last,40,17,41,34,24,17,17
ex01_happy_00028,ex01::HE WROTE GULLIVER'S TRAVEL,asr_3408,speaker_count_3408_last,0,5,30,10,24,6,5
ex01_happy_00028,ex01::HE WROTE GULLIVER'S TRAVEL,asr_3408,speaker_count_3408_last,20,6,30,12,24,6,6
ex01_happy_00028,ex01::HE WROTE GULLIVER'S TRAVEL,asr_3408,speaker_count_3408_last,40,6,30,12,24,6,6
ex01_happy_00028,ex01::HE WROTE GULLIVER'S TRAVEL,emotion_3408,intent_3408_last,0,6,29,12,12,17,6
ex01_happy_00028,ex01::HE WROTE GULLIVER'S TRAVEL,emotion_3408,intent_3408_last,20,9,29,18,12,17,9
ex01_happy_00028,ex01::HE WROTE GULLIVER'S TRAVEL,emotion_3408,intent_3408_last,40,11,29,22,12,17,12
ex01_happy_00028,ex01::HE WROTE GULLIVER'S TRAVEL,emotion_3408,speaker_count_3408_last,0,5,18,10,12,6,5
ex01_happy_00028,ex01::HE WROTE GULLIVER'S TRAVEL,emotion_3408,speaker_count_3408_last,20,6,18,12,12,6,6
ex01_happy_00028,ex01::HE WROTE GULLIVER'S TRAVEL,emotion_3408,speaker_count_3408_last,40,6,18,12,12,6,6
ex01_happy_00028,ex01::HE WROTE GULLIVER'S TRAVEL,intent_3408_last,speaker_count_3408_last,0,4,23,8,17,6,4
ex01_happy_00028,ex01::HE WROTE GULLIVER'S TRAVEL,intent_3408_last,speaker_count_3408_last,20,6,23,12,17,6,6
ex01_happy_00028,ex01::HE WROTE GULLIVER'S TRAVEL,intent_3408_last,speaker_count_3408_last,40,6,23,12,17,6,6
ex01_happy_00146,ex01::LYNN'S WORKING ON SAGE'S LYRICS,asr_3408,emotion_3408,0,12,48,24,31,17,12
ex01_happy_00146,ex01::LYNN'S WORKING ON SAGE'S LYRICS,asr_3408,emotion_3408,20,17,48,34,31,17,17
ex01_happy_00146,ex01::LYNN'S WORKING ON SAGE'S LYRICS,asr_3408,emotion_3408,40,17,48,34,31,17,17
ex01_happy_00146,ex01::LYNN'S WORKING ON SAGE'S LYRICS,asr_3408,intent_3408_last,0,19,57,38,31,26,19
ex01_happy_00146,ex01::LYNN'S WORKING ON SAGE'S LYRICS,asr_3408,intent_3408_last,20,26,57,52,31,26,26
ex01_happy_00146,ex01::LYNN'S WORKING ON SAGE'S LYRICS,asr_3408,intent_3408_last,40,26,57,52,31,26,26
ex01_happy_00146,ex01::LYNN'S WORKING ON SAGE'S LYRICS,asr_3408,speaker_count_3408_last,0,3,38,6,31,7,3
ex01_happy_00146,ex01::LYNN'S WORKING ON SAGE'S LYRICS,asr_3408,speaker_count_3408_last,20,7,38,14,31,7,7
ex01_happy_00146,ex01::LYNN'S WORKING ON SAGE'S LYRICS,asr_3408,speaker_count_3408_last,40,7,38,14,31,7,7
ex01_happy_00146,ex01::LYNN'S WORKING ON SAGE'S LYRICS,emotion_3408,intent_3408_last,0,12,43,24,17,26,12
ex01_happy_00146,ex01::LYNN'S WORKING ON SAGE'S LYRICS,emotion_3408,intent_3408_last,20,15,43,30,17,26,17
ex01_happy_00146,ex01::LYNN'S WORKING ON SAGE'S LYRICS,emotion_3408,intent_3408_last,40,17,43,34,17,26,20
ex01_happy_00146,ex01::LYNN'S WORKING ON SAGE'S LYRICS,emotion_3408,speaker_count_3408_last,0,2,24,4,17,7,2
ex01_happy_00146,ex01::LYNN'S WORKING ON SAGE'S LYRICS,emotion_3408,speaker_count_3408_last,20,7,24,14,17,7,7
ex01_happy_00146,ex01::LYNN'S WORKING ON SAGE'S LYRICS,emotion_3408,speaker_count_3408_last,40,7,24,14,17,7,7
ex01_happy_00146,ex01::LYNN'S WORKING ON SAGE'S LYRICS,intent_3408_last,speaker_count_3408_last,0,2,33,4,26,7,2
ex01_happy_00146,ex01::LYNN'S WORKING ON SAGE'S LYRICS,intent_3408_last,speaker_count_3408_last,20,7,33,14,26,7,7
ex01_happy_00146,ex01::LYNN'S WORKING ON SAGE'S LYRICS,intent_3408_last,speaker_count_3408_last,40,7,33,14,26,7,7
ex01_happy_00156,ex01::WHAT DID THE DEVIL DO NOW,asr_3408,emotion_3408,0,10,37,20,24,13,10
ex01_happy_00156,ex01::WHAT DID THE DEVIL DO NOW,asr_3408,emotion_3408,20,12,37,24,24,13,12
ex01_happy_00156,ex01::WHAT DID THE DEVIL DO NOW,asr_3408,emotion_3408,40,13,37,26,24,13,13
ex01_happy_00156,ex01::WHAT DID THE DEVIL DO NOW,asr_3408,intent_3408_last,0,10,41,20,24,17,10
ex01_happy_00156,ex01::WHAT DID THE DEVIL DO NOW,asr_3408,intent_3408_last,20,15,41,30,24,17,15
ex01_happy_00156,ex01::WHAT DID THE DEVIL DO NOW,asr_3408,intent_3408_last,40,17,41,34,24,17,17
ex01_happy_00156,ex01::WHAT DID THE DEVIL DO NOW,asr_3408,speaker_count_3408_last,0,1,31,2,24,7,1
ex01_happy_00156,ex01::WHAT DID THE DEVIL DO NOW,asr_3408,speaker_count_3408_last,20,6,31,12,24,7,6
ex01_happy_00156,ex01::WHAT DID THE DEVIL DO NOW,asr_3408,speaker_count_3408_last,40,7,31,14,24,7,7
ex01_happy_00156,ex01::WHAT DID THE DEVIL DO NOW,emotion_3408,intent_3408_last,0,9,30,18,13,17,9
ex01_happy_00156,ex01::WHAT DID THE DEVIL DO NOW,emotion_3408,intent_3408_last,20,13,30,26,13,17,14
ex01_happy_00156,ex01::WHAT DID THE DEVIL DO NOW,emotion_3408,intent_3408_last,40,13,30,26,13,17,14
ex01_happy_00156,ex01::WHAT DID THE DEVIL DO NOW,emotion_3408,speaker_count_3408_last,0,2,20,4,13,7,2
ex01_happy_00156,ex01::WHAT DID THE DEVIL DO NOW,emotion_3408,speaker_count_3408_last,20,6,20,12,13,7,6
ex01_happy_00156,ex01::WHAT DID THE DEVIL DO NOW,emotion_3408,speaker_count_3408_last,40,6,20,12,13,7,6
ex01_happy_00156,ex01::WHAT DID THE DEVIL DO NOW,intent_3408_last,speaker_count_3408_last,0,3,24,6,17,7,3
ex01_happy_00156,ex01::WHAT DID THE DEVIL DO NOW,intent_3408_last,speaker_count_3408_last,20,7,24,14,17,7,7
ex01_happy_00156,ex01::WHAT DID THE DEVIL DO NOW,intent_3408_last,speaker_count_3408_last,40,7,24,14,17,7,7
ex01_happy_00163,ex01::OUT OF NOWHERE YOU GET BLINDSIDED,asr_3408,emotion_3408,0,9,42,18,29,13,9
ex01_happy_00163,ex01::OUT OF NOWHERE YOU GET BLINDSIDED,asr_3408,emotion_3408,20,13,42,26,29,13,13
ex01_happy_00163,ex01::OUT OF NOWHERE YOU GET BLINDSIDED,asr_3408,emotion_3408,40,13,42,26,29,13,13
ex01_happy_00163,ex01::OUT OF NOWHERE YOU GET BLINDSIDED,asr_3408,intent_3408_last,0,12,48,24,29,19,12
ex01_happy_00163,ex01::OUT OF NOWHERE YOU GET BLINDSIDED,asr_3408,intent_3408_last,20,19,48,38,29,19,19
ex01_happy_00163,ex01::OUT OF NOWHERE YOU GET BLINDSIDED,asr_3408,intent_3408_last,40,19,48,38,29,19,19
ex01_happy_00163,ex01::OUT OF NOWHERE YOU GET BLINDSIDED,asr_3408,speaker_count_3408_last,0,0,36,0,29,7,0
ex01_happy_00163,ex01::OUT OF NOWHERE YOU GET BLINDSIDED,asr_3408,speaker_count_3408_last,20,7,36,14,29,7,7
ex01_happy_00163,ex01::OUT OF NOWHERE YOU GET BLINDSIDED,asr_3408,speaker_count_3408_last,40,7,36,14,29,7,7
ex01_happy_00163,ex01::OUT OF NOWHERE YOU GET BLINDSIDED,emotion_3408,intent_3408_last,0,9,32,18,13,19,9
ex01_happy_00163,ex01::OUT OF NOWHERE YOU GET BLINDSIDED,emotion_3408,intent_3408_last,20,12,32,24,13,19,12
ex01_happy_00163,ex01::OUT OF NOWHERE YOU GET BLINDSIDED,emotion_3408,intent_3408_last,40,13,32,26,13,19,14
ex01_happy_00163,ex01::OUT OF NOWHERE YOU GET BLINDSIDED,emotion_3408,speaker_count_3408_last,0,0,20,0,13,7,0
ex01_happy_00163,ex01::OUT OF NOWHERE YOU GET BLINDSIDED,emotion_3408,speaker_count_3408_last,20,6,20,12,13,7,6
ex01_happy_00163,ex01::OUT OF NOWHERE YOU GET BLINDSIDED,emotion_3408,speaker_count_3408_last,40,6,20,12,13,7,6
ex01_happy_00163,ex01::OUT OF NOWHERE YOU GET BLINDSIDED,intent_3408_last,speaker_count_3408_last,0,0,26,0,19,7,0
ex01_happy_00163,ex01::OUT OF NOWHERE YOU GET BLINDSIDED,intent_3408_last,speaker_count_3408_last,20,6,26,12,19,7,6
ex01_happy_00163,ex01::OUT OF NOWHERE YOU GET BLINDSIDED,intent_3408_last,speaker_count_3408_last,40,6,26,12,19,7,6
ex01_happy_00168,ex01::YOU KNOW WHAT,asr_3408,emotion_3408,0,2,13,4,10,3,2
ex01_happy_00168,ex01::YOU KNOW WHAT,asr_3408,emotion_3408,20,3,13,6,10,3,3
ex01_happy_00168,ex01::YOU KNOW WHAT,asr_3408,emotion_3408,40,3,13,6,10,3,3
ex01_happy_00168,ex01::YOU KNOW WHAT,asr_3408,intent_3408_last,0,3,15,6,10,5,3
ex01_happy_00168,ex01::YOU KNOW WHAT,asr_3408,intent_3408_last,20,5,15,10,10,5,5
ex01_happy_00168,ex01::YOU KNOW WHAT,asr_3408,intent_3408_last,40,5,15,10,10,5,5
ex01_happy_00168,ex01::YOU KNOW WHAT,asr_3408,speaker_count_3408_last,0,2,13,4,10,3,2
ex01_happy_00168,ex01::YOU KNOW WHAT,asr_3408,speaker_count_3408_last,20,3,13,6,10,3,3
ex01_happy_00168,ex01::YOU KNOW WHAT,asr_3408,speaker_count_3408_last,40,3,13,6,10,3,3
ex01_happy_00168,ex01::YOU KNOW WHAT,emotion_3408,intent_3408_last,0,2,8,4,3,5,2
ex01_happy_00168,ex01::YOU KNOW WHAT,emotion_3408,intent_3408_last,20,3,8,6,3,5,3
ex01_happy_00168,ex01::YOU KNOW WHAT,emotion_3408,intent_3408_last,40,3,8,6,3,5,3
ex01_happy_00168,ex01::YOU KNOW WHAT,emotion_3408,speaker_count_3408_last,0,1,6,2,3,3,1
ex01_happy_00168,ex01::YOU KNOW WHAT,emotion_3408,speaker_count_3408_last,20,3,6,6,3,3,3
ex01_happy_00168,ex01::YOU KNOW WHAT,emotion_3408,speaker_count_3408_last,40,3,6,6,3,3,3
ex01_happy_00168,ex01::YOU KNOW WHAT,intent_3408_last,speaker_count_3408_last,0,1,8,2,5,3,1
ex01_happy_00168,ex01::YOU KNOW WHAT,intent_3408_last,speaker_count_3408_last,20,2,8,4,5,3,2
ex01_happy_00168,ex01::YOU KNOW WHAT,intent_3408_last,speaker_count_3408_last,40,3,8,6,5,3,3
ex01_happy_00255,ex01::MARIAN,asr_3408,emotion_3408,0,1,8,2,7,1,1
ex01_happy_00255,ex01::MARIAN,asr_3408,emotion_3408,20,1,8,2,7,1,1
ex01_happy_00255,ex01::MARIAN,asr_3408,emotion_3408,40,1,8,2,7,1,1
ex01_happy_00255,ex01::MARIAN,asr_3408,intent_3408_last,0,3,13,6,7,6,3
ex01_happy_00255,ex01::MARIAN,asr_3408,intent_3408_last,20,6,13,12,7,6,6
ex01_happy_00255,ex01::MARIAN,asr_3408,intent_3408_last,40,6,13,12,7,6,6
ex01_happy_00255,ex01::MARIAN,asr_3408,speaker_count_3408_last,0,0,7,0,7,0,0
ex01_happy_00255,ex01::MARIAN,asr_3408,speaker_count_3408_last,20,0,7,0,7,0,0
ex01_happy_00255,ex01::MARIAN,asr_3408,speaker_count_3408_last,40,0,7,0,7,0,0
ex01_happy_00255,ex01::MARIAN,emotion_3408,intent_3408_last,0,1,7,2,1,6,1
ex01_happy_00255,ex01::MARIAN,emotion_3408,intent_3408_last,20,1,7,2,1,6,1
ex01_happy_00255,ex01::MARIAN,emotion_3408,intent_3408_last,40,1,7,2,1,6,1
ex01_happy_00255,ex01::MARIAN,emotion_3408,speaker_count_3408_last,0,0,1,0,1,0,0
ex01_happy_00255,ex01::MARIAN,emotion_3408,speaker_count_3408_last,20,0,1,0,1,0,0
ex01_happy_00255,ex01::MARIAN,emotion_3408,speaker_count_3408_last,40,0,1,0,1,0,0
ex01_happy_00255,ex01::MARIAN,intent_3408_last,speaker_count_3408_last,0,0,6,0,6,0,0
ex01_happy_00255,ex01::MARIAN,intent_3408_last,speaker_count_3408_last,20,0,6,0,6,0,0
ex01_happy_00255,ex01::MARIAN,intent_3408_last,speaker_count_3408_last,40,0,6,0,6,0,0
ex01_happy_00264,ex01::FOR THE FRESH FACE CONTEST,asr_3408,emotion_3408,0,8,33,16,22,11,8
ex01_happy_00264,ex01::FOR THE FRESH FACE CONTEST,asr_3408,emotion_3408,20,10,33,20,22,11,10
ex01_happy_00264,ex01::FOR THE FRESH FACE CONTEST,asr_3408,emotion_3408,40,11,33,22,22,11,11
ex01_happy_00264,ex01::FOR THE FRESH FACE CONTEST,asr_3408,intent_3408_last,0,9,36,18,22,14,9
ex01_happy_00264,ex01::FOR THE FRESH FACE CONTEST,asr_3408,intent_3408_last,20,13,36,26,22,14,13
ex01_happy_00264,ex01::FOR THE FRESH FACE CONTEST,asr_3408,intent_3408_last,40,14,36,28,22,14,14
ex01_happy_00264,ex01::FOR THE FRESH FACE CONTEST,asr_3408,speaker_count_3408_last,0,4,28,8,22,6,4
ex01_happy_00264,ex01::FOR THE FRESH FACE CONTEST,asr_3408,speaker_count_3408_last,20,6,28,12,22,6,6
ex01_happy_00264,ex01::FOR THE FRESH FACE CONTEST,asr_3408,speaker_count_3408_last,40,6,28,12,22,6,6
ex01_happy_00264,ex01::FOR THE FRESH FACE CONTEST,emotion_3408,intent_3408_last,0,9,25,18,11,14,9
ex01_happy_00264,ex01::FOR THE FRESH FACE CONTEST,emotion_3408,intent_3408_last,20,11,25,22,11,14,11
ex01_happy_00264,ex01::FOR THE FRESH FACE CONTEST,emotion_3408,intent_3408_last,40,11,25,22,11,14,12
ex01_happy_00264,ex01::FOR THE FRESH FACE CONTEST,emotion_3408,speaker_count_3408_last,0,5,17,10,11,6,5
ex01_happy_00264,ex01::FOR THE FRESH FACE CONTEST,emotion_3408,speaker_count_3408_last,20,6,17,12,11,6,6
ex01_happy_00264,ex01::FOR THE FRESH FACE CONTEST,emotion_3408,speaker_count_3408_last,40,6,17,12,11,6,6
ex01_happy_00264,ex01::FOR THE FRESH FACE CONTEST,intent_3408_last,speaker_count_3408_last,0,6,20,12,14,6,6
ex01_happy_00264,ex01::FOR THE FRESH FACE CONTEST,intent_3408_last,speaker_count_3408_last,20,6,20,12,14,6,6
ex01_happy_00264,ex01::FOR THE FRESH FACE CONTEST,intent_3408_last,speaker_count_3408_last,40,6,20,12,14,6,6
ex01_happy_00279,ex01::AND DEPRIVE MYSELF OF THE PLEASURE OF WATCHING YOU SQUIRM,asr_3408,emotion_3408,0,18,71,36,45,26,18
ex01_happy_00279,ex01::AND DEPRIVE MYSELF OF THE PLEASURE OF WATCHING YOU SQUIRM,asr_3408,emotion_3408,20,25,71,50,45,26,25
ex01_happy_00279,ex01::AND DEPRIVE MYSELF OF THE PLEASURE OF WATCHING YOU SQUIRM,asr_3408,emotion_3408,40,26,71,52,45,26,26
ex01_happy_00279,ex01::AND DEPRIVE MYSELF OF THE PLEASURE OF WATCHING YOU SQUIRM,asr_3408,intent_3408_last,0,22,76,44,45,31,22
ex01_happy_00279,ex01::AND DEPRIVE MYSELF OF THE PLEASURE OF WATCHING YOU SQUIRM,asr_3408,intent_3408_last,20,30,76,60,45,31,30
ex01_happy_00279,ex01::AND DEPRIVE MYSELF OF THE PLEASURE OF WATCHING YOU SQUIRM,asr_3408,intent_3408_last,40,31,76,62,45,31,31
ex01_happy_00279,ex01::AND DEPRIVE MYSELF OF THE PLEASURE OF WATCHING YOU SQUIRM,asr_3408,speaker_count_3408_last,0,4,55,8,45,10,4
ex01_happy_00279,ex01::AND DEPRIVE MYSELF OF THE PLEASURE OF WATCHING YOU SQUIRM,asr_3408,speaker_count_3408_last,20,9,55,18,45,10,9
ex01_happy_00279,ex01::AND DEPRIVE MYSELF OF THE PLEASURE OF WATCHING YOU SQUIRM,asr_3408,speaker_count_3408_last,40,10,55,20,45,10,10
ex01_happy_00279,ex01::AND DEPRIVE MYSELF OF THE PLEASURE OF WATCHING YOU SQUIRM,emotion_3408,intent_3408_last,0,16,57,32,26,31,16
ex01_happy_00279,ex01::AND DEPRIVE MYSELF OF THE PLEASURE OF WATCHING YOU SQUIRM,emotion_3408,intent_3408_last,20,25,57,50,26,31,26
ex01_happy_00279,ex01::AND DEPRIVE MYSELF OF THE PLEASURE OF WATCHING YOU SQUIRM,emotion_3408,intent_3408_last,40,25,57,50,26,31,30
ex01_happy_00279,ex01::AND DEPRIVE MYSELF OF THE PLEASURE OF WATCHING YOU SQUIRM,emotion_3408,speaker_count_3408_last,0,4,36,8,26,10,4
ex01_happy_00279,ex01::AND DEPRIVE MYSELF OF THE PLEASURE OF WATCHING YOU SQUIRM,emotion_3408,speaker_count_3408_last,20,9,36,18,26,10,9
ex01_happy_00279,ex01::AND DEPRIVE MYSELF OF THE PLEASURE OF WATCHING YOU SQUIRM,emotion_3408,speaker_count_3408_last,40,10,36,20,26,10,10
ex01_happy_00279,ex01::AND DEPRIVE MYSELF OF THE PLEASURE OF WATCHING YOU SQUIRM,intent_3408_last,speaker_count_3408_last,0,4,41,8,31,10,4
ex01_happy_00279,ex01::AND DEPRIVE MYSELF OF THE PLEASURE OF WATCHING YOU SQUIRM,intent_3408_last,speaker_count_3408_last,20,10,41,20,31,10,10
ex01_happy_00279,ex01::AND DEPRIVE MYSELF OF THE PLEASURE OF WATCHING YOU SQUIRM,intent_3408_last,speaker_count_3408_last,40,10,41,20,31,10,10
ex01_happy_00284,ex01::WHERE'D MY POPS GO,asr_3408,emotion_3408,0,5,20,10,14,6,5
ex01_happy_00284,ex01::WHERE'D MY POPS GO,asr_3408,emotion_3408,20,6,20,12,14,6,6
ex01_happy_00284,ex01::WHERE'D MY POPS GO,asr_3408,emotion_3408,40,6,20,12,14,6,6
ex01_happy_00284,ex01::WHERE'D MY POPS GO,asr_3408,intent_3408_last,0,8,23,16,14,9,8
ex01_happy_00284,ex01::WHERE'D MY POPS GO,asr_3408,intent_3408_last,20,9,23,18,14,9,9
ex01_happy_00284,ex01::WHERE'D MY POPS GO,asr_3408,intent_3408_last,40,9,23,18,14,9,9
ex01_happy_00284,ex01::WHERE'D MY POPS GO,asr_3408,speaker_count_3408_last,0,2,18,4,14,4,2
ex01_happy_00284,ex01::WHERE'D MY POPS GO,asr_3408,speaker_count_3408_last,20,3,18,6,14,4,3
ex01_happy_00284,ex01::WHERE'D MY POPS GO,asr_3408,speaker_count_3408_last,40,3,18,6,14,4,3
ex01_happy_00284,ex01::WHERE'D MY POPS GO,emotion_3408,intent_3408_last,0,5,15,10,6,9,5
ex01_happy_00284,ex01::WHERE'D MY POPS GO,emotion_3408,intent_3408_last,20,5,15,10,6,9,5
ex01_happy_00284,ex01::WHERE'D MY POPS GO,emotion_3408,intent_3408_last,40,6,15,12,6,9,6
ex01_happy_00284,ex01::WHERE'D MY POPS GO,emotion_3408,speaker_count_3408_last,0,2,10,4,6,4,2
ex01_happy_00284,ex01::WHERE'D MY POPS GO,emotion_3408,speaker_count_3408_last,20,3,10,6,6,4,3
ex01_happy_00284,ex01::WHERE'D MY POPS GO,emotion_3408,speaker_count_3408_last,40,3,10,6,6,4,3
ex01_happy_00284,ex01::WHERE'D MY POPS GO,intent_3408_last,speaker_count_3408_last,0,2,13,4,9,4,2
ex01_happy_00284,ex01::WHERE'D MY POPS GO,intent_3408_last,speaker_count_3408_last,20,3,13,6,9,4,3
ex01_happy_00284,ex01::WHERE'D MY POPS GO,intent_3408_last,speaker_count_3408_last,40,3,13,6,9,4,3
ex01_happy_00299,ex01::ARE ANNA FARIS AND CHRIS PRATT SEPARATING,asr_3408,emotion_3408,0,9,51,18,35,16,9
ex01_happy_00299,ex01::ARE ANNA FARIS AND CHRIS PRATT SEPARATING,asr_3408,emotion_3408,20,15,51,30,35,16,15
ex01_happy_00299,ex01::ARE ANNA FARIS AND CHRIS PRATT SEPARATING,asr_3408,emotion_3408,40,16,51,32,35,16,16
ex01_happy_00299,ex01::ARE ANNA FARIS AND CHRIS PRATT SEPARATING,asr_3408,intent_3408_last,0,16,58,32,35,23,16
ex01_happy_00299,ex01::ARE ANNA FARIS AND CHRIS PRATT SEPARATING,asr_3408,intent_3408_last,20,23,58,46,35,23,23
ex01_happy_00299,ex01::ARE ANNA FARIS AND CHRIS PRATT SEPARATING,asr_3408,intent_3408_last,40,23,58,46,35,23,23
ex01_happy_00299,ex01::ARE ANNA FARIS AND CHRIS PRATT SEPARATING,asr_3408,speaker_count_3408_last,0,3,45,6,35,10,3
ex01_happy_00299,ex01::ARE ANNA FARIS AND CHRIS PRATT SEPARATING,asr_3408,speaker_count_3408_last,20,10,45,20,35,10,10
ex01_happy_00299,ex01::ARE ANNA FARIS AND CHRIS PRATT SEPARATING,asr_3408,speaker_count_3408_last,40,10,45,20,35,10,10
ex01_happy_00299,ex01::ARE ANNA FARIS AND CHRIS PRATT SEPARATING,emotion_3408,intent_3408_last,0,9,39,18,16,23,9
ex01_happy_00299,ex01::ARE ANNA FARIS AND CHRIS PRATT SEPARATING,emotion_3408,intent_3408_last,20,15,39,30,16,23,15
ex01_happy_00299,ex01::ARE ANNA FARIS AND CHRIS PRATT SEPARATING,emotion_3408,intent_3408_last,40,16,39,32,16,23,17
ex01_happy_00299,ex01::ARE ANNA FARIS AND CHRIS PRATT SEPARATING,emotion_3408,speaker_count_3408_last,0,0,26,0,16,10,0
ex01_happy_00299,ex01::ARE ANNA FARIS AND CHRIS PRATT SEPARATING,emotion_3408,speaker_count_3408_last,20,7,26,14,16,10,7
ex01_happy_00299,ex01::ARE ANNA FARIS AND CHRIS PRATT SEPARATING,emotion_3408,speaker_count_3408_last,40,7,26,14,16,10,7
ex01_happy_00299,ex01::ARE ANNA FARIS AND CHRIS PRATT SEPARATING,intent_3408_last,speaker_count_3408_last,0,4,33,8,23,10,4
ex01_happy_00299,ex01::ARE ANNA FARIS AND CHRIS PRATT SEPARATING,intent_3408_last,speaker_count_3408_last,20,10,33,20,23,10,10
ex01_happy_00299,ex01::ARE ANNA FARIS AND CHRIS PRATT SEPARATING,intent_3408_last,speaker_count_3408_last,40,10,33,20,23,10,10
ex01_happy_00301,ex01::OKAY IS THAT IS THAT GLOVER,asr_3408,emotion_3408,0,5,32,10,24,8,5
ex01_happy_00301,ex01::OKAY IS THAT IS THAT GLOVER,asr_3408,emotion_3408,20,8,32,16,24,8,8
ex01_happy_00301,ex01::OKAY IS THAT IS THAT GLOVER,asr_3408,emotion_3408,40,8,32,16,24,8,8
ex01_happy_00301,ex01::OKAY IS THAT IS THAT GLOVER,asr_3408,intent_3408_last,0,10,39,20,24,15,10
ex01_happy_00301,ex01::OKAY IS THAT IS THAT GLOVER,asr_3408,intent_3408_last,20,15,39,30,24,15,15
ex01_happy_00301,ex01::OKAY IS THAT IS THAT GLOVER,asr_3408,intent_3408_last,40,15,39,30,24,15,15
ex01_happy_00301,ex01::OKAY IS THAT IS THAT GLOVER,asr_3408,speaker_count_3408_last,0,3,29,6,24,5,3
ex01_happy_00301,ex01::OKAY IS THAT IS THAT GLOVER,asr_3408,speaker_count_3408_last,20,5,29,10,24,5,5
ex01_happy_00301,ex01::OKAY IS THAT IS THAT GLOVER,asr_3408,speaker_count_3408_last,40,5,29,10,24,5,5
ex01_happy_00301,ex01::OKAY IS THAT IS THAT GLOVER,emotion_3408,intent_3408_last,0,5,23,10,8,15,5
ex01_happy_00301,ex01::OKAY IS THAT IS THAT GLOVER,emotion_3408,intent_3408_last,20,8,23,16,8,15,8
ex01_happy_00301,ex01::OKAY IS THAT IS THAT GLOVER,emotion_3408,intent_3408_last,40,8,23,16,8,15,8
ex01_happy_00301,ex01::OKAY IS THAT IS THAT GLOVER,emotion_3408,speaker_count_3408_last,0,1,13,2,8,5,1
ex01_happy_00301,ex01::OKAY IS THAT IS THAT GLOVER,emotion_3408,speaker_count_3408_last,20,4,13,8,8,5,4
ex01_happy_00301,ex01::OKAY IS THAT IS THAT GLOVER,emotion_3408,speaker_count_3408_last,40,5,13,10,8,5,5
ex01_happy_00301,ex01::OKAY IS THAT IS THAT GLOVER,intent_3408_last,speaker_count_3408_last,0,2,20,4,15,5,2
ex01_happy_00301,ex01::OKAY IS THAT IS THAT GLOVER,intent_3408_last,speaker_count_3408_last,20,4,20,8,15,5,4
ex01_happy_00301,ex01::OKAY IS THAT IS THAT GLOVER,intent_3408_last,speaker_count_3408_last,40,5,20,10,15,5,5
ex01_happy_00319,ex01::THEN THERE'S MIRACLE OF THIRTY FOURTH STREET BUT ONLY WATCH THE ORIGINAL,asr_3408,emotion_3408,0,21,77,42,51,26,21
ex01_happy_00319,ex01::THEN THERE'S MIRACLE OF THIRTY FOURTH STREET BUT ONLY WATCH THE ORIGINAL,asr_3408,emotion_3408,20,26,77,52,51,26,26
ex01_happy_00319,ex01::THEN THERE'S MIRACLE OF THIRTY FOURTH STREET BUT ONLY WATCH THE ORIGINAL,asr_3408,emotion_3408,40,26,77,52,51,26,26
ex01_happy_00319,ex01::THEN THERE'S MIRACLE OF THIRTY FOURTH STREET BUT ONLY WATCH THE ORIGINAL,asr_3408,intent_3408_last,0,24,85,48,51,34,24
ex01_happy_00319,ex01::THEN THERE'S MIRACLE OF THIRTY FOURTH STREET BUT ONLY WATCH THE ORIGINAL,asr_3408,intent_3408_last,20,34,85,68,51,34,34
ex01_happy_00319,ex01::THEN THERE'S MIRACLE OF THIRTY FOURTH STREET BUT ONLY WATCH THE ORIGINAL,asr_3408,intent_3408_last,40,34,85,68,51,34,34
ex01_happy_00319,ex01::THEN THERE'S MIRACLE OF THIRTY FOURTH STREET BUT ONLY WATCH THE ORIGINAL,asr_3408,speaker_count_3408_last,0,7,68,14,51,17,7
ex01_happy_00319,ex01::THEN THERE'S MIRACLE OF THIRTY FOURTH STREET BUT ONLY WATCH THE ORIGINAL,asr_3408,speaker_count_3408_last,20,16,68,32,51,17,16
ex01_happy_00319,ex01::THEN THERE'S MIRACLE OF THIRTY FOURTH STREET BUT ONLY WATCH THE ORIGINAL,asr_3408,speaker_count_3408_last,40,17,68,34,51,17,17
ex01_happy_00319,ex01::THEN THERE'S MIRACLE OF THIRTY FOURTH STREET BUT ONLY WATCH THE ORIGINAL,emotion_3408,intent_3408_last,0,18,60,36,26,34,18
ex01_happy_00319,ex01::THEN THERE'S MIRACLE OF THIRTY FOURTH STREET BUT ONLY WATCH THE ORIGINAL,emotion_3408,intent_3408_last,20,25,60,50,26,34,25
ex01_happy_00319,ex01::THEN THERE'S MIRACLE OF THIRTY FOURTH STREET BUT ONLY WATCH THE ORIGINAL,emotion_3408,intent_3408_last,40,26,60,52,26,34,28
ex01_happy_00319,ex01::THEN THERE'S MIRACLE OF THIRTY FOURTH STREET BUT ONLY WATCH THE ORIGINAL,emotion_3408,speaker_count_3408_last,0,6,43,12,26,17,6
ex01_happy_00319,ex01::THEN THERE'S MIRACLE OF THIRTY FOURTH STREET BUT ONLY WATCH THE ORIGINAL,emotion_3408,speaker_count_3408_last,20,14,43,28,26,17,14
ex01_happy_00319,ex01::THEN THERE'S MIRACLE OF THIRTY FOURTH STREET BUT ONLY WATCH THE ORIGINAL,emotion_3408,speaker_count_3408_last,40,16,43,32,26,17,16
ex01_happy_00319,ex01::THEN THERE'S MIRACLE OF THIRTY FOURTH STREET BUT ONLY WATCH THE ORIGINAL,intent_3408_last,speaker_count_3408_last,0,8,51,16,34,17,8
ex01_happy_00319,ex01::THEN THERE'S MIRACLE OF THIRTY FOURTH STREET BUT ONLY WATCH THE ORIGINAL,intent_3408_last,speaker_count_3408_last,20,15,51,30,34,17,15
ex01_happy_00319,ex01::THEN THERE'S MIRACLE OF THIRTY FOURTH STREET BUT ONLY WATCH THE ORIGINAL,intent_3408_last,speaker_count_3408_last,40,16,51,32,34,17,16
ex01_happy_00328,ex01::ANTI AGING CREAMS CAN BRING ON BREAKOUTS,asr_3408,emotion_3408,0,11,48,22,32,16,11
ex01_happy_00328,ex01::ANTI AGING CREAMS CAN BRING ON BREAKOUTS,asr_3408,emotion_3408,20,16,48,32,32,16,16
ex01_happy_00328,ex01::ANTI AGING CREAMS CAN BRING ON BREAKOUTS,asr_3408,emotion_3408,40,16,48,32,32,16,16
ex01_happy_00328,ex01::ANTI AGING CREAMS CAN BRING ON BREAKOUTS,asr_3408,intent_3408_last,0,19,58,38,32,26,19
ex01_happy_00328,ex01::ANTI AGING CREAMS CAN BRING ON BREAKOUTS,asr_3408,intent_3408_last,20,25,58,50,32,26,25
ex01_happy_00328,ex01::ANTI AGING CREAMS CAN BRING ON BREAKOUTS,asr_3408,intent_3408_last,40,26,58,52,32,26,26
ex01_happy_00328,ex01::ANTI AGING CREAMS CAN BRING ON BREAKOUTS,asr_3408,speaker_count_3408_last,0,4,42,8,32,10,4
ex01_happy_00328,ex01::ANTI AGING CREAMS CAN BRING ON BREAKOUTS,asr_3408,speaker_count_3408_last,20,10,42,20,32,10,10
ex01_happy_00328,ex01::ANTI AGING CREAMS CAN BRING ON BREAKOUTS,asr_3408,speaker_count_3408_last,40,10,42,20,32,10,10
ex01_happy_00328,ex01::ANTI AGING CREAMS CAN BRING ON BREAKOUTS,emotion_3408,intent_3408_last,0,12,42,24,16,26,12
ex01_happy_00328,ex01::ANTI AGING CREAMS CAN BRING ON BREAKOUTS,emotion_3408,intent_3408_last,20,16,42,32,16,26,16
ex01_happy_00328,ex01::ANTI AGING CREAMS CAN BRING ON BREAKOUTS,emotion_3408,intent_3408_last,40,16,42,32,16,26,20
ex01_happy_00328,ex01::ANTI AGING CREAMS CAN BRING ON BREAKOUTS,emotion_3408,speaker_count_3408_last,0,4,26,8,16,10,4
ex01_happy_00328,ex01::ANTI AGING CREAMS CAN BRING ON BREAKOUTS,emotion_3408,speaker_count_3408_last,20,8,26,16,16,10,8
ex01_happy_00328,ex01::ANTI AGING CREAMS CAN BRING ON BREAKOUTS,emotion_3408,speaker_count_3408_last,40,9,26,18,16,10,9
ex01_happy_00328,ex01::ANTI AGING CREAMS CAN BRING ON BREAKOUTS,intent_3408_last,speaker_count_3408_last,0,4,36,8,26,10,4
ex01_happy_00328,ex01::ANTI AGING CREAMS CAN BRING ON BREAKOUTS,intent_3408_last,speaker_count_3408_last,20,9,36,18,26,10,9
ex01_happy_00328,ex01::ANTI AGING CREAMS CAN BRING ON BREAKOUTS,intent_3408_last,speaker_count_3408_last,40,10,36,20,26,10,10
ex01_happy_00333,ex01::WHAT ARE YOU NO GOOD AT,asr_3408,emotion_3408,0,4,23,8,17,6,4
ex01_happy_00333,ex01::WHAT ARE YOU NO GOOD AT,asr_3408,emotion_3408,20,6,23,12,17,6,6
ex01_happy_00333,ex01::WHAT ARE YOU NO GOOD AT,asr_3408,emotion_3408,40,6,23,12,17,6,6
ex01_happy_00333,ex01::WHAT ARE YOU NO GOOD AT,asr_3408,intent_3408_last,0,11,30,22,17,13,11
ex01_happy_00333,ex01::WHAT ARE YOU NO GOOD AT,asr_3408,intent_3408_last,20,13,30,26,17,13,13
ex01_happy_00333,ex01::WHAT ARE YOU NO GOOD AT,asr_3408,intent_3408_last,40,13,30,26,17,13,13
ex01_happy_00333,ex01::WHAT ARE YOU NO GOOD AT,asr_3408,speaker_count_3408_last,0,1,21,2,17,4,1
ex01_happy_00333,ex01::WHAT ARE YOU NO GOOD AT,asr_3408,speaker_count_3408_last,20,4,21,8,17,4,4
ex01_happy_00333,ex01::WHAT ARE YOU NO GOOD AT,asr_3408,speaker_count_3408_last,40,4,21,8,17,4,4
ex01_happy_00333,ex01::WHAT ARE YOU NO GOOD AT,emotion_3408,intent_3408_last,0,4,19,8,6,13,4
ex01_happy_00333,ex01::WHAT ARE YOU NO GOOD AT,emotion_3408,intent_3408_last,20,6,19,12,6,13,6
ex01_happy_00333,ex01::WHAT ARE YOU NO GOOD AT,emotion_3408,intent_3408_last,40,6,19,12,6,13,6
ex01_happy_00333,ex01::WHAT ARE YOU NO GOOD AT,emotion_3408,speaker_count_3408_last,0,1,10,2,6,4,1
ex01_happy_00333,ex01::WHAT ARE YOU NO GOOD AT,emotion_3408,speaker_count_3408_last,20,3,10,6,6,4,3
ex01_happy_00333,ex01::WHAT ARE YOU NO GOOD AT,emotion_3408,speaker_count_3408_last,40,4,10,8,6,4,4
ex01_happy_00333,ex01::WHAT ARE YOU NO GOOD AT,intent_3408_last,speaker_count_3408_last,0,1,17,2,13,4,1
ex01_happy_00333,ex01::WHAT ARE YOU NO GOOD AT,intent_3408_last,speaker_count_3408_last,20,3,17,6,13,4,3
ex01_happy_00333,ex01::WHAT ARE YOU NO GOOD AT,intent_3408_last,speaker_count_3408_last,40,4,17,8,13,4,4
ex01_happy_00370,ex01::AT LEAST I DO,asr_3408,emotion_3408,0,4,16,8,11,5,4
ex01_happy_00370,ex01::AT LEAST I DO,asr_3408,emotion_3408,20,4,16,8,11,5,4
ex01_happy_00370,ex01::AT LEAST I DO,asr_3408,emotion_3408,40,5,16,10,11,5,5
ex01_happy_00370,ex01::AT LEAST I DO,asr_3408,intent_3408_last,0,6,18,12,11,7,6
ex01_happy_00370,ex01::AT LEAST I DO,asr_3408,intent_3408_last,20,6,18,12,11,7,6
ex01_happy_00370,ex01::AT LEAST I DO,asr_3408,intent_3408_last,40,7,18,14,11,7,7
ex01_happy_00370,ex01::AT LEAST I DO,asr_3408,speaker_count_3408_last,0,2,14,4,11,3,2
ex01_happy_00370,ex01::AT LEAST I DO,asr_3408,speaker_count_3408_last,20,2,14,4,11,3,2
ex01_happy_00370,ex01::AT LEAST I DO,asr_3408,speaker_count_3408_last,40,2,14,4,11,3,2
ex01_happy_00370,ex01::AT LEAST I DO,emotion_3408,intent_3408_last,0,5,12,10,5,7,5
ex01_happy_00370,ex01::AT LEAST I DO,emotion_3408,intent_3408_last,20,5,12,10,5,7,5
ex01_happy_00370,ex01::AT LEAST I DO,emotion_3408,intent_3408_last,40,5,12,10,5,7,5
ex01_happy_00370,ex01::AT LEAST I DO,emotion_3408,speaker_count_3408_last,0,2,8,4,5,3,2
ex01_happy_00370,ex01::AT LEAST I DO,emotion_3408,speaker_count_3408_last,20,2,8,4,5,3,2
ex01_happy_00370,ex01::AT LEAST I DO,emotion_3408,speaker_count_3408_last,40,2,8,4,5,3,2
ex01_happy_00370,ex01::AT LEAST I DO,intent_3408_last,speaker_count_3408_last,0,2,10,4,7,3,2
ex01_happy_00370,ex01::AT LEAST I DO,intent_3408_last,speaker_count_3408_last,20,2,10,4,7,3,2
ex01_happy_00370,ex01::AT LEAST I DO,intent_3408_last,speaker_count_3408_last,40,2,10,4,7,3,2
ex01_laughing_00028,ex01::HE WROTE GULLIVER'S TRAVEL,asr_3408,emotion_3408,0,10,47,20,30,17,10
ex01_laughing_00028,ex01::HE WROTE GULLIVER'S TRAVEL,asr_3408,emotion_3408,20,17,47,34,30,17,17
ex01_laughing_00028,ex01::HE WROTE GULLIVER'S TRAVEL,asr_3408,emotion_3408,40,17,47,34,30,17,17
ex01_laughing_00028,ex01::HE WROTE GULLIVER'S TRAVEL,asr_3408,intent_3408_last,0,11,50,22,30,20,11
ex01_laughing_00028,ex01::HE WROTE GULLIVER'S TRAVEL,asr_3408,intent_3408_last,20,19,50,38,30,20,19
ex01_laughing_00028,ex01::HE WROTE GULLIVER'S TRAVEL,asr_3408,intent_3408_last,40,20,50,40,30,20,20
ex01_laughing_00028,ex01::HE WROTE GULLIVER'S TRAVEL,asr_3408,speaker_count_3408_last,0,4,37,8,30,7,4
ex01_laughing_00028,ex01::HE WROTE GULLIVER'S TRAVEL,asr_3408,speaker_count_3408_last,20,7,37,14,30,7,7
ex01_laughing_00028,ex01::HE WROTE GULLIVER'S TRAVEL,asr_3408,speaker_count_3408_last,40,7,37,14,30,7,7
ex01_laughing_00028,ex01::HE WROTE GULLIVER'S TRAVEL,emotion_3408,intent_3408_last,0,8,37,16,17,20,8
ex01_laughing_00028,ex01::HE WROTE GULLIVER'S TRAVEL,emotion_3408,intent_3408_last,20,13,37,26,17,20,13
ex01_laughing_00028,ex01::HE WROTE GULLIVER'S TRAVEL,emotion_3408,intent_3408_last,40,15,37,30,17,20,16
ex01_laughing_00028,ex01::HE WROTE GULLIVER'S TRAVEL,emotion_3408,speaker_count_3408_last,0,3,24,6,17,7,3
ex01_laughing_00028,ex01::HE WROTE GULLIVER'S TRAVEL,emotion_3408,speaker_count_3408_last,20,6,24,12,17,7,6
ex01_laughing_00028,ex01::HE WROTE GULLIVER'S TRAVEL,emotion_3408,speaker_count_3408_last,40,6,24,12,17,7,6
ex01_laughing_00028,ex01::HE WROTE GULLIVER'S TRAVEL,intent_3408_last,speaker_count_3408_last,0,4,27,8,20,7,4
ex01_laughing_00028,ex01::HE WROTE GULLIVER'S TRAVEL,intent_3408_last,speaker_count_3408_last,20,5,27,10,20,7,5
ex01_laughing_00028,ex01::HE WROTE GULLIVER'S TRAVEL,intent_3408_last,speaker_count_3408_last,40,6,27,12,20,7,6
ex01_laughing_00146,ex01::LYNN'S WORKING ON SAGE'S LYRICS,asr_3408,emotion_3408,0,10,49,20,31,18,10
ex01_laughing_00146,ex01::LYNN'S WORKING ON SAGE'S LYRICS,asr_3408,emotion_3408,20,16,49,32,31,18,16
ex01_laughing_00146,ex01::LYNN'S WORKING ON SAGE'S LYRICS,asr_3408,emotion_3408,40,18,49,36,31,18,18
ex01_laughing_00146,ex01::LYNN'S WORKING ON SAGE'S LYRICS,asr_3408,intent_3408_last,0,15,56,30,31,25,15
ex01_laughing_00146,ex01::LYNN'S WORKING ON SAGE'S LYRICS,asr_3408,intent_3408_last,20,25,56,50,31,25,25
ex01_laughing_00146,ex01::LYNN'S WORKING ON SAGE'S LYRICS,asr_3408,intent_3408_last,40,25,56,50,31,25,25
ex01_laughing_00146,ex01::LYNN'S WORKING ON SAGE'S LYRICS,asr_3408,speaker_count_3408_last,0,3,39,6,31,8,3
ex01_laughing_00146,ex01::LYNN'S WORKING ON SAGE'S LYRICS,asr_3408,speaker_count_3408_last,20,7,39,14,31,8,7
ex01_laughing_00146,ex01::LYNN'S WORKING ON SAGE'S LYRICS,asr_3408,speaker_count_3408_last,40,8,39,16,31,8,8
ex01_laughing_00146,ex01::LYNN'S WORKING ON SAGE'S LYRICS,emotion_3408,intent_3408_last,0,11,43,22,18,25,11
ex01_laughing_00146,ex01::LYNN'S WORKING ON SAGE'S LYRICS,emotion_3408,intent_3408_last,20,16,43,32,18,25,17
ex01_laughing_00146,ex01::LYNN'S WORKING ON SAGE'S LYRICS,emotion_3408,intent_3408_last,40,17,43,34,18,25,20
ex01_laughing_00146,ex01::LYNN'S WORKING ON SAGE'S LYRICS,emotion_3408,speaker_count_3408_last,0,3,26,6,18,8,3
ex01_laughing_00146,ex01::LYNN'S WORKING ON SAGE'S LYRICS,emotion_3408,speaker_count_3408_last,20,7,26,14,18,8,7
ex01_laughing_00146,ex01::LYNN'S WORKING ON SAGE'S LYRICS,emotion_3408,speaker_count_3408_last,40,8,26,16,18,8,8
ex01_laughing_00146,ex01::LYNN'S WORKING ON SAGE'S LYRICS,intent_3408_last,speaker_count_3408_last,0,3,33,6,25,8,3
ex01_laughing_00146,ex01::LYNN'S WORKING ON SAGE'S LYRICS,intent_3408_last,speaker_count_3408_last,20,6,33,12,25,8,6
ex01_laughing_00146,ex01::LYNN'S WORKING ON SAGE'S LYRICS,intent_3408_last,speaker_count_3408_last,40,7,33,14,25,8,7
ex01_laughing_00156,ex01::WHAT DID THE DEVIL DO NOW,asr_3408,emotion_3408,0,9,32,18,21,11,9
ex01_laughing_00156,ex01::WHAT DID THE DEVIL DO NOW,asr_3408,emotion_3408,20,11,32,22,21,11,11
ex01_laughing_00156,ex01::WHAT DID THE DEVIL DO NOW,asr_3408,emotion_3408,40,11,32,22,21,11,11
ex01_laughing_00156,ex01::WHAT DID THE DEVIL DO NOW,asr_3408,intent_3408_last,0,14,36,28,21,15,14
ex01_laughing_00156,ex01::WHAT DID THE DEVIL DO NOW,asr_3408,intent_3408_last,20,15,36,30,21,15,15
ex01_laughing_00156,ex01::WHAT DID THE DEVIL DO NOW,asr_3408,intent_3408_last,40,15,36,30,21,15,15
ex01_laughing_00156,ex01::WHAT DID THE DEVIL DO NOW,asr_3408,speaker_count_3408_last,0,3,28,6,21,7,3
ex01_laughing_00156,ex01::WHAT DID THE DEVIL DO NOW,asr_3408,speaker_count_3408_last,20,6,28,12,21,7,6
ex01_laughing_00156,ex01::WHAT DID THE DEVIL DO NOW,asr_3408,speaker_count_3408_last,40,6,28,12,21,7,6
ex01_laughing_00156,ex01::WHAT DID THE DEVIL DO NOW,emotion_3408,intent_3408_last,0,9,26,18,11,15,9
ex01_laughing_00156,ex01::WHAT DID THE DEVIL DO NOW,emotion_3408,intent_3408_last,20,11,26,22,11,15,11
ex01_laughing_00156,ex01::WHAT DID THE DEVIL DO NOW,emotion_3408,intent_3408_last,40,11,26,22,11,15,12
ex01_laughing_00156,ex01::WHAT DID THE DEVIL DO NOW,emotion_3408,speaker_count_3408_last,0,3,18,6,11,7,3
ex01_laughing_00156,ex01::WHAT DID THE DEVIL DO NOW,emotion_3408,speaker_count_3408_last,20,5,18,10,11,7,5
ex01_laughing_00156,ex01::WHAT DID THE DEVIL DO NOW,emotion_3408,speaker_count_3408_last,40,6,18,12,11,7,6
ex01_laughing_00156,ex01::WHAT DID THE DEVIL DO NOW,intent_3408_last,speaker_count_3408_last,0,3,22,6,15,7,3
ex01_laughing_00156,ex01::WHAT DID THE DEVIL DO NOW,intent_3408_last,speaker_count_3408_last,20,6,22,12,15,7,6
ex01_laughing_00156,ex01::WHAT DID THE DEVIL DO NOW,intent_3408_last,speaker_count_3408_last,40,6,22,12,15,7,6
ex01_laughing_00163,ex01::OUT OF NOWHERE YOU GET BLINDSIDED,asr_3408,emotion_3408,0,7,42,14,31,11,7
ex01_laughing_00163,ex01::OUT OF NOWHERE YOU GET BLINDSIDED,asr_3408,emotion_3408,20,9,42,18,31,11,9
ex01_laughing_00163,ex01::OUT OF NOWHERE YOU GET BLINDSIDED,asr_3408,emotion_3408,40,11,42,22,31,11,11
ex01_laughing_00163,ex01::OUT OF NOWHERE YOU GET BLINDSIDED,asr_3408,intent_3408_last,0,11,49,22,31,18,11
ex01_laughing_00163,ex01::OUT OF NOWHERE YOU GET BLINDSIDED,asr_3408,intent_3408_last,20,18,49,36,31,18,18
ex01_laughing_00163,ex01::OUT OF NOWHERE YOU GET BLINDSIDED,asr_3408,intent_3408_last,40,18,49,36,31,18,18
ex01_laughing_00163,ex01::OUT OF NOWHERE YOU GET BLINDSIDED,asr_3408,speaker_count_3408_last,0,3,39,6,31,8,3
ex01_laughing_00163,ex01::OUT OF NOWHERE YOU GET BLINDSIDED,asr_3408,speaker_count_3408_last,20,7,39,14,31,8,7
ex01_laughing_00163,ex01::OUT OF NOWHERE YOU GET BLINDSIDED,asr_3408,speaker_count_3408_last,40,8,39,16,31,8,8
ex01_laughing_00163,ex01::OUT OF NOWHERE YOU GET BLINDSIDED,emotion_3408,intent_3408_last,0,6,29,12,11,18,6
ex01_laughing_00163,ex01::OUT OF NOWHERE YOU GET BLINDSIDED,emotion_3408,intent_3408_last,20,9,29,18,11,18,9
ex01_laughing_00163,ex01::OUT OF NOWHERE YOU GET BLINDSIDED,emotion_3408,intent_3408_last,40,10,29,20,11,18,12
ex01_laughing_00163,ex01::OUT OF NOWHERE YOU GET BLINDSIDED,emotion_3408,speaker_count_3408_last,0,2,19,4,11,8,2
ex01_laughing_00163,ex01::OUT OF NOWHERE YOU GET BLINDSIDED,emotion_3408,speaker_count_3408_last,20,5,19,10,11,8,5
ex01_laughing_00163,ex01::OUT OF NOWHERE YOU GET BLINDSIDED,emotion_3408,speaker_count_3408_last,40,5,19,10,11,8,5
ex01_laughing_00163,ex01::OUT OF NOWHERE YOU GET BLINDSIDED,intent_3408_last,speaker_count_3408_last,0,3,26,6,18,8,3
ex01_laughing_00163,ex01::OUT OF NOWHERE YOU GET BLINDSIDED,intent_3408_last,speaker_count_3408_last,20,6,26,12,18,8,6
ex01_laughing_00163,ex01::OUT OF NOWHERE YOU GET BLINDSIDED,intent_3408_last,speaker_count_3408_last,40,6,26,12,18,8,6
ex01_laughing_00168,ex01::YOU KNOW WHAT,asr_3408,emotion_3408,0,1,17,2,14,3,1
ex01_laughing_00168,ex01::YOU KNOW WHAT,asr_3408,emotion_3408,20,2,17,4,14,3,2
ex01_laughing_00168,ex01::YOU KNOW WHAT,asr_3408,emotion_3408,40,3,17,6,14,3,3
ex01_laughing_00168,ex01::YOU KNOW WHAT,asr_3408,intent_3408_last,0,5,22,10,14,8,5
ex01_laughing_00168,ex01::YOU KNOW WHAT,asr_3408,intent_3408_last,20,8,22,16,14,8,8
ex01_laughing_00168,ex01::YOU KNOW WHAT,asr_3408,intent_3408_last,40,8,22,16,14,8,8
ex01_laughing_00168,ex01::YOU KNOW WHAT,asr_3408,speaker_count_3408_last,0,0,17,0,14,3,0
ex01_laughing_00168,ex01::YOU KNOW WHAT,asr_3408,speaker_count_3408_last,20,3,17,6,14,3,3
ex01_laughing_00168,ex01::YOU KNOW WHAT,asr_3408,speaker_count_3408_last,40,3,17,6,14,3,3
ex01_laughing_00168,ex01::YOU KNOW WHAT,emotion_3408,intent_3408_last,0,0,11,0,3,8,0
ex01_laughing_00168,ex01::YOU KNOW WHAT,emotion_3408,intent_3408_last,20,1,11,2,3,8,1
ex01_laughing_00168,ex01::YOU KNOW WHAT,emotion_3408,intent_3408_last,40,3,11,6,3,8,3
ex01_laughing_00168,ex01::YOU KNOW WHAT,emotion_3408,speaker_count_3408_last,0,0,6,0,3,3,0
ex01_laughing_00168,ex01::YOU KNOW WHAT,emotion_3408,speaker_count_3408_last,20,1,6,2,3,3,1
ex01_laughing_00168,ex01::YOU KNOW WHAT,emotion_3408,speaker_count_3408_last,40,1,6,2,3,3,1
ex01_laughing_00168,ex01::YOU KNOW WHAT,intent_3408_last,speaker_count_3408_last,0,1,11,2,8,3,1
ex01_laughing_00168,ex01::YOU KNOW WHAT,intent_3408_last,speaker_count_3408_last,20,3,11,6,8,3,3
ex01_laughing_00168,ex01::YOU KNOW WHAT,intent_3408_last,speaker_count_3408_last,40,3,11,6,8,3,3
ex01_laughing_00255,ex01::MARIAN,asr_3408,emotion_3408,0,2,13,4,10,3,2
ex01_laughing_00255,ex01::MARIAN,asr_3408,emotion_3408,20,3,13,6,10,3,3
ex01_laughing_00255,ex01::MARIAN,asr_3408,emotion_3408,40,3,13,6,10,3,3
ex01_laughing_00255,ex01::MARIAN,asr_3408,intent_3408_last,0,5,17,10,10,7,5
ex01_laughing_00255,ex01::MARIAN,asr_3408,intent_3408_last,20,7,17,14,10,7,7
ex01_laughing_00255,ex01::MARIAN,asr_3408,intent_3408_last,40,7,17,14,10,7,7
ex01_laughing_00255,ex01::MARIAN,asr_3408,speaker_count_3408_last,0,1,13,2,10,3,1
ex01_laughing_00255,ex01::MARIAN,asr_3408,speaker_count_3408_last,20,2,13,4,10,3,2
ex01_laughing_00255,ex01::MARIAN,asr_3408,speaker_count_3408_last,40,3,13,6,10,3,3
ex01_laughing_00255,ex01::MARIAN,emotion_3408,intent_3408_last,0,3,10,6,3,7,3
ex01_laughing_00255,ex01::MARIAN,emotion_3408,intent_3408_last,20,3,10,6,3,7,3
ex01_laughing_00255,ex01::MARIAN,emotion_3408,intent_3408_last,40,3,10,6,3,7,4
ex01_laughing_00255,ex01::MARIAN,emotion_3408,speaker_count_3408_last,0,0,6,0,3,3,0
ex01_laughing_00255,ex01::MARIAN,emotion_3408,speaker_count_3408_last,20,0,6,0,3,3,0
ex01_laughing_00255,ex01::MARIAN,emotion_3408,speaker_count_3408_last,40,2,6,4,3,3,2
ex01_laughing_00255,ex01::MARIAN,intent_3408_last,speaker_count_3408_last,0,0,10,0,7,3,0
ex01_laughing_00255,ex01::MARIAN,intent_3408_last,speaker_count_3408_last,20,0,10,0,7,3,0
ex01_laughing_00255,ex01::MARIAN,intent_3408_last,speaker_count_3408_last,40,2,10,4,7,3,2
ex01_laughing_00264,ex01::FOR THE FRESH FACE CONTEST,asr_3408,emotion_3408,0,10,37,20,25,12,10
ex01_laughing_00264,ex01::FOR THE FRESH FACE CONTEST,asr_3408,emotion_3408,20,12,37,24,25,12,12
ex01_laughing_00264,ex01::FOR THE FRESH FACE CONTEST,asr_3408,emotion_3408,40,12,37,24,25,12,12
ex01_laughing_00264,ex01::FOR THE FRESH FACE CONTEST,asr_3408,intent_3408_last,0,10,40,20,25,15,10
ex01_laughing_00264,ex01::FOR THE FRESH FACE CONTEST,asr_3408,intent_3408_last,20,15,40,30,25,15,15
ex01_laughing_00264,ex01::FOR THE FRESH FACE CONTEST,asr_3408,intent_3408_last,40,15,40,30,25,15,15
ex01_laughing_00264,ex01::FOR THE FRESH FACE CONTEST,asr_3408,speaker_count_3408_last,0,2,31,4,25,6,2
ex01_laughing_00264,ex01::FOR THE FRESH FACE CONTEST,asr_3408,speaker_count_3408_last,20,5,31,10,25,6,5
ex01_laughing_00264,ex01::FOR THE FRESH FACE CONTEST,asr_3408,speaker_count_3408_last,40,5,31,10,25,6,5
ex01_laughing_00264,ex01::FOR THE FRESH FACE CONTEST,emotion_3408,intent_3408_last,0,5,27,10,12,15,5
ex01_laughing_00264,ex01::FOR THE FRESH FACE CONTEST,emotion_3408,intent_3408_last,20,10,27,20,12,15,10
ex01_laughing_00264,ex01::FOR THE FRESH FACE CONTEST,emotion_3408,intent_3408_last,40,12,27,24,12,15,13
ex01_laughing_00264,ex01::FOR THE FRESH FACE CONTEST,emotion_3408,speaker_count_3408_last,0,2,18,4,12,6,2
ex01_laughing_00264,ex01::FOR THE FRESH FACE CONTEST,emotion_3408,speaker_count_3408_last,20,5,18,10,12,6,5
ex01_laughing_00264,ex01::FOR THE FRESH FACE CONTEST,emotion_3408,speaker_count_3408_last,40,5,18,10,12,6,5
ex01_laughing_00264,ex01::FOR THE FRESH FACE CONTEST,intent_3408_last,speaker_count_3408_last,0,4,21,8,15,6,4
ex01_laughing_00264,ex01::FOR THE FRESH FACE CONTEST,intent_3408_last,speaker_count_3408_last,20,5,21,10,15,6,5
ex01_laughing_00264,ex01::FOR THE FRESH FACE CONTEST,intent_3408_last,speaker_count_3408_last,40,5,21,10,15,6,5
ex01_laughing_00279,ex01::AND DEPRIVE MYSELF OF THE PLEASURE OF WATCHING YOU SQUIRM,asr_3408,emotion_3408,0,14,78,28,56,22,14
ex01_laughing_00279,ex01::AND DEPRIVE MYSELF OF THE PLEASURE OF WATCHING YOU SQUIRM,asr_3408,emotion_3408,20,18,78,36,56,22,18
ex01_laughing_00279,ex01::AND DEPRIVE MYSELF OF THE PLEASURE OF WATCHING YOU SQUIRM,asr_3408,emotion_3408,40,22,78,44,56,22,22
ex01_laughing_00279,ex01::AND DEPRIVE MYSELF OF THE PLEASURE OF WATCHING YOU SQUIRM,asr_3408,intent_3408_last,0,24,92,48,56,36,24
ex01_laughing_00279,ex01::AND DEPRIVE MYSELF OF THE PLEASURE OF WATCHING YOU SQUIRM,asr_3408,intent_3408_last,20,35,92,70,56,36,35
ex01_laughing_00279,ex01::AND DEPRIVE MYSELF OF THE PLEASURE OF WATCHING YOU SQUIRM,asr_3408,intent_3408_last,40,36,92,72,56,36,36
ex01_laughing_00279,ex01::AND DEPRIVE MYSELF OF THE PLEASURE OF WATCHING YOU SQUIRM,asr_3408,speaker_count_3408_last,0,5,70,10,56,14,5
ex01_laughing_00279,ex01::AND DEPRIVE MYSELF OF THE PLEASURE OF WATCHING YOU SQUIRM,asr_3408,speaker_count_3408_last,20,14,70,28,56,14,14
ex01_laughing_00279,ex01::AND DEPRIVE MYSELF OF THE PLEASURE OF WATCHING YOU SQUIRM,asr_3408,speaker_count_3408_last,40,14,70,28,56,14,14
ex01_laughing_00279,ex01::AND DEPRIVE MYSELF OF THE PLEASURE OF WATCHING YOU SQUIRM,emotion_3408,intent_3408_last,0,11,58,22,22,36,11
ex01_laughing_00279,ex01::AND DEPRIVE MYSELF OF THE PLEASURE OF WATCHING YOU SQUIRM,emotion_3408,intent_3408_last,20,21,58,42,22,36,21
ex01_laughing_00279,ex01::AND DEPRIVE MYSELF OF THE PLEASURE OF WATCHING YOU SQUIRM,emotion_3408,intent_3408_last,40,21,58,42,22,36,21
ex01_laughing_00279,ex01::AND DEPRIVE MYSELF OF THE PLEASURE OF WATCHING YOU SQUIRM,emotion_3408,speaker_count_3408_last,0,4,36,8,22,14,4
ex01_laughing_00279,ex01::AND DEPRIVE MYSELF OF THE PLEASURE OF WATCHING YOU SQUIRM,emotion_3408,speaker_count_3408_last,20,10,36,20,22,14,10
ex01_laughing_00279,ex01::AND DEPRIVE MYSELF OF THE PLEASURE OF WATCHING YOU SQUIRM,emotion_3408,speaker_count_3408_last,40,10,36,20,22,14,10
ex01_laughing_00279,ex01::AND DEPRIVE MYSELF OF THE PLEASURE OF WATCHING YOU SQUIRM,intent_3408_last,speaker_count_3408_last,0,7,50,14,36,14,7
ex01_laughing_00279,ex01::AND DEPRIVE MYSELF OF THE PLEASURE OF WATCHING YOU SQUIRM,intent_3408_last,speaker_count_3408_last,20,13,50,26,36,14,13
ex01_laughing_00279,ex01::AND DEPRIVE MYSELF OF THE PLEASURE OF WATCHING YOU SQUIRM,intent_3408_last,speaker_count_3408_last,40,13,50,26,36,14,13
ex01_laughing_00284,ex01::WHERE'D MY POPS GO,asr_3408,emotion_3408,0,4,25,8,18,7,4
ex01_laughing_00284,ex01::WHERE'D MY POPS GO,asr_3408,emotion_3408,20,7,25,14,18,7,7
ex01_laughing_00284,ex01::WHERE'D MY POPS GO,asr_3408,emotion_3408,40,7,25,14,18,7,7
ex01_laughing_00284,ex01::WHERE'D MY POPS GO,asr_3408,intent_3408_last,0,7,29,14,18,11,7
ex01_laughing_00284,ex01::WHERE'D MY POPS GO,asr_3408,intent_3408_last,20,11,29,22,18,11,11
ex01_laughing_00284,ex01::WHERE'D MY POPS GO,asr_3408,intent_3408_last,40,11,29,22,18,11,11
ex01_laughing_00284,ex01::WHERE'D MY POPS GO,asr_3408,speaker_count_3408_last,0,4,23,8,18,5,4
ex01_laughing_00284,ex01::WHERE'D MY POPS GO,asr_3408,speaker_count_3408_last,20,5,23,10,18,5,5
ex01_laughing_00284,ex01::WHERE'D MY POPS GO,asr_3408,speaker_count_3408_last,40,5,23,10,18,5,5
ex01_laughing_00284,ex01::WHERE'D MY POPS GO,emotion_3408,intent_3408_last,0,5,18,10,7,11,5
ex01_laughing_00284,ex01::WHERE'D MY POPS GO,emotion_3408,intent_3408_last,20,7,18,14,7,11,7
ex01_laughing_00284,ex01::WHERE'D MY POPS GO,emotion_3408,intent_3408_last,40,7,18,14,7,11,8
ex01_laughing_00284,ex01::WHERE'D MY POPS GO,emotion_3408,speaker_count_3408_last,0,2,12,4,7,5,2
ex01_laughing_00284,ex01::WHERE'D MY POPS GO,emotion_3408,speaker_count_3408_last,20,5,12,10,7,5,5
ex01_laughing_00284,ex01::WHERE'D MY POPS GO,emotion_3408,speaker_count_3408_last,40,5,12,10,7,5,5
ex01_laughing_00284,ex01::WHERE'D MY POPS GO,intent_3408_last,speaker_count_3408_last,0,4,16,8,11,5,4
ex01_laughing_00284,ex01::WHERE'D MY POPS GO,intent_3408_last,speaker_count_3408_last,20,5,16,10,11,5,5
ex01_laughing_00284,ex01::WHERE'D MY POPS GO,intent_3408_last,speaker_count_3408_last,40,5,16,10,11,5,5
ex01_laughing_00299,ex01::ARE ANNA FARIS AND CHRIS PRATT SEPARATING,asr_3408,emotion_3408,0,8,61,16,42,19,8
ex01_laughing_00299,ex01::ARE ANNA FARIS AND CHRIS PRATT SEPARATING,asr_3408,emotion_3408,20,17,61,34,42,19,17
ex01_laughing_00299,ex01::ARE ANNA FARIS AND CHRIS PRATT SEPARATING,asr_3408,emotion_3408,40,19,61,38,42,19,19
ex01_laughing_00299,ex01::ARE ANNA FARIS AND CHRIS PRATT SEPARATING,asr_3408,intent_3408_last,0,17,68,34,42,26,17
ex01_laughing_00299,ex01::ARE ANNA FARIS AND CHRIS PRATT SEPARATING,asr_3408,intent_3408_last,20,26,68,52,42,26,26
ex01_laughing_00299,ex01::ARE ANNA FARIS AND CHRIS PRATT SEPARATING,asr_3408,intent_3408_last,40,26,68,52,42,26,26
ex01_laughing_00299,ex01::ARE ANNA FARIS AND CHRIS PRATT SEPARATING,asr_3408,speaker_count_3408_last,0,5,53,10,42,11,5
ex01_laughing_00299,ex01::ARE ANNA FARIS AND CHRIS PRATT SEPARATING,asr_3408,speaker_count_3408_last,20,10,53,20,42,11,10
ex01_laughing_00299,ex01::ARE ANNA FARIS AND CHRIS PRATT SEPARATING,asr_3408,speaker_count_3408_last,40,11,53,22,42,11,11
ex01_laughing_00299,ex01::ARE ANNA FARIS AND CHRIS PRATT SEPARATING,emotion_3408,intent_3408_last,0,14,45,28,19,26,14
ex01_laughing_00299,ex01::ARE ANNA FARIS AND CHRIS PRATT SEPARATING,emotion_3408,intent_3408_last,20,17,45,34,19,26,17
ex01_laughing_00299,ex01::ARE ANNA FARIS AND CHRIS PRATT SEPARATING,emotion_3408,intent_3408_last,40,18,45,36,19,26,19
ex01_laughing_00299,ex01::ARE ANNA FARIS AND CHRIS PRATT SEPARATING,emotion_3408,speaker_count_3408_last,0,3,30,6,19,11,3
ex01_laughing_00299,ex01::ARE ANNA FARIS AND CHRIS PRATT SEPARATING,emotion_3408,speaker_count_3408_last,20,8,30,16,19,11,8
ex01_laughing_00299,ex01::ARE ANNA FARIS AND CHRIS PRATT SEPARATING,emotion_3408,speaker_count_3408_last,40,8,30,16,19,11,8
ex01_laughing_00299,ex01::ARE ANNA FARIS AND CHRIS PRATT SEPARATING,intent_3408_last,speaker_count_3408_last,0,3,37,6,26,11,3
ex01_laughing_00299,ex01::ARE ANNA FARIS AND CHRIS PRATT SEPARATING,intent_3408_last,speaker_count_3408_last,20,9,37,18,26,11,9
ex01_laughing_00299,ex01::ARE ANNA FARIS AND CHRIS PRATT SEPARATING,intent_3408_last,speaker_count_3408_last,40,10,37,20,26,11,10
ex01_laughing_00301,ex01::OKAY IS THAT IS THAT GLOVER,asr_3408,emotion_3408,0,8,38,16,29,9,8
ex01_laughing_00301,ex01::OKAY IS THAT IS THAT GLOVER,asr_3408,emotion_3408,20,9,38,18,29,9,9
ex01_laughing_00301,ex01::OKAY IS THAT IS THAT GLOVER,asr_3408,emotion_3408,40,9,38,18,29,9,9
ex01_laughing_00301,ex01::OKAY IS THAT IS THAT GLOVER,asr_3408,intent_3408_last,0,8,46,16,29,17,8
ex01_laughing_00301,ex01::OKAY IS THAT IS THAT GLOVER,asr_3408,intent_3408_last,20,15,46,30,29,17,15
ex01_laughing_00301,ex01::OKAY IS THAT IS THAT GLOVER,asr_3408,intent_3408_last,40,16,46,32,29,17,16
ex01_laughing_00301,ex01::OKAY IS THAT IS THAT GLOVER,asr_3408,speaker_count_3408_last,0,1,36,2,29,7,1
ex01_laughing_00301,ex01::OKAY IS THAT IS THAT GLOVER,asr_3408,speaker_count_3408_last,20,5,36,10,29,7,5
ex01_laughing_00301,ex01::OKAY IS THAT IS THAT GLOVER,asr_3408,speaker_count_3408_last,40,6,36,12,29,7,6
ex01_laughing_00301,ex01::OKAY IS THAT IS THAT GLOVER,emotion_3408,intent_3408_last,0,5,26,10,9,17,5
ex01_laughing_00301,ex01::OKAY IS THAT IS THAT GLOVER,emotion_3408,intent_3408_last,20,9,26,18,9,17,9
ex01_laughing_00301,ex01::OKAY IS THAT IS THAT GLOVER,emotion_3408,intent_3408_last,40,9,26,18,9,17,9
ex01_laughing_00301,ex01::OKAY IS THAT IS THAT GLOVER,emotion_3408,speaker_count_3408_last,0,0,16,0,9,7,0
ex01_laughing_00301,ex01::OKAY IS THAT IS THAT GLOVER,emotion_3408,speaker_count_3408_last,20,3,16,6,9,7,3
ex01_laughing_00301,ex01::OKAY IS THAT IS THAT GLOVER,emotion_3408,speaker_count_3408_last,40,4,16,8,9,7,4
ex01_laughing_00301,ex01::OKAY IS THAT IS THAT GLOVER,intent_3408_last,speaker_count_3408_last,0,2,24,4,17,7,2
ex01_laughing_00301,ex01::OKAY IS THAT IS THAT GLOVER,intent_3408_last,speaker_count_3408_last,20,6,24,12,17,7,6
ex01_laughing_00301,ex01::OKAY IS THAT IS THAT GLOVER,intent_3408_last,speaker_count_3408_last,40,6,24,12,17,7,6
ex01_laughing_00319,ex01::THEN THERE'S MIRACLE OF THIRTY FOURTH STREET BUT ONLY WATCH THE ORIGINAL,asr_3408,emotion_3408,0,25,104,50,66,38,25
ex01_laughing_00319,ex01::THEN THERE'S MIRACLE OF THIRTY FOURTH STREET BUT ONLY WATCH THE ORIGINAL,asr_3408,emotion_3408,20,37,104,74,66,38,37
ex01_laughing_00319,ex01::THEN THERE'S MIRACLE OF THIRTY FOURTH STREET BUT ONLY WATCH THE ORIGINAL,asr_3408,emotion_3408,40,38,104,76,66,38,38
ex01_laughing_00319,ex01::THEN THERE'S MIRACLE OF THIRTY FOURTH STREET BUT ONLY WATCH THE ORIGINAL,asr_3408,intent_3408_last,0,29,112,58,66,46,29
ex01_laughing_00319,ex01::THEN THERE'S MIRACLE OF THIRTY FOURTH STREET BUT ONLY WATCH THE ORIGINAL,asr_3408,intent_3408_last,20,46,112,92,66,46,46
ex01_laughing_00319,ex01::THEN THERE'S MIRACLE OF THIRTY FOURTH STREET BUT ONLY WATCH THE ORIGINAL,asr_3408,intent_3408_last,40,46,112,92,66,46,46
ex01_laughing_00319,ex01::THEN THERE'S MIRACLE OF THIRTY FOURTH STREET BUT ONLY WATCH THE ORIGINAL,asr_3408,speaker_count_3408_last,0,7,85,14,66,19,7
ex01_laughing_00319,ex01::THEN THERE'S MIRACLE OF THIRTY FOURTH STREET BUT ONLY WATCH THE ORIGINAL,asr_3408,speaker_count_3408_last,20,16,85,32,66,19,16
ex01_laughing_00319,ex01::THEN THERE'S MIRACLE OF THIRTY FOURTH STREET BUT ONLY WATCH THE ORIGINAL,asr_3408,speaker_count_3408_last,40,19,85,38,66,19,19
ex01_laughing_00319,ex01::THEN THERE'S MIRACLE OF THIRTY FOURTH STREET BUT ONLY WATCH THE ORIGINAL,emotion_3408,intent_3408_last,0,26,84,52,38,46,26
ex01_laughing_00319,ex01::THEN THERE'S MIRACLE OF THIRTY FOURTH STREET BUT ONLY WATCH THE ORIGINAL,emotion_3408,intent_3408_last,20,36,84,72,38,46,37
ex01_laughing_00319,ex01::THEN THERE'S MIRACLE OF THIRTY FOURTH STREET BUT ONLY WATCH THE ORIGINAL,emotion_3408,intent_3408_last,40,38,84,76,38,46,42
ex01_laughing_00319,ex01::THEN THERE'S MIRACLE OF THIRTY FOURTH STREET BUT ONLY WATCH THE ORIGINAL,emotion_3408,speaker_count_3408_last,0,7,57,14,38,19,7
ex01_laughing_00319,ex01::THEN THERE'S MIRACLE OF THIRTY FOURTH STREET BUT ONLY WATCH THE ORIGINAL,emotion_3408,speaker_count_3408_last,20,13,57,26,38,19,13
ex01_laughing_00319,ex01::THEN THERE'S MIRACLE OF THIRTY FOURTH STREET BUT ONLY WATCH THE ORIGINAL,emotion_3408,speaker_count_3408_last,40,15,57,30,38,19,15
ex01_laughing_00319,ex01::THEN THERE'S MIRACLE OF THIRTY FOURTH STREET BUT ONLY WATCH THE ORIGINAL,intent_3408_last,speaker_count_3408_last,0,9,65,18,46,19,9
ex01_laughing_00319,ex01::THEN THERE'S MIRACLE OF THIRTY FOURTH STREET BUT ONLY WATCH THE ORIGINAL,intent_3408_last,speaker_count_3408_last,20,17,65,34,46,19,17
ex01_laughing_00319,ex01::THEN THERE'S MIRACLE OF THIRTY FOURTH STREET BUT ONLY WATCH THE ORIGINAL,intent_3408_last,speaker_count_3408_last,40,18,65,36,46,19,18
ex01_laughing_00328,ex01::ANTI AGING CREAMS CAN BRING ON BREAKOUTS,asr_3408,emotion_3408,0,11,57,22,37,20,11
ex01_laughing_00328,ex01::ANTI AGING CREAMS CAN BRING ON BREAKOUTS,asr_3408,emotion_3408,20,17,57,34,37,20,17
ex01_laughing_00328,ex01::ANTI AGING CREAMS CAN BRING ON BREAKOUTS,asr_3408,emotion_3408,40,20,57,40,37,20,20
ex01_laughing_00328,ex01::ANTI AGING CREAMS CAN BRING ON BREAKOUTS,asr_3408,intent_3408_last,0,16,63,32,37,26,16
ex01_laughing_00328,ex01::ANTI AGING CREAMS CAN BRING ON BREAKOUTS,asr_3408,intent_3408_last,20,25,63,50,37,26,25
ex01_laughing_00328,ex01::ANTI AGING CREAMS CAN BRING ON BREAKOUTS,asr_3408,intent_3408_last,40,26,63,52,37,26,26
ex01_laughing_00328,ex01::ANTI AGING CREAMS CAN BRING ON BREAKOUTS,asr_3408,speaker_count_3408_last,0,3,48,6,37,11,3
ex01_laughing_00328,ex01::ANTI AGING CREAMS CAN BRING ON BREAKOUTS,asr_3408,speaker_count_3408_last,20,8,48,16,37,11,8
ex01_laughing_00328,ex01::ANTI AGING CREAMS CAN BRING ON BREAKOUTS,asr_3408,speaker_count_3408_last,40,9,48,18,37,11,9
ex01_laughing_00328,ex01::ANTI AGING CREAMS CAN BRING ON BREAKOUTS,emotion_3408,intent_3408_last,0,13,46,26,20,26,13
ex01_laughing_00328,ex01::ANTI AGING CREAMS CAN BRING ON BREAKOUTS,emotion_3408,intent_3408_last,20,20,46,40,20,26,20
ex01_laughing_00328,ex01::ANTI AGING CREAMS CAN BRING ON BREAKOUTS,emotion_3408,intent_3408_last,40,20,46,40,20,26,21
ex01_laughing_00328,ex01::ANTI AGING CREAMS CAN BRING ON BREAKOUTS,emotion_3408,speaker_count_3408_last,0,3,31,6,20,11,3
ex01_laughing_00328,ex01::ANTI AGING CREAMS CAN BRING ON BREAKOUTS,emotion_3408,speaker_count_3408_last,20,10,31,20,20,11,10
ex01_laughing_00328,ex01::ANTI AGING CREAMS CAN BRING ON BREAKOUTS,emotion_3408,speaker_count_3408_last,40,10,31,20,20,11,10
ex01_laughing_00328,ex01::ANTI AGING CREAMS CAN BRING ON BREAKOUTS,intent_3408_last,speaker_count_3408_last,0,4,37,8,26,11,4
ex01_laughing_00328,ex01::ANTI AGING CREAMS CAN BRING ON BREAKOUTS,intent_3408_last,speaker_count_3408_last,20,10,37,20,26,11,10
ex01_laughing_00328,ex01::ANTI AGING CREAMS CAN BRING ON BREAKOUTS,intent_3408_last,speaker_count_3408_last,40,10,37,20,26,11,10
ex01_laughing_00333,ex01::WHAT ARE YOU NO GOOD AT,asr_3408,emotion_3408,0,3,25,6,20,5,3
ex01_laughing_00333,ex01::WHAT ARE YOU NO GOOD AT,asr_3408,emotion_3408,20,5,25,10,20,5,5
ex01_laughing_00333,ex01::WHAT ARE YOU NO GOOD AT,asr_3408,emotion_3408,40,5,25,10,20,5,5
ex01_laughing_00333,ex01::WHAT ARE YOU NO GOOD AT,asr_3408,intent_3408_last,0,6,30,12,20,10,6
ex01_laughing_00333,ex01::WHAT ARE YOU NO GOOD AT,asr_3408,intent_3408_last,20,10,30,20,20,10,10
ex01_laughing_00333,ex01::WHAT ARE YOU NO GOOD AT,asr_3408,intent_3408_last,40,10,30,20,20,10,10
ex01_laughing_00333,ex01::WHAT ARE YOU NO GOOD AT,asr_3408,speaker_count_3408_last,0,1,24,2,20,4,1
ex01_laughing_00333,ex01::WHAT ARE YOU NO GOOD AT,asr_3408,speaker_count_3408_last,20,3,24,6,20,4,3
ex01_laughing_00333,ex01::WHAT ARE YOU NO GOOD AT,asr_3408,speaker_count_3408_last,40,4,24,8,20,4,4
ex01_laughing_00333,ex01::WHAT ARE YOU NO GOOD AT,emotion_3408,intent_3408_last,0,4,15,8,5,10,4
ex01_laughing_00333,ex01::WHAT ARE YOU NO GOOD AT,emotion_3408,intent_3408_last,20,5,15,10,5,10,5
ex01_laughing_00333,ex01::WHAT ARE YOU NO GOOD AT,emotion_3408,intent_3408_last,40,5,15,10,5,10,5
ex01_laughing_00333,ex01::WHAT ARE YOU NO GOOD AT,emotion_3408,speaker_count_3408_last,0,1,9,2,5,4,1
ex01_laughing_00333,ex01::WHAT ARE YOU NO GOOD AT,emotion_3408,speaker_count_3408_last,20,4,9,8,5,4,4
ex01_laughing_00333,ex01::WHAT ARE YOU NO GOOD AT,emotion_3408,speaker_count_3408_last,40,4,9,8,5,4,4
ex01_laughing_00333,ex01::WHAT ARE YOU NO GOOD AT,intent_3408_last,speaker_count_3408_last,0,1,14,2,10,4,1
ex01_laughing_00333,ex01::WHAT ARE YOU NO GOOD AT,intent_3408_last,speaker_count_3408_last,20,3,14,6,10,4,3
ex01_laughing_00333,ex01::WHAT ARE YOU NO GOOD AT,intent_3408_last,speaker_count_3408_last,40,4,14,8,10,4,4
ex01_laughing_00370,ex01::AT LEAST I DO,asr_3408,emotion_3408,0,4,22,8,16,6,4
ex01_laughing_00370,ex01::AT LEAST I DO,asr_3408,emotion_3408,20,6,22,12,16,6,6
ex01_laughing_00370,ex01::AT LEAST I DO,asr_3408,emotion_3408,40,6,22,12,16,6,6
ex01_laughing_00370,ex01::AT LEAST I DO,asr_3408,intent_3408_last,0,9,27,18,16,11,9
ex01_laughing_00370,ex01::AT LEAST I DO,asr_3408,intent_3408_last,20,10,27,20,16,11,10
ex01_laughing_00370,ex01::AT LEAST I DO,asr_3408,intent_3408_last,40,11,27,22,16,11,11
ex01_laughing_00370,ex01::AT LEAST I DO,asr_3408,speaker_count_3408_last,0,0,21,0,16,5,0
ex01_laughing_00370,ex01::AT LEAST I DO,asr_3408,speaker_count_3408_last,20,4,21,8,16,5,4
ex01_laughing_00370,ex01::AT LEAST I DO,asr_3408,speaker_count_3408_last,40,4,21,8,16,5,4
ex01_laughing_00370,ex01::AT LEAST I DO,emotion_3408,intent_3408_last,0,5,17,10,6,11,5
ex01_laughing_00370,ex01::AT LEAST I DO,emotion_3408,intent_3408_last,20,6,17,12,6,11,6
ex01_laughing_00370,ex01::AT LEAST I DO,emotion_3408,intent_3408_last,40,6,17,12,6,11,6
ex01_laughing_00370,ex01::AT LEAST I DO,emotion_3408,speaker_count_3408_last,0,1,11,2,6,5,1
ex01_laughing_00370,ex01::AT LEAST I DO,emotion_3408,speaker_count_3408_last,20,4,11,8,6,5,4
ex01_laughing_00370,ex01::AT LEAST I DO,emotion_3408,speaker_count_3408_last,40,4,11,8,6,5,4
ex01_laughing_00370,ex01::AT LEAST I DO,intent_3408_last,speaker_count_3408_last,0,1,16,2,11,5,1
ex01_laughing_00370,ex01::AT LEAST I DO,intent_3408_last,speaker_count_3408_last,20,4,16,8,11,5,4
ex01_laughing_00370,ex01::AT LEAST I DO,intent_3408_last,speaker_count_3408_last,40,4,16,8,11,5,4
ex01_sad_00028,ex01::HE WROTE GULLIVER'S TRAVEL,asr_3408,emotion_3408,0,5,32,10,22,10,5
ex01_sad_00028,ex01::HE WROTE GULLIVER'S TRAVEL,asr_3408,emotion_3408,20,9,32,18,22,10,9
ex01_sad_00028,ex01::HE WROTE GULLIVER'S TRAVEL,asr_3408,emotion_3408,40,10,32,20,22,10,10
ex01_sad_00028,ex01::HE WROTE GULLIVER'S TRAVEL,asr_3408,intent_3408_last,0,8,36,16,22,14,8
ex01_sad_00028,ex01::HE WROTE GULLIVER'S TRAVEL,asr_3408,intent_3408_last,20,14,36,28,22,14,14
ex01_sad_00028,ex01::HE WROTE GULLIVER'S TRAVEL,asr_3408,intent_3408_last,40,14,36,28,22,14,14
ex01_sad_00028,ex01::HE WROTE GULLIVER'S TRAVEL,asr_3408,speaker_count_3408_last,0,2,29,4,22,7,2
ex01_sad_00028,ex01::HE WROTE GULLIVER'S TRAVEL,asr_3408,speaker_count_3408_last,20,7,29,14,22,7,7
ex01_sad_00028,ex01::HE WROTE GULLIVER'S TRAVEL,asr_3408,speaker_count_3408_last,40,7,29,14,22,7,7
ex01_sad_00028,ex01::HE WROTE GULLIVER'S TRAVEL,emotion_3408,intent_3408_last,0,6,24,12,10,14,6
ex01_sad_00028,ex01::HE WROTE GULLIVER'S TRAVEL,emotion_3408,intent_3408_last,20,10,24,20,10,14,10
ex01_sad_00028,ex01::HE WROTE GULLIVER'S TRAVEL,emotion_3408,intent_3408_last,40,10,24,20,10,14,11
ex01_sad_00028,ex01::HE WROTE GULLIVER'S TRAVEL,emotion_3408,speaker_count_3408_last,0,2,17,4,10,7,2
ex01_sad_00028,ex01::HE WROTE GULLIVER'S TRAVEL,emotion_3408,speaker_count_3408_last,20,5,17,10,10,7,5
ex01_sad_00028,ex01::HE WROTE GULLIVER'S TRAVEL,emotion_3408,speaker_count_3408_last,40,5,17,10,10,7,5
ex01_sad_00028,ex01::HE WROTE GULLIVER'S TRAVEL,intent_3408_last,speaker_count_3408_last,0,5,21,10,14,7,5
ex01_sad_00028,ex01::HE WROTE GULLIVER'S TRAVEL,intent_3408_last,speaker_count_3408_last,20,7,21,14,14,7,7
ex01_sad_00028,ex01::HE WROTE GULLIVER'S TRAVEL,intent_3408_last,speaker_count_3408_last,40,7,21,14,14,7,7
ex01_sad_00146,ex01::LYNN'S WORKING ON SAGE'S LYRICS,asr_3408,emotion_3408,0,9,49,18,31,18,9
ex01_sad_00146,ex01::LYNN'S WORKING ON SAGE'S LYRICS,asr_3408,emotion_3408,20,16,49,32,31,18,16
ex01_sad_00146,ex01::LYNN'S WORKING ON SAGE'S LYRICS,asr_3408,emotion_3408,40,18,49,36,31,18,18
ex01_sad_00146,ex01::LYNN'S WORKING ON SAGE'S LYRICS,asr_3408,intent_3408_last,0,11,53,22,31,22,11
ex01_sad_00146,ex01::LYNN'S WORKING ON SAGE'S LYRICS,asr_3408,intent_3408_last,20,21,53,42,31,22,21
ex01_sad_00146,ex01::LYNN'S WORKING ON SAGE'S LYRICS,asr_3408,intent_3408_last,40,22,53,44,31,22,22
ex01_sad_00146,ex01::LYNN'S WORKING ON SAGE'S LYRICS,asr_3408,speaker_count_3408_last,0,2,40,4,31,9,2
ex01_sad_00146,ex01::LYNN'S WORKING ON SAGE'S LYRICS,asr_3408,speaker_count_3408_last,20,8,40,16,31,9,8
ex01_sad_00146,ex01::LYNN'S WORKING ON SAGE'S LYRICS,asr_3408,speaker_count_3408_last,40,9,40,18,31,9,9
ex01_sad_00146,ex01::LYNN'S WORKING ON SAGE'S LYRICS,emotion_3408,intent_3408_last,0,12,40,24,18,22,12
ex01_sad_00146,ex01::LYNN'S WORKING ON SAGE'S LYRICS,emotion_3408,intent_3408_last,20,16,40,32,18,22,16
ex01_sad_00146,ex01::LYNN'S WORKING ON SAGE'S LYRICS,emotion_3408,intent_3408_last,40,17,40,34,18,22,17
ex01_sad_00146,ex01::LYNN'S WORKING ON SAGE'S LYRICS,emotion_3408,speaker_count_3408_last,0,3,27,6,18,9,3
ex01_sad_00146,ex01::LYNN'S WORKING ON SAGE'S LYRICS,emotion_3408,speaker_count_3408_last,20,7,27,14,18,9,7
ex01_sad_00146,ex01::LYNN'S WORKING ON SAGE'S LYRICS,emotion_3408,speaker_count_3408_last,40,7,27,14,18,9,7
ex01_sad_00146,ex01::LYNN'S WORKING ON SAGE'S LYRICS,intent_3408_last,speaker_count_3408_last,0,4,31,8,22,9,4
ex01_sad_00146,ex01::LYNN'S WORKING ON SAGE'S LYRICS,intent_3408_last,speaker_count_3408_last,20,7,31,14,22,9,7
ex01_sad_00146,ex01::LYNN'S WORKING ON SAGE'S LYRICS,intent_3408_last,speaker_count_3408_last,40,8,31,16,22,9,8
ex01_sad_00156,ex01::WHAT DID THE DEVIL DO NOW,asr_3408,emotion_3408,0,9,30,18,20,10,9
ex01_sad_00156,ex01::WHAT DID THE DEVIL DO NOW,asr_3408,emotion_3408,20,10,30,20,20,10,10
ex01_sad_00156,ex01::WHAT DID THE DEVIL DO NOW,asr_3408,emotion_3408,40,10,30,20,20,10,10
ex01_sad_00156,ex01::WHAT DID THE DEVIL DO NOW,asr_3408,intent_3408_last,0,10,33,20,20,13,10
ex01_sad_00156,ex01::WHAT DID THE DEVIL DO NOW,asr_3408,intent_3408_last,20,13,33,26,20,13,13
ex01_sad_00156,ex01::WHAT DID THE DEVIL DO NOW,asr_3408,intent_3408_last,40,13,33,26,20,13,13
ex01_sad_00156,ex01::WHAT DID THE DEVIL DO NOW,asr_3408,speaker_count_3408_last,0,5,28,10,20,8,5
ex01_sad_00156,ex01::WHAT DID THE DEVIL DO NOW,asr_3408,speaker_count_3408_last,20,8,28,16,20,8,8
ex01_sad_00156,ex01::WHAT DID THE DEVIL DO NOW,asr_3408,speaker_count_3408_last,40,8,28,16,20,8,8
ex01_sad_00156,ex01::WHAT DID THE DEVIL DO NOW,emotion_3408,intent_3408_last,0,9,23,18,10,13,9
ex01_sad_00156,ex01::WHAT DID THE DEVIL DO NOW,emotion_3408,intent_3408_last,20,10,23,20,10,13,10
ex01_sad_00156,ex01::WHAT DID THE DEVIL DO NOW,emotion_3408,intent_3408_last,40,10,23,20,10,13,10
ex01_sad_00156,ex01::WHAT DID THE DEVIL DO NOW,emotion_3408,speaker_count_3408_last,0,5,18,10,10,8,5
ex01_sad_00156,ex01::WHAT DID THE DEVIL DO NOW,emotion_3408,speaker_count_3408_last,20,7,18,14,10,8,7
ex01_sad_00156,ex01::WHAT DID THE DEVIL DO NOW,emotion_3408,speaker_count_3408_last,40,8,18,16,10,8,8
ex01_sad_00156,ex01::WHAT DID THE DEVIL DO NOW,intent_3408_last,speaker_count_3408_last,0,5,21,10,13,8,5
ex01_sad_00156,ex01::WHAT DID THE DEVIL DO NOW,intent_3408_last,speaker_count_3408_last,20,7,21,14,13,8,7
ex01_sad_00156,ex01::WHAT DID THE DEVIL DO NOW,intent_3408_last,speaker_count_3408_last,40,8,21,16,13,8,8
ex01_sad_00163,ex01::OUT OF NOWHERE YOU GET BLINDSIDED,asr_3408,emotion_3408,0,7,38,14,27,11,7
ex01_sad_00163,ex01::OUT OF NOWHERE YOU GET BLINDSIDED,asr_3408,emotion_3408,20,11,38,22,27,11,11
ex01_sad_00163,ex01::OUT OF NOWHERE YOU GET BLINDSIDED,asr_3408,emotion_3408,40,11,38,22,27,11,11
ex01_sad_00163,ex01::OUT OF NOWHERE YOU GET BLINDSIDED,asr_3408,intent_3408_last,0,11,45,22,27,18,11
ex01_sad_00163,ex01::OUT OF NOWHERE YOU GET BLINDSIDED,asr_3408,intent_3408_last,20,17,45,34,27,18,17
ex01_sad_00163,ex01::OUT OF NOWHERE YOU GET BLINDSIDED,asr_3408,intent_3408_last,40,18,45,36,27,18,18
ex01_sad_00163,ex01::OUT OF NOWHERE YOU GET BLINDSIDED,asr_3408,speaker_count_3408_last,0,2,35,4,27,8,2
ex01_sad_00163,ex01::OUT OF NOWHERE YOU GET BLINDSIDED,asr_3408,speaker_count_3408_last,20,7,35,14,27,8,7
ex01_sad_00163,ex01::OUT OF NOWHERE YOU GET BLINDSIDED,asr_3408,speaker_count_3408_last,40,8,35,16,27,8,8
ex01_sad_00163,ex01::OUT OF NOWHERE YOU GET BLINDSIDED,emotion_3408,intent_3408_last,0,6,29,12,11,18,6
ex01_sad_00163,ex01::OUT OF NOWHERE YOU GET BLINDSIDED,emotion_3408,intent_3408_last,20,11,29,22,11,18,11
ex01_sad_00163,ex01::OUT OF NOWHERE YOU GET BLINDSIDED,emotion_3408,intent_3408_last,40,11,29,22,11,18,11
ex01_sad_00163,ex01::OUT OF NOWHERE YOU GET BLINDSIDED,emotion_3408,speaker_count_3408_last,0,3,19,6,11,8,3
ex01_sad_00163,ex01::OUT OF NOWHERE YOU GET BLINDSIDED,emotion_3408,speaker_count_3408_last,20,7,19,14,11,8,7
ex01_sad_00163,ex01::OUT OF NOWHERE YOU GET BLINDSIDED,emotion_3408,speaker_count_3408_last,40,7,19,14,11,8,7
ex01_sad_00163,ex01::OUT OF NOWHERE YOU GET BLINDSIDED,intent_3408_last,speaker_count_3408_last,0,4,26,8,18,8,4
ex01_sad_00163,ex01::OUT OF NOWHERE YOU GET BLINDSIDED,intent_3408_last,speaker_count_3408_last,20,8,26,16,18,8,8
ex01_sad_00163,ex01::OUT OF NOWHERE YOU GET BLINDSIDED,intent_3408_last,speaker_count_3408_last,40,8,26,16,18,8,8
ex01_sad_00168,ex01::YOU KNOW WHAT,asr_3408,emotion_3408,0,2,14,4,10,4,2
ex01_sad_00168,ex01::YOU KNOW WHAT,asr_3408,emotion_3408,20,4,14,8,10,4,4
ex01_sad_00168,ex01::YOU KNOW WHAT,asr_3408,emotion_3408,40,4,14,8,10,4,4
ex01_sad_00168,ex01::YOU KNOW WHAT,asr_3408,intent_3408_last,0,2,15,4,10,5,2
ex01_sad_00168,ex01::YOU KNOW WHAT,asr_3408,intent_3408_last,20,5,15,10,10,5,5
ex01_sad_00168,ex01::YOU KNOW WHAT,asr_3408,intent_3408_last,40,5,15,10,10,5,5
ex01_sad_00168,ex01::YOU KNOW WHAT,asr_3408,speaker_count_3408_last,0,2,13,4,10,3,2
ex01_sad_00168,ex01::YOU KNOW WHAT,asr_3408,speaker_count_3408_last,20,3,13,6,10,3,3
ex01_sad_00168,ex01::YOU KNOW WHAT,asr_3408,speaker_count_3408_last,40,3,13,6,10,3,3
ex01_sad_00168,ex01::YOU KNOW WHAT,emotion_3408,intent_3408_last,0,2,9,4,4,5,2
ex01_sad_00168,ex01::YOU KNOW WHAT,emotion_3408,intent_3408_last,20,3,9,6,4,5,3
ex01_sad_00168,ex01::YOU KNOW WHAT,emotion_3408,intent_3408_last,40,4,9,8,4,5,4
ex01_sad_00168,ex01::YOU KNOW WHAT,emotion_3408,speaker_count_3408_last,0,2,7,4,4,3,2
ex01_sad_00168,ex01::YOU KNOW WHAT,emotion_3408,speaker_count_3408_last,20,3,7,6,4,3,3
ex01_sad_00168,ex01::YOU KNOW WHAT,emotion_3408,speaker_count_3408_last,40,3,7,6,4,3,3
ex01_sad_00168,ex01::YOU KNOW WHAT,intent_3408_last,speaker_count_3408_last,0,1,8,2,5,3,1
ex01_sad_00168,ex01::YOU KNOW WHAT,intent_3408_last,speaker_count_3408_last,20,3,8,6,5,3,3
ex01_sad_00168,ex01::YOU KNOW WHAT,intent_3408_last,speaker_count_3408_last,40,3,8,6,5,3,3
ex01_sad_00255,ex01::MARIAN,asr_3408,emotion_3408,0,1,7,2,6,1,1
ex01_sad_00255,ex01::MARIAN,asr_3408,emotion_3408,20,1,7,2,6,1,1
ex01_sad_00255,ex01::MARIAN,asr_3408,emotion_3408,40,1,7,2,6,1,1
ex01_sad_00255,ex01::MARIAN,asr_3408,intent_3408_last,0,3,11,6,6,5,3
ex01_sad_00255,ex01::MARIAN,asr_3408,intent_3408_last,20,5,11,10,6,5,5
ex01_sad_00255,ex01::MARIAN,asr_3408,intent_3408_last,40,5,11,10,6,5,5
ex01_sad_00255,ex01::MARIAN,asr_3408,speaker_count_3408_last,0,0,6,0,6,0,0
ex01_sad_00255,ex01::MARIAN,asr_3408,speaker_count_3408_last,20,0,6,0,6,0,0
ex01_sad_00255,ex01::MARIAN,asr_3408,speaker_count_3408_last,40,0,6,0,6,0,0
ex01_sad_00255,ex01::MARIAN,emotion_3408,intent_3408_last,0,1,6,2,1,5,1
ex01_sad_00255,ex01::MARIAN,emotion_3408,intent_3408_last,20,1,6,2,1,5,1
ex01_sad_00255,ex01::MARIAN,emotion_3408,intent_3408_last,40,1,6,2,1,5,1
ex01_sad_00255,ex01::MARIAN,emotion_3408,speaker_count_3408_last,0,0,1,0,1,0,0
ex01_sad_00255,ex01::MARIAN,emotion_3408,speaker_count_3408_last,20,0,1,0,1,0,0
ex01_sad_00255,ex01::MARIAN,emotion_3408,speaker_count_3408_last,40,0,1,0,1,0,0
ex01_sad_00255,ex01::MARIAN,intent_3408_last,speaker_count_3408_last,0,0,5,0,5,0,0
ex01_sad_00255,ex01::MARIAN,intent_3408_last,speaker_count_3408_last,20,0,5,0,5,0,0
ex01_sad_00255,ex01::MARIAN,intent_3408_last,speaker_count_3408_last,40,0,5,0,5,0,0
ex01_sad_00264,ex01::FOR THE FRESH FACE CONTEST,asr_3408,emotion_3408,0,7,32,14,21,11,7
ex01_sad_00264,ex01::FOR THE FRESH FACE CONTEST,asr_3408,emotion_3408,20,11,32,22,21,11,11
ex01_sad_00264,ex01::FOR THE FRESH FACE CONTEST,asr_3408,emotion_3408,40,11,32,22,21,11,11
ex01_sad_00264,ex01::FOR THE FRESH FACE CONTEST,asr_3408,intent_3408_last,0,10,35,20,21,14,10
ex01_sad_00264,ex01::FOR THE FRESH FACE CONTEST,asr_3408,intent_3408_last,20,14,35,28,21,14,14
ex01_sad_00264,ex01::FOR THE FRESH FACE CONTEST,asr_3408,intent_3408_last,40,14,35,28,21,14,14
ex01_sad_00264,ex01::FOR THE FRESH FACE CONTEST,asr_3408,speaker_count_3408_last,0,4,28,8,21,7,4
ex01_sad_00264,ex01::FOR THE FRESH FACE CONTEST,asr_3408,speaker_count_3408_last,20,5,28,10,21,7,5
ex01_sad_00264,ex01::FOR THE FRESH FACE CONTEST,asr_3408,speaker_count_3408_last,40,5,28,10,21,7,5
ex01_sad_00264,ex01::FOR THE FRESH FACE CONTEST,emotion_3408,intent_3408_last,0,8,25,16,11,14,8
ex01_sad_00264,ex01::FOR THE FRESH FACE CONTEST,emotion_3408,intent_3408_last,20,11,25,22,11,14,11
ex01_sad_00264,ex01::FOR THE FRESH FACE CONTEST,emotion_3408,intent_3408_last,40,11,25,22,11,14,11
ex01_sad_00264,ex01::FOR THE FRESH FACE CONTEST,emotion_3408,speaker_count_3408_last,0,4,18,8,11,7,4
ex01_sad_00264,ex01::FOR THE FRESH FACE CONTEST,emotion_3408,speaker_count_3408_last,20,5,18,10,11,7,5
ex01_sad_00264,ex01::FOR THE FRESH FACE CONTEST,emotion_3408,speaker_count_3408_last,40,5,18,10,11,7,5
ex01_sad_00264,ex01::FOR THE FRESH FACE CONTEST,intent_3408_last,speaker_count_3408_last,0,4,21,8,14,7,4
ex01_sad_00264,ex01::FOR THE FRESH FACE CONTEST,intent_3408_last,speaker_count_3408_last,20,5,21,10,14,7,5
ex01_sad_00264,ex01::FOR THE FRESH FACE CONTEST,intent_3408_last,speaker_count_3408_last,40,5,21,10,14,7,5
ex01_sad_00279,ex01::AND DEPRIVE MYSELF OF THE PLEASURE OF WATCHING YOU SQUIRM,asr_3408,emotion_3408,0,13,64,26,43,21,13
ex01_sad_00279,ex01::AND DEPRIVE MYSELF OF THE PLEASURE OF WATCHING YOU SQUIRM,asr_3408,emotion_3408,20,19,64,38,43,21,19
ex01_sad_00279,ex01::AND DEPRIVE MYSELF OF THE PLEASURE OF WATCHING YOU SQUIRM,asr_3408,emotion_3408,40,21,64,42,43,21,21
ex01_sad_00279,ex01::AND DEPRIVE MYSELF OF THE PLEASURE OF WATCHING YOU SQUIRM,asr_3408,intent_3408_last,0,18,71,36,43,28,18
ex01_sad_00279,ex01::AND DEPRIVE MYSELF OF THE PLEASURE OF WATCHING YOU SQUIRM,asr_3408,intent_3408_last,20,27,71,54,43,28,27
ex01_sad_00279,ex01::AND DEPRIVE MYSELF OF THE PLEASURE OF WATCHING YOU SQUIRM,asr_3408,intent_3408_last,40,28,71,56,43,28,28
ex01_sad_00279,ex01::AND DEPRIVE MYSELF OF THE PLEASURE OF WATCHING YOU SQUIRM,asr_3408,speaker_count_3408_last,0,5,56,10,43,13,5
ex01_sad_00279,ex01::AND DEPRIVE MYSELF OF THE PLEASURE OF WATCHING YOU SQUIRM,asr_3408,speaker_count_3408_last,20,13,56,26,43,13,13
ex01_sad_00279,ex01::AND DEPRIVE MYSELF OF THE PLEASURE OF WATCHING YOU SQUIRM,asr_3408,speaker_count_3408_last,40,13,56,26,43,13,13
ex01_sad_00279,ex01::AND DEPRIVE MYSELF OF THE PLEASURE OF WATCHING YOU SQUIRM,emotion_3408,intent_3408_last,0,16,49,32,21,28,16
ex01_sad_00279,ex01::AND DEPRIVE MYSELF OF THE PLEASURE OF WATCHING YOU SQUIRM,emotion_3408,intent_3408_last,20,18,49,36,21,28,18
ex01_sad_00279,ex01::AND DEPRIVE MYSELF OF THE PLEASURE OF WATCHING YOU SQUIRM,emotion_3408,intent_3408_last,40,21,49,42,21,28,25
ex01_sad_00279,ex01::AND DEPRIVE MYSELF OF THE PLEASURE OF WATCHING YOU SQUIRM,emotion_3408,speaker_count_3408_last,0,5,34,10,21,13,5
ex01_sad_00279,ex01::AND DEPRIVE MYSELF OF THE PLEASURE OF WATCHING YOU SQUIRM,emotion_3408,speaker_count_3408_last,20,11,34,22,21,13,11
ex01_sad_00279,ex01::AND DEPRIVE MYSELF OF THE PLEASURE OF WATCHING YOU SQUIRM,emotion_3408,speaker_count_3408_last,40,12,34,24,21,13,12
ex01_sad_00279,ex01::AND DEPRIVE MYSELF OF THE PLEASURE OF WATCHING YOU SQUIRM,intent_3408_last,speaker_count_3408_last,0,8,41,16,28,13,8
ex01_sad_00279,ex01::AND DEPRIVE MYSELF OF THE PLEASURE OF WATCHING YOU SQUIRM,intent_3408_last,speaker_count_3408_last,20,13,41,26,28,13,13
ex01_sad_00279,ex01::AND DEPRIVE MYSELF OF THE PLEASURE OF WATCHING YOU SQUIRM,intent_3408_last,speaker_count_3408_last,40,13,41,26,28,13,13
ex01_sad_00284,ex01::WHERE'D MY POPS GO,asr_3408,emotion_3408,0,5,19,10,13,6,5
ex01_sad_00284,ex01::WHERE'D MY POPS GO,asr_3408,emotion_3408,20,6,19,12,13,6,6
ex01_sad_00284,ex01::WHERE'D MY POPS GO,asr_3408,emotion_3408,40,6,19,12,13,6,6
ex01_sad_00284,ex01::WHERE'D MY POPS GO,asr_3408,intent_3408_last,0,6,23,12,13,10,6
ex01_sad_00284,ex01::WHERE'D MY POPS GO,asr_3408,intent_3408_last,20,9,23,18,13,10,9
ex01_sad_00284,ex01::WHERE'D MY POPS GO,asr_3408,intent_3408_last,40,10,23,20,13,10,10
ex01_sad_00284,ex01::WHERE'D MY POPS GO,asr_3408,speaker_count_3408_last,0,1,17,2,13,4,1
ex01_sad_00284,ex01::WHERE'D MY POPS GO,asr_3408,speaker_count_3408_last,20,3,17,6,13,4,3
ex01_sad_00284,ex01::WHERE'D MY POPS GO,asr_3408,speaker_count_3408_last,40,3,17,6,13,4,3
ex01_sad_00284,ex01::WHERE'D MY POPS GO,emotion_3408,intent_3408_last,0,6,16,12,6,10,6
ex01_sad_00284,ex01::WHERE'D MY POPS GO,emotion_3408,intent_3408_last,20,6,16,12,6,10,6
ex01_sad_00284,ex01::WHERE'D MY POPS GO,emotion_3408,intent_3408_last,40,6,16,12,6,10,7
ex01_sad_00284,ex01::WHERE'D MY POPS GO,emotion_3408,speaker_count_3408_last,0,1,10,2,6,4,1
ex01_sad_00284,ex01::WHERE'D MY POPS GO,emotion_3408,speaker_count_3408_last,20,3,10,6,6,4,3
ex01_sad_00284,ex01::WHERE'D MY POPS GO,emotion_3408,speaker_count_3408_last,40,3,10,6,6,4,3
ex01_sad_00284,ex01::WHERE'D MY POPS GO,intent_3408_last,speaker_count_3408_last,0,1,14,2,10,4,1
ex01_sad_00284,ex01::WHERE'D MY POPS GO,intent_3408_last,speaker_count_3408_last,20,3,14,6,10,4,3
ex01_sad_00284,ex01::WHERE'D MY POPS GO,intent_3408_last,speaker_count_3408_last,40,3,14,6,10,4,3
ex01_sad_00299,ex01::ARE ANNA FARIS AND CHRIS PRATT SEPARATING,asr_3408,emotion_3408,0,7,48,14,33,15,7
ex01_sad_00299,ex01::ARE ANNA FARIS AND CHRIS PRATT SEPARATING,asr_3408,emotion_3408,20,14,48,28,33,15,14
ex01_sad_00299,ex01::ARE ANNA FARIS AND CHRIS PRATT SEPARATING,asr_3408,emotion_3408,40,15,48,30,33,15,15
ex01_sad_00299,ex01::ARE ANNA FARIS AND CHRIS PRATT SEPARATING,asr_3408,intent_3408_last,0,18,54,36,33,21,18
ex01_sad_00299,ex01::ARE ANNA FARIS AND CHRIS PRATT SEPARATING,asr_3408,intent_3408_last,20,21,54,42,33,21,21
ex01_sad_00299,ex01::ARE ANNA FARIS AND CHRIS PRATT SEPARATING,asr_3408,intent_3408_last,40,21,54,42,33,21,21
ex01_sad_00299,ex01::ARE ANNA FARIS AND CHRIS PRATT SEPARATING,asr_3408,speaker_count_3408_last,0,5,44,10,33,11,5
ex01_sad_00299,ex01::ARE ANNA FARIS AND CHRIS PRATT SEPARATING,asr_3408,speaker_count_3408_last,20,11,44,22,33,11,11
ex01_sad_00299,ex01::ARE ANNA FARIS AND CHRIS PRATT SEPARATING,asr_3408,speaker_count_3408_last,40,11,44,22,33,11,11
ex01_sad_00299,ex01::ARE ANNA FARIS AND CHRIS PRATT SEPARATING,emotion_3408,intent_3408_last,0,10,36,20,15,21,10
ex01_sad_00299,ex01::ARE ANNA FARIS AND CHRIS PRATT SEPARATING,emotion_3408,intent_3408_last,20,14,36,28,15,21,14
ex01_sad_00299,ex01::ARE ANNA FARIS AND CHRIS PRATT SEPARATING,emotion_3408,intent_3408_last,40,15,36,30,15,21,16
ex01_sad_00299,ex01::ARE ANNA FARIS AND CHRIS PRATT SEPARATING,emotion_3408,speaker_count_3408_last,0,3,26,6,15,11,3
ex01_sad_00299,ex01::ARE ANNA FARIS AND CHRIS PRATT SEPARATING,emotion_3408,speaker_count_3408_last,20,7,26,14,15,11,7
ex01_sad_00299,ex01::ARE ANNA FARIS AND CHRIS PRATT SEPARATING,emotion_3408,speaker_count_3408_last,40,8,26,16,15,11,8
ex01_sad_00299,ex01::ARE ANNA FARIS AND CHRIS PRATT SEPARATING,intent_3408_last,speaker_count_3408_last,0,4,32,8,21,11,4
ex01_sad_00299,ex01::ARE ANNA FARIS AND CHRIS PRATT SEPARATING,intent_3408_last,speaker_count_3408_last,20,10,32,20,21,11,10
ex01_sad_00299,ex01::ARE ANNA FARIS AND CHRIS PRATT SEPARATING,intent_3408_last,speaker_count_3408_last,40,11,32,22,21,11,11
ex01_sad_00301,ex01::OKAY IS THAT IS THAT GLOVER,asr_3408,emotion_3408,0,5,31,10,23,8,5
ex01_sad_00301,ex01::OKAY IS THAT IS THAT GLOVER,asr_3408,emotion_3408,20,8,31,16,23,8,8
ex01_sad_00301,ex01::OKAY IS THAT IS THAT GLOVER,asr_3408,emotion_3408,40,8,31,16,23,8,8
ex01_sad_00301,ex01::OKAY IS THAT IS THAT GLOVER,asr_3408,intent_3408_last,0,8,39,16,23,16,8
ex01_sad_00301,ex01::OKAY IS THAT IS THAT GLOVER,asr_3408,intent_3408_last,20,16,39,32,23,16,16
ex01_sad_00301,ex01::OKAY IS THAT IS THAT GLOVER,asr_3408,intent_3408_last,40,16,39,32,23,16,16
ex01_sad_00301,ex01::OKAY IS THAT IS THAT GLOVER,asr_3408,speaker_count_3408_last,0,4,29,8,23,6,4
ex01_sad_00301,ex01::OKAY IS THAT IS THAT GLOVER,asr_3408,speaker_count_3408_last,20,6,29,12,23,6,6
ex01_sad_00301,ex01::OKAY IS THAT IS THAT GLOVER,asr_3408,speaker_count_3408_last,40,6,29,12,23,6,6
ex01_sad_00301,ex01::OKAY IS THAT IS THAT GLOVER,emotion_3408,intent_3408_last,0,8,24,16,8,16,8
ex01_sad_00301,ex01::OKAY IS THAT IS THAT GLOVER,emotion_3408,intent_3408_last,20,8,24,16,8,16,8
ex01_sad_00301,ex01::OKAY IS THAT IS THAT GLOVER,emotion_3408,intent_3408_last,40,8,24,16,8,16,9
ex01_sad_00301,ex01::OKAY IS THAT IS THAT GLOVER,emotion_3408,speaker_count_3408_last,0,2,14,4,8,6,2
ex01_sad_00301,ex01::OKAY IS THAT IS THAT GLOVER,emotion_3408,speaker_count_3408_last,20,4,14,8,8,6,4
ex01_sad_00301,ex01::OKAY IS THAT IS THAT GLOVER,emotion_3408,speaker_count_3408_last,40,4,14,8,8,6,4
ex01_sad_00301,ex01::OKAY IS THAT IS THAT GLOVER,intent_3408_last,speaker_count_3408_last,0,4,22,8,16,6,4
ex01_sad_00301,ex01::OKAY IS THAT IS THAT GLOVER,intent_3408_last,speaker_count_3408_last,20,6,22,12,16,6,6
ex01_sad_00301,ex01::OKAY IS THAT IS THAT GLOVER,intent_3408_last,speaker_count_3408_last,40,6,22,12,16,6,6
ex01_sad_00319,ex01::THEN THERE'S MIRACLE OF THIRTY FOURTH STREET BUT ONLY WATCH THE ORIGINAL,asr_3408,emotion_3408,0,22,83,44,55,28,22
ex01_sad_00319,ex01::THEN THERE'S MIRACLE OF THIRTY FOURTH STREET BUT ONLY WATCH THE ORIGINAL,asr_3408,emotion_3408,20,28,83,56,55,28,28
ex01_sad_00319,ex01::THEN THERE'S MIRACLE OF THIRTY FOURTH STREET BUT ONLY WATCH THE ORIGINAL,asr_3408,emotion_3408,40,28,83,56,55,28,28
ex01_sad_00319,ex01::THEN THERE'S MIRACLE OF THIRTY FOURTH STREET BUT ONLY WATCH THE ORIGINAL,asr_3408,intent_3408_last,0,28,92,56,55,37,28
ex01_sad_00319,ex01::THEN THERE'S MIRACLE OF THIRTY FOURTH STREET BUT ONLY WATCH THE ORIGINAL,asr_3408,intent_3408_last,20,37,92,74,55,37,37
ex01_sad_00319,ex01::THEN THERE'S MIRACLE OF THIRTY FOURTH STREET BUT ONLY WATCH THE ORIGINAL,asr_3408,intent_3408_last,40,37,92,74,55,37,37
ex01_sad_00319,ex01::THEN THERE'S MIRACLE OF THIRTY FOURTH STREET BUT ONLY WATCH THE ORIGINAL,asr_3408,speaker_count_3408_last,0,10,70,20,55,15,10
ex01_sad_00319,ex01::THEN THERE'S MIRACLE OF THIRTY FOURTH STREET BUT ONLY WATCH THE ORIGINAL,asr_3408,speaker_count_3408_last,20,14,70,28,55,15,14
ex01_sad_00319,ex01::THEN THERE'S MIRACLE OF THIRTY FOURTH STREET BUT ONLY WATCH THE ORIGINAL,asr_3408,speaker_count_3408_last,40,14,70,28,55,15,14
ex01_sad_00319,ex01::THEN THERE'S MIRACLE OF THIRTY FOURTH STREET BUT ONLY WATCH THE ORIGINAL,emotion_3408,intent_3408_last,0,23,65,46,28,37,23
ex01_sad_00319,ex01::THEN THERE'S MIRACLE OF THIRTY FOURTH STREET BUT ONLY WATCH THE ORIGINAL,emotion_3408,intent_3408_last,20,26,65,52,28,37,26
ex01_sad_00319,ex01::THEN THERE'S MIRACLE OF THIRTY FOURTH STREET BUT ONLY WATCH THE ORIGINAL,emotion_3408,intent_3408_last,40,27,65,54,28,37,30
ex01_sad_00319,ex01::THEN THERE'S MIRACLE OF THIRTY FOURTH STREET BUT ONLY WATCH THE ORIGINAL,emotion_3408,speaker_count_3408_last,0,11,43,22,28,15,11
ex01_sad_00319,ex01::THEN THERE'S MIRACLE OF THIRTY FOURTH STREET BUT ONLY WATCH THE ORIGINAL,emotion_3408,speaker_count_3408_last,20,13,43,26,28,15,13
ex01_sad_00319,ex01::THEN THERE'S MIRACLE OF THIRTY FOURTH STREET BUT ONLY WATCH THE ORIGINAL,emotion_3408,speaker_count_3408_last,40,13,43,26,28,15,13
ex01_sad_00319,ex01::THEN THERE'S MIRACLE OF THIRTY FOURTH STREET BUT ONLY WATCH THE ORIGINAL,intent_3408_last,speaker_count_3408_last,0,11,52,22,37,15,11
ex01_sad_00319,ex01::THEN THERE'S MIRACLE OF THIRTY FOURTH STREET BUT ONLY WATCH THE ORIGINAL,intent_3408_last,speaker_count_3408_last,20,13,52,26,37,15,13
ex01_sad_00319,ex01::THEN THERE'S MIRACLE OF THIRTY FOURTH STREET BUT ONLY WATCH THE ORIGINAL,intent_3408_last,speaker_count_3408_last,40,13,52,26,37,15,13
ex01_sad_00328,ex01::ANTI AGING CREAMS CAN BRING ON BREAKOUTS,asr_3408,emotion_3408,0,10,55,20,35,20,10
ex01_sad_00328,ex01::ANTI AGING CREAMS CAN BRING ON BREAKOUTS,asr_3408,emotion_3408,20,17,55,34,35,20,17
ex01_sad_00328,ex01::ANTI AGING CREAMS CAN BRING ON BREAKOUTS,asr_3408,emotion_3408,40,19,55,38,35,20,19
ex01_sad_00328,ex01::ANTI AGING CREAMS CAN BRING ON BREAKOUTS,asr_3408,intent_3408_last,0,14,62,28,35,27,14
ex01_sad_00328,ex01::ANTI AGING CREAMS CAN BRING ON BREAKOUTS,asr_3408,intent_3408_last,20,26,62,52,35,27,26
ex01_sad_00328,ex01::ANTI AGING CREAMS CAN BRING ON BREAKOUTS,asr_3408,intent_3408_last,40,27,62,54,35,27,27
ex01_sad_00328,ex01::ANTI AGING CREAMS CAN BRING ON BREAKOUTS,asr_3408,speaker_count_3408_last,0,5,44,10,35,9,5
ex01_sad_00328,ex01::ANTI AGING CREAMS CAN BRING ON BREAKOUTS,asr_3408,speaker_count_3408_last,20,9,44,18,35,9,9
ex01_sad_00328,ex01::ANTI AGING CREAMS CAN BRING ON BREAKOUTS,asr_3408,speaker_count_3408_last,40,9,44,18,35,9,9
ex01_sad_00328,ex01::ANTI AGING CREAMS CAN BRING ON BREAKOUTS,emotion_3408,intent_3408_last,0,14,47,28,20,27,14
ex01_sad_00328,ex01::ANTI AGING CREAMS CAN BRING ON BREAKOUTS,emotion_3408,intent_3408_last,20,17,47,34,20,27,17
ex01_sad_00328,ex01::ANTI AGING CREAMS CAN BRING ON BREAKOUTS,emotion_3408,intent_3408_last,40,19,47,38,20,27,21
ex01_sad_00328,ex01::ANTI AGING CREAMS CAN BRING ON BREAKOUTS,emotion_3408,speaker_count_3408_last,0,5,29,10,20,9,5
ex01_sad_00328,ex01::ANTI AGING CREAMS CAN BRING ON BREAKOUTS,emotion_3408,speaker_count_3408_last,20,9,29,18,20,9,9
ex01_sad_00328,ex01::ANTI AGING CREAMS CAN BRING ON BREAKOUTS,emotion_3408,speaker_count_3408_last,40,9,29,18,20,9,9
ex01_sad_00328,ex01::ANTI AGING CREAMS CAN BRING ON BREAKOUTS,intent_3408_last,speaker_count_3408_last,0,6,36,12,27,9,6
ex01_sad_00328,ex01::ANTI AGING CREAMS CAN BRING ON BREAKOUTS,intent_3408_last,speaker_count_3408_last,20,9,36,18,27,9,9
ex01_sad_00328,ex01::ANTI AGING CREAMS CAN BRING ON BREAKOUTS,intent_3408_last,speaker_count_3408_last,40,9,36,18,27,9,9
ex01_sad_00333,ex01::WHAT ARE YOU NO GOOD AT,asr_3408,emotion_3408,0,4,23,8,17,6,4
ex01_sad_00333,ex01::WHAT ARE YOU NO GOOD AT,asr_3408,emotion_3408,20,6,23,12,17,6,6
ex01_sad_00333,ex01::WHAT ARE YOU NO GOOD AT,asr_3408,emotion_3408,40,6,23,12,17,6,6
ex01_sad_00333,ex01::WHAT ARE YOU NO GOOD AT,asr_3408,intent_3408_last,0,9,29,18,17,12,9
ex01_sad_00333,ex01::WHAT ARE YOU NO GOOD AT,asr_3408,intent_3408_last,20,12,29,24,17,12,12
ex01_sad_00333,ex01::WHAT ARE YOU NO GOOD AT,asr_3408,intent_3408_last,40,12,29,24,17,12,12
ex01_sad_00333,ex01::WHAT ARE YOU NO GOOD AT,asr_3408,speaker_count_3408_last,0,1,23,2,17,6,1
ex01_sad_00333,ex01::WHAT ARE YOU NO GOOD AT,asr_3408,speaker_count_3408_last,20,4,23,8,17,6,4
ex01_sad_00333,ex01::WHAT ARE YOU NO GOOD AT,asr_3408,speaker_count_3408_last,40,4,23,8,17,6,4
ex01_sad_00333,ex01::WHAT ARE YOU NO GOOD AT,emotion_3408,intent_3408_last,0,5,18,10,6,12,5
ex01_sad_00333,ex01::WHAT ARE YOU NO GOOD AT,emotion_3408,intent_3408_last,20,6,18,12,6,12,7
ex01_sad_00333,ex01::WHAT ARE YOU NO GOOD AT,emotion_3408,intent_3408_last,40,6,18,12,6,12,7
ex01_sad_00333,ex01::WHAT ARE YOU NO GOOD AT,emotion_3408,speaker_count_3408_last,0,1,12,2,6,6,1
ex01_sad_00333,ex01::WHAT ARE YOU NO GOOD AT,emotion_3408,speaker_count_3408_last,20,3,12,6,6,6,3
ex01_sad_00333,ex01::WHAT ARE YOU NO GOOD AT,emotion_3408,speaker_count_3408_last,40,4,12,8,6,6,4
ex01_sad_00333,ex01::WHAT ARE YOU NO GOOD AT,intent_3408_last,speaker_count_3408_last,0,1,18,2,12,6,1
ex01_sad_00333,ex01::WHAT ARE YOU NO GOOD AT,intent_3408_last,speaker_count_3408_last,20,4,18,8,12,6,4
ex01_sad_00333,ex01::WHAT ARE YOU NO GOOD AT,intent_3408_last,speaker_count_3408_last,40,4,18,8,12,6,4
ex01_sad_00370,ex01::AT LEAST I DO,asr_3408,emotion_3408,0,4,20,8,14,6,4
ex01_sad_00370,ex01::AT LEAST I DO,asr_3408,emotion_3408,20,5,20,10,14,6,5
ex01_sad_00370,ex01::AT LEAST I DO,asr_3408,emotion_3408,40,6,20,12,14,6,6
ex01_sad_00370,ex01::AT LEAST I DO,asr_3408,intent_3408_last,0,7,23,14,14,9,7
ex01_sad_00370,ex01::AT LEAST I DO,asr_3408,intent_3408_last,20,9,23,18,14,9,9
ex01_sad_00370,ex01::AT LEAST I DO,asr_3408,intent_3408_last,40,9,23,18,14,9,9
ex01_sad_00370,ex01::AT LEAST I DO,asr_3408,speaker_count_3408_last,0,3,18,6,14,4,3
ex01_sad_00370,ex01::AT LEAST I DO,asr_3408,speaker_count_3408_last,20,3,18,6,14,4,3
ex01_sad_00370,ex01::AT LEAST I DO,asr_3408,speaker_count_3408_last,40,3,18,6,14,4,3
ex01_sad_00370,ex01::AT LEAST I DO,emotion_3408,intent_3408_last,0,4,15,8,6,9,4
ex01_sad_00370,ex01::AT LEAST I DO,emotion_3408,intent_3408_last,20,4,15,8,6,9,4
ex01_sad_00370,ex01::AT LEAST I DO,emotion_3408,intent_3408_last,40,6,15,12,6,9,6
ex01_sad_00370,ex01::AT LEAST I DO,emotion_3408,speaker_count_3408_last,0,2,10,4,6,4,2
ex01_sad_00370,ex01::AT LEAST I DO,emotion_3408,speaker_count_3408_last,20,2,10,4,6,4,2
ex01_sad_00370,ex01::AT LEAST I DO,emotion_3408,speaker_count_3408_last,40,2,10,4,6,4,2
ex01_sad_00370,ex01::AT LEAST I DO,intent_3408_last,speaker_count_3408_last,0,2,13,4,9,4,2
ex01_sad_00370,ex01::AT LEAST I DO,intent_3408_last,speaker_count_3408_last,20,2,13,4,9,4,2
ex01_sad_00370,ex01::AT LEAST I DO,intent_3408_last,speaker_count_3408_last,40,2,13,4,9,4,2
ex01_whisper_00028,ex01::HE WROTE GULLIVER'S TRAVEL,asr_3408,emotion_3408,0,11,44,22,28,16,11
ex01_whisper_00028,ex01::HE WROTE GULLIVER'S TRAVEL,asr_3408,emotion_3408,20,16,44,32,28,16,16
ex01_whisper_00028,ex01::HE WROTE GULLIVER'S TRAVEL,asr_3408,emotion_3408,40,16,44,32,28,16,16
ex01_whisper_00028,ex01::HE WROTE GULLIVER'S TRAVEL,asr_3408,intent_3408_last,0,15,46,30,28,18,15
ex01_whisper_00028,ex01::HE WROTE GULLIVER'S TRAVEL,asr_3408,intent_3408_last,20,18,46,36,28,18,18
ex01_whisper_00028,ex01::HE WROTE GULLIVER'S TRAVEL,asr_3408,intent_3408_last,40,18,46,36,28,18,18
ex01_whisper_00028,ex01::HE WROTE GULLIVER'S TRAVEL,asr_3408,speaker_count_3408_last,0,3,35,6,28,7,3
ex01_whisper_00028,ex01::HE WROTE GULLIVER'S TRAVEL,asr_3408,speaker_count_3408_last,20,6,35,12,28,7,6
ex01_whisper_00028,ex01::HE WROTE GULLIVER'S TRAVEL,asr_3408,speaker_count_3408_last,40,6,35,12,28,7,6
ex01_whisper_00028,ex01::HE WROTE GULLIVER'S TRAVEL,emotion_3408,intent_3408_last,0,12,34,24,16,18,12
ex01_whisper_00028,ex01::HE WROTE GULLIVER'S TRAVEL,emotion_3408,intent_3408_last,20,15,34,30,16,18,15
ex01_whisper_00028,ex01::HE WROTE GULLIVER'S TRAVEL,emotion_3408,intent_3408_last,40,16,34,32,16,18,16
ex01_whisper_00028,ex01::HE WROTE GULLIVER'S TRAVEL,emotion_3408,speaker_count_3408_last,0,3,23,6,16,7,3
ex01_whisper_00028,ex01::HE WROTE GULLIVER'S TRAVEL,emotion_3408,speaker_count_3408_last,20,6,23,12,16,7,6
ex01_whisper_00028,ex01::HE WROTE GULLIVER'S TRAVEL,emotion_3408,speaker_count_3408_last,40,6,23,12,16,7,6
ex01_whisper_00028,ex01::HE WROTE GULLIVER'S TRAVEL,intent_3408_last,speaker_count_3408_last,0,3,25,6,18,7,3
ex01_whisper_00028,ex01::HE WROTE GULLIVER'S TRAVEL,intent_3408_last,speaker_count_3408_last,20,6,25,12,18,7,6
ex01_whisper_00028,ex01::HE WROTE GULLIVER'S TRAVEL,intent_3408_last,speaker_count_3408_last,40,6,25,12,18,7,6
ex01_whisper_00146,ex01::LYNN'S WORKING ON SAGE'S LYRICS,asr_3408,emotion_3408,0,12,50,24,33,17,12
ex01_whisper_00146,ex01::LYNN'S WORKING ON SAGE'S LYRICS,asr_3408,emotion_3408,20,16,50,32,33,17,16
ex01_whisper_00146,ex01::LYNN'S WORKING ON SAGE'S LYRICS,asr_3408,emotion_3408,40,17,50,34,33,17,17
ex01_whisper_00146,ex01::LYNN'S WORKING ON SAGE'S LYRICS,asr_3408,intent_3408_last,0,20,60,40,33,27,20
ex01_whisper_00146,ex01::LYNN'S WORKING ON SAGE'S LYRICS,asr_3408,intent_3408_last,20,27,60,54,33,27,27
ex01_whisper_00146,ex01::LYNN'S WORKING ON SAGE'S LYRICS,asr_3408,intent_3408_last,40,27,60,54,33,27,27
ex01_whisper_00146,ex01::LYNN'S WORKING ON SAGE'S LYRICS,asr_3408,speaker_count_3408_last,0,3,41,6,33,8,3
ex01_whisper_00146,ex01::LYNN'S WORKING ON SAGE'S LYRICS,asr_3408,speaker_count_3408_last,20,8,41,16,33,8,8
ex01_whisper_00146,ex01::LYNN'S WORKING ON SAGE'S LYRICS,asr_3408,speaker_count_3408_last,40,8,41,16,33,8,8
ex01_whisper_00146,ex01::LYNN'S WORKING ON SAGE'S LYRICS,emotion_3408,intent_3408_last,0,14,44,28,17,27,14
ex01_whisper_00146,ex01::LYNN'S WORKING ON SAGE'S LYRICS,emotion_3408,intent_3408_last,20,16,44,32,17,27,17
ex01_whisper_00146,ex01::LYNN'S WORKING ON SAGE'S LYRICS,emotion_3408,intent_3408_last,40,16,44,32,17,27,18
ex01_whisper_00146,ex01::LYNN'S WORKING ON SAGE'S LYRICS,emotion_3408,speaker_count_3408_last,0,2,25,4,17,8,2
ex01_whisper_00146,ex01::LYNN'S WORKING ON SAGE'S LYRICS,emotion_3408,speaker_count_3408_last,20,6,25,12,17,8,6
ex01_whisper_00146,ex01::LYNN'S WORKING ON SAGE'S LYRICS,emotion_3408,speaker_count_3408_last,40,6,25,12,17,8,6
ex01_whisper_00146,ex01::LYNN'S WORKING ON SAGE'S LYRICS,intent_3408_last,speaker_count_3408_last,0,3,35,6,27,8,3
ex01_whisper_00146,ex01::LYNN'S WORKING ON SAGE'S LYRICS,intent_3408_last,speaker_count_3408_last,20,8,35,16,27,8,8
ex01_whisper_00146,ex01::LYNN'S WORKING ON SAGE'S LYRICS,intent_3408_last,speaker_count_3408_last,40,8,35,16,27,8,8
ex01_whisper_00156,ex01::WHAT DID THE DEVIL DO NOW,asr_3408,emotion_3408,0,11,41,22,26,15,11
ex01_whisper_00156,ex01::WHAT DID THE DEVIL DO NOW,asr_3408,emotion_3408,20,15,41,30,26,15,15
ex01_whisper_00156,ex01::WHAT DID THE DEVIL DO NOW,asr_3408,emotion_3408,40,15,41,30,26,15,15
ex01_whisper_00156,ex01::WHAT DID THE DEVIL DO NOW,asr_3408,intent_3408_last,0,13,45,26,26,19,13
ex01_whisper_00156,ex01::WHAT DID THE DEVIL DO NOW,asr_3408,intent_3408_last,20,19,45,38,26,19,19
ex01_whisper_00156,ex01::WHAT DID THE DEVIL DO NOW,asr_3408,intent_3408_last,40,19,45,38,26,19,19
ex01_whisper_00156,ex01::WHAT DID THE DEVIL DO NOW,asr_3408,speaker_count_3408_last,0,3,34,6,26,8,3
ex01_whisper_00156,ex01::WHAT DID THE DEVIL DO NOW,asr_3408,speaker_count_3408_last,20,8,34,16,26,8,8
ex01_whisper_00156,ex01::WHAT DID THE DEVIL DO NOW,asr_3408,speaker_count_3408_last,40,8,34,16,26,8,8
ex01_whisper_00156,ex01::WHAT DID THE DEVIL DO NOW,emotion_3408,intent_3408_last,0,12,34,24,15,19,12
ex01_whisper_00156,ex01::WHAT DID THE DEVIL DO NOW,emotion_3408,intent_3408_last,20,15,34,30,15,19,15
ex01_whisper_00156,ex01::WHAT DID THE DEVIL DO NOW,emotion_3408,intent_3408_last,40,15,34,30,15,19,16
ex01_whisper_00156,ex01::WHAT DID THE DEVIL DO NOW,emotion_3408,speaker_count_3408_last,0,3,23,6,15,8,3
ex01_whisper_00156,ex01::WHAT DID THE DEVIL DO NOW,emotion_3408,speaker_count_3408_last,20,6,23,12,15,8,6
ex01_whisper_00156,ex01::WHAT DID THE DEVIL DO NOW,emotion_3408,speaker_count_3408_last,40,7,23,14,15,8,7
ex01_whisper_00156,ex01::WHAT DID THE DEVIL DO NOW,intent_3408_last,speaker_count_3408_last,0,4,27,8,19,8,4
ex01_whisper_00156,ex01::WHAT DID THE DEVIL DO NOW,intent_3408_last,speaker_count_3408_last,20,8,27,16,19,8,8
ex01_whisper_00156,ex01::WHAT DID THE DEVIL DO NOW,intent_3408_last,speaker_count_3408_last,40,8,27,16,19,8,8
ex01_whisper_00163,ex01::OUT OF NOWHERE YOU GET BLINDSIDED,asr_3408,emotion_3408,0,9,44,18,30,14,9
ex01_whisper_00163,ex01::OUT OF NOWHERE YOU GET BLINDSIDED,asr_3408,emotion_3408,20,14,44,28,30,14,14
ex01_whisper_00163,ex01::OUT OF NOWHERE YOU GET BLINDSIDED,asr_3408,emotion_3408,40,14,44,28,30,14,14
ex01_whisper_00163,ex01::OUT OF NOWHERE YOU GET BLINDSIDED,asr_3408,intent_3408_last,0,17,51,34,30,21,17
ex01_whisper_00163,ex01::OUT OF NOWHERE YOU GET BLINDSIDED,asr_3408,intent_3408_last,20,21,51,42,30,21,21
ex01_whisper_00163,ex01::OUT OF NOWHERE YOU GET BLINDSIDED,asr_3408,intent_3408_last,40,21,51,42,30,21,21
ex01_whisper_00163,ex01::OUT OF NOWHERE YOU GET BLINDSIDED,asr_3408,speaker_count_3408_last,0,2,36,4,30,6,2
ex01_whisper_00163,ex01::OUT OF NOWHERE YOU GET BLINDSIDED,asr_3408,speaker_count_3408_last,20,6,36,12,30,6,6
ex01_whisper_00163,ex01::OUT OF NOWHERE YOU GET BLINDSIDED,asr_3408,speaker_count_3408_last,40,6,36,12,30,6,6
ex01_whisper_00163,ex01::OUT OF NOWHERE YOU GET BLINDSIDED,emotion_3408,intent_3408_last,0,6,35,12,14,21,6
ex01_whisper_00163,ex01::OUT OF NOWHERE YOU GET BLINDSIDED,emotion_3408,intent_3408_last,20,12,35,24,14,21,15
ex01_whisper_00163,ex01::OUT OF NOWHERE YOU GET BLINDSIDED,emotion_3408,intent_3408_last,40,14,35,28,14,21,18
ex01_whisper_00163,ex01::OUT OF NOWHERE YOU GET BLINDSIDED,emotion_3408,speaker_count_3408_last,0,2,20,4,14,6,2
ex01_whisper_00163,ex01::OUT OF NOWHERE YOU GET BLINDSIDED,emotion_3408,speaker_count_3408_last,20,6,20,12,14,6,6
ex01_whisper_00163,ex01::OUT OF NOWHERE YOU GET BLINDSIDED,emotion_3408,speaker_count_3408_last,40,6,20,12,14,6,6
ex01_whisper_00163,ex01::OUT OF NOWHERE YOU GET BLINDSIDED,intent_3408_last,speaker_count_3408_last,0,4,27,8,21,6,4
ex01_whisper_00163,ex01::OUT OF NOWHERE YOU GET BLINDSIDED,intent_3408_last,speaker_count_3408_last,20,6,27,12,21,6,6
ex01_whisper_00163,ex01::OUT OF NOWHERE YOU GET BLINDSIDED,intent_3408_last,speaker_count_3408_last,40,6,27,12,21,6,6
ex01_whisper_00168,ex01::YOU KNOW WHAT,asr_3408,emotion_3408,0,4,15,8,11,4,4
ex01_whisper_00168,ex01::YOU KNOW WHAT,asr_3408,emotion_3408,20,4,15,8,11,4,4
ex01_whisper_00168,ex01::YOU KNOW WHAT,asr_3408,emotion_3408,40,4,15,8,11,4,4
ex01_whisper_00168,ex01::YOU KNOW WHAT,asr_3408,intent_3408_last,0,7,19,14,11,8,7
ex01_whisper_00168,ex01::YOU KNOW WHAT,asr_3408,intent_3408_last,20,8,19,16,11,8,8
ex01_whisper_00168,ex01::YOU KNOW WHAT,asr_3408,intent_3408_last,40,8,19,16,11,8,8
ex01_whisper_00168,ex01::YOU KNOW WHAT,asr_3408,speaker_count_3408_last,0,0,14,0,11,3,0
ex01_whisper_00168,ex01::YOU KNOW WHAT,asr_3408,speaker_count_3408_last,20,2,14,4,11,3,2
ex01_whisper_00168,ex01::YOU KNOW WHAT,asr_3408,speaker_count_3408_last,40,2,14,4,11,3,2
ex01_whisper_00168,ex01::YOU KNOW WHAT,emotion_3408,intent_3408_last,0,4,12,8,4,8,4
ex01_whisper_00168,ex01::YOU KNOW WHAT,emotion_3408,intent_3408_last,20,4,12,8,4,8,4
ex01_whisper_00168,ex01::YOU KNOW WHAT,emotion_3408,intent_3408_last,40,4,12,8,4,8,4
ex01_whisper_00168,ex01::YOU KNOW WHAT,emotion_3408,speaker_count_3408_last,0,0,7,0,4,3,0
ex01_whisper_00168,ex01::YOU KNOW WHAT,emotion_3408,speaker_count_3408_last,20,2,7,4,4,3,2
ex01_whisper_00168,ex01::YOU KNOW WHAT,emotion_3408,speaker_count_3408_last,40,2,7,4,4,3,2
ex01_whisper_00168,ex01::YOU KNOW WHAT,intent_3408_last,speaker_count_3408_last,0,0,11,0,8,3,0
ex01_whisper_00168,ex01::YOU KNOW WHAT,intent_3408_last,speaker_count_3408_last,20,2,11,4,8,3,2
ex01_whisper_00168,ex01::YOU KNOW WHAT,intent_3408_last,speaker_count_3408_last,40,2,11,4,8,3,2
ex01_whisper_00255,ex01::MARIAN,asr_3408,emotion_3408,0,1,9,2,7,2,1
ex01_whisper_00255,ex01::MARIAN,asr_3408,emotion_3408,20,1,9,2,7,2,1
ex01_whisper_00255,ex01::MARIAN,asr_3408,emotion_3408,40,2,9,4,7,2,2
ex01_whisper_00255,ex01::MARIAN,asr_3408,intent_3408_last,0,2,13,4,7,6,2
ex01_whisper_00255,ex01::MARIAN,asr_3408,intent_3408_last,20,5,13,10,7,6,5
ex01_whisper_00255,ex01::MARIAN,asr_3408,intent_3408_last,40,6,13,12,7,6,6
ex01_whisper_00255,ex01::MARIAN,asr_3408,speaker_count_3408_last,0,0,8,0,7,1,0
ex01_whisper_00255,ex01::MARIAN,asr_3408,speaker_count_3408_last,20,0,8,0,7,1,0
ex01_whisper_00255,ex01::MARIAN,asr_3408,speaker_count_3408_last,40,1,8,2,7,1,1
ex01_whisper_00255,ex01::MARIAN,emotion_3408,intent_3408_last,0,1,8,2,2,6,1
ex01_whisper_00255,ex01::MARIAN,emotion_3408,intent_3408_last,20,2,8,4,2,6,2
ex01_whisper_00255,ex01::MARIAN,emotion_3408,intent_3408_last,40,2,8,4,2,6,2
ex01_whisper_00255,ex01::MARIAN,emotion_3408,speaker_count_3408_last,0,0,3,0,2,1,0
ex01_whisper_00255,ex01::MARIAN,emotion_3408,speaker_count_3408_last,20,0,3,0,2,1,0
ex01_whisper_00255,ex01::MARIAN,emotion_3408,speaker_count_3408_last,40,0,3,0,2,1,0
ex01_whisper_00255,ex01::MARIAN,intent_3408_last,speaker_count_3408_last,0,1,7,2,6,1,1
ex01_whisper_00255,ex01::MARIAN,intent_3408_last,speaker_count_3408_last,20,1,7,2,6,1,1
ex01_whisper_00255,ex01::MARIAN,intent_3408_last,speaker_count_3408_last,40,1,7,2,6,1,1
ex01_whisper_00264,ex01::FOR THE FRESH FACE CONTEST,asr_3408,emotion_3408,0,9,34,18,22,12,9
ex01_whisper_00264,ex01::FOR THE FRESH FACE CONTEST,asr_3408,emotion_3408,20,10,34,20,22,12,10
ex01_whisper_00264,ex01::FOR THE FRESH FACE CONTEST,asr_3408,emotion_3408,40,11,34,22,22,12,11
ex01_whisper_00264,ex01::FOR THE FRESH FACE CONTEST,asr_3408,intent_3408_last,0,10,37,20,22,15,10
ex01_whisper_00264,ex01::FOR THE FRESH FACE CONTEST,asr_3408,intent_3408_last,20,14,37,28,22,15,14
ex01_whisper_00264,ex01::FOR THE FRESH FACE CONTEST,asr_3408,intent_3408_last,40,14,37,28,22,15,14
ex01_whisper_00264,ex01::FOR THE FRESH FACE CONTEST,asr_3408,speaker_count_3408_last,0,2,30,4,22,8,2
ex01_whisper_00264,ex01::FOR THE FRESH FACE CONTEST,asr_3408,speaker_count_3408_last,20,6,30,12,22,8,6
ex01_whisper_00264,ex01::FOR THE FRESH FACE CONTEST,asr_3408,speaker_count_3408_last,40,6,30,12,22,8,6
ex01_whisper_00264,ex01::FOR THE FRESH FACE CONTEST,emotion_3408,intent_3408_last,0,10,27,20,12,15,10
ex01_whisper_00264,ex01::FOR THE FRESH FACE CONTEST,emotion_3408,intent_3408_last,20,12,27,24,12,15,12
ex01_whisper_00264,ex01::FOR THE FRESH FACE CONTEST,emotion_3408,intent_3408_last,40,12,27,24,12,15,12
ex01_whisper_00264,ex01::FOR THE FRESH FACE CONTEST,emotion_3408,speaker_count_3408_last,0,2,20,4,12,8,2
ex01_whisper_00264,ex01::FOR THE FRESH FACE CONTEST,emotion_3408,speaker_count_3408_last,20,7,20,14,12,8,7
ex01_whisper_00264,ex01::FOR THE FRESH FACE CONTEST,emotion_3408,speaker_count_3408_last,40,7,20,14,12,8,7
ex01_whisper_00264,ex01::FOR THE FRESH FACE CONTEST,intent_3408_last,speaker_count_3408_last,0,2,23,4,15,8,2
ex01_whisper_00264,ex01::FOR THE FRESH FACE CONTEST,intent_3408_last,speaker_count_3408_last,20,7,23,14,15,8,7
ex01_whisper_00264,ex01::FOR THE FRESH FACE CONTEST,intent_3408_last,speaker_count_3408_last,40,7,23,14,15,8,7
ex01_whisper_00279,ex01::AND DEPRIVE MYSELF OF THE PLEASURE OF WATCHING YOU SQUIRM,asr_3408,emotion_3408,0,15,67,30,45,22,15
ex01_whisper_00279,ex01::AND DEPRIVE MYSELF OF THE PLEASURE OF WATCHING YOU SQUIRM,asr_3408,emotion_3408,20,22,67,44,45,22,22
ex01_whisper_00279,ex01::AND DEPRIVE MYSELF OF THE PLEASURE OF WATCHING YOU SQUIRM,asr_3408,emotion_3408,40,22,67,44,45,22,22
ex01_whisper_00279,ex01::AND DEPRIVE MYSELF OF THE PLEASURE OF WATCHING YOU SQUIRM,asr_3408,intent_3408_last,0,25,79,50,45,34,25
ex01_whisper_00279,ex01::AND DEPRIVE MYSELF OF THE PLEASURE OF WATCHING YOU SQUIRM,asr_3408,intent_3408_last,20,33,79,66,45,34,33
ex01_whisper_00279,ex01::AND DEPRIVE MYSELF OF THE PLEASURE OF WATCHING YOU SQUIRM,asr_3408,intent_3408_last,40,33,79,66,45,34,33
ex01_whisper_00279,ex01::AND DEPRIVE MYSELF OF THE PLEASURE OF WATCHING YOU SQUIRM,asr_3408,speaker_count_3408_last,0,7,57,14,45,12,7
ex01_whisper_00279,ex01::AND DEPRIVE MYSELF OF THE PLEASURE OF WATCHING YOU SQUIRM,asr_3408,speaker_count_3408_last,20,11,57,22,45,12,11
ex01_whisper_00279,ex01::AND DEPRIVE MYSELF OF THE PLEASURE OF WATCHING YOU SQUIRM,asr_3408,speaker_count_3408_last,40,12,57,24,45,12,12
ex01_whisper_00279,ex01::AND DEPRIVE MYSELF OF THE PLEASURE OF WATCHING YOU SQUIRM,emotion_3408,intent_3408_last,0,16,56,32,22,34,16
ex01_whisper_00279,ex01::AND DEPRIVE MYSELF OF THE PLEASURE OF WATCHING YOU SQUIRM,emotion_3408,intent_3408_last,20,20,56,40,22,34,20
ex01_whisper_00279,ex01::AND DEPRIVE MYSELF OF THE PLEASURE OF WATCHING YOU SQUIRM,emotion_3408,intent_3408_last,40,22,56,44,22,34,24
ex01_whisper_00279,ex01::AND DEPRIVE MYSELF OF THE PLEASURE OF WATCHING YOU SQUIRM,emotion_3408,speaker_count_3408_last,0,5,34,10,22,12,5
ex01_whisper_00279,ex01::AND DEPRIVE MYSELF OF THE PLEASURE OF WATCHING YOU SQUIRM,emotion_3408,speaker_count_3408_last,20,12,34,24,22,12,12
ex01_whisper_00279,ex01::AND DEPRIVE MYSELF OF THE PLEASURE OF WATCHING YOU SQUIRM,emotion_3408,speaker_count_3408_last,40,12,34,24,22,12,12
ex01_whisper_00279,ex01::AND DEPRIVE MYSELF OF THE PLEASURE OF WATCHING YOU SQUIRM,intent_3408_last,speaker_count_3408_last,0,6,46,12,34,12,6
ex01_whisper_00279,ex01::AND DEPRIVE MYSELF OF THE PLEASURE OF WATCHING YOU SQUIRM,intent_3408_last,speaker_count_3408_last,20,11,46,22,34,12,11
ex01_whisper_00279,ex01::AND DEPRIVE MYSELF OF THE PLEASURE OF WATCHING YOU SQUIRM,intent_3408_last,speaker_count_3408_last,40,12,46,24,34,12,12
ex01_whisper_00284,ex01::WHERE'D MY POPS GO,asr_3408,emotion_3408,0,5,21,10,15,6,5
ex01_whisper_00284,ex01::WHERE'D MY POPS GO,asr_3408,emotion_3408,20,6,21,12,15,6,6
ex01_whisper_00284,ex01::WHERE'D MY POPS GO,asr_3408,emotion_3408,40,6,21,12,15,6,6
ex01_whisper_00284,ex01::WHERE'D MY POPS GO,asr_3408,intent_3408_last,0,7,26,14,15,11,7
ex01_whisper_00284,ex01::WHERE'D MY POPS GO,asr_3408,intent_3408_last,20,10,26,20,15,11,10
ex01_whisper_00284,ex01::WHERE'D MY POPS GO,asr_3408,intent_3408_last,40,11,26,22,15,11,11
ex01_whisper_00284,ex01::WHERE'D MY POPS GO,asr_3408,speaker_count_3408_last,0,4,19,8,15,4,4
ex01_whisper_00284,ex01::WHERE'D MY POPS GO,asr_3408,speaker_count_3408_last,20,4,19,8,15,4,4
ex01_whisper_00284,ex01::WHERE'D MY POPS GO,asr_3408,speaker_count_3408_last,40,4,19,8,15,4,4
ex01_whisper_00284,ex01::WHERE'D MY POPS GO,emotion_3408,intent_3408_last,0,5,17,10,6,11,5
ex01_whisper_00284,ex01::WHERE'D MY POPS GO,emotion_3408,intent_3408_last,20,6,17,12,6,11,6
ex01_whisper_00284,ex01::WHERE'D MY POPS GO,emotion_3408,intent_3408_last,40,6,17,12,6,11,7
ex01_whisper_00284,ex01::WHERE'D MY POPS GO,emotion_3408,speaker_count_3408_last,0,4,10,8,6,4,4
ex01_whisper_00284,ex01::WHERE'D MY POPS GO,emotion_3408,speaker_count_3408_last,20,4,10,8,6,4,4
ex01_whisper_00284,ex01::WHERE'D MY POPS GO,emotion_3408,speaker_count_3408_last,40,4,10,8,6,4,4
ex01_whisper_00284,ex01::WHERE'D MY POPS GO,intent_3408_last,speaker_count_3408_last,0,4,15,8,11,4,4
ex01_whisper_00284,ex01::WHERE'D MY POPS GO,intent_3408_last,speaker_count_3408_last,20,4,15,8,11,4,4
ex01_whisper_00284,ex01::WHERE'D MY POPS GO,intent_3408_last,speaker_count_3408_last,40,4,15,8,11,4,4
ex01_whisper_00299,ex01::ARE ANNA FARIS AND CHRIS PRATT SEPARATING,asr_3408,emotion_3408,0,13,59,26,38,21,13
ex01_whisper_00299,ex01::ARE ANNA FARIS AND CHRIS PRATT SEPARATING,asr_3408,emotion_3408,20,19,59,38,38,21,19
ex01_whisper_00299,ex01::ARE ANNA FARIS AND CHRIS PRATT SEPARATING,asr_3408,emotion_3408,40,21,59,42,38,21,21
ex01_whisper_00299,ex01::ARE ANNA FARIS AND CHRIS PRATT SEPARATING,asr_3408,intent_3408_last,0,19,65,38,38,27,19
ex01_whisper_00299,ex01::ARE ANNA FARIS AND CHRIS PRATT SEPARATING,asr_3408,intent_3408_last,20,27,65,54,38,27,27
ex01_whisper_00299,ex01::ARE ANNA FARIS AND CHRIS PRATT SEPARATING,asr_3408,intent_3408_last,40,27,65,54,38,27,27
ex01_whisper_00299,ex01::ARE ANNA FARIS AND CHRIS PRATT SEPARATING,asr_3408,speaker_count_3408_last,0,6,48,12,38,10,6
ex01_whisper_00299,ex01::ARE ANNA FARIS AND CHRIS PRATT SEPARATING,asr_3408,speaker_count_3408_last,20,9,48,18,38,10,9
ex01_whisper_00299,ex01::ARE ANNA FARIS AND CHRIS PRATT SEPARATING,asr_3408,speaker_count_3408_last,40,10,48,20,38,10,10
ex01_whisper_00299,ex01::ARE ANNA FARIS AND CHRIS PRATT SEPARATING,emotion_3408,intent_3408_last,0,11,48,22,21,27,11
ex01_whisper_00299,ex01::ARE ANNA FARIS AND CHRIS PRATT SEPARATING,emotion_3408,intent_3408_last,20,19,48,38,21,27,20
ex01_whisper_00299,ex01::ARE ANNA FARIS AND CHRIS PRATT SEPARATING,emotion_3408,intent_3408_last,40,21,48,42,21,27,23
ex01_whisper_00299,ex01::ARE ANNA FARIS AND CHRIS PRATT SEPARATING,emotion_3408,speaker_count_3408_last,0,5,31,10,21,10,5
ex01_whisper_00299,ex01::ARE ANNA FARIS AND CHRIS PRATT SEPARATING,emotion_3408,speaker_count_3408_last,20,9,31,18,21,10,9
ex01_whisper_00299,ex01::ARE ANNA FARIS AND CHRIS PRATT SEPARATING,emotion_3408,speaker_count_3408_last,40,9,31,18,21,10,9
ex01_whisper_00299,ex01::ARE ANNA FARIS AND CHRIS PRATT SEPARATING,intent_3408_last,speaker_count_3408_last,0,5,37,10,27,10,5
ex01_whisper_00299,ex01::ARE ANNA FARIS AND CHRIS PRATT SEPARATING,intent_3408_last,speaker_count_3408_last,20,8,37,16,27,10,8
ex01_whisper_00299,ex01::ARE ANNA FARIS AND CHRIS PRATT SEPARATING,intent_3408_last,speaker_count_3408_last,40,10,37,20,27,10,10
ex01_whisper_00301,ex01::OKAY IS THAT IS THAT GLOVER,asr_3408,emotion_3408,0,7,35,14,25,10,7
ex01_whisper_00301,ex01::OKAY IS THAT IS THAT GLOVER,asr_3408,emotion_3408,20,10,35,20,25,10,10
ex01_whisper_00301,ex01::OKAY IS THAT IS THAT GLOVER,asr_3408,emotion_3408,40,10,35,20,25,10,10
ex01_whisper_00301,ex01::OKAY IS THAT IS THAT GLOVER,asr_3408,intent_3408_last,0,12,43,24,25,18,12
ex01_whisper_00301,ex01::OKAY IS THAT IS THAT GLOVER,asr_3408,intent_3408_last,20,18,43,36,25,18,18
ex01_whisper_00301,ex01::OKAY IS THAT IS THAT GLOVER,asr_3408,intent_3408_last,40,18,43,36,25,18,18
ex01_whisper_00301,ex01::OKAY IS THAT IS THAT GLOVER,asr_3408,speaker_count_3408_last,0,4,32,8,25,7,4
ex01_whisper_00301,ex01::OKAY IS THAT IS THAT GLOVER,asr_3408,speaker_count_3408_last,20,7,32,14,25,7,7
ex01_whisper_00301,ex01::OKAY IS THAT IS THAT GLOVER,asr_3408,speaker_count_3408_last,40,7,32,14,25,7,7
ex01_whisper_00301,ex01::OKAY IS THAT IS THAT GLOVER,emotion_3408,intent_3408_last,0,8,28,16,10,18,8
ex01_whisper_00301,ex01::OKAY IS THAT IS THAT GLOVER,emotion_3408,intent_3408_last,20,10,28,20,10,18,10
ex01_whisper_00301,ex01::OKAY IS THAT IS THAT GLOVER,emotion_3408,intent_3408_last,40,10,28,20,10,18,10
ex01_whisper_00301,ex01::OKAY IS THAT IS THAT GLOVER,emotion_3408,speaker_count_3408_last,0,2,17,4,10,7,2
ex01_whisper_00301,ex01::OKAY IS THAT IS THAT GLOVER,emotion_3408,speaker_count_3408_last,20,4,17,8,10,7,4
ex01_whisper_00301,ex01::OKAY IS THAT IS THAT GLOVER,emotion_3408,speaker_count_3408_last,40,4,17,8,10,7,4
ex01_whisper_00301,ex01::OKAY IS THAT IS THAT GLOVER,intent_3408_last,speaker_count_3408_last,0,4,25,8,18,7,4
ex01_whisper_00301,ex01::OKAY IS THAT IS THAT GLOVER,intent_3408_last,speaker_count_3408_last,20,6,25,12,18,7,6
ex01_whisper_00301,ex01::OKAY IS THAT IS THAT GLOVER,intent_3408_last,speaker_count_3408_last,40,6,25,12,18,7,6
ex01_whisper_00319,ex01::THEN THERE'S MIRACLE OF THIRTY FOURTH STREET BUT ONLY WATCH THE ORIGINAL,asr_3408,emotion_3408,0,22,91,44,59,32,22
ex01_whisper_00319,ex01::THEN THERE'S MIRACLE OF THIRTY FOURTH STREET BUT ONLY WATCH THE ORIGINAL,asr_3408,emotion_3408,20,31,91,62,59,32,31
ex01_whisper_00319,ex01::THEN THERE'S MIRACLE OF THIRTY FOURTH STREET BUT ONLY WATCH THE ORIGINAL,asr_3408,emotion_3408,40,32,91,64,59,32,32
ex01_whisper_00319,ex01::THEN THERE'S MIRACLE OF THIRTY FOURTH STREET BUT ONLY WATCH THE ORIGINAL,asr_3408,intent_3408_last,0,29,96,58,59,37,29
ex01_whisper_00319,ex01::THEN THERE'S MIRACLE OF THIRTY FOURTH STREET BUT ONLY WATCH THE ORIGINAL,asr_3408,intent_3408_last,20,37,96,74,59,37,37
ex01_whisper_00319,ex01::THEN THERE'S MIRACLE OF THIRTY FOURTH STREET BUT ONLY WATCH THE ORIGINAL,asr_3408,intent_3408_last,40,37,96,74,59,37,37
ex01_whisper_00319,ex01::THEN THERE'S MIRACLE OF THIRTY FOURTH STREET BUT ONLY WATCH THE ORIGINAL,asr_3408,speaker_count_3408_last,0,9,75,18,59,16,9
ex01_whisper_00319,ex01::THEN THERE'S MIRACLE OF THIRTY FOURTH STREET BUT ONLY WATCH THE ORIGINAL,asr_3408,speaker_count_3408_last,20,14,75,28,59,16,14
ex01_whisper_00319,ex01::THEN THERE'S MIRACLE OF THIRTY FOURTH STREET BUT ONLY WATCH THE ORIGINAL,asr_3408,speaker_count_3408_last,40,15,75,30,59,16,15
ex01_whisper_00319,ex01::THEN THERE'S MIRACLE OF THIRTY FOURTH STREET BUT ONLY WATCH THE ORIGINAL,emotion_3408,intent_3408_last,0,22,69,44,32,37,22
ex01_whisper_00319,ex01::THEN THERE'S MIRACLE OF THIRTY FOURTH STREET BUT ONLY WATCH THE ORIGINAL,emotion_3408,intent_3408_last,20,30,69,60,32,37,30
ex01_whisper_00319,ex01::THEN THERE'S MIRACLE OF THIRTY FOURTH STREET BUT ONLY WATCH THE ORIGINAL,emotion_3408,intent_3408_last,40,30,69,60,32,37,31
ex01_whisper_00319,ex01::THEN THERE'S MIRACLE OF THIRTY FOURTH STREET BUT ONLY WATCH THE ORIGINAL,emotion_3408,speaker_count_3408_last,0,10,48,20,32,16,10
ex01_whisper_00319,ex01::THEN THERE'S MIRACLE OF THIRTY FOURTH STREET BUT ONLY WATCH THE ORIGINAL,emotion_3408,speaker_count_3408_last,20,14,48,28,32,16,14
ex01_whisper_00319,ex01::THEN THERE'S MIRACLE OF THIRTY FOURTH STREET BUT ONLY WATCH THE ORIGINAL,emotion_3408,speaker_count_3408_last,40,15,48,30,32,16,15
ex01_whisper_00319,ex01::THEN THERE'S MIRACLE OF THIRTY FOURTH STREET BUT ONLY WATCH THE ORIGINAL,intent_3408_last,speaker_count_3408_last,0,10,53,20,37,16,10
ex01_whisper_00319,ex01::THEN THERE'S MIRACLE OF THIRTY FOURTH STREET BUT ONLY WATCH THE ORIGINAL,intent_3408_last,speaker_count_3408_last,20,15,53,30,37,16,15
ex01_whisper_00319,ex01::THEN THERE'S MIRACLE OF THIRTY FOURTH STREET BUT ONLY WATCH THE ORIGINAL,intent_3408_last,speaker_count_3408_last,40,15,53,30,37,16,15
ex01_whisper_00328,ex01::ANTI AGING CREAMS CAN BRING ON BREAKOUTS,asr_3408,emotion_3408,0,12,56,24,36,20,12
ex01_whisper_00328,ex01::ANTI AGING CREAMS CAN BRING ON BREAKOUTS,asr_3408,emotion_3408,20,19,56,38,36,20,19
ex01_whisper_00328,ex01::ANTI AGING CREAMS CAN BRING ON BREAKOUTS,asr_3408,emotion_3408,40,20,56,40,36,20,20
ex01_whisper_00328,ex01::ANTI AGING CREAMS CAN BRING ON BREAKOUTS,asr_3408,intent_3408_last,0,20,65,40,36,29,20
ex01_whisper_00328,ex01::ANTI AGING CREAMS CAN BRING ON BREAKOUTS,asr_3408,intent_3408_last,20,27,65,54,36,29,27
ex01_whisper_00328,ex01::ANTI AGING CREAMS CAN BRING ON BREAKOUTS,asr_3408,intent_3408_last,40,29,65,58,36,29,29
ex01_whisper_00328,ex01::ANTI AGING CREAMS CAN BRING ON BREAKOUTS,asr_3408,speaker_count_3408_last,0,3,48,6,36,12,3
ex01_whisper_00328,ex01::ANTI AGING CREAMS CAN BRING ON BREAKOUTS,asr_3408,speaker_count_3408_last,20,9,48,18,36,12,9
ex01_whisper_00328,ex01::ANTI AGING CREAMS CAN BRING ON BREAKOUTS,asr_3408,speaker_count_3408_last,40,9,48,18,36,12,9
ex01_whisper_00328,ex01::ANTI AGING CREAMS CAN BRING ON BREAKOUTS,emotion_3408,intent_3408_last,0,9,49,18,20,29,9
ex01_whisper_00328,ex01::ANTI AGING CREAMS CAN BRING ON BREAKOUTS,emotion_3408,intent_3408_last,20,17,49,34,20,29,18
ex01_whisper_00328,ex01::ANTI AGING CREAMS CAN BRING ON BREAKOUTS,emotion_3408,intent_3408_last,40,20,49,40,20,29,23
ex01_whisper_00328,ex01::ANTI AGING CREAMS CAN BRING ON BREAKOUTS,emotion_3408,speaker_count_3408_last,0,3,32,6,20,12,3
ex01_whisper_00328,ex01::ANTI AGING CREAMS CAN BRING ON BREAKOUTS,emotion_3408,speaker_count_3408_last,20,8,32,16,20,12,8
ex01_whisper_00328,ex01::ANTI AGING CREAMS CAN BRING ON BREAKOUTS,emotion_3408,speaker_count_3408_last,40,9,32,18,20,12,9
ex01_whisper_00328,ex01::ANTI AGING CREAMS CAN BRING ON BREAKOUTS,intent_3408_last,speaker_count_3408_last,0,4,41,8,29,12,4
ex01_whisper_00328,ex01::ANTI AGING CREAMS CAN BRING ON BREAKOUTS,intent_3408_last,speaker_count_3408_last,20,9,41,18,29,12,9
ex01_whisper_00328,ex01::ANTI AGING CREAMS CAN BRING ON BREAKOUTS,intent_3408_last,speaker_count_3408_last,40,9,41,18,29,12,9
ex01_whisper_00333,ex01::WHAT ARE YOU NO GOOD AT,asr_3408,emotion_3408,0,4,24,8,18,6,4
ex01_whisper_00333,ex01::WHAT ARE YOU NO GOOD AT,asr_3408,emotion_3408,20,5,24,10,18,6,5
ex01_whisper_00333,ex01::WHAT ARE YOU NO GOOD AT,asr_3408,emotion_3408,40,6,24,12,18,6,6
ex01_whisper_00333,ex01::WHAT ARE YOU NO GOOD AT,asr_3408,intent_3408_last,0,9,31,18,18,13,9
ex01_whisper_00333,ex01::WHAT ARE YOU NO GOOD AT,asr_3408,intent_3408_last,20,13,31,26,18,13,13
ex01_whisper_00333,ex01::WHAT ARE YOU NO GOOD AT,asr_3408,intent_3408_last,40,13,31,26,18,13,13
ex01_whisper_00333,ex01::WHAT ARE YOU NO GOOD AT,asr_3408,speaker_count_3408_last,0,3,23,6,18,5,3
ex01_whisper_00333,ex01::WHAT ARE YOU NO GOOD AT,asr_3408,speaker_count_3408_last,20,4,23,8,18,5,4
ex01_whisper_00333,ex01::WHAT ARE YOU NO GOOD AT,asr_3408,speaker_count_3408_last,40,4,23,8,18,5,4
ex01_whisper_00333,ex01::WHAT ARE YOU NO GOOD AT,emotion_3408,intent_3408_last,0,3,19,6,6,13,3
ex01_whisper_00333,ex01::WHAT ARE YOU NO GOOD AT,emotion_3408,intent_3408_last,20,6,19,12,6,13,6
ex01_whisper_00333,ex01::WHAT ARE YOU NO GOOD AT,emotion_3408,intent_3408_last,40,6,19,12,6,13,6
ex01_whisper_00333,ex01::WHAT ARE YOU NO GOOD AT,emotion_3408,speaker_count_3408_last,0,1,11,2,6,5,1
ex01_whisper_00333,ex01::WHAT ARE YOU NO GOOD AT,emotion_3408,speaker_count_3408_last,20,3,11,6,6,5,3
ex01_whisper_00333,ex01::WHAT ARE YOU NO GOOD AT,emotion_3408,speaker_count_3408_last,40,4,11,8,6,5,4
ex01_whisper_00333,ex01::WHAT ARE YOU NO GOOD AT,intent_3408_last,speaker_count_3408_last,0,2,18,4,13,5,2
ex01_whisper_00333,ex01::WHAT ARE YOU NO GOOD AT,intent_3408_last,speaker_count_3408_last,20,3,18,6,13,5,3
ex01_whisper_00333,ex01::WHAT ARE YOU NO GOOD AT,intent_3408_last,speaker_count_3408_last,40,3,18,6,13,5,3
ex01_whisper_00370,ex01::AT LEAST I DO,asr_3408,emotion_3408,0,4,17,8,11,6,4
ex01_whisper_00370,ex01::AT LEAST I DO,asr_3408,emotion_3408,20,5,17,10,11,6,5
ex01_whisper_00370,ex01::AT LEAST I DO,asr_3408,emotion_3408,40,6,17,12,11,6,6
ex01_whisper_00370,ex01::AT LEAST I DO,asr_3408,intent_3408_last,0,7,20,14,11,9,7
ex01_whisper_00370,ex01::AT LEAST I DO,asr_3408,intent_3408_last,20,8,20,16,11,9,8
ex01_whisper_00370,ex01::AT LEAST I DO,asr_3408,intent_3408_last,40,9,20,18,11,9,9
ex01_whisper_00370,ex01::AT LEAST I DO,asr_3408,speaker_count_3408_last,0,2,14,4,11,3,2
ex01_whisper_00370,ex01::AT LEAST I DO,asr_3408,speaker_count_3408_last,20,3,14,6,11,3,3
ex01_whisper_00370,ex01::AT LEAST I DO,asr_3408,speaker_count_3408_last,40,3,14,6,11,3,3
ex01_whisper_00370,ex01::AT LEAST I DO,emotion_3408,intent_3408_last,0,4,15,8,6,9,4
ex01_whisper_00370,ex01::AT LEAST I DO,emotion_3408,intent_3408_last,20,6,15,12,6,9,6
ex01_whisper_00370,ex01::AT LEAST I DO,emotion_3408,intent_3408_last,40,6,15,12,6,9,6
ex01_whisper_00370,ex01::AT LEAST I DO,emotion_3408,speaker_count_3408_last,0,2,9,4,6,3,2
ex01_whisper_00370,ex01::AT LEAST I DO,emotion_3408,speaker_count_3408_last,20,3,9,6,6,3,3
ex01_whisper_00370,ex01::AT LEAST I DO,emotion_3408,speaker_count_3408_last,40,3,9,6,6,3,3
ex01_whisper_00370,ex01::AT LEAST I DO,intent_3408_last,speaker_count_3408_last,0,2,12,4,9,3,2
ex01_whisper_00370,ex01::AT LEAST I DO,intent_3408_last,speaker_count_3408_last,20,3,12,6,9,3,3
ex01_whisper_00370,ex01::AT LEAST I DO,intent_3408_last,speaker_count_3408_last,40,3,12,6,9,3,3
ex02_confused_00028,ex02::WHAT DO YA THINK YOU'RE DOING,asr_3408,emotion_3408,0,5,27,10,20,7,5
ex02_confused_00028,ex02::WHAT DO YA THINK YOU'RE DOING,asr_3408,emotion_3408,20,6,27,12,20,7,6
ex02_confused_00028,ex02::WHAT DO YA THINK YOU'RE DOING,asr_3408,emotion_3408,40,7,27,14,20,7,7
ex02_confused_00028,ex02::WHAT DO YA THINK YOU'RE DOING,asr_3408,intent_3408_last,0,6,34,12,20,14,6
ex02_confused_00028,ex02::WHAT DO YA THINK YOU'RE DOING,asr_3408,intent_3408_last,20,13,34,26,20,14,13
ex02_confused_00028,ex02::WHAT DO YA THINK YOU'RE DOING,asr_3408,intent_3408_last,40,13,34,26,20,14,13
ex02_confused_00028,ex02::WHAT DO YA THINK YOU'RE DOING,asr_3408,speaker_count_3408_last,0,1,24,2,20,4,1
ex02_confused_00028,ex02::WHAT DO YA THINK YOU'RE DOING,asr_3408,speaker_count_3408_last,20,3,24,6,20,4,3
ex02_confused_00028,ex02::WHAT DO YA THINK YOU'RE DOING,asr_3408,speaker_count_3408_last,40,3,24,6,20,4,3
ex02_confused_00028,ex02::WHAT DO YA THINK YOU'RE DOING,emotion_3408,intent_3408_last,0,4,21,8,7,14,4
ex02_confused_00028,ex02::WHAT DO YA THINK YOU'RE DOING,emotion_3408,intent_3408_last,20,6,21,12,7,14,6
ex02_confused_00028,ex02::WHAT DO YA THINK YOU'RE DOING,emotion_3408,intent_3408_last,40,6,21,12,7,14,7
ex02_confused_00028,ex02::WHAT DO YA THINK YOU'RE DOING,emotion_3408,speaker_count_3408_last,0,1,11,2,7,4,1
ex02_confused_00028,ex02::WHAT DO YA THINK YOU'RE DOING,emotion_3408,speaker_count_3408_last,20,3,11,6,7,4,3
ex02_confused_00028,ex02::WHAT DO YA THINK YOU'RE DOING,emotion_3408,speaker_count_3408_last,40,3,11,6,7,4,3
ex02_confused_00028,ex02::WHAT DO YA THINK YOU'RE DOING,intent_3408_last,speaker_count_3408_last,0,4,18,8,14,4,4
ex02_confused_00028,ex02::WHAT DO YA THINK YOU'RE DOING,intent_3408_last,speaker_count_3408_last,20,4,18,8,14,4,4
ex02_confused_00028,ex02::WHAT DO YA THINK YOU'RE DOING,intent_3408_last,speaker_count_3408_last,40,4,18,8,14,4,4
ex02_confused_00030,ex02::BUT WE ALL HAVE TO LOOK AT OURSELVES,asr_3408,emotion_3408,0,8,45,16,28,17,8
ex02_confused_00030,ex02::BUT WE ALL HAVE TO LOOK AT OURSELVES,asr_3408,emotion_3408,20,14,45,28,28,17,14
ex02_confused_00030,ex02::BUT WE ALL HAVE TO LOOK AT OURSELVES,asr_3408,emotion_3408,40,16,45,32,28,17,16
ex02_confused_00030,ex02::BUT WE ALL HAVE TO LOOK AT OURSELVES,asr_3408,intent_3408_last,0,12,49,24,28,21,12
ex02_confused_00030,ex02::BUT WE ALL HAVE TO LOOK AT OURSELVES,asr_3408,intent_3408_last,20,19,49,38,28,21,19
ex02_confused_00030,ex02::BUT WE ALL HAVE TO LOOK AT OURSELVES,asr_3408,intent_3408_last,40,20,49,40,28,21,20
ex02_confused_00030,ex02::BUT WE ALL HAVE TO LOOK AT OURSELVES,asr_3408,speaker_count_3408_last,0,4,35,8,28,7,4
ex02_confused_00030,ex02::BUT WE ALL HAVE TO LOOK AT OURSELVES,asr_3408,speaker_count_3408_last,20,6,35,12,28,7,6
ex02_confused_00030,ex02::BUT WE ALL HAVE TO LOOK AT OURSELVES,asr_3408,speaker_count_3408_last,40,7,35,14,28,7,7
ex02_confused_00030,ex02::BUT WE ALL HAVE TO LOOK AT OURSELVES,emotion_3408,intent_3408_last,0,11,38,22,17,21,11
ex02_confused_00030,ex02::BUT WE ALL HAVE TO LOOK AT OURSELVES,emotion_3408,intent_3408_last,20,13,38,26,17,21,13
ex02_confused_00030,ex02::BUT WE ALL HAVE TO LOOK AT OURSELVES,emotion_3408,intent_3408_last,40,15,38,30,17,21,17
ex02_confused_00030,ex02::BUT WE ALL HAVE TO LOOK AT OURSELVES,emotion_3408,speaker_count_3408_last,0,5,24,10,17,7,5
ex02_confused_00030,ex02::BUT WE ALL HAVE TO LOOK AT OURSELVES,emotion_3408,speaker_count_3408_last,20,6,24,12,17,7,6
ex02_confused_00030,ex02::BUT WE ALL HAVE TO LOOK AT OURSELVES,emotion_3408,speaker_count_3408_last,40,6,24,12,17,7,6
ex02_confused_00030,ex02::BUT WE ALL HAVE TO LOOK AT OURSELVES,intent_3408_last,speaker_count_3408_last,0,5,28,10,21,7,5
ex02_confused_00030,ex02::BUT WE ALL HAVE TO LOOK AT OURSELVES,intent_3408_last,speaker_count_3408_last,20,6,28,12,21,7,6
ex02_confused_00030,ex02::BUT WE ALL HAVE TO LOOK AT OURSELVES,intent_3408_last,speaker_count_3408_last,40,6,28,12,21,7,6
ex02_confused_00058,ex02::SHE'S ALWAYS HIGH AS A KITE,asr_3408,emotion_3408,0,8,41,16,28,13,8
ex02_confused_00058,ex02::SHE'S ALWAYS HIGH AS A KITE,asr_3408,emotion_3408,20,13,41,26,28,13,13
ex02_confused_00058,ex02::SHE'S ALWAYS HIGH AS A KITE,asr_3408,emotion_3408,40,13,41,26,28,13,13
ex02_confused_00058,ex02::SHE'S ALWAYS HIGH AS A KITE,asr_3408,intent_3408_last,0,13,47,26,28,19,13
ex02_confused_00058,ex02::SHE'S ALWAYS HIGH AS A KITE,asr_3408,intent_3408_last,20,19,47,38,28,19,19
ex02_confused_00058,ex02::SHE'S ALWAYS HIGH AS A KITE,asr_3408,intent_3408_last,40,19,47,38,28,19,19
ex02_confused_00058,ex02::SHE'S ALWAYS HIGH AS A KITE,asr_3408,speaker_count_3408_last,0,3,33,6,28,5,3
ex02_confused_00058,ex02::SHE'S ALWAYS HIGH AS A KITE,asr_3408,speaker_count_3408_last,20,5,33,10,28,5,5
ex02_confused_00058,ex02::SHE'S ALWAYS HIGH AS A KITE,asr_3408,speaker_count_3408_last,40,5,33,10,28,5,5
ex02_confused_00058,ex02::SHE'S ALWAYS HIGH AS A KITE,emotion_3408,intent_3408_last,0,8,32,16,13,19,8
ex02_confused_00058,ex02::SHE'S ALWAYS HIGH AS A KITE,emotion_3408,intent_3408_last,20,12,32,24,13,19,12
ex02_confused_00058,ex02::SHE'S ALWAYS HIGH AS A KITE,emotion_3408,intent_3408_last,40,13,32,26,13,19,14
ex02_confused_00058,ex02::SHE'S ALWAYS HIGH AS A KITE,emotion_3408,speaker_count_3408_last,0,3,18,6,13,5,3
ex02_confused_00058,ex02::SHE'S ALWAYS HIGH AS A KITE,emotion_3408,speaker_count_3408_last,20,5,18,10,13,5,5
ex02_confused_00058,ex02::SHE'S ALWAYS HIGH AS A KITE,emotion_3408,speaker_count_3408_last,40,5,18,10,13,5,5
ex02_confused_00058,ex02::SHE'S ALWAYS HIGH AS A KITE,intent_3408_last,speaker_count_3408_last,0,3,24,6,19,5,3
ex02_confused_00058,ex02::SHE'S ALWAYS HIGH AS A KITE,intent_3408_last,speaker_count_3408_last,20,5,24,10,19,5,5
ex02_confused_00058,ex02::SHE'S ALWAYS HIGH AS A KITE,intent_3408_last,speaker_count_3408_last,40,5,24,10,19,5,5
ex02_confused_00073,ex02::DELETED THE FIRST SECOND OR THIRD ONE,asr_3408,emotion_3408,0,11,54,22,37,17,11
ex02_confused_00073,ex02::DELETED THE FIRST SECOND OR THIRD ONE,asr_3408,emotion_3408,20,16,54,32,37,17,16
ex02_confused_00073,ex02::DELETED THE FIRST SECOND OR THIRD ONE,asr_3408,emotion_3408,40,17,54,34,37,17,17
ex02_confused_00073,ex02::DELETED THE FIRST SECOND OR THIRD ONE,asr_3408,intent_3408_last,0,16,61,32,37,24,16
ex02_confused_00073,ex02::DELETED THE FIRST SECOND OR THIRD ONE,asr_3408,intent_3408_last,20,22,61,44,37,24,22
ex02_confused_00073,ex02::DELETED THE FIRST SECOND OR THIRD ONE,asr_3408,intent_3408_last,40,24,61,48,37,24,24
ex02_confused_00073,ex02::DELETED THE FIRST SECOND OR THIRD ONE,asr_3408,speaker_count_3408_last,0,2,45,4,37,8,2
ex02_confused_00073,ex02::DELETED THE FIRST SECOND OR THIRD ONE,asr_3408,speaker_count_3408_last,20,8,45,16,37,8,8
ex02_confused_00073,ex02::DELETED THE FIRST SECOND OR THIRD ONE,asr_3408,speaker_count_3408_last,40,8,45,16,37,8,8
ex02_confused_00073,ex02::DELETED THE FIRST SECOND OR THIRD ONE,emotion_3408,intent_3408_last,0,9,41,18,17,24,9
ex02_confused_00073,ex02::DELETED THE FIRST SECOND OR THIRD ONE,emotion_3408,intent_3408_last,20,17,41,34,17,24,17
ex02_confused_00073,ex02::DELETED THE FIRST SECOND OR THIRD ONE,emotion_3408,intent_3408_last,40,17,41,34,17,24,17
ex02_confused_00073,ex02::DELETED THE FIRST SECOND OR THIRD ONE,emotion_3408,speaker_count_3408_last,0,3,25,6,17,8,3
ex02_confused_00073,ex02::DELETED THE FIRST SECOND OR THIRD ONE,emotion_3408,speaker_count_3408_last,20,8,25,16,17,8,8
ex02_confused_00073,ex02::DELETED THE FIRST SECOND OR THIRD ONE,emotion_3408,speaker_count_3408_last,40,8,25,16,17,8,8
ex02_confused_00073,ex02::DELETED THE FIRST SECOND OR THIRD ONE,intent_3408_last,speaker_count_3408_last,0,3,32,6,24,8,3
ex02_confused_00073,ex02::DELETED THE FIRST SECOND OR THIRD ONE,intent_3408_last,speaker_count_3408_last,20,8,32,16,24,8,8
ex02_confused_00073,ex02::DELETED THE FIRST SECOND OR THIRD ONE,intent_3408_last,speaker_count_3408_last,40,8,32,16,24,8,8
ex02_confused_00089,ex02::COMPARING AND CONTRASTING THE VARIOUS OFFENDER TYPES IS ILLUMINATING,asr_3408,emotion_3408,0,16,92,32,62,30,16
ex02_confused_00089,ex02::COMPARING AND CONTRASTING THE VARIOUS OFFENDER TYPES IS ILLUMINATING,asr_3408,emotion_3408,20,27,92,54,62,30,27
ex02_confused_00089,ex02::COMPARING AND CONTRASTING THE VARIOUS OFFENDER TYPES IS ILLUMINATING,asr_3408,emotion_3408,40,29,92,58,62,30,29
ex02_confused_00089,ex02::COMPARING AND CONTRASTING THE VARIOUS OFFENDER TYPES IS ILLUMINATING,asr_3408,intent_3408_last,0,28,102,56,62,40,28
ex02_confused_00089,ex02::COMPARING AND CONTRASTING THE VARIOUS OFFENDER TYPES IS ILLUMINATING,asr_3408,intent_3408_last,20,37,102,74,62,40,37
ex02_confused_00089,ex02::COMPARING AND CONTRASTING THE VARIOUS OFFENDER TYPES IS ILLUMINATING,asr_3408,intent_3408_last,40,39,102,78,62,40,39
ex02_confused_00089,ex02::COMPARING AND CONTRASTING THE VARIOUS OFFENDER TYPES IS ILLUMINATING,asr_3408,speaker_count_3408_last,0,6,80,12,62,18,6
ex02_confused_00089,ex02::COMPARING AND CONTRASTING THE VARIOUS OFFENDER TYPES IS ILLUMINATING,asr_3408,speaker_count_3408_last,20,12,80,24,62,18,12
ex02_confused_00089,ex02::COMPARING AND CONTRASTING THE VARIOUS OFFENDER TYPES IS ILLUMINATING,asr_3408,speaker_count_3408_last,40,16,80,32,62,18,16
ex02_confused_00089,ex02::COMPARING AND CONTRASTING THE VARIOUS OFFENDER TYPES IS ILLUMINATING,emotion_3408,intent_3408_last,0,21,70,42,30,40,21
ex02_confused_00089,ex02::COMPARING AND CONTRASTING THE VARIOUS OFFENDER TYPES IS ILLUMINATING,emotion_3408,intent_3408_last,20,27,70,54,30,40,27
ex02_confused_00089,ex02::COMPARING AND CONTRASTING THE VARIOUS OFFENDER TYPES IS ILLUMINATING,emotion_3408,intent_3408_last,40,29,70,58,30,40,32
ex02_confused_00089,ex02::COMPARING AND CONTRASTING THE VARIOUS OFFENDER TYPES IS ILLUMINATING,emotion_3408,speaker_count_3408_last,0,4,48,8,30,18,4
ex02_confused_00089,ex02::COMPARING AND CONTRASTING THE VARIOUS OFFENDER TYPES IS ILLUMINATING,emotion_3408,speaker_count_3408_last,20,10,48,20,30,18,10
ex02_confused_00089,ex02::COMPARING AND CONTRASTING THE VARIOUS OFFENDER TYPES IS ILLUMINATING,emotion_3408,speaker_count_3408_last,40,13,48,26,30,18,13
ex02_confused_00089,ex02::COMPARING AND CONTRASTING THE VARIOUS OFFENDER TYPES IS ILLUMINATING,intent_3408_last,speaker_count_3408_last,0,5,58,10,40,18,5
ex02_confused_00089,ex02::COMPARING AND CONTRASTING THE VARIOUS OFFENDER TYPES IS ILLUMINATING,intent_3408_last,speaker_count_3408_last,20,13,58,26,40,18,13
ex02_confused_00089,ex02::COMPARING AND CONTRASTING THE VARIOUS OFFENDER TYPES IS ILLUMINATING,intent_3408_last,speaker_count_3408_last,40,17,58,34,40,18,17
ex02_confused_00096,ex02::WHAT'S WITH THE LOOK,asr_3408,emotion_3408,0,2,22,4,15,7,2
ex02_confused_00096,ex02::WHAT'S WITH THE LOOK,asr_3408,emotion_3408,20,5,22,10,15,7,5
ex02_confused_00096,ex02::WHAT'S WITH THE LOOK,asr_3408,emotion_3408,40,7,22,14,15,7,7
ex02_confused_00096,ex02::WHAT'S WITH THE LOOK,asr_3408,intent_3408_last,0,4,26,8,15,11,4
ex02_confused_00096,ex02::WHAT'S WITH THE LOOK,asr_3408,intent_3408_last,20,11,26,22,15,11,11
ex02_confused_00096,ex02::WHAT'S WITH THE LOOK,asr_3408,intent_3408_last,40,11,26,22,15,11,11
ex02_confused_00096,ex02::WHAT'S WITH THE LOOK,asr_3408,speaker_count_3408_last,0,1,19,2,15,4,1
ex02_confused_00096,ex02::WHAT'S WITH THE LOOK,asr_3408,speaker_count_3408_last,20,3,19,6,15,4,3
ex02_confused_00096,ex02::WHAT'S WITH THE LOOK,asr_3408,speaker_count_3408_last,40,3,19,6,15,4,3
ex02_confused_00096,ex02::WHAT'S WITH THE LOOK,emotion_3408,intent_3408_last,0,5,18,10,7,11,5
ex02_confused_00096,ex02::WHAT'S WITH THE LOOK,emotion_3408,intent_3408_last,20,6,18,12,7,11,6
ex02_confused_00096,ex02::WHAT'S WITH THE LOOK,emotion_3408,intent_3408_last,40,7,18,14,7,11,8
ex02_confused_00096,ex02::WHAT'S WITH THE LOOK,emotion_3408,speaker_count_3408_last,0,2,11,4,7,4,2
ex02_confused_00096,ex02::WHAT'S WITH THE LOOK,emotion_3408,speaker_count_3408_last,20,3,11,6,7,4,3
ex02_confused_00096,ex02::WHAT'S WITH THE LOOK,emotion_3408,speaker_count_3408_last,40,3,11,6,7,4,3
ex02_confused_00096,ex02::WHAT'S WITH THE LOOK,intent_3408_last,speaker_count_3408_last,0,2,15,4,11,4,2
ex02_confused_00096,ex02::WHAT'S WITH THE LOOK,intent_3408_last,speaker_count_3408_last,20,3,15,6,11,4,3
ex02_confused_00096,ex02::WHAT'S WITH THE LOOK,intent_3408_last,speaker_count_3408_last,40,3,15,6,11,4,3
ex02_confused_00099,ex02::HE SAID OH BRIAN I KNOW YOU THINK YOU'RE SMART BUT IT'S DAVE BANNER,asr_3408,emotion_3408,0,21,88,42,61,27,21
ex02_confused_00099,ex02::HE SAID OH BRIAN I KNOW YOU THINK YOU'RE SMART BUT IT'S DAVE BANNER,asr_3408,emotion_3408,20,26,88,52,61,27,26
ex02_confused_00099,ex02::HE SAID OH BRIAN I KNOW YOU THINK YOU'RE SMART BUT IT'S DAVE BANNER,asr_3408,emotion_3408,40,27,88,54,61,27,27
ex02_confused_00099,ex02::HE SAID OH BRIAN I KNOW YOU THINK YOU'RE SMART BUT IT'S DAVE BANNER,asr_3408,intent_3408_last,0,27,104,54,61,43,27
ex02_confused_00099,ex02::HE SAID OH BRIAN I KNOW YOU THINK YOU'RE SMART BUT IT'S DAVE BANNER,asr_3408,intent_3408_last,20,42,104,84,61,43,42
ex02_confused_00099,ex02::HE SAID OH BRIAN I KNOW YOU THINK YOU'RE SMART BUT IT'S DAVE BANNER,asr_3408,intent_3408_last,40,43,104,86,61,43,43
ex02_confused_00099,ex02::HE SAID OH BRIAN I KNOW YOU THINK YOU'RE SMART BUT IT'S DAVE BANNER,asr_3408,speaker_count_3408_last,0,7,78,14,61,17,7
ex02_confused_00099,ex02::HE SAID OH BRIAN I KNOW YOU THINK YOU'RE SMART BUT IT'S DAVE BANNER,asr_3408,speaker_count_3408_last,20,16,78,32,61,17,16
ex02_confused_00099,ex02::HE SAID OH BRIAN I KNOW YOU THINK YOU'RE SMART BUT IT'S DAVE BANNER,asr_3408,speaker_count_3408_last,40,17,78,34,61,17,17
ex02_confused_00099,ex02::HE SAID OH BRIAN I KNOW YOU THINK YOU'RE SMART BUT IT'S DAVE BANNER,emotion_3408,intent_3408_last,0,19,70,38,27,43,19
ex02_confused_00099,ex02::HE SAID OH BRIAN I KNOW YOU THINK YOU'RE SMART BUT IT'S DAVE BANNER,emotion_3408,intent_3408_last,20,27,70,54,27,43,29
ex02_confused_00099,ex02::HE SAID OH BRIAN I KNOW YOU THINK YOU'RE SMART BUT IT'S DAVE BANNER,emotion_3408,intent_3408_last,40,27,70,54,27,43,29
ex02_confused_00099,ex02::HE SAID OH BRIAN I KNOW YOU THINK YOU'RE SMART BUT IT'S DAVE BANNER,emotion_3408,speaker_count_3408_last,0,7,44,14,27,17,7
ex02_confused_00099,ex02::HE SAID OH BRIAN I KNOW YOU THINK YOU'RE SMART BUT IT'S DAVE BANNER,emotion_3408,speaker_count_3408_last,20,13,44,26,27,17,13
ex02_confused_00099,ex02::HE SAID OH BRIAN I KNOW YOU THINK YOU'RE SMART BUT IT'S DAVE BANNER,emotion_3408,speaker_count_3408_last,40,14,44,28,27,17,14
ex02_confused_00099,ex02::HE SAID OH BRIAN I KNOW YOU THINK YOU'RE SMART BUT IT'S DAVE BANNER,intent_3408_last,speaker_count_3408_last,0,6,60,12,43,17,6
ex02_confused_00099,ex02::HE SAID OH BRIAN I KNOW YOU THINK YOU'RE SMART BUT IT'S DAVE BANNER,intent_3408_last,speaker_count_3408_last,20,14,60,28,43,17,14
ex02_confused_00099,ex02::HE SAID OH BRIAN I KNOW YOU THINK YOU'RE SMART BUT IT'S DAVE BANNER,intent_3408_last,speaker_count_3408_last,40,14,60,28,43,17,14
ex02_confused_00128,ex02::YOU TRASH HOTEL ROOMS IN YOUR SLEEP,asr_3408,emotion_3408,0,9,50,18,32,18,9
ex02_confused_00128,ex02::YOU TRASH HOTEL ROOMS IN YOUR SLEEP,asr_3408,emotion_3408,20,16,50,32,32,18,16
ex02_confused_00128,ex02::YOU TRASH HOTEL ROOMS IN YOUR SLEEP,asr_3408,emotion_3408,40,18,50,36,32,18,18
ex02_confused_00128,ex02::YOU TRASH HOTEL ROOMS IN YOUR SLEEP,asr_3408,intent_3408_last,0,15,56,30,32,24,15
ex02_confused_00128,ex02::YOU TRASH HOTEL ROOMS IN YOUR SLEEP,asr_3408,intent_3408_last,20,23,56,46,32,24,23
ex02_confused_00128,ex02::YOU TRASH HOTEL ROOMS IN YOUR SLEEP,asr_3408,intent_3408_last,40,24,56,48,32,24,24
ex02_confused_00128,ex02::YOU TRASH HOTEL ROOMS IN YOUR SLEEP,asr_3408,speaker_count_3408_last,0,3,39,6,32,7,3
ex02_confused_00128,ex02::YOU TRASH HOTEL ROOMS IN YOUR SLEEP,asr_3408,speaker_count_3408_last,20,6,39,12,32,7,6
ex02_confused_00128,ex02::YOU TRASH HOTEL ROOMS IN YOUR SLEEP,asr_3408,speaker_count_3408_last,40,7,39,14,32,7,7
ex02_confused_00128,ex02::YOU TRASH HOTEL ROOMS IN YOUR SLEEP,emotion_3408,intent_3408_last,0,10,42,20,18,24,10
ex02_confused_00128,ex02::YOU TRASH HOTEL ROOMS IN YOUR SLEEP,emotion_3408,intent_3408_last,20,15,42,30,18,24,15
ex02_confused_00128,ex02::YOU TRASH HOTEL ROOMS IN YOUR SLEEP,emotion_3408,intent_3408_last,40,17,42,34,18,24,20
ex02_confused_00128,ex02::YOU TRASH HOTEL ROOMS IN YOUR SLEEP,emotion_3408,speaker_count_3408_last,0,4,25,8,18,7,4
ex02_confused_00128,ex02::YOU TRASH HOTEL ROOMS IN YOUR SLEEP,emotion_3408,speaker_count_3408_last,20,6,25,12,18,7,6
ex02_confused_00128,ex02::YOU TRASH HOTEL ROOMS IN YOUR SLEEP,emotion_3408,speaker_count_3408_last,40,6,25,12,18,7,6
ex02_confused_00128,ex02::YOU TRASH HOTEL ROOMS IN YOUR SLEEP,intent_3408_last,speaker_count_3408_last,0,4,31,8,24,7,4
ex02_confused_00128,ex02::YOU TRASH HOTEL ROOMS IN YOUR SLEEP,intent_3408_last,speaker_count_3408_last,20,5,31,10,24,7,5
ex02_confused_00128,ex02::YOU TRASH HOTEL ROOMS IN YOUR SLEEP,intent_3408_last,speaker_count_3408_last,40,6,31,12,24,7,6
ex02_confused_00150,ex02::HOW DO YOU SAY WELCOME IN JAPANESE,asr_3408,emotion_3408,0,10,48,20,31,17,10
ex02_confused_00150,ex02::HOW DO YOU SAY WELCOME IN JAPANESE,asr_3408,emotion_3408,20,16,48,32,31,17,16
ex02_confused_00150,ex02::HOW DO YOU SAY WELCOME IN JAPANESE,asr_3408,emotion_3408,40,17,48,34,31,17,17
ex02_confused_00150,ex02::HOW DO YOU SAY WELCOME IN JAPANESE,asr_3408,intent_3408_last,0,20,54,40,31,23,20
ex02_confused_00150,ex02::HOW DO YOU SAY WELCOME IN JAPANESE,asr_3408,intent_3408_last,20,23,54,46,31,23,23
ex02_confused_00150,ex02::HOW DO YOU SAY WELCOME IN JAPANESE,asr_3408,intent_3408_last,40,23,54,46,31,23,23
ex02_confused_00150,ex02::HOW DO YOU SAY WELCOME IN JAPANESE,asr_3408,speaker_count_3408_last,0,6,41,12,31,10,6
ex02_confused_00150,ex02::HOW DO YOU SAY WELCOME IN JAPANESE,asr_3408,speaker_count_3408_last,20,8,41,16,31,10,8
ex02_confused_00150,ex02::HOW DO YOU SAY WELCOME IN JAPANESE,asr_3408,speaker_count_3408_last,40,10,41,20,31,10,10
ex02_confused_00150,ex02::HOW DO YOU SAY WELCOME IN JAPANESE,emotion_3408,intent_3408_last,0,9,40,18,17,23,9
ex02_confused_00150,ex02::HOW DO YOU SAY WELCOME IN JAPANESE,emotion_3408,intent_3408_last,20,16,40,32,17,23,16
ex02_confused_00150,ex02::HOW DO YOU SAY WELCOME IN JAPANESE,emotion_3408,intent_3408_last,40,17,40,34,17,23,19
ex02_confused_00150,ex02::HOW DO YOU SAY WELCOME IN JAPANESE,emotion_3408,speaker_count_3408_last,0,5,27,10,17,10,5
ex02_confused_00150,ex02::HOW DO YOU SAY WELCOME IN JAPANESE,emotion_3408,speaker_count_3408_last,20,7,27,14,17,10,7
ex02_confused_00150,ex02::HOW DO YOU SAY WELCOME IN JAPANESE,emotion_3408,speaker_count_3408_last,40,9,27,18,17,10,9
ex02_confused_00150,ex02::HOW DO YOU SAY WELCOME IN JAPANESE,intent_3408_last,speaker_count_3408_last,0,5,33,10,23,10,5
ex02_confused_00150,ex02::HOW DO YOU SAY WELCOME IN JAPANESE,intent_3408_last,speaker_count_3408_last,20,8,33,16,23,10,8
ex02_confused_00150,ex02::HOW DO YOU SAY WELCOME IN JAPANESE,intent_3408_last,speaker_count_3408_last,40,8,33,16,23,10,8
ex02_confused_00157,ex02::WEDDING MUSIC STOPS,asr_3408,emotion_3408,0,8,29,16,19,10,8
ex02_confused_00157,ex02::WEDDING MUSIC STOPS,asr_3408,emotion_3408,20,10,29,20,19,10,10
ex02_confused_00157,ex02::WEDDING MUSIC STOPS,asr_3408,emotion_3408,40,10,29,20,19,10,10
ex02_confused_00157,ex02::WEDDING MUSIC STOPS,asr_3408,intent_3408_last,0,10,34,20,19,15,10
ex02_confused_00157,ex02::WEDDING MUSIC STOPS,asr_3408,intent_3408_last,20,14,34,28,19,15,14
ex02_confused_00157,ex02::WEDDING MUSIC STOPS,asr_3408,intent_3408_last,40,15,34,30,19,15,15
ex02_confused_00157,ex02::WEDDING MUSIC STOPS,asr_3408,speaker_count_3408_last,0,0,24,0,19,5,0
ex02_confused_00157,ex02::WEDDING MUSIC STOPS,asr_3408,speaker_count_3408_last,20,4,24,8,19,5,4
ex02_confused_00157,ex02::WEDDING MUSIC STOPS,asr_3408,speaker_count_3408_last,40,5,24,10,19,5,5
ex02_confused_00157,ex02::WEDDING MUSIC STOPS,emotion_3408,intent_3408_last,0,5,25,10,10,15,5
ex02_confused_00157,ex02::WEDDING MUSIC STOPS,emotion_3408,intent_3408_last,20,8,25,16,10,15,8
ex02_confused_00157,ex02::WEDDING MUSIC STOPS,emotion_3408,intent_3408_last,40,10,25,20,10,15,11
ex02_confused_00157,ex02::WEDDING MUSIC STOPS,emotion_3408,speaker_count_3408_last,0,0,15,0,10,5,0
ex02_confused_00157,ex02::WEDDING MUSIC STOPS,emotion_3408,speaker_count_3408_last,20,5,15,10,10,5,5
ex02_confused_00157,ex02::WEDDING MUSIC STOPS,emotion_3408,speaker_count_3408_last,40,5,15,10,10,5,5
ex02_confused_00157,ex02::WEDDING MUSIC STOPS,intent_3408_last,speaker_count_3408_last,0,0,20,0,15,5,0
ex02_confused_00157,ex02::WEDDING MUSIC STOPS,intent_3408_last,speaker_count_3408_last,20,4,20,8,15,5,4
ex02_confused_00157,ex02::WEDDING MUSIC STOPS,intent_3408_last,speaker_count_3408_last,40,4,20,8,15,5,4
ex02_confused_00233,ex02::DID SHE JUMP IN A CAB,asr_3408,emotion_3408,0,7,31,14,21,10,7
ex02_confused_00233,ex02::DID SHE JUMP IN A CAB,asr_3408,emotion_3408,20,10,31,20,21,10,10
ex02_confused_00233,ex02::DID SHE JUMP IN A CAB,asr_3408,emotion_3408,40,10,31,20,21,10,10
ex02_confused_00233,ex02::DID SHE JUMP IN A CAB,asr_3408,intent_3408_last,0,7,34,14,21,13,7
ex02_confused_00233,ex02::DID SHE JUMP IN A CAB,asr_3408,intent_3408_last,20,13,34,26,21,13,13
ex02_confused_00233,ex02::DID SHE JUMP IN A CAB,asr_3408,intent_3408_last,40,13,34,26,21,13,13
ex02_confused_00233,ex02::DID SHE JUMP IN A CAB,asr_3408,speaker_count_3408_last,0,1,25,2,21,4,1
ex02_confused_00233,ex02::DID SHE JUMP IN A CAB,asr_3408,speaker_count_3408_last,20,4,25,8,21,4,4
ex02_confused_00233,ex02::DID SHE JUMP IN A CAB,asr_3408,speaker_count_3408_last,40,4,25,8,21,4,4
ex02_confused_00233,ex02::DID SHE JUMP IN A CAB,emotion_3408,intent_3408_last,0,6,23,12,10,13,6
ex02_confused_00233,ex02::DID SHE JUMP IN A CAB,emotion_3408,intent_3408_last,20,10,23,20,10,13,10
ex02_confused_00233,ex02::DID SHE JUMP IN A CAB,emotion_3408,intent_3408_last,40,10,23,20,10,13,12
ex02_confused_00233,ex02::DID SHE JUMP IN A CAB,emotion_3408,speaker_count_3408_last,0,1,14,2,10,4,1
ex02_confused_00233,ex02::DID SHE JUMP IN A CAB,emotion_3408,speaker_count_3408_last,20,3,14,6,10,4,3
ex02_confused_00233,ex02::DID SHE JUMP IN A CAB,emotion_3408,speaker_count_3408_last,40,4,14,8,10,4,4
ex02_confused_00233,ex02::DID SHE JUMP IN A CAB,intent_3408_last,speaker_count_3408_last,0,2,17,4,13,4,2
ex02_confused_00233,ex02::DID SHE JUMP IN A CAB,intent_3408_last,speaker_count_3408_last,20,4,17,8,13,4,4
ex02_confused_00233,ex02::DID SHE JUMP IN A CAB,intent_3408_last,speaker_count_3408_last,40,4,17,8,13,4,4
ex02_confused_00261,ex02::YACHT CLUB IN HALF AN HOUR,asr_3408,emotion_3408,0,4,28,8,19,9,4
ex02_confused_00261,ex02::YACHT CLUB IN HALF AN HOUR,asr_3408,emotion_3408,20,9,28,18,19,9,9
ex02_confused_00261,ex02::YACHT CLUB IN HALF AN HOUR,asr_3408,emotion_3408,40,9,28,18,19,9,9
ex02_confused_00261,ex02::YACHT CLUB IN HALF AN HOUR,asr_3408,intent_3408_last,0,10,33,20,19,14,10
ex02_confused_00261,ex02::YACHT CLUB IN HALF AN HOUR,asr_3408,intent_3408_last,20,14,33,28,19,14,14
ex02_confused_00261,ex02::YACHT CLUB IN HALF AN HOUR,asr_3408,intent_3408_last,40,14,33,28,19,14,14
ex02_confused_00261,ex02::YACHT CLUB IN HALF AN HOUR,asr_3408,speaker_count_3408_last,0,2,25,4,19,6,2
ex02_confused_00261,ex02::YACHT CLUB IN HALF AN HOUR,asr_3408,speaker_count_3408_last,20,6,25,12,19,6,6
ex02_confused_00261,ex02::YACHT CLUB IN HALF AN HOUR,asr_3408,speaker_count_3408_last,40,6,25,12,19,6,6
ex02_confused_00261,ex02::YACHT CLUB IN HALF AN HOUR,emotion_3408,intent_3408_last,0,4,23,8,9,14,4
ex02_confused_00261,ex02::YACHT CLUB IN HALF AN HOUR,emotion_3408,intent_3408_last,20,9,23,18,9,14,9
ex02_confused_00261,ex02::YACHT CLUB IN HALF AN HOUR,emotion_3408,intent_3408_last,40,9,23,18,9,14,10
ex02_confused_00261,ex02::YACHT CLUB IN HALF AN HOUR,emotion_3408,speaker_count_3408_last,0,2,15,4,9,6,2
ex02_confused_00261,ex02::YACHT CLUB IN HALF AN HOUR,emotion_3408,speaker_count_3408_last,20,4,15,8,9,6,4
ex02_confused_00261,ex02::YACHT CLUB IN HALF AN HOUR,emotion_3408,speaker_count_3408_last,40,5,15,10,9,6,5
ex02_confused_00261,ex02::YACHT CLUB IN HALF AN HOUR,intent_3408_last,speaker_count_3408_last,0,2,20,4,14,6,2
ex02_confused_00261,ex02::YACHT CLUB IN HALF AN HOUR,intent_3408_last,speaker_count_3408_last,20,5,20,10,14,6,5
ex02_confused_00261,ex02::YACHT CLUB IN HALF AN HOUR,intent_3408_last,speaker_count_3408_last,40,6,20,12,14,6,6
ex02_confused_00326,ex02::KAYDA WAS HER NEUROSURGEON BUT NOW IT SEEMS LIKE JAKE'S MAKING ALL THE DECISIONS,asr_3408,emotion_3408,0,22,101,44,65,36,22
ex02_confused_00326,ex02::KAYDA WAS HER NEUROSURGEON BUT NOW IT SEEMS LIKE JAKE'S MAKING ALL THE DECISIONS,asr_3408,emotion_3408,20,34,101,68,65,36,34
ex02_confused_00326,ex02::KAYDA WAS HER NEUROSURGEON BUT NOW IT SEEMS LIKE JAKE'S MAKING ALL THE DECISIONS,asr_3408,emotion_3408,40,36,101,72,65,36,36
ex02_confused_00326,ex02::KAYDA WAS HER NEUROSURGEON BUT NOW IT SEEMS LIKE JAKE'S MAKING ALL THE DECISIONS,asr_3408,intent_3408_last,0,36,112,72,65,47,36
ex02_confused_00326,ex02::KAYDA WAS HER NEUROSURGEON BUT NOW IT SEEMS LIKE JAKE'S MAKING ALL THE DECISIONS,asr_3408,intent_3408_last,20,46,112,92,65,47,46
ex02_confused_00326,ex02::KAYDA WAS HER NEUROSURGEON BUT NOW IT SEEMS LIKE JAKE'S MAKING ALL THE DECISIONS,asr_3408,intent_3408_last,40,47,112,94,65,47,47
ex02_confused_00326,ex02::KAYDA WAS HER NEUROSURGEON BUT NOW IT SEEMS LIKE JAKE'S MAKING ALL THE DECISIONS,asr_3408,speaker_count_3408_last,0,10,84,20,65,19,10
ex02_confused_00326,ex02::KAYDA WAS HER NEUROSURGEON BUT NOW IT SEEMS LIKE JAKE'S MAKING ALL THE DECISIONS,asr_3408,speaker_count_3408_last,20,18,84,36,65,19,18
ex02_confused_00326,ex02::KAYDA WAS HER NEUROSURGEON BUT NOW IT SEEMS LIKE JAKE'S MAKING ALL THE DECISIONS,asr_3408,speaker_count_3408_last,40,19,84,38,65,19,19
ex02_confused_00326,ex02::KAYDA WAS HER NEUROSURGEON BUT NOW IT SEEMS LIKE JAKE'S MAKING ALL THE DECISIONS,emotion_3408,intent_3408_last,0,26,83,52,36,47,26
ex02_confused_00326,ex02::KAYDA WAS HER NEUROSURGEON BUT NOW IT SEEMS LIKE JAKE'S MAKING ALL THE DECISIONS,emotion_3408,intent_3408_last,20,32,83,64,36,47,32
ex02_confused_00326,ex02::KAYDA WAS HER NEUROSURGEON BUT NOW IT SEEMS LIKE JAKE'S MAKING ALL THE DECISIONS,emotion_3408,intent_3408_last,40,34,83,68,36,47,37
ex02_confused_00326,ex02::KAYDA WAS HER NEUROSURGEON BUT NOW IT SEEMS LIKE JAKE'S MAKING ALL THE DECISIONS,emotion_3408,speaker_count_3408_last,0,10,55,20,36,19,10
ex02_confused_00326,ex02::KAYDA WAS HER NEUROSURGEON BUT NOW IT SEEMS LIKE JAKE'S MAKING ALL THE DECISIONS,emotion_3408,speaker_count_3408_last,20,18,55,36,36,19,18
ex02_confused_00326,ex02::KAYDA WAS HER NEUROSURGEON BUT NOW IT SEEMS LIKE JAKE'S MAKING ALL THE DECISIONS,emotion_3408,speaker_count_3408_last,40,18,55,36,36,19,18
ex02_confused_00326,ex02::KAYDA WAS HER NEUROSURGEON BUT NOW IT SEEMS LIKE JAKE'S MAKING ALL THE DECISIONS,intent_3408_last,speaker_count_3408_last,0,11,66,22,47,19,11
ex02_confused_00326,ex02::KAYDA WAS HER NEUROSURGEON BUT NOW IT SEEMS LIKE JAKE'S MAKING ALL THE DECISIONS,intent_3408_last,speaker_count_3408_last,20,19,66,38,47,19,19
ex02_confused_00326,ex02::KAYDA WAS HER NEUROSURGEON BUT NOW IT SEEMS LIKE JAKE'S MAKING ALL THE DECISIONS,intent_3408_last,speaker_count_3408_last,40,19,66,38,47,19,19
ex02_confused_00348,ex02::WHO'S MORE MISERABLE THAN HER,asr_3408,emotion_3408,0,8,34,16,22,12,8
ex02_confused_00348,ex02::WHO'S MORE MISERABLE THAN HER,asr_3408,emotion_3408,20,11,34,22,22,12,11
ex02_confused_00348,ex02::WHO'S MORE MISERABLE THAN HER,asr_3408,emotion_3408,40,12,34,24,22,12,12
ex02_confused_00348,ex02::WHO'S MORE MISERABLE THAN HER,asr_3408,intent_3408_last,0,15,41,30,22,19,15
ex02_confused_00348,ex02::WHO'S MORE MISERABLE THAN HER,asr_3408,intent_3408_last,20,19,41,38,22,19,19
ex02_confused_00348,ex02::WHO'S MORE MISERABLE THAN HER,asr_3408,intent_3408_last,40,19,41,38,22,19,19
ex02_confused_00348,ex02::WHO'S MORE MISERABLE THAN HER,asr_3408,speaker_count_3408_last,0,3,27,6,22,5,3
ex02_confused_00348,ex02::WHO'S MORE MISERABLE THAN HER,asr_3408,speaker_count_3408_last,20,5,27,10,22,5,5
ex02_confused_00348,ex02::WHO'S MORE MISERABLE THAN HER,asr_3408,speaker_count_3408_last,40,5,27,10,22,5,5
ex02_confused_00348,ex02::WHO'S MORE MISERABLE THAN HER,emotion_3408,intent_3408_last,0,9,31,18,12,19,9
ex02_confused_00348,ex02::WHO'S MORE MISERABLE THAN HER,emotion_3408,intent_3408_last,20,11,31,22,12,19,11
ex02_confused_00348,ex02::WHO'S MORE MISERABLE THAN HER,emotion_3408,intent_3408_last,40,12,31,24,12,19,12
ex02_confused_00348,ex02::WHO'S MORE MISERABLE THAN HER,emotion_3408,speaker_count_3408_last,0,3,17,6,12,5,3
ex02_confused_00348,ex02::WHO'S MORE MISERABLE THAN HER,emotion_3408,speaker_count_3408_last,20,5,17,10,12,5,5
ex02_confused_00348,ex02::WHO'S MORE MISERABLE THAN HER,emotion_3408,speaker_count_3408_last,40,5,17,10,12,5,5
ex02_confused_00348,ex02::WHO'S MORE MISERABLE THAN HER,intent_3408_last,speaker_count_3408_last,0,3,24,6,19,5,3
ex02_confused_00348,ex02::WHO'S MORE MISERABLE THAN HER,intent_3408_last,speaker_count_3408_last,20,5,24,10,19,5,5
ex02_confused_00348,ex02::WHO'S MORE MISERABLE THAN HER,intent_3408_last,speaker_count_3408_last,40,5,24,10,19,5,5
ex02_confused_00355,ex02::GIVEN THE CIRCUMSTANCES ISN'T THIS A LITTLE UNORTHODOX,asr_3408,emotion_3408,0,15,78,30,52,26,15
ex02_confused_00355,ex02::GIVEN THE CIRCUMSTANCES ISN'T THIS A LITTLE UNORTHODOX,asr_3408,emotion_3408,20,24,78,48,52,26,24
ex02_confused_00355,ex02::GIVEN THE CIRCUMSTANCES ISN'T THIS A LITTLE UNORTHODOX,asr_3408,emotion_3408,40,26,78,52,52,26,26
ex02_confused_00355,ex02::GIVEN THE CIRCUMSTANCES ISN'T THIS A LITTLE UNORTHODOX,asr_3408,intent_3408_last,0,19,83,38,52,31,19
ex02_confused_00355,ex02::GIVEN THE CIRCUMSTANCES ISN'T THIS A LITTLE UNORTHODOX,asr_3408,intent_3408_last,20,29,83,58,52,31,29
ex02_confused_00355,ex02::GIVEN THE CIRCUMSTANCES ISN'T THIS A LITTLE UNORTHODOX,asr_3408,intent_3408_last,40,31,83,62,52,31,31
ex02_confused_00355,ex02::GIVEN THE CIRCUMSTANCES ISN'T THIS A LITTLE UNORTHODOX,asr_3408,speaker_count_3408_last,0,7,68,14,52,16,7
ex02_confused_00355,ex02::GIVEN THE CIRCUMSTANCES ISN'T THIS A LITTLE UNORTHODOX,asr_3408,speaker_count_3408_last,20,14,68,28,52,16,14
ex02_confused_00355,ex02::GIVEN THE CIRCUMSTANCES ISN'T THIS A LITTLE UNORTHODOX,asr_3408,speaker_count_3408_last,40,16,68,32,52,16,16
ex02_confused_00355,ex02::GIVEN THE CIRCUMSTANCES ISN'T THIS A LITTLE UNORTHODOX,emotion_3408,intent_3408_last,0,19,57,38,26,31,19
ex02_confused_00355,ex02::GIVEN THE CIRCUMSTANCES ISN'T THIS A LITTLE UNORTHODOX,emotion_3408,intent_3408_last,20,24,57,48,26,31,24
ex02_confused_00355,ex02::GIVEN THE CIRCUMSTANCES ISN'T THIS A LITTLE UNORTHODOX,emotion_3408,intent_3408_last,40,24,57,48,26,31,25
ex02_confused_00355,ex02::GIVEN THE CIRCUMSTANCES ISN'T THIS A LITTLE UNORTHODOX,emotion_3408,speaker_count_3408_last,0,6,42,12,26,16,6
ex02_confused_00355,ex02::GIVEN THE CIRCUMSTANCES ISN'T THIS A LITTLE UNORTHODOX,emotion_3408,speaker_count_3408_last,20,11,42,22,26,16,11
ex02_confused_00355,ex02::GIVEN THE CIRCUMSTANCES ISN'T THIS A LITTLE UNORTHODOX,emotion_3408,speaker_count_3408_last,40,12,42,24,26,16,12
ex02_confused_00355,ex02::GIVEN THE CIRCUMSTANCES ISN'T THIS A LITTLE UNORTHODOX,intent_3408_last,speaker_count_3408_last,0,9,47,18,31,16,9
ex02_confused_00355,ex02::GIVEN THE CIRCUMSTANCES ISN'T THIS A LITTLE UNORTHODOX,intent_3408_last,speaker_count_3408_last,20,14,47,28,31,16,14
ex02_confused_00355,ex02::GIVEN THE CIRCUMSTANCES ISN'T THIS A LITTLE UNORTHODOX,intent_3408_last,speaker_count_3408_last,40,14,47,28,31,16,14
ex02_default_00028,ex02::WHAT DO YA THINK YOU'RE DOING,asr_3408,emotion_3408,0,7,26,14,18,8,7
ex02_default_00028,ex02::WHAT DO YA THINK YOU'RE DOING,asr_3408,emotion_3408,20,8,26,16,18,8,8
ex02_default_00028,ex02::WHAT DO YA THINK YOU'RE DOING,asr_3408,emotion_3408,40,8,26,16,18,8,8
ex02_default_00028,ex02::WHAT DO YA THINK YOU'RE DOING,asr_3408,intent_3408_last,0,11,31,22,18,13,11
ex02_default_00028,ex02::WHAT DO YA THINK YOU'RE DOING,asr_3408,intent_3408_last,20,13,31,26,18,13,13
ex02_default_00028,ex02::WHAT DO YA THINK YOU'RE DOING,asr_3408,intent_3408_last,40,13,31,26,18,13,13
ex02_default_00028,ex02::WHAT DO YA THINK YOU'RE DOING,asr_3408,speaker_count_3408_last,0,3,22,6,18,4,3
ex02_default_00028,ex02::WHAT DO YA THINK YOU'RE DOING,asr_3408,speaker_count_3408_last,20,4,22,8,18,4,4
ex02_default_00028,ex02::WHAT DO YA THINK YOU'RE DOING,asr_3408,speaker_count_3408_last,40,4,22,8,18,4,4
ex02_default_00028,ex02::WHAT DO YA THINK YOU'RE DOING,emotion_3408,intent_3408_last,0,8,21,16,8,13,8
ex02_default_00028,ex02::WHAT DO YA THINK YOU'RE DOING,emotion_3408,intent_3408_last,20,8,21,16,8,13,8
ex02_default_00028,ex02::WHAT DO YA THINK YOU'RE DOING,emotion_3408,intent_3408_last,40,8,21,16,8,13,9
ex02_default_00028,ex02::WHAT DO YA THINK YOU'RE DOING,emotion_3408,speaker_count_3408_last,0,2,12,4,8,4,2
ex02_default_00028,ex02::WHAT DO YA THINK YOU'RE DOING,emotion_3408,speaker_count_3408_last,20,4,12,8,8,4,4
ex02_default_00028,ex02::WHAT DO YA THINK YOU'RE DOING,emotion_3408,speaker_count_3408_last,40,4,12,8,8,4,4
ex02_default_00028,ex02::WHAT DO YA THINK YOU'RE DOING,intent_3408_last,speaker_count_3408_last,0,2,17,4,13,4,2
ex02_default_00028,ex02::WHAT DO YA THINK YOU'RE DOING,intent_3408_last,speaker_count_3408_last,20,4,17,8,13,4,4
ex02_default_00028,ex02::WHAT DO YA THINK YOU'RE DOING,intent_3408_last,speaker_count_3408_last,40,4,17,8,13,4,4
ex02_default_00030,ex02::BUT WE ALL HAVE TO LOOK AT OURSELVES,asr_3408,emotion_3408,0,14,41,28,25,16,14
ex02_default_00030,ex02::BUT WE ALL HAVE TO LOOK AT OURSELVES,asr_3408,emotion_3408,20,15,41,30,25,16,15
ex02_default_00030,ex02::BUT WE ALL HAVE TO LOOK AT OURSELVES,asr_3408,emotion_3408,40,16,41,32,25,16,16
ex02_default_00030,ex02::BUT WE ALL HAVE TO LOOK AT OURSELVES,asr_3408,intent_3408_last,0,18,44,36,25,19,18
ex02_default_00030,ex02::BUT WE ALL HAVE TO LOOK AT OURSELVES,asr_3408,intent_3408_last,20,19,44,38,25,19,19
ex02_default_00030,ex02::BUT WE ALL HAVE TO LOOK AT OURSELVES,asr_3408,intent_3408_last,40,19,44,38,25,19,19
ex02_default_00030,ex02::BUT WE ALL HAVE TO LOOK AT OURSELVES,asr_3408,speaker_count_3408_last,0,4,33,8,25,8,4
ex02_default_00030,ex02::BUT WE ALL HAVE TO LOOK AT OURSELVES,asr_3408,speaker_count_3408_last,20,8,33,16,25,8,8
ex02_default_00030,ex02::BUT WE ALL HAVE TO LOOK AT OURSELVES,asr_3408,speaker_count_3408_last,40,8,33,16,25,8,8
ex02_default_00030,ex02::BUT WE ALL HAVE TO LOOK AT OURSELVES,emotion_3408,intent_3408_last,0,14,35,28,16,19,14
ex02_default_00030,ex02::BUT WE ALL HAVE TO LOOK AT OURSELVES,emotion_3408,intent_3408_last,20,15,35,30,16,19,15
ex02_default_00030,ex02::BUT WE ALL HAVE TO LOOK AT OURSELVES,emotion_3408,intent_3408_last,40,15,35,30,16,19,16
ex02_default_00030,ex02::BUT WE ALL HAVE TO LOOK AT OURSELVES,emotion_3408,speaker_count_3408_last,0,4,24,8,16,8,4
ex02_default_00030,ex02::BUT WE ALL HAVE TO LOOK AT OURSELVES,emotion_3408,speaker_count_3408_last,20,8,24,16,16,8,8
ex02_default_00030,ex02::BUT WE ALL HAVE TO LOOK AT OURSELVES,emotion_3408,speaker_count_3408_last,40,8,24,16,16,8,8
ex02_default_00030,ex02::BUT WE ALL HAVE TO LOOK AT OURSELVES,intent_3408_last,speaker_count_3408_last,0,4,27,8,19,8,4
ex02_default_00030,ex02::BUT WE ALL HAVE TO LOOK AT OURSELVES,intent_3408_last,speaker_count_3408_last,20,8,27,16,19,8,8
ex02_default_00030,ex02::BUT WE ALL HAVE TO LOOK AT OURSELVES,intent_3408_last,speaker_count_3408_last,40,8,27,16,19,8,8
ex02_default_00058,ex02::SHE'S ALWAYS HIGH AS A KITE,asr_3408,emotion_3408,0,5,30,10,20,10,5
ex02_default_00058,ex02::SHE'S ALWAYS HIGH AS A KITE,asr_3408,emotion_3408,20,9,30,18,20,10,9
ex02_default_00058,ex02::SHE'S ALWAYS HIGH AS A KITE,asr_3408,emotion_3408,40,9,30,18,20,10,10
ex02_default_00058,ex02::SHE'S ALWAYS HIGH AS A KITE,asr_3408,intent_3408_last,0,10,34,20,20,14,10
ex02_default_00058,ex02::SHE'S ALWAYS HIGH AS A KITE,asr_3408,intent_3408_last,20,14,34,28,20,14,14
ex02_default_00058,ex02::SHE'S ALWAYS HIGH AS A KITE,asr_3408,intent_3408_last,40,14,34,28,20,14,14
ex02_default_00058,ex02::SHE'S ALWAYS HIGH AS A KITE,asr_3408,speaker_count_3408_last,0,4,25,8,20,5,4
ex02_default_00058,ex02::SHE'S ALWAYS HIGH AS A KITE,asr_3408,speaker_count_3408_last,20,5,25,10,20,5,5
ex02_default_00058,ex02::SHE'S ALWAYS HIGH AS A KITE,asr_3408,speaker_count_3408_last,40,5,25,10,20,5,5
ex02_default_00058,ex02::SHE'S ALWAYS HIGH AS A KITE,emotion_3408,intent_3408_last,0,7,24,14,10,14,7
ex02_default_00058,ex02::SHE'S ALWAYS HIGH AS A KITE,emotion_3408,intent_3408_last,20,8,24,16,10,14,8
ex02_default_00058,ex02::SHE'S ALWAYS HIGH AS A KITE,emotion_3408,intent_3408_last,40,8,24,16,10,14,8
ex02_default_00058,ex02::SHE'S ALWAYS HIGH AS A KITE,emotion_3408,speaker_count_3408_last,0,4,15,8,10,5,4
ex02_default_00058,ex02::SHE'S ALWAYS HIGH AS A KITE,emotion_3408,speaker_count_3408_last,20,4,15,8,10,5,4
ex02_default_00058,ex02::SHE'S ALWAYS HIGH AS A KITE,emotion_3408,speaker_count_3408_last,40,4,15,8,10,5,4
ex02_default_00058,ex02::SHE'S ALWAYS HIGH AS A KITE,intent_3408_last,speaker_count_3408_last,0,5,19,10,14,5,5
ex02_default_00058,ex02::SHE'S ALWAYS HIGH AS A KITE,intent_3408_last,speaker_count_3408_last,20,5,19,10,14,5,5
ex02_default_00058,ex02::SHE'S ALWAYS HIGH AS A KITE,intent_3408_last,speaker_count_3408_last,40,5,19,10,14,5,5
ex02_default_00073,ex02::DELETED THE FIRST SECOND OR THIRD ONE,asr_3408,emotion_3408,0,10,42,20,28,14,10
ex02_default_00073,ex02::DELETED THE FIRST SECOND OR THIRD ONE,asr_3408,emotion_3408,20,14,42,28,28,14,14
ex02_default_00073,ex02::DELETED THE FIRST SECOND OR THIRD ONE,asr_3408,emotion_3408,40,14,42,28,28,14,14
ex02_default_00073,ex02::DELETED THE FIRST SECOND OR THIRD ONE,asr_3408,intent_3408_last,0,17,48,34,28,20,17
ex02_default_00073,ex02::DELETED THE FIRST SECOND OR THIRD ONE,asr_3408,intent_3408_last,20,20,48,40,28,20,20
ex02_default_00073,ex02::DELETED THE FIRST SECOND OR THIRD ONE,asr_3408,intent_3408_last,40,20,48,40,28,20,20
ex02_default_00073,ex02::DELETED THE FIRST SECOND OR THIRD ONE,asr_3408,speaker_count_3408_last,0,5,37,10,28,9,5
ex02_default_00073,ex02::DELETED THE FIRST SECOND OR THIRD ONE,asr_3408,speaker_count_3408_last,20,9,37,18,28,9,9
ex02_default_00073,ex02::DELETED THE FIRST SECOND OR THIRD ONE,asr_3408,speaker_count_3408_last,40,9,37,18,28,9,9
ex02_default_00073,ex02::DELETED THE FIRST SECOND OR THIRD ONE,emotion_3408,intent_3408_last,0,10,34,20,14,20,10
ex02_default_00073,ex02::DELETED THE FIRST SECOND OR THIRD ONE,emotion_3408,intent_3408_last,20,12,34,24,14,20,13
ex02_default_00073,ex02::DELETED THE FIRST SECOND OR THIRD ONE,emotion_3408,intent_3408_last,40,12,34,24,14,20,13
ex02_default_00073,ex02::DELETED THE FIRST SECOND OR THIRD ONE,emotion_3408,speaker_count_3408_last,0,4,23,8,14,9,4
ex02_default_00073,ex02::DELETED THE FIRST SECOND OR THIRD ONE,emotion_3408,speaker_count_3408_last,20,7,23,14,14,9,7
ex02_default_00073,ex02::DELETED THE FIRST SECOND OR THIRD ONE,emotion_3408,speaker_count_3408_last,40,7,23,14,14,9,7
ex02_default_00073,ex02::DELETED THE FIRST SECOND OR THIRD ONE,intent_3408_last,speaker_count_3408_last,0,5,29,10,20,9,5
ex02_default_00073,ex02::DELETED THE FIRST SECOND OR THIRD ONE,intent_3408_last,speaker_count_3408_last,20,8,29,16,20,9,8
ex02_default_00073,ex02::DELETED THE FIRST SECOND OR THIRD ONE,intent_3408_last,speaker_count_3408_last,40,8,29,16,20,9,8
ex02_default_00089,ex02::COMPARING AND CONTRASTING THE VARIOUS OFFENDER TYPES IS ILLUMINATING,asr_3408,emotion_3408,0,18,81,36,52,29,18
ex02_default_00089,ex02::COMPARING AND CONTRASTING THE VARIOUS OFFENDER TYPES IS ILLUMINATING,asr_3408,emotion_3408,20,26,81,52,52,29,26
ex02_default_00089,ex02::COMPARING AND CONTRASTING THE VARIOUS OFFENDER TYPES IS ILLUMINATING,asr_3408,emotion_3408,40,29,81,58,52,29,29
ex02_default_00089,ex02::COMPARING AND CONTRASTING THE VARIOUS OFFENDER TYPES IS ILLUMINATING,asr_3408,intent_3408_last,0,25,87,50,52,35,25
ex02_default_00089,ex02::COMPARING AND CONTRASTING THE VARIOUS OFFENDER TYPES IS ILLUMINATING,asr_3408,intent_3408_last,20,33,87,66,52,35,33
ex02_default_00089,ex02::COMPARING AND CONTRASTING THE VARIOUS OFFENDER TYPES IS ILLUMINATING,asr_3408,intent_3408_last,40,35,87,70,52,35,35
ex02_default_00089,ex02::COMPARING AND CONTRASTING THE VARIOUS OFFENDER TYPES IS ILLUMINATING,asr_3408,speaker_count_3408_last,0,7,67,14,52,15,7
ex02_default_00089,ex02::COMPARING AND CONTRASTING THE VARIOUS OFFENDER TYPES IS ILLUMINATING,asr_3408,speaker_count_3408_last,20,14,67,28,52,15,14
ex02_default_00089,ex02::COMPARING AND CONTRASTING THE VARIOUS OFFENDER TYPES IS ILLUMINATING,asr_3408,speaker_count_3408_last,40,15,67,30,52,15,15
ex02_default_00089,ex02::COMPARING AND CONTRASTING THE VARIOUS OFFENDER TYPES IS ILLUMINATING,emotion_3408,intent_3408_last,0,21,64,42,29,35,21
ex02_default_00089,ex02::COMPARING AND CONTRASTING THE VARIOUS OFFENDER TYPES IS ILLUMINATING,emotion_3408,intent_3408_last,20,25,64,50,29,35,25
ex02_default_00089,ex02::COMPARING AND CONTRASTING THE VARIOUS OFFENDER TYPES IS ILLUMINATING,emotion_3408,intent_3408_last,40,29,64,58,29,35,31
ex02_default_00089,ex02::COMPARING AND CONTRASTING THE VARIOUS OFFENDER TYPES IS ILLUMINATING,emotion_3408,speaker_count_3408_last,0,7,44,14,29,15,7
ex02_default_00089,ex02::COMPARING AND CONTRASTING THE VARIOUS OFFENDER TYPES IS ILLUMINATING,emotion_3408,speaker_count_3408_last,20,12,44,24,29,15,12
ex02_default_00089,ex02::COMPARING AND CONTRASTING THE VARIOUS OFFENDER TYPES IS ILLUMINATING,emotion_3408,speaker_count_3408_last,40,13,44,26,29,15,13
ex02_default_00089,ex02::COMPARING AND CONTRASTING THE VARIOUS OFFENDER TYPES IS ILLUMINATING,intent_3408_last,speaker_count_3408_last,0,7,50,14,35,15,7
ex02_default_00089,ex02::COMPARING AND CONTRASTING THE VARIOUS OFFENDER TYPES IS ILLUMINATING,intent_3408_last,speaker_count_3408_last,20,13,50,26,35,15,13
ex02_default_00089,ex02::COMPARING AND CONTRASTING THE VARIOUS OFFENDER TYPES IS ILLUMINATING,intent_3408_last,speaker_count_3408_last,40,14,50,28,35,15,14
ex02_default_00096,ex02::WHAT'S WITH THE LOOK,asr_3408,emotion_3408,0,4,17,8,12,5,4
ex02_default_00096,ex02::WHAT'S WITH THE LOOK,asr_3408,emotion_3408,20,5,17,10,12,5,5
ex02_default_00096,ex02::WHAT'S WITH THE LOOK,asr_3408,emotion_3408,40,5,17,10,12,5,5
ex02_default_00096,ex02::WHAT'S WITH THE LOOK,asr_3408,intent_3408_last,0,7,21,14,12,9,7
ex02_default_00096,ex02::WHAT'S WITH THE LOOK,asr_3408,intent_3408_last,20,9,21,18,12,9,9
ex02_default_00096,ex02::WHAT'S WITH THE LOOK,asr_3408,intent_3408_last,40,9,21,18,12,9,9
ex02_default_00096,ex02::WHAT'S WITH THE LOOK,asr_3408,speaker_count_3408_last,0,3,16,6,12,4,3
ex02_default_00096,ex02::WHAT'S WITH THE LOOK,asr_3408,speaker_count_3408_last,20,3,16,6,12,4,3
ex02_default_00096,ex02::WHAT'S WITH THE LOOK,asr_3408,speaker_count_3408_last,40,3,16,6,12,4,3
ex02_default_00096,ex02::WHAT'S WITH THE LOOK,emotion_3408,intent_3408_last,0,5,14,10,5,9,5
ex02_default_00096,ex02::WHAT'S WITH THE LOOK,emotion_3408,intent_3408_last,20,5,14,10,5,9,5
ex02_default_00096,ex02::WHAT'S WITH THE LOOK,emotion_3408,intent_3408_last,40,5,14,10,5,9,6
ex02_default_00096,ex02::WHAT'S WITH THE LOOK,emotion_3408,speaker_count_3408_last,0,2,9,4,5,4,2
ex02_default_00096,ex02::WHAT'S WITH THE LOOK,emotion_3408,speaker_count_3408_last,20,2,9,4,5,4,2
ex02_default_00096,ex02::WHAT'S WITH THE LOOK,emotion_3408,speaker_count_3408_last,40,2,9,4,5,4,2
ex02_default_00096,ex02::WHAT'S WITH THE LOOK,intent_3408_last,speaker_count_3408_last,0,3,13,6,9,4,3
ex02_default_00096,ex02::WHAT'S WITH THE LOOK,intent_3408_last,speaker_count_3408_last,20,3,13,6,9,4,3
ex02_default_00096,ex02::WHAT'S WITH THE LOOK,intent_3408_last,speaker_count_3408_last,40,3,13,6,9,4,3
ex02_default_00099,ex02::HE SAID OH BRIAN I KNOW YOU THINK YOU'RE SMART BUT IT'S DAVE BANNER,asr_3408,emotion_3408,0,18,71,36,51,20,18
ex02_default_00099,ex02::HE SAID OH BRIAN I KNOW YOU THINK YOU'RE SMART BUT IT'S DAVE BANNER,asr_3408,emotion_3408,20,19,71,38,51,20,19
ex02_default_00099,ex02::HE SAID OH BRIAN I KNOW YOU THINK YOU'RE SMART BUT IT'S DAVE BANNER,asr_3408,emotion_3408,40,20,71,40,51,20,20
ex02_default_00099,ex02::HE SAID OH BRIAN I KNOW YOU THINK YOU'RE SMART BUT IT'S DAVE BANNER,asr_3408,intent_3408_last,0,22,80,44,51,29,22
ex02_default_00099,ex02::HE SAID OH BRIAN I KNOW YOU THINK YOU'RE SMART BUT IT'S DAVE BANNER,asr_3408,intent_3408_last,20,28,80,56,51,29,28
ex02_default_00099,ex02::HE SAID OH BRIAN I KNOW YOU THINK YOU'RE SMART BUT IT'S DAVE BANNER,asr_3408,intent_3408_last,40,28,80,56,51,29,28
ex02_default_00099,ex02::HE SAID OH BRIAN I KNOW YOU THINK YOU'RE SMART BUT IT'S DAVE BANNER,asr_3408,speaker_count_3408_last,0,11,66,22,51,15,11
ex02_default_00099,ex02::HE SAID OH BRIAN I KNOW YOU THINK YOU'RE SMART BUT IT'S DAVE BANNER,asr_3408,speaker_count_3408_last,20,15,66,30,51,15,15
ex02_default_00099,ex02::HE SAID OH BRIAN I KNOW YOU THINK YOU'RE SMART BUT IT'S DAVE BANNER,asr_3408,speaker_count_3408_last,40,15,66,30,51,15,15
ex02_default_00099,ex02::HE SAID OH BRIAN I KNOW YOU THINK YOU'RE SMART BUT IT'S DAVE BANNER,emotion_3408,intent_3408_last,0,14,49,28,20,29,14
ex02_default_00099,ex02::HE SAID OH BRIAN I KNOW YOU THINK YOU'RE SMART BUT IT'S DAVE BANNER,emotion_3408,intent_3408_last,20,18,49,36,20,29,18
ex02_default_00099,ex02::HE SAID OH BRIAN I KNOW YOU THINK YOU'RE SMART BUT IT'S DAVE BANNER,emotion_3408,intent_3408_last,40,20,49,40,20,29,21
ex02_default_00099,ex02::HE SAID OH BRIAN I KNOW YOU THINK YOU'RE SMART BUT IT'S DAVE BANNER,emotion_3408,speaker_count_3408_last,0,7,35,14,20,15,7
ex02_default_00099,ex02::HE SAID OH BRIAN I KNOW YOU THINK YOU'RE SMART BUT IT'S DAVE BANNER,emotion_3408,speaker_count_3408_last,20,12,35,24,20,15,12
ex02_default_00099,ex02::HE SAID OH BRIAN I KNOW YOU THINK YOU'RE SMART BUT IT'S DAVE BANNER,emotion_3408,speaker_count_3408_last,40,12,35,24,20,15,12
ex02_default_00099,ex02::HE SAID OH BRIAN I KNOW YOU THINK YOU'RE SMART BUT IT'S DAVE BANNER,intent_3408_last,speaker_count_3408_last,0,10,44,20,29,15,10
ex02_default_00099,ex02::HE SAID OH BRIAN I KNOW YOU THINK YOU'RE SMART BUT IT'S DAVE BANNER,intent_3408_last,speaker_count_3408_last,20,13,44,26,29,15,13
ex02_default_00099,ex02::HE SAID OH BRIAN I KNOW YOU THINK YOU'RE SMART BUT IT'S DAVE BANNER,intent_3408_last,speaker_count_3408_last,40,13,44,26,29,15,13
ex02_default_00128,ex02::YOU TRASH HOTEL ROOMS IN YOUR SLEEP,asr_3408,emotion_3408,0,10,44,20,28,16,10
ex02_default_00128,ex02::YOU TRASH HOTEL ROOMS IN YOUR SLEEP,asr_3408,emotion_3408,20,15,44,30,28,16,15
ex02_default_00128,ex02::YOU TRASH HOTEL ROOMS IN YOUR SLEEP,asr_3408,emotion_3408,40,16,44,32,28,16,16
ex02_default_00128,ex02::YOU TRASH HOTEL ROOMS IN YOUR SLEEP,asr_3408,intent_3408_last,0,10,45,20,28,17,10
ex02_default_00128,ex02::YOU TRASH HOTEL ROOMS IN YOUR SLEEP,asr_3408,intent_3408_last,20,16,45,32,28,17,16
ex02_default_00128,ex02::YOU TRASH HOTEL ROOMS IN YOUR SLEEP,asr_3408,intent_3408_last,40,17,45,34,28,17,17
ex02_default_00128,ex02::YOU TRASH HOTEL ROOMS IN YOUR SLEEP,asr_3408,speaker_count_3408_last,0,4,35,8,28,7,4
ex02_default_00128,ex02::YOU TRASH HOTEL ROOMS IN YOUR SLEEP,asr_3408,speaker_count_3408_last,20,7,35,14,28,7,7
ex02_default_00128,ex02::YOU TRASH HOTEL ROOMS IN YOUR SLEEP,asr_3408,speaker_count_3408_last,40,7,35,14,28,7,7
ex02_default_00128,ex02::YOU TRASH HOTEL ROOMS IN YOUR SLEEP,emotion_3408,intent_3408_last,0,11,33,22,16,17,11
ex02_default_00128,ex02::YOU TRASH HOTEL ROOMS IN YOUR SLEEP,emotion_3408,intent_3408_last,20,15,33,30,16,17,15
ex02_default_00128,ex02::YOU TRASH HOTEL ROOMS IN YOUR SLEEP,emotion_3408,intent_3408_last,40,15,33,30,16,17,15
ex02_default_00128,ex02::YOU TRASH HOTEL ROOMS IN YOUR SLEEP,emotion_3408,speaker_count_3408_last,0,3,23,6,16,7,3
ex02_default_00128,ex02::YOU TRASH HOTEL ROOMS IN YOUR SLEEP,emotion_3408,speaker_count_3408_last,20,6,23,12,16,7,6
ex02_default_00128,ex02::YOU TRASH HOTEL ROOMS IN YOUR SLEEP,emotion_3408,speaker_count_3408_last,40,6,23,12,16,7,6
ex02_default_00128,ex02::YOU TRASH HOTEL ROOMS IN YOUR SLEEP,intent_3408_last,speaker_count_3408_last,0,5,24,10,17,7,5
ex02_default_00128,ex02::YOU TRASH HOTEL ROOMS IN YOUR SLEEP,intent_3408_last,speaker_count_3408_last,20,7,24,14,17,7,7
ex02_default_00128,ex02::YOU TRASH HOTEL ROOMS IN YOUR SLEEP,intent_3408_last,speaker_count_3408_last,40,7,24,14,17,7,7
ex02_default_00150,ex02::HOW DO YOU SAY WELCOME IN JAPANESE,asr_3408,emotion_3408,0,10,42,20,28,14,10
ex02_default_00150,ex02::HOW DO YOU SAY WELCOME IN JAPANESE,asr_3408,emotion_3408,20,14,42,28,28,14,14
ex02_default_00150,ex02::HOW DO YOU SAY WELCOME IN JAPANESE,asr_3408,emotion_3408,40,14,42,28,28,14,14
ex02_default_00150,ex02::HOW DO YOU SAY WELCOME IN JAPANESE,asr_3408,intent_3408_last,0,15,46,30,28,18,15
ex02_default_00150,ex02::HOW DO YOU SAY WELCOME IN JAPANESE,asr_3408,intent_3408_last,20,18,46,36,28,18,18
ex02_default_00150,ex02::HOW DO YOU SAY WELCOME IN JAPANESE,asr_3408,intent_3408_last,40,18,46,36,28,18,18
ex02_default_00150,ex02::HOW DO YOU SAY WELCOME IN JAPANESE,asr_3408,speaker_count_3408_last,0,5,36,10,28,8,5
ex02_default_00150,ex02::HOW DO YOU SAY WELCOME IN JAPANESE,asr_3408,speaker_count_3408_last,20,7,36,14,28,8,7
ex02_default_00150,ex02::HOW DO YOU SAY WELCOME IN JAPANESE,asr_3408,speaker_count_3408_last,40,7,36,14,28,8,7
ex02_default_00150,ex02::HOW DO YOU SAY WELCOME IN JAPANESE,emotion_3408,intent_3408_last,0,10,32,20,14,18,10
ex02_default_00150,ex02::HOW DO YOU SAY WELCOME IN JAPANESE,emotion_3408,intent_3408_last,20,13,32,26,14,18,13
ex02_default_00150,ex02::HOW DO YOU SAY WELCOME IN JAPANESE,emotion_3408,intent_3408_last,40,13,32,26,14,18,15
ex02_default_00150,ex02::HOW DO YOU SAY WELCOME IN JAPANESE,emotion_3408,speaker_count_3408_last,0,4,22,8,14,8,4
ex02_default_00150,ex02::HOW DO YOU SAY WELCOME IN JAPANESE,emotion_3408,speaker_count_3408_last,20,6,22,12,14,8,6
ex02_default_00150,ex02::HOW DO YOU SAY WELCOME IN JAPANESE,emotion_3408,speaker_count_3408_last,40,7,22,14,14,8,7
ex02_default_00150,ex02::HOW DO YOU SAY WELCOME IN JAPANESE,intent_3408_last,speaker_count_3408_last,0,5,26,10,18,8,5
ex02_default_00150,ex02::HOW DO YOU SAY WELCOME IN JAPANESE,intent_3408_last,speaker_count_3408_last,20,7,26,14,18,8,7
ex02_default_00150,ex02::HOW DO YOU SAY WELCOME IN JAPANESE,intent_3408_last,speaker_count_3408_last,40,8,26,16,18,8,8
ex02_default_00157,ex02::WEDDING MUSIC STOPS,asr_3408,emotion_3408,0,2,22,4,15,7,2
ex02_default_00157,ex02::WEDDING MUSIC STOPS,asr_3408,emotion_3408,20,6,22,12,15,7,6
ex02_default_00157,ex02::WEDDING MUSIC STOPS,asr_3408,emotion_3408,40,7,22,14,15,7,7
ex02_default_00157,ex02::WEDDING MUSIC STOPS,asr_3408,intent_3408_last,0,8,27,16,15,12,8
ex02_default_00157,ex02::WEDDING MUSIC STOPS,asr_3408,intent_3408_last,20,12,27,24,15,12,12
ex02_default_00157,ex02::WEDDING MUSIC STOPS,asr_3408,intent_3408_last,40,12,27,24,15,12,12
ex02_default_00157,ex02::WEDDING MUSIC STOPS,asr_3408,speaker_count_3408_last,0,3,20,6,15,5,3
ex02_default_00157,ex02::WEDDING MUSIC STOPS,asr_3408,speaker_count_3408_last,20,4,20,8,15,5,4
ex02_default_00157,ex02::WEDDING MUSIC STOPS,asr_3408,speaker_count_3408_last,40,5,20,10,15,5,5
ex02_default_00157,ex02::WEDDING MUSIC STOPS,emotion_3408,intent_3408_last,0,3,19,6,7,12,3
ex02_default_00157,ex02::WEDDING MUSIC STOPS,emotion_3408,intent_3408_last,20,5,19,10,7,12,5
ex02_default_00157,ex02::WEDDING MUSIC STOPS,emotion_3408,intent_3408_last,40,7,19,14,7,12,8
ex02_default_00157,ex02::WEDDING MUSIC STOPS,emotion_3408,speaker_count_3408_last,0,2,12,4,7,5,2
ex02_default_00157,ex02::WEDDING MUSIC STOPS,emotion_3408,speaker_count_3408_last,20,3,12,6,7,5,3
ex02_default_00157,ex02::WEDDING MUSIC STOPS,emotion_3408,speaker_count_3408_last,40,4,12,8,7,5,4
ex02_default_00157,ex02::WEDDING MUSIC STOPS,intent_3408_last,speaker_count_3408_last,0,4,17,8,12,5,4
ex02_default_00157,ex02::WEDDING MUSIC STOPS,intent_3408_last,speaker_count_3408_last,20,4,17,8,12,5,4
ex02_default_00157,ex02::WEDDING MUSIC STOPS,intent_3408_last,speaker_count_3408_last,40,5,17,10,12,5,5
ex02_default_00233,ex02::DID SHE JUMP IN A CAB,asr_3408,emotion_3408,0,4,25,8,18,7,4
ex02_default_00233,ex02::DID SHE JUMP IN A CAB,asr_3408,emotion_3408,20,7,25,14,18,7,7
ex02_default_00233,ex02::DID SHE JUMP IN A CAB,asr_3408,emotion_3408,40,7,25,14,18,7,7
ex02_default_00233,ex02::DID SHE JUMP IN A CAB,asr_3408,intent_3408_last,0,8,28,16,18,10,8
ex02_default_00233,ex02::DID SHE JUMP IN A CAB,asr_3408,intent_3408_last,20,10,28,20,18,10,10
ex02_default_00233,ex02::DID SHE JUMP IN A CAB,asr_3408,intent_3408_last,40,10,28,20,18,10,10
ex02_default_00233,ex02::DID SHE JUMP IN A CAB,asr_3408,speaker_count_3408_last,0,2,24,4,18,6,2
ex02_default_00233,ex02::DID SHE JUMP IN A CAB,asr_3408,speaker_count_3408_last,20,5,24,10,18,6,5
ex02_default_00233,ex02::DID SHE JUMP IN A CAB,asr_3408,speaker_count_3408_last,40,5,24,10,18,6,5
ex02_default_00233,ex02::DID SHE JUMP IN A CAB,emotion_3408,intent_3408_last,0,4,17,8,7,10,4
ex02_default_00233,ex02::DID SHE JUMP IN A CAB,emotion_3408,intent_3408_last,20,5,17,10,7,10,5
ex02_default_00233,ex02::DID SHE JUMP IN A CAB,emotion_3408,intent_3408_last,40,5,17,10,7,10,5
ex02_default_00233,ex02::DID SHE JUMP IN A CAB,emotion_3408,speaker_count_3408_last,0,1,13,2,7,6,1
ex02_default_00233,ex02::DID SHE JUMP IN A CAB,emotion_3408,speaker_count_3408_last,20,3,13,6,7,6,3
ex02_default_00233,ex02::DID SHE JUMP IN A CAB,emotion_3408,speaker_count_3408_last,40,4,13,8,7,6,4
ex02_default_00233,ex02::DID SHE JUMP IN A CAB,intent_3408_last,speaker_count_3408_last,0,2,16,4,10,6,2
ex02_default_00233,ex02::DID SHE JUMP IN A CAB,intent_3408_last,speaker_count_3408_last,20,5,16,10,10,6,5
ex02_default_00233,ex02::DID SHE JUMP IN A CAB,intent_3408_last,speaker_count_3408_last,40,5,16,10,10,6,5
ex02_default_00261,ex02::YACHT CLUB IN HALF AN HOUR,asr_3408,emotion_3408,0,5,26,10,18,8,5
ex02_default_00261,ex02::YACHT CLUB IN HALF AN HOUR,asr_3408,emotion_3408,20,7,26,14,18,8,7
ex02_default_00261,ex02::YACHT CLUB IN HALF AN HOUR,asr_3408,emotion_3408,40,8,26,16,18,8,8
ex02_default_00261,ex02::YACHT CLUB IN HALF AN HOUR,asr_3408,intent_3408_last,0,11,30,22,18,12,11
ex02_default_00261,ex02::YACHT CLUB IN HALF AN HOUR,asr_3408,intent_3408_last,20,12,30,24,18,12,12
ex02_default_00261,ex02::YACHT CLUB IN HALF AN HOUR,asr_3408,intent_3408_last,40,12,30,24,18,12,12
ex02_default_00261,ex02::YACHT CLUB IN HALF AN HOUR,asr_3408,speaker_count_3408_last,0,3,24,6,18,6,3
ex02_default_00261,ex02::YACHT CLUB IN HALF AN HOUR,asr_3408,speaker_count_3408_last,20,6,24,12,18,6,6
ex02_default_00261,ex02::YACHT CLUB IN HALF AN HOUR,asr_3408,speaker_count_3408_last,40,6,24,12,18,6,6
ex02_default_00261,ex02::YACHT CLUB IN HALF AN HOUR,emotion_3408,intent_3408_last,0,5,20,10,8,12,5
ex02_default_00261,ex02::YACHT CLUB IN HALF AN HOUR,emotion_3408,intent_3408_last,20,7,20,14,8,12,7
ex02_default_00261,ex02::YACHT CLUB IN HALF AN HOUR,emotion_3408,intent_3408_last,40,7,20,14,8,12,8
ex02_default_00261,ex02::YACHT CLUB IN HALF AN HOUR,emotion_3408,speaker_count_3408_last,0,3,14,6,8,6,3
ex02_default_00261,ex02::YACHT CLUB IN HALF AN HOUR,emotion_3408,speaker_count_3408_last,20,5,14,10,8,6,5
ex02_default_00261,ex02::YACHT CLUB IN HALF AN HOUR,emotion_3408,speaker_count_3408_last,40,6,14,12,8,6,6
ex02_default_00261,ex02::YACHT CLUB IN HALF AN HOUR,intent_3408_last,speaker_count_3408_last,0,3,18,6,12,6,3
ex02_default_00261,ex02::YACHT CLUB IN HALF AN HOUR,intent_3408_last,speaker_count_3408_last,20,6,18,12,12,6,6
ex02_default_00261,ex02::YACHT CLUB IN HALF AN HOUR,intent_3408_last,speaker_count_3408_last,40,6,18,12,12,6,6
ex02_default_00326,ex02::KAYDA WAS HER NEUROSURGEON BUT NOW IT SEEMS LIKE JAKE'S MAKING ALL THE DECISIONS,asr_3408,emotion_3408,0,19,85,38,58,27,19
ex02_default_00326,ex02::KAYDA WAS HER NEUROSURGEON BUT NOW IT SEEMS LIKE JAKE'S MAKING ALL THE DECISIONS,asr_3408,emotion_3408,20,25,85,50,58,27,25
ex02_default_00326,ex02::KAYDA WAS HER NEUROSURGEON BUT NOW IT SEEMS LIKE JAKE'S MAKING ALL THE DECISIONS,asr_3408,emotion_3408,40,27,85,54,58,27,27
ex02_default_00326,ex02::KAYDA WAS HER NEUROSURGEON BUT NOW IT SEEMS LIKE JAKE'S MAKING ALL THE DECISIONS,asr_3408,intent_3408_last,0,30,95,60,58,37,30
ex02_default_00326,ex02::KAYDA WAS HER NEUROSURGEON BUT NOW IT SEEMS LIKE JAKE'S MAKING ALL THE DECISIONS,asr_3408,intent_3408_last,20,37,95,74,58,37,37
ex02_default_00326,ex02::KAYDA WAS HER NEUROSURGEON BUT NOW IT SEEMS LIKE JAKE'S MAKING ALL THE DECISIONS,asr_3408,intent_3408_last,40,37,95,74,58,37,37
ex02_default_00326,ex02::KAYDA WAS HER NEUROSURGEON BUT NOW IT SEEMS LIKE JAKE'S MAKING ALL THE DECISIONS,asr_3408,speaker_count_3408_last,0,11,77,22,58,19,11
ex02_default_00326,ex02::KAYDA WAS HER NEUROSURGEON BUT NOW IT SEEMS LIKE JAKE'S MAKING ALL THE DECISIONS,asr_3408,speaker_count_3408_last,20,18,77,36,58,19,18
ex02_default_00326,ex02::KAYDA WAS HER NEUROSURGEON BUT NOW IT SEEMS LIKE JAKE'S MAKING ALL THE DECISIONS,asr_3408,speaker_count_3408_last,40,19,77,38,58,19,19
ex02_default_00326,ex02::KAYDA WAS HER NEUROSURGEON BUT NOW IT SEEMS LIKE JAKE'S MAKING ALL THE DECISIONS,emotion_3408,intent_3408_last,0,19,64,38,27,37,19
ex02_default_00326,ex02::KAYDA WAS HER NEUROSURGEON BUT NOW IT SEEMS LIKE JAKE'S MAKING ALL THE DECISIONS,emotion_3408,intent_3408_last,20,25,64,50,27,37,25
ex02_default_00326,ex02::KAYDA WAS HER NEUROSURGEON BUT NOW IT SEEMS LIKE JAKE'S MAKING ALL THE DECISIONS,emotion_3408,intent_3408_last,40,25,64,50,27,37,27
ex02_default_00326,ex02::KAYDA WAS HER NEUROSURGEON BUT NOW IT SEEMS LIKE JAKE'S MAKING ALL THE DECISIONS,emotion_3408,speaker_count_3408_last,0,9,46,18,27,19,9
ex02_default_00326,ex02::KAYDA WAS HER NEUROSURGEON BUT NOW IT SEEMS LIKE JAKE'S MAKING ALL THE DECISIONS,emotion_3408,speaker_count_3408_last,20,15,46,30,27,19,15
ex02_default_00326,ex02::KAYDA WAS HER NEUROSURGEON BUT NOW IT SEEMS LIKE JAKE'S MAKING ALL THE DECISIONS,emotion_3408,speaker_count_3408_last,40,16,46,32,27,19,16
ex02_default_00326,ex02::KAYDA WAS HER NEUROSURGEON BUT NOW IT SEEMS LIKE JAKE'S MAKING ALL THE DECISIONS,intent_3408_last,speaker_count_3408_last,0,11,56,22,37,19,11
ex02_default_00326,ex02::KAYDA WAS HER NEUROSURGEON BUT NOW IT SEEMS LIKE JAKE'S MAKING ALL THE DECISIONS,intent_3408_last,speaker_count_3408_last,20,18,56,36,37,19,18
ex02_default_00326,ex02::KAYDA WAS HER NEUROSURGEON BUT NOW IT SEEMS LIKE JAKE'S MAKING ALL THE DECISIONS,intent_3408_last,speaker_count_3408_last,40,19,56,38,37,19,19
ex02_default_00348,ex02::WHO'S MORE MISERABLE THAN HER,asr_3408,emotion_3408,0,6,29,12,20,9,6
ex02_default_00348,ex02::WHO'S MORE MISERABLE THAN HER,asr_3408,emotion_3408,20,7,29,14,20,9,7
ex02_default_00348,ex02::WHO'S MORE MISERABLE THAN HER,asr_3408,emotion_3408,40,8,29,16,20,9,8
ex02_default_00348,ex02::WHO'S MORE MISERABLE THAN HER,asr_3408,intent_3408_last,0,7,32,14,20,12,7
ex02_default_00348,ex02::WHO'S MORE MISERABLE THAN HER,asr_3408,intent_3408_last,20,11,32,22,20,12,11
ex02_default_00348,ex02::WHO'S MORE MISERABLE THAN HER,asr_3408,intent_3408_last,40,12,32,24,20,12,12
ex02_default_00348,ex02::WHO'S MORE MISERABLE THAN HER,asr_3408,speaker_count_3408_last,0,3,26,6,20,6,3
ex02_default_00348,ex02::WHO'S MORE MISERABLE THAN HER,asr_3408,speaker_count_3408_last,20,5,26,10,20,6,5
ex02_default_00348,ex02::WHO'S MORE MISERABLE THAN HER,asr_3408,speaker_count_3408_last,40,6,26,12,20,6,6
ex02_default_00348,ex02::WHO'S MORE MISERABLE THAN HER,emotion_3408,intent_3408_last,0,7,21,14,9,12,7
ex02_default_00348,ex02::WHO'S MORE MISERABLE THAN HER,emotion_3408,intent_3408_last,20,8,21,16,9,12,8
ex02_default_00348,ex02::WHO'S MORE MISERABLE THAN HER,emotion_3408,intent_3408_last,40,8,21,16,9,12,8
ex02_default_00348,ex02::WHO'S MORE MISERABLE THAN HER,emotion_3408,speaker_count_3408_last,0,2,15,4,9,6,2
ex02_default_00348,ex02::WHO'S MORE MISERABLE THAN HER,emotion_3408,speaker_count_3408_last,20,5,15,10,9,6,5
ex02_default_00348,ex02::WHO'S MORE MISERABLE THAN HER,emotion_3408,speaker_count_3408_last,40,6,15,12,9,6,6
ex02_default_00348,ex02::WHO'S MORE MISERABLE THAN HER,intent_3408_last,speaker_count_3408_last,0,3,18,6,12,6,3
ex02_default_00348,ex02::WHO'S MORE MISERABLE THAN HER,intent_3408_last,speaker_count_3408_last,20,5,18,10,12,6,5
ex02_default_00348,ex02::WHO'S MORE MISERABLE THAN HER,intent_3408_last,speaker_count_3408_last,40,6,18,12,12,6,6
ex02_default_00355,ex02::GIVEN THE CIRCUMSTANCES ISN'T THIS A LITTLE UNORTHODOX,asr_3408,emotion_3408,0,20,75,40,47,28,20
ex02_default_00355,ex02::GIVEN THE CIRCUMSTANCES ISN'T THIS A LITTLE UNORTHODOX,asr_3408,emotion_3408,20,28,75,56,47,28,28
ex02_default_00355,ex02::GIVEN THE CIRCUMSTANCES ISN'T THIS A LITTLE UNORTHODOX,asr_3408,emotion_3408,40,28,75,56,47,28,28
ex02_default_00355,ex02::GIVEN THE CIRCUMSTANCES ISN'T THIS A LITTLE UNORTHODOX,asr_3408,intent_3408_last,0,19,77,38,47,30,19
ex02_default_00355,ex02::GIVEN THE CIRCUMSTANCES ISN'T THIS A LITTLE UNORTHODOX,asr_3408,intent_3408_last,20,30,77,60,47,30,30
ex02_default_00355,ex02::GIVEN THE CIRCUMSTANCES ISN'T THIS A LITTLE UNORTHODOX,asr_3408,intent_3408_last,40,30,77,60,47,30,30
ex02_default_00355,ex02::GIVEN THE CIRCUMSTANCES ISN'T THIS A LITTLE UNORTHODOX,asr_3408,speaker_count_3408_last,0,6,61,12,47,14,6
ex02_default_00355,ex02::GIVEN THE CIRCUMSTANCES ISN'T THIS A LITTLE UNORTHODOX,asr_3408,speaker_count_3408_last,20,14,61,28,47,14,14
ex02_default_00355,ex02::GIVEN THE CIRCUMSTANCES ISN'T THIS A LITTLE UNORTHODOX,asr_3408,speaker_count_3408_last,40,14,61,28,47,14,14
ex02_default_00355,ex02::GIVEN THE CIRCUMSTANCES ISN'T THIS A LITTLE UNORTHODOX,emotion_3408,intent_3408_last,0,19,58,38,28,30,19
ex02_default_00355,ex02::GIVEN THE CIRCUMSTANCES ISN'T THIS A LITTLE UNORTHODOX,emotion_3408,intent_3408_last,20,24,58,48,28,30,24
ex02_default_00355,ex02::GIVEN THE CIRCUMSTANCES ISN'T THIS A LITTLE UNORTHODOX,emotion_3408,intent_3408_last,40,26,58,52,28,30,28
ex02_default_00355,ex02::GIVEN THE CIRCUMSTANCES ISN'T THIS A LITTLE UNORTHODOX,emotion_3408,speaker_count_3408_last,0,7,42,14,28,14,7
ex02_default_00355,ex02::GIVEN THE CIRCUMSTANCES ISN'T THIS A LITTLE UNORTHODOX,emotion_3408,speaker_count_3408_last,20,13,42,26,28,14,13
ex02_default_00355,ex02::GIVEN THE CIRCUMSTANCES ISN'T THIS A LITTLE UNORTHODOX,emotion_3408,speaker_count_3408_last,40,14,42,28,28,14,14
ex02_default_00355,ex02::GIVEN THE CIRCUMSTANCES ISN'T THIS A LITTLE UNORTHODOX,intent_3408_last,speaker_count_3408_last,0,9,44,18,30,14,9
ex02_default_00355,ex02::GIVEN THE CIRCUMSTANCES ISN'T THIS A LITTLE UNORTHODOX,intent_3408_last,speaker_count_3408_last,20,13,44,26,30,14,13
ex02_default_00355,ex02::GIVEN THE CIRCUMSTANCES ISN'T THIS A LITTLE UNORTHODOX,intent_3408_last,speaker_count_3408_last,40,14,44,28,30,14,14
ex02_enunciated_00028,ex02::WHAT DO YA THINK YOU'RE DOING,asr_3408,emotion_3408,0,7,39,14,26,13,7
ex02_enunciated_00028,ex02::WHAT DO YA THINK YOU'RE DOING,asr_3408,emotion_3408,20,13,39,26,26,13,13
ex02_enunciated_00028,ex02::WHAT DO YA THINK YOU'RE DOING,asr_3408,emotion_3408,40,13,39,26,26,13,13
ex02_enunciated_00028,ex02::WHAT DO YA THINK YOU'RE DOING,asr_3408,intent_3408_last,0,15,47,30,26,21,15
ex02_enunciated_00028,ex02::WHAT DO YA THINK YOU'RE DOING,asr_3408,intent_3408_last,20,20,47,40,26,21,20
ex02_enunciated_00028,ex02::WHAT DO YA THINK YOU'RE DOING,asr_3408,intent_3408_last,40,21,47,42,26,21,21
ex02_enunciated_00028,ex02::WHAT DO YA THINK YOU'RE DOING,asr_3408,speaker_count_3408_last,0,2,32,4,26,6,2
ex02_enunciated_00028,ex02::WHAT DO YA THINK YOU'RE DOING,asr_3408,speaker_count_3408_last,20,5,32,10,26,6,5
ex02_enunciated_00028,ex02::WHAT DO YA THINK YOU'RE DOING,asr_3408,speaker_count_3408_last,40,6,32,12,26,6,6
ex02_enunciated_00028,ex02::WHAT DO YA THINK YOU'RE DOING,emotion_3408,intent_3408_last,0,7,34,14,13,21,7
ex02_enunciated_00028,ex02::WHAT DO YA THINK YOU'RE DOING,emotion_3408,intent_3408_last,20,12,34,24,13,21,13
ex02_enunciated_00028,ex02::WHAT DO YA THINK YOU'RE DOING,emotion_3408,intent_3408_last,40,13,34,26,13,21,15
ex02_enunciated_00028,ex02::WHAT DO YA THINK YOU'RE DOING,emotion_3408,speaker_count_3408_last,0,1,19,2,13,6,1
ex02_enunciated_00028,ex02::WHAT DO YA THINK YOU'RE DOING,emotion_3408,speaker_count_3408_last,20,5,19,10,13,6,5
ex02_enunciated_00028,ex02::WHAT DO YA THINK YOU'RE DOING,emotion_3408,speaker_count_3408_last,40,6,19,12,13,6,6
ex02_enunciated_00028,ex02::WHAT DO YA THINK YOU'RE DOING,intent_3408_last,speaker_count_3408_last,0,2,27,4,21,6,2
ex02_enunciated_00028,ex02::WHAT DO YA THINK YOU'RE DOING,intent_3408_last,speaker_count_3408_last,20,5,27,10,21,6,5
ex02_enunciated_00028,ex02::WHAT DO YA THINK YOU'RE DOING,intent_3408_last,speaker_count_3408_last,40,6,27,12,21,6,6
ex02_enunciated_00030,ex02::BUT WE ALL HAVE TO LOOK AT OURSELVES,asr_3408,emotion_3408,0,13,55,26,36,19,13
ex02_enunciated_00030,ex02::BUT WE ALL HAVE TO LOOK AT OURSELVES,asr_3408,emotion_3408,20,17,55,34,36,19,17
ex02_enunciated_00030,ex02::BUT WE ALL HAVE TO LOOK AT OURSELVES,asr_3408,emotion_3408,40,19,55,38,36,19,19
ex02_enunciated_00030,ex02::BUT WE ALL HAVE TO LOOK AT OURSELVES,asr_3408,intent_3408_last,0,19,64,38,36,28,19
ex02_enunciated_00030,ex02::BUT WE ALL HAVE TO LOOK AT OURSELVES,asr_3408,intent_3408_last,20,26,64,52,36,28,26
ex02_enunciated_00030,ex02::BUT WE ALL HAVE TO LOOK AT OURSELVES,asr_3408,intent_3408_last,40,28,64,56,36,28,28
ex02_enunciated_00030,ex02::BUT WE ALL HAVE TO LOOK AT OURSELVES,asr_3408,speaker_count_3408_last,0,4,46,8,36,10,4
ex02_enunciated_00030,ex02::BUT WE ALL HAVE TO LOOK AT OURSELVES,asr_3408,speaker_count_3408_last,20,9,46,18,36,10,9
ex02_enunciated_00030,ex02::BUT WE ALL HAVE TO LOOK AT OURSELVES,asr_3408,speaker_count_3408_last,40,10,46,20,36,10,10
ex02_enunciated_00030,ex02::BUT WE ALL HAVE TO LOOK AT OURSELVES,emotion_3408,intent_3408_last,0,11,47,22,19,28,11
ex02_enunciated_00030,ex02::BUT WE ALL HAVE TO LOOK AT OURSELVES,emotion_3408,intent_3408_last,20,18,47,36,19,28,19
ex02_enunciated_00030,ex02::BUT WE ALL HAVE TO LOOK AT OURSELVES,emotion_3408,intent_3408_last,40,19,47,38,19,28,21
ex02_enunciated_00030,ex02::BUT WE ALL HAVE TO LOOK AT OURSELVES,emotion_3408,speaker_count_3408_last,0,3,29,6,19,10,3
ex02_enunciated_00030,ex02::BUT WE ALL HAVE TO LOOK AT OURSELVES,emotion_3408,speaker_count_3408_last,20,8,29,16,19,10,8
ex02_enunciated_00030,ex02::BUT WE ALL HAVE TO LOOK AT OURSELVES,emotion_3408,speaker_count_3408_last,40,10,29,20,19,10,10
ex02_enunciated_00030,ex02::BUT WE ALL HAVE TO LOOK AT OURSELVES,intent_3408_last,speaker_count_3408_last,0,5,38,10,28,10,5
ex02_enunciated_00030,ex02::BUT WE ALL HAVE TO LOOK AT OURSELVES,intent_3408_last,speaker_count_3408_last,20,10,38,20,28,10,10
ex02_enunciated_00030,ex02::BUT WE ALL HAVE TO LOOK AT OURSELVES,intent_3408_last,speaker_count_3408_last,40,10,38,20,28,10,10
ex02_enunciated_00058,ex02::SHE'S ALWAYS HIGH AS A KITE,asr_3408,emotion_3408,0,11,44,22,28,16,11
ex02_enunciated_00058,ex02::SHE'S ALWAYS HIGH AS A KITE,asr_3408,emotion_3408,20,15,44,30,28,16,15
ex02_enunciated_00058,ex02::SHE'S ALWAYS HIGH AS A KITE,asr_3408,emotion_3408,40,15,44,30,28,16,15
ex02_enunciated_00058,ex02::SHE'S ALWAYS HIGH AS A KITE,asr_3408,intent_3408_last,0,16,50,32,28,22,16
ex02_enunciated_00058,ex02::SHE'S ALWAYS HIGH AS A KITE,asr_3408,intent_3408_last,20,22,50,44,28,22,22
ex02_enunciated_00058,ex02::SHE'S ALWAYS HIGH AS A KITE,asr_3408,intent_3408_last,40,22,50,44,28,22,22
ex02_enunciated_00058,ex02::SHE'S ALWAYS HIGH AS A KITE,asr_3408,speaker_count_3408_last,0,3,34,6,28,6,3
ex02_enunciated_00058,ex02::SHE'S ALWAYS HIGH AS A KITE,asr_3408,speaker_count_3408_last,20,5,34,10,28,6,5
ex02_enunciated_00058,ex02::SHE'S ALWAYS HIGH AS A KITE,asr_3408,speaker_count_3408_last,40,5,34,10,28,6,5
ex02_enunciated_00058,ex02::SHE'S ALWAYS HIGH AS A KITE,emotion_3408,intent_3408_last,0,12,38,24,16,22,12
ex02_enunciated_00058,ex02::SHE'S ALWAYS HIGH AS A KITE,emotion_3408,intent_3408_last,20,14,38,28,16,22,14
ex02_enunciated_00058,ex02::SHE'S ALWAYS HIGH AS A KITE,emotion_3408,intent_3408_last,40,15,38,30,16,22,16
ex02_enunciated_00058,ex02::SHE'S ALWAYS HIGH AS A KITE,emotion_3408,speaker_count_3408_last,0,4,22,8,16,6,4
ex02_enunciated_00058,ex02::SHE'S ALWAYS HIGH AS A KITE,emotion_3408,speaker_count_3408_last,20,6,22,12,16,6,6
ex02_enunciated_00058,ex02::SHE'S ALWAYS HIGH AS A KITE,emotion_3408,speaker_count_3408_last,40,6,22,12,16,6,6
ex02_enunciated_00058,ex02::SHE'S ALWAYS HIGH AS A KITE,intent_3408_last,speaker_count_3408_last,0,3,28,6,22,6,3
ex02_enunciated_00058,ex02::SHE'S ALWAYS HIGH AS A KITE,intent_3408_last,speaker_count_3408_last,20,5,28,10,22,6,5
ex02_enunciated_00058,ex02::SHE'S ALWAYS HIGH AS A KITE,intent_3408_last,speaker_count_3408_last,40,5,28,10,22,6,5
ex02_enunciated_00073,ex02::DELETED THE FIRST SECOND OR THIRD ONE,asr_3408,emotion_3408,0,13,57,26,36,21,13
ex02_enunciated_00073,ex02::DELETED THE FIRST SECOND OR THIRD ONE,asr_3408,emotion_3408,20,19,57,38,36,21,19
ex02_enunciated_00073,ex02::DELETED THE FIRST SECOND OR THIRD ONE,asr_3408,emotion_3408,40,21,57,42,36,21,21
ex02_enunciated_00073,ex02::DELETED THE FIRST SECOND OR THIRD ONE,asr_3408,intent_3408_last,0,17,62,34,36,26,17
ex02_enunciated_00073,ex02::DELETED THE FIRST SECOND OR THIRD ONE,asr_3408,intent_3408_last,20,26,62,52,36,26,26
ex02_enunciated_00073,ex02::DELETED THE FIRST SECOND OR THIRD ONE,asr_3408,intent_3408_last,40,26,62,52,36,26,26
ex02_enunciated_00073,ex02::DELETED THE FIRST SECOND OR THIRD ONE,asr_3408,speaker_count_3408_last,0,7,46,14,36,10,7
ex02_enunciated_00073,ex02::DELETED THE FIRST SECOND OR THIRD ONE,asr_3408,speaker_count_3408_last,20,10,46,20,36,10,10
ex02_enunciated_00073,ex02::DELETED THE FIRST SECOND OR THIRD ONE,asr_3408,speaker_count_3408_last,40,10,46,20,36,10,10
ex02_enunciated_00073,ex02::DELETED THE FIRST SECOND OR THIRD ONE,emotion_3408,intent_3408_last,0,15,47,30,21,26,15
ex02_enunciated_00073,ex02::DELETED THE FIRST SECOND OR THIRD ONE,emotion_3408,intent_3408_last,20,18,47,36,21,26,18
ex02_enunciated_00073,ex02::DELETED THE FIRST SECOND OR THIRD ONE,emotion_3408,intent_3408_last,40,19,47,38,21,26,22
ex02_enunciated_00073,ex02::DELETED THE FIRST SECOND OR THIRD ONE,emotion_3408,speaker_count_3408_last,0,4,31,8,21,10,4
ex02_enunciated_00073,ex02::DELETED THE FIRST SECOND OR THIRD ONE,emotion_3408,speaker_count_3408_last,20,8,31,16,21,10,8
ex02_enunciated_00073,ex02::DELETED THE FIRST SECOND OR THIRD ONE,emotion_3408,speaker_count_3408_last,40,8,31,16,21,10,8
ex02_enunciated_00073,ex02::DELETED THE FIRST SECOND OR THIRD ONE,intent_3408_last,speaker_count_3408_last,0,5,36,10,26,10,5
ex02_enunciated_00073,ex02::DELETED THE FIRST SECOND OR THIRD ONE,intent_3408_last,speaker_count_3408_last,20,9,36,18,26,10,9
ex02_enunciated_00073,ex02::DELETED THE FIRST SECOND OR THIRD ONE,intent_3408_last,speaker_count_3408_last,40,9,36,18,26,10,9
ex02_enunciated_00089,ex02::COMPARING AND CONTRASTING THE VARIOUS OFFENDER TYPES IS ILLUMINATING,asr_3408,emotion_3408,0,28,107,56,69,38,28
ex02_enunciated_00089,ex02::COMPARING AND CONTRASTING THE VARIOUS OFFENDER TYPES IS ILLUMINATING,asr_3408,emotion_3408,20,37,107,74,69,38,37
ex02_enunciated_00089,ex02::COMPARING AND CONTRASTING THE VARIOUS OFFENDER TYPES IS ILLUMINATING,asr_3408,emotion_3408,40,38,107,76,69,38,38
ex02_enunciated_00089,ex02::COMPARING AND CONTRASTING THE VARIOUS OFFENDER TYPES IS ILLUMINATING,asr_3408,intent_3408_last,0,32,115,64,69,46,32
ex02_enunciated_00089,ex02::COMPARING AND CONTRASTING THE VARIOUS OFFENDER TYPES IS ILLUMINATING,asr_3408,intent_3408_last,20,45,115,90,69,46,45
ex02_enunciated_00089,ex02::COMPARING AND CONTRASTING THE VARIOUS OFFENDER TYPES IS ILLUMINATING,asr_3408,intent_3408_last,40,45,115,90,69,46,45
ex02_enunciated_00089,ex02::COMPARING AND CONTRASTING THE VARIOUS OFFENDER TYPES IS ILLUMINATING,asr_3408,speaker_count_3408_last,0,7,89,14,69,20,7
ex02_enunciated_00089,ex02::COMPARING AND CONTRASTING THE VARIOUS OFFENDER TYPES IS ILLUMINATING,asr_3408,speaker_count_3408_last,20,18,89,36,69,20,18
ex02_enunciated_00089,ex02::COMPARING AND CONTRASTING THE VARIOUS OFFENDER TYPES IS ILLUMINATING,asr_3408,speaker_count_3408_last,40,20,89,40,69,20,20
ex02_enunciated_00089,ex02::COMPARING AND CONTRASTING THE VARIOUS OFFENDER TYPES IS ILLUMINATING,emotion_3408,intent_3408_last,0,24,84,48,38,46,24
ex02_enunciated_00089,ex02::COMPARING AND CONTRASTING THE VARIOUS OFFENDER TYPES IS ILLUMINATING,emotion_3408,intent_3408_last,20,32,84,64,38,46,33
ex02_enunciated_00089,ex02::COMPARING AND CONTRASTING THE VARIOUS OFFENDER TYPES IS ILLUMINATING,emotion_3408,intent_3408_last,40,35,84,70,38,46,39
ex02_enunciated_00089,ex02::COMPARING AND CONTRASTING THE VARIOUS OFFENDER TYPES IS ILLUMINATING,emotion_3408,speaker_count_3408_last,0,6,58,12,38,20,6
ex02_enunciated_00089,ex02::COMPARING AND CONTRASTING THE VARIOUS OFFENDER TYPES IS ILLUMINATING,emotion_3408,speaker_count_3408_last,20,18,58,36,38,20,18
ex02_enunciated_00089,ex02::COMPARING AND CONTRASTING THE VARIOUS OFFENDER TYPES IS ILLUMINATING,emotion_3408,speaker_count_3408_last,40,18,58,36,38,20,18
ex02_enunciated_00089,ex02::COMPARING AND CONTRASTING THE VARIOUS OFFENDER TYPES IS ILLUMINATING,intent_3408_last,speaker_count_3408_last,0,5,66,10,46,20,5
ex02_enunciated_00089,ex02::COMPARING AND CONTRASTING THE VARIOUS OFFENDER TYPES IS ILLUMINATING,intent_3408_last,speaker_count_3408_last,20,18,66,36,46,20,18
ex02_enunciated_00089,ex02::COMPARING AND CONTRASTING THE VARIOUS OFFENDER TYPES IS ILLUMINATING,intent_3408_last,speaker_count_3408_last,40,19,66,38,46,20,19
ex02_enunciated_00096,ex02::WHAT'S WITH THE LOOK,asr_3408,emotion_3408,0,7,25,14,16,9,7
ex02_enunciated_00096,ex02::WHAT'S WITH THE LOOK,asr_3408,emotion_3408,20,9,25,18,16,9,9
ex02_enunciated_00096,ex02::WHAT'S WITH THE LOOK,asr_3408,emotion_3408,40,9,25,18,16,9,9
ex02_enunciated_00096,ex02::WHAT'S WITH THE LOOK,asr_3408,intent_3408_last,0,7,29,14,16,13,7
ex02_enunciated_00096,ex02::WHAT'S WITH THE LOOK,asr_3408,intent_3408_last,20,12,29,24,16,13,12
ex02_enunciated_00096,ex02::WHAT'S WITH THE LOOK,asr_3408,intent_3408_last,40,12,29,24,16,13,12
ex02_enunciated_00096,ex02::WHAT'S WITH THE LOOK,asr_3408,speaker_count_3408_last,0,2,20,4,16,4,2
ex02_enunciated_00096,ex02::WHAT'S WITH THE LOOK,asr_3408,speaker_count_3408_last,20,4,20,8,16,4,4
ex02_enunciated_00096,ex02::WHAT'S WITH THE LOOK,asr_3408,speaker_count_3408_last,40,4,20,8,16,4,4
ex02_enunciated_00096,ex02::WHAT'S WITH THE LOOK,emotion_3408,intent_3408_last,0,6,22,12,9,13,6
ex02_enunciated_00096,ex02::WHAT'S WITH THE LOOK,emotion_3408,intent_3408_last,20,7,22,14,9,13,8
ex02_enunciated_00096,ex02::WHAT'S WITH THE LOOK,emotion_3408,intent_3408_last,40,8,22,16,9,13,10
ex02_enunciated_00096,ex02::WHAT'S WITH THE LOOK,emotion_3408,speaker_count_3408_last,0,2,13,4,9,4,2
ex02_enunciated_00096,ex02::WHAT'S WITH THE LOOK,emotion_3408,speaker_count_3408_last,20,4,13,8,9,4,4
ex02_enunciated_00096,ex02::WHAT'S WITH THE LOOK,emotion_3408,speaker_count_3408_last,40,4,13,8,9,4,4
ex02_enunciated_00096,ex02::WHAT'S WITH THE LOOK,intent_3408_last,speaker_count_3408_last,0,1,17,2,13,4,1
ex02_enunciated_00096,ex02::WHAT'S WITH THE LOOK,intent_3408_last,speaker_count_3408_last,20,3,17,6,13,4,3
ex02_enunciated_00096,ex02::WHAT'S WITH THE LOOK,intent_3408_last,speaker_count_3408_last,40,3,17,6,13,4,3
ex02_enunciated_00099,ex02::HE SAID OH BRIAN I KNOW YOU THINK YOU'RE SMART BUT IT'S DAVE BANNER,asr_3408,emotion_3408,0,15,85,30,60,25,15
ex02_enunciated_00099,ex02::HE SAID OH BRIAN I KNOW YOU THINK YOU'RE SMART BUT IT'S DAVE BANNER,asr_3408,emotion_3408,20,23,85,46,60,25,23
ex02_enunciated_00099,ex02::HE SAID OH BRIAN I KNOW YOU THINK YOU'RE SMART BUT IT'S DAVE BANNER,asr_3408,emotion_3408,40,25,85,50,60,25,25
ex02_enunciated_00099,ex02::HE SAID OH BRIAN I KNOW YOU THINK YOU'RE SMART BUT IT'S DAVE BANNER,asr_3408,intent_3408_last,0,34,105,68,60,45,34
ex02_enunciated_00099,ex02::HE SAID OH BRIAN I KNOW YOU THINK YOU'RE SMART BUT IT'S DAVE BANNER,asr_3408,intent_3408_last,20,44,105,88,60,45,44
ex02_enunciated_00099,ex02::HE SAID OH BRIAN I KNOW YOU THINK YOU'RE SMART BUT IT'S DAVE BANNER,asr_3408,intent_3408_last,40,45,105,90,60,45,45
ex02_enunciated_00099,ex02::HE SAID OH BRIAN I KNOW YOU THINK YOU'RE SMART BUT IT'S DAVE BANNER,asr_3408,speaker_count_3408_last,0,7,74,14,60,14,7
ex02_enunciated_00099,ex02::HE SAID OH BRIAN I KNOW YOU THINK YOU'RE SMART BUT IT'S DAVE BANNER,asr_3408,speaker_count_3408_last,20,13,74,26,60,14,13
ex02_enunciated_00099,ex02::HE SAID OH BRIAN I KNOW YOU THINK YOU'RE SMART BUT IT'S DAVE BANNER,asr_3408,speaker_count_3408_last,40,14,74,28,60,14,14
ex02_enunciated_00099,ex02::HE SAID OH BRIAN I KNOW YOU THINK YOU'RE SMART BUT IT'S DAVE BANNER,emotion_3408,intent_3408_last,0,14,70,28,25,45,14
ex02_enunciated_00099,ex02::HE SAID OH BRIAN I KNOW YOU THINK YOU'RE SMART BUT IT'S DAVE BANNER,emotion_3408,intent_3408_last,20,24,70,48,25,45,25
ex02_enunciated_00099,ex02::HE SAID OH BRIAN I KNOW YOU THINK YOU'RE SMART BUT IT'S DAVE BANNER,emotion_3408,intent_3408_last,40,25,70,50,25,45,28
ex02_enunciated_00099,ex02::HE SAID OH BRIAN I KNOW YOU THINK YOU'RE SMART BUT IT'S DAVE BANNER,emotion_3408,speaker_count_3408_last,0,5,39,10,25,14,5
ex02_enunciated_00099,ex02::HE SAID OH BRIAN I KNOW YOU THINK YOU'RE SMART BUT IT'S DAVE BANNER,emotion_3408,speaker_count_3408_last,20,10,39,20,25,14,10
ex02_enunciated_00099,ex02::HE SAID OH BRIAN I KNOW YOU THINK YOU'RE SMART BUT IT'S DAVE BANNER,emotion_3408,speaker_count_3408_last,40,10,39,20,25,14,10
ex02_enunciated_00099,ex02::HE SAID OH BRIAN I KNOW YOU THINK YOU'RE SMART BUT IT'S DAVE BANNER,intent_3408_last,speaker_count_3408_last,0,8,59,16,45,14,8
ex02_enunciated_00099,ex02::HE SAID OH BRIAN I KNOW YOU THINK YOU'RE SMART BUT IT'S DAVE BANNER,intent_3408_last,speaker_count_3408_last,20,12,59,24,45,14,12
ex02_enunciated_00099,ex02::HE SAID OH BRIAN I KNOW YOU THINK YOU'RE SMART BUT IT'S DAVE BANNER,intent_3408_last,speaker_count_3408_last,40,13,59,26,45,14,13
ex02_enunciated_00128,ex02::YOU TRASH HOTEL ROOMS IN YOUR SLEEP,asr_3408,emotion_3408,0,11,48,22,30,18,11
ex02_enunciated_00128,ex02::YOU TRASH HOTEL ROOMS IN YOUR SLEEP,asr_3408,emotion_3408,20,16,48,32,30,18,16
ex02_enunciated_00128,ex02::YOU TRASH HOTEL ROOMS IN YOUR SLEEP,asr_3408,emotion_3408,40,17,48,34,30,18,17
ex02_enunciated_00128,ex02::YOU TRASH HOTEL ROOMS IN YOUR SLEEP,asr_3408,intent_3408_last,0,20,55,40,30,25,20
ex02_enunciated_00128,ex02::YOU TRASH HOTEL ROOMS IN YOUR SLEEP,asr_3408,intent_3408_last,20,25,55,50,30,25,25
ex02_enunciated_00128,ex02::YOU TRASH HOTEL ROOMS IN YOUR SLEEP,asr_3408,intent_3408_last,40,25,55,50,30,25,25
ex02_enunciated_00128,ex02::YOU TRASH HOTEL ROOMS IN YOUR SLEEP,asr_3408,speaker_count_3408_last,0,2,37,4,30,7,2
ex02_enunciated_00128,ex02::YOU TRASH HOTEL ROOMS IN YOUR SLEEP,asr_3408,speaker_count_3408_last,20,6,37,12,30,7,6
ex02_enunciated_00128,ex02::YOU TRASH HOTEL ROOMS IN YOUR SLEEP,asr_3408,speaker_count_3408_last,40,6,37,12,30,7,6
ex02_enunciated_00128,ex02::YOU TRASH HOTEL ROOMS IN YOUR SLEEP,emotion_3408,intent_3408_last,0,11,43,22,18,25,11
ex02_enunciated_00128,ex02::YOU TRASH HOTEL ROOMS IN YOUR SLEEP,emotion_3408,intent_3408_last,20,17,43,34,18,25,18
ex02_enunciated_00128,ex02::YOU TRASH HOTEL ROOMS IN YOUR SLEEP,emotion_3408,intent_3408_last,40,17,43,34,18,25,20
ex02_enunciated_00128,ex02::YOU TRASH HOTEL ROOMS IN YOUR SLEEP,emotion_3408,speaker_count_3408_last,0,3,25,6,18,7,3
ex02_enunciated_00128,ex02::YOU TRASH HOTEL ROOMS IN YOUR SLEEP,emotion_3408,speaker_count_3408_last,20,6,25,12,18,7,6
ex02_enunciated_00128,ex02::YOU TRASH HOTEL ROOMS IN YOUR SLEEP,emotion_3408,speaker_count_3408_last,40,6,25,12,18,7,6
ex02_enunciated_00128,ex02::YOU TRASH HOTEL ROOMS IN YOUR SLEEP,intent_3408_last,speaker_count_3408_last,0,3,32,6,25,7,3
ex02_enunciated_00128,ex02::YOU TRASH HOTEL ROOMS IN YOUR SLEEP,intent_3408_last,speaker_count_3408_last,20,6,32,12,25,7,6
ex02_enunciated_00128,ex02::YOU TRASH HOTEL ROOMS IN YOUR SLEEP,intent_3408_last,speaker_count_3408_last,40,6,32,12,25,7,6
ex02_enunciated_00150,ex02::HOW DO YOU SAY WELCOME IN JAPANESE,asr_3408,emotion_3408,0,11,51,22,33,18,11
ex02_enunciated_00150,ex02::HOW DO YOU SAY WELCOME IN JAPANESE,asr_3408,emotion_3408,20,15,51,30,33,18,15
ex02_enunciated_00150,ex02::HOW DO YOU SAY WELCOME IN JAPANESE,asr_3408,emotion_3408,40,18,51,36,33,18,18
ex02_enunciated_00150,ex02::HOW DO YOU SAY WELCOME IN JAPANESE,asr_3408,intent_3408_last,0,17,58,34,33,25,17
ex02_enunciated_00150,ex02::HOW DO YOU SAY WELCOME IN JAPANESE,asr_3408,intent_3408_last,20,25,58,50,33,25,25
ex02_enunciated_00150,ex02::HOW DO YOU SAY WELCOME IN JAPANESE,asr_3408,intent_3408_last,40,25,58,50,33,25,25
ex02_enunciated_00150,ex02::HOW DO YOU SAY WELCOME IN JAPANESE,asr_3408,speaker_count_3408_last,0,4,42,8,33,9,4
ex02_enunciated_00150,ex02::HOW DO YOU SAY WELCOME IN JAPANESE,asr_3408,speaker_count_3408_last,20,8,42,16,33,9,8
ex02_enunciated_00150,ex02::HOW DO YOU SAY WELCOME IN JAPANESE,asr_3408,speaker_count_3408_last,40,8,42,16,33,9,8
ex02_enunciated_00150,ex02::HOW DO YOU SAY WELCOME IN JAPANESE,emotion_3408,intent_3408_last,0,14,43,28,18,25,14
ex02_enunciated_00150,ex02::HOW DO YOU SAY WELCOME IN JAPANESE,emotion_3408,intent_3408_last,20,16,43,32,18,25,16
ex02_enunciated_00150,ex02::HOW DO YOU SAY WELCOME IN JAPANESE,emotion_3408,intent_3408_last,40,17,43,34,18,25,19
ex02_enunciated_00150,ex02::HOW DO YOU SAY WELCOME IN JAPANESE,emotion_3408,speaker_count_3408_last,0,4,27,8,18,9,4
ex02_enunciated_00150,ex02::HOW DO YOU SAY WELCOME IN JAPANESE,emotion_3408,speaker_count_3408_last,20,7,27,14,18,9,7
ex02_enunciated_00150,ex02::HOW DO YOU SAY WELCOME IN JAPANESE,emotion_3408,speaker_count_3408_last,40,8,27,16,18,9,8
ex02_enunciated_00150,ex02::HOW DO YOU SAY WELCOME IN JAPANESE,intent_3408_last,speaker_count_3408_last,0,4,34,8,25,9,4
ex02_enunciated_00150,ex02::HOW DO YOU SAY WELCOME IN JAPANESE,intent_3408_last,speaker_count_3408_last,20,7,34,14,25,9,7
ex02_enunciated_00150,ex02::HOW DO YOU SAY WELCOME IN JAPANESE,intent_3408_last,speaker_count_3408_last,40,7,34,14,25,9,7
ex02_enunciated_00157,ex02::WEDDING MUSIC STOPS,asr_3408,emotion_3408,0,8,31,16,20,11,8
ex02_enunciated_00157,ex02::WEDDING MUSIC STOPS,asr_3408,emotion_3408,20,11,31,22,20,11,11
ex02_enunciated_00157,ex02::WEDDING MUSIC STOPS,asr_3408,emotion_3408,40,11,31,22,20,11,11
ex02_enunciated_00157,ex02::WEDDING MUSIC STOPS,asr_3408,intent_3408_last,0,10,36,20,20,16,10
ex02_enunciated_00157,ex02::WEDDING MUSIC STOPS,asr_3408,intent_3408_last,20,16,36,32,20,16,16
ex02_enunciated_00157,ex02::WEDDING MUSIC STOPS,asr_3408,intent_3408_last,40,16,36,32,20,16,16
ex02_enunciated_00157,ex02::WEDDING MUSIC STOPS,asr_3408,speaker_count_3408_last,0,1,25,2,20,5,1
ex02_enunciated_00157,ex02::WEDDING MUSIC STOPS,asr_3408,speaker_count_3408_last,20,3,25,6,20,5,3
ex02_enunciated_00157,ex02::WEDDING MUSIC STOPS,asr_3408,speaker_count_3408_last,40,5,25,10,20,5,5
ex02_enunciated_00157,ex02::WEDDING MUSIC STOPS,emotion_3408,intent_3408_last,0,6,27,12,11,16,6
ex02_enunciated_00157,ex02::WEDDING MUSIC STOPS,emotion_3408,intent_3408_last,20,10,27,20,11,16,10
ex02_enunciated_00157,ex02::WEDDING MUSIC STOPS,emotion_3408,intent_3408_last,40,10,27,20,11,16,13
ex02_enunciated_00157,ex02::WEDDING MUSIC STOPS,emotion_3408,speaker_count_3408_last,0,2,16,4,11,5,2
ex02_enunciated_00157,ex02::WEDDING MUSIC STOPS,emotion_3408,speaker_count_3408_last,20,5,16,10,11,5,5
ex02_enunciated_00157,ex02::WEDDING MUSIC STOPS,emotion_3408,speaker_count_3408_last,40,5,16,10,11,5,5
ex02_enunciated_00157,ex02::WEDDING MUSIC STOPS,intent_3408_last,speaker_count_3408_last,0,1,21,2,16,5,1
ex02_enunciated_00157,ex02::WEDDING MUSIC STOPS,intent_3408_last,speaker_count_3408_last,20,4,21,8,16,5,4
ex02_enunciated_00157,ex02::WEDDING MUSIC STOPS,intent_3408_last,speaker_count_3408_last,40,5,21,10,16,5,5
ex02_enunciated_00233,ex02::DID SHE JUMP IN A CAB,asr_3408,emotion_3408,0,7,34,14,22,12,7
ex02_enunciated_00233,ex02::DID SHE JUMP IN A CAB,asr_3408,emotion_3408,20,12,34,24,22,12,12
ex02_enunciated_00233,ex02::DID SHE JUMP IN A CAB,asr_3408,emotion_3408,40,12,34,24,22,12,12
ex02_enunciated_00233,ex02::DID SHE JUMP IN A CAB,asr_3408,intent_3408_last,0,9,37,18,22,15,9
ex02_enunciated_00233,ex02::DID SHE JUMP IN A CAB,asr_3408,intent_3408_last,20,15,37,30,22,15,15
ex02_enunciated_00233,ex02::DID SHE JUMP IN A CAB,asr_3408,intent_3408_last,40,15,37,30,22,15,15
ex02_enunciated_00233,ex02::DID SHE JUMP IN A CAB,asr_3408,speaker_count_3408_last,0,2,28,4,22,6,2
ex02_enunciated_00233,ex02::DID SHE JUMP IN A CAB,asr_3408,speaker_count_3408_last,20,5,28,10,22,6,5
ex02_enunciated_00233,ex02::DID SHE JUMP IN A CAB,asr_3408,speaker_count_3408_last,40,5,28,10,22,6,5
ex02_enunciated_00233,ex02::DID SHE JUMP IN A CAB,emotion_3408,intent_3408_last,0,10,27,20,12,15,10
ex02_enunciated_00233,ex02::DID SHE JUMP IN A CAB,emotion_3408,intent_3408_last,20,12,27,24,12,15,12
ex02_enunciated_00233,ex02::DID SHE JUMP IN A CAB,emotion_3408,intent_3408_last,40,12,27,24,12,15,12
ex02_enunciated_00233,ex02::DID SHE JUMP IN A CAB,emotion_3408,speaker_count_3408_last,0,3,18,6,12,6,3
ex02_enunciated_00233,ex02::DID SHE JUMP IN A CAB,emotion_3408,speaker_count_3408_last,20,5,18,10,12,6,5
ex02_enunciated_00233,ex02::DID SHE JUMP IN A CAB,emotion_3408,speaker_count_3408_last,40,5,18,10,12,6,5
ex02_enunciated_00233,ex02::DID SHE JUMP IN A CAB,intent_3408_last,speaker_count_3408_last,0,3,21,6,15,6,3
ex02_enunciated_00233,ex02::DID SHE JUMP IN A CAB,intent_3408_last,speaker_count_3408_last,20,5,21,10,15,6,5
ex02_enunciated_00233,ex02::DID SHE JUMP IN A CAB,intent_3408_last,speaker_count_3408_last,40,5,21,10,15,6,5
ex02_enunciated_00261,ex02::YACHT CLUB IN HALF AN HOUR,asr_3408,emotion_3408,0,6,33,12,22,11,6
ex02_enunciated_00261,ex02::YACHT CLUB IN HALF AN HOUR,asr_3408,emotion_3408,20,11,33,22,22,11,11
ex02_enunciated_00261,ex02::YACHT CLUB IN HALF AN HOUR,asr_3408,emotion_3408,40,11,33,22,22,11,11
ex02_enunciated_00261,ex02::YACHT CLUB IN HALF AN HOUR,asr_3408,intent_3408_last,0,9,38,18,22,16,9
ex02_enunciated_00261,ex02::YACHT CLUB IN HALF AN HOUR,asr_3408,intent_3408_last,20,16,38,32,22,16,16
ex02_enunciated_00261,ex02::YACHT CLUB IN HALF AN HOUR,asr_3408,intent_3408_last,40,16,38,32,22,16,16
ex02_enunciated_00261,ex02::YACHT CLUB IN HALF AN HOUR,asr_3408,speaker_count_3408_last,0,3,28,6,22,6,3
ex02_enunciated_00261,ex02::YACHT CLUB IN HALF AN HOUR,asr_3408,speaker_count_3408_last,20,4,28,8,22,6,4
ex02_enunciated_00261,ex02::YACHT CLUB IN HALF AN HOUR,asr_3408,speaker_count_3408_last,40,5,28,10,22,6,5
ex02_enunciated_00261,ex02::YACHT CLUB IN HALF AN HOUR,emotion_3408,intent_3408_last,0,8,27,16,11,16,8
ex02_enunciated_00261,ex02::YACHT CLUB IN HALF AN HOUR,emotion_3408,intent_3408_last,20,11,27,22,11,16,11
ex02_enunciated_00261,ex02::YACHT CLUB IN HALF AN HOUR,emotion_3408,intent_3408_last,40,11,27,22,11,16,12
ex02_enunciated_00261,ex02::YACHT CLUB IN HALF AN HOUR,emotion_3408,speaker_count_3408_last,0,3,17,6,11,6,3
ex02_enunciated_00261,ex02::YACHT CLUB IN HALF AN HOUR,emotion_3408,speaker_count_3408_last,20,4,17,8,11,6,4
ex02_enunciated_00261,ex02::YACHT CLUB IN HALF AN HOUR,emotion_3408,speaker_count_3408_last,40,5,17,10,11,6,5
ex02_enunciated_00261,ex02::YACHT CLUB IN HALF AN HOUR,intent_3408_last,speaker_count_3408_last,0,4,22,8,16,6,4
ex02_enunciated_00261,ex02::YACHT CLUB IN HALF AN HOUR,intent_3408_last,speaker_count_3408_last,20,5,22,10,16,6,5
ex02_enunciated_00261,ex02::YACHT CLUB IN HALF AN HOUR,intent_3408_last,speaker_count_3408_last,40,5,22,10,16,6,5
ex02_enunciated_00326,ex02::KAYDA WAS HER NEUROSURGEON BUT NOW IT SEEMS LIKE JAKE'S MAKING ALL THE DECISIONS,asr_3408,emotion_3408,0,28,113,56,71,42,28
ex02_enunciated_00326,ex02::KAYDA WAS HER NEUROSURGEON BUT NOW IT SEEMS LIKE JAKE'S MAKING ALL THE DECISIONS,asr_3408,emotion_3408,20,40,113,80,71,42,40
ex02_enunciated_00326,ex02::KAYDA WAS HER NEUROSURGEON BUT NOW IT SEEMS LIKE JAKE'S MAKING ALL THE DECISIONS,asr_3408,emotion_3408,40,41,113,82,71,42,41
ex02_enunciated_00326,ex02::KAYDA WAS HER NEUROSURGEON BUT NOW IT SEEMS LIKE JAKE'S MAKING ALL THE DECISIONS,asr_3408,intent_3408_last,0,39,122,78,71,51,39
ex02_enunciated_00326,ex02::KAYDA WAS HER NEUROSURGEON BUT NOW IT SEEMS LIKE JAKE'S MAKING ALL THE DECISIONS,asr_3408,intent_3408_last,20,51,122,102,71,51,51
ex02_enunciated_00326,ex02::KAYDA WAS HER NEUROSURGEON BUT NOW IT SEEMS LIKE JAKE'S MAKING ALL THE DECISIONS,asr_3408,intent_3408_last,40,51,122,102,71,51,51
ex02_enunciated_00326,ex02::KAYDA WAS HER NEUROSURGEON BUT NOW IT SEEMS LIKE JAKE'S MAKING ALL THE DECISIONS,asr_3408,speaker_count_3408_last,0,8,90,16,71,19,8
ex02_enunciated_00326,ex02::KAYDA WAS HER NEUROSURGEON BUT NOW IT SEEMS LIKE JAKE'S MAKING ALL THE DECISIONS,asr_3408,speaker_count_3408_last,20,19,90,38,71,19,19
ex02_enunciated_00326,ex02::KAYDA WAS HER NEUROSURGEON BUT NOW IT SEEMS LIKE JAKE'S MAKING ALL THE DECISIONS,asr_3408,speaker_count_3408_last,40,19,90,38,71,19,19
ex02_enunciated_00326,ex02::KAYDA WAS HER NEUROSURGEON BUT NOW IT SEEMS LIKE JAKE'S MAKING ALL THE DECISIONS,emotion_3408,intent_3408_last,0,32,93,64,42,51,32
ex02_enunciated_00326,ex02::KAYDA WAS HER NEUROSURGEON BUT NOW IT SEEMS LIKE JAKE'S MAKING ALL THE DECISIONS,emotion_3408,intent_3408_last,20,40,93,80,42,51,42
ex02_enunciated_00326,ex02::KAYDA WAS HER NEUROSURGEON BUT NOW IT SEEMS LIKE JAKE'S MAKING ALL THE DECISIONS,emotion_3408,intent_3408_last,40,41,93,82,42,51,45
ex02_enunciated_00326,ex02::KAYDA WAS HER NEUROSURGEON BUT NOW IT SEEMS LIKE JAKE'S MAKING ALL THE DECISIONS,emotion_3408,speaker_count_3408_last,0,7,61,14,42,19,7
ex02_enunciated_00326,ex02::KAYDA WAS HER NEUROSURGEON BUT NOW IT SEEMS LIKE JAKE'S MAKING ALL THE DECISIONS,emotion_3408,speaker_count_3408_last,20,18,61,36,42,19,18
ex02_enunciated_00326,ex02::KAYDA WAS HER NEUROSURGEON BUT NOW IT SEEMS LIKE JAKE'S MAKING ALL THE DECISIONS,emotion_3408,speaker_count_3408_last,40,18,61,36,42,19,18
ex02_enunciated_00326,ex02::KAYDA WAS HER NEUROSURGEON BUT NOW IT SEEMS LIKE JAKE'S MAKING ALL THE DECISIONS,intent_3408_last,speaker_count_3408_last,0,9,70,18,51,19,9
ex02_enunciated_00326,ex02::KAYDA WAS HER NEUROSURGEON BUT NOW IT SEEMS LIKE JAKE'S MAKING ALL THE DECISIONS,intent_3408_last,speaker_count_3408_last,20,18,70,36,51,19,18
ex02_enunciated_00326,ex02::KAYDA WAS HER NEUROSURGEON BUT NOW IT SEEMS LIKE JAKE'S MAKING ALL THE DECISIONS,intent_3408_last,speaker_count_3408_last,40,18,70,36,51,19,18
ex02_enunciated_00348,ex02::WHO'S MORE MISERABLE THAN HER,asr_3408,emotion_3408,0,9,34,18,22,12,9
ex02_enunciated_00348,ex02::WHO'S MORE MISERABLE THAN HER,asr_3408,emotion_3408,20,11,34,22,22,12,11
ex02_enunciated_00348,ex02::WHO'S MORE MISERABLE THAN HER,asr_3408,emotion_3408,40,12,34,24,22,12,12
ex02_enunciated_00348,ex02::WHO'S MORE MISERABLE THAN HER,asr_3408,intent_3408_last,0,13,40,26,22,18,13
ex02_enunciated_00348,ex02::WHO'S MORE MISERABLE THAN HER,asr_3408,intent_3408_last,20,18,40,36,22,18,18
ex02_enunciated_00348,ex02::WHO'S MORE MISERABLE THAN HER,asr_3408,intent_3408_last,40,18,40,36,22,18,18
ex02_enunciated_00348,ex02::WHO'S MORE MISERABLE THAN HER,asr_3408,speaker_count_3408_last,0,4,29,8,22,7,4
ex02_enunciated_00348,ex02::WHO'S MORE MISERABLE THAN HER,asr_3408,speaker_count_3408_last,20,6,29,12,22,7,6
ex02_enunciated_00348,ex02::WHO'S MORE MISERABLE THAN HER,asr_3408,speaker_count_3408_last,40,7,29,14,22,7,7
ex02_enunciated_00348,ex02::WHO'S MORE MISERABLE THAN HER,emotion_3408,intent_3408_last,0,9,30,18,12,18,9
ex02_enunciated_00348,ex02::WHO'S MORE MISERABLE THAN HER,emotion_3408,intent_3408_last,20,11,30,22,12,18,12
ex02_enunciated_00348,ex02::WHO'S MORE MISERABLE THAN HER,emotion_3408,intent_3408_last,40,12,30,24,12,18,13
ex02_enunciated_00348,ex02::WHO'S MORE MISERABLE THAN HER,emotion_3408,speaker_count_3408_last,0,4,19,8,12,7,4
ex02_enunciated_00348,ex02::WHO'S MORE MISERABLE THAN HER,emotion_3408,speaker_count_3408_last,20,6,19,12,12,7,6
ex02_enunciated_00348,ex02::WHO'S MORE MISERABLE THAN HER,emotion_3408,speaker_count_3408_last,40,6,19,12,12,7,6
ex02_enunciated_00348,ex02::WHO'S MORE MISERABLE THAN HER,intent_3408_last,speaker_count_3408_last,0,4,25,8,18,7,4
ex02_enunciated_00348,ex02::WHO'S MORE MISERABLE THAN HER,intent_3408_last,speaker_count_3408_last,20,6,25,12,18,7,6
ex02_enunciated_00348,ex02::WHO'S MORE MISERABLE THAN HER,intent_3408_last,speaker_count_3408_last,40,7,25,14,18,7,7
ex02_enunciated_00355,ex02::GIVEN THE CIRCUMSTANCES ISN'T THIS A LITTLE UNORTHODOX,asr_3408,emotion_3408,0,18,84,36,54,30,18
ex02_enunciated_00355,ex02::GIVEN THE CIRCUMSTANCES ISN'T THIS A LITTLE UNORTHODOX,asr_3408,emotion_3408,20,29,84,58,54,30,29
ex02_enunciated_00355,ex02::GIVEN THE CIRCUMSTANCES ISN'T THIS A LITTLE UNORTHODOX,asr_3408,emotion_3408,40,30,84,60,54,30,30
ex02_enunciated_00355,ex02::GIVEN THE CIRCUMSTANCES ISN'T THIS A LITTLE UNORTHODOX,asr_3408,intent_3408_last,0,28,91,56,54,37,28
ex02_enunciated_00355,ex02::GIVEN THE CIRCUMSTANCES ISN'T THIS A LITTLE UNORTHODOX,asr_3408,intent_3408_last,20,37,91,74,54,37,37
ex02_enunciated_00355,ex02::GIVEN THE CIRCUMSTANCES ISN'T THIS A LITTLE UNORTHODOX,asr_3408,intent_3408_last,40,37,91,74,54,37,37
ex02_enunciated_00355,ex02::GIVEN THE CIRCUMSTANCES ISN'T THIS A LITTLE UNORTHODOX,asr_3408,speaker_count_3408_last,0,5,71,10,54,17,5
ex02_enunciated_00355,ex02::GIVEN THE CIRCUMSTANCES ISN'T THIS A LITTLE UNORTHODOX,asr_3408,speaker_count_3408_last,20,16,71,32,54,17,16
ex02_enunciated_00355,ex02::GIVEN THE CIRCUMSTANCES ISN'T THIS A LITTLE UNORTHODOX,asr_3408,speaker_count_3408_last,40,16,71,32,54,17,16
ex02_enunciated_00355,ex02::GIVEN THE CIRCUMSTANCES ISN'T THIS A LITTLE UNORTHODOX,emotion_3408,intent_3408_last,0,16,67,32,30,37,16
ex02_enunciated_00355,ex02::GIVEN THE CIRCUMSTANCES ISN'T THIS A LITTLE UNORTHODOX,emotion_3408,intent_3408_last,20,27,67,54,30,37,28
ex02_enunciated_00355,ex02::GIVEN THE CIRCUMSTANCES ISN'T THIS A LITTLE UNORTHODOX,emotion_3408,intent_3408_last,40,29,67,58,30,37,30
ex02_enunciated_00355,ex02::GIVEN THE CIRCUMSTANCES ISN'T THIS A LITTLE UNORTHODOX,emotion_3408,speaker_count_3408_last,0,3,47,6,30,17,3
ex02_enunciated_00355,ex02::GIVEN THE CIRCUMSTANCES ISN'T THIS A LITTLE UNORTHODOX,emotion_3408,speaker_count_3408_last,20,11,47,22,30,17,11
ex02_enunciated_00355,ex02::GIVEN THE CIRCUMSTANCES ISN'T THIS A LITTLE UNORTHODOX,emotion_3408,speaker_count_3408_last,40,13,47,26,30,17,13
ex02_enunciated_00355,ex02::GIVEN THE CIRCUMSTANCES ISN'T THIS A LITTLE UNORTHODOX,intent_3408_last,speaker_count_3408_last,0,6,54,12,37,17,6
ex02_enunciated_00355,ex02::GIVEN THE CIRCUMSTANCES ISN'T THIS A LITTLE UNORTHODOX,intent_3408_last,speaker_count_3408_last,20,15,54,30,37,17,15
ex02_enunciated_00355,ex02::GIVEN THE CIRCUMSTANCES ISN'T THIS A LITTLE UNORTHODOX,intent_3408_last,speaker_count_3408_last,40,15,54,30,37,17,15
ex02_happy_00028,ex02::WHAT DO YA THINK YOU'RE DOING,asr_3408,emotion_3408,0,3,25,6,19,6,3
ex02_happy_00028,ex02::WHAT DO YA THINK YOU'RE DOING,asr_3408,emotion_3408,20,5,25,10,19,6,5
ex02_happy_00028,ex02::WHAT DO YA THINK YOU'RE DOING,asr_3408,emotion_3408,40,6,25,12,19,6,6
ex02_happy_00028,ex02::WHAT DO YA THINK YOU'RE DOING,asr_3408,intent_3408_last,0,7,31,14,19,12,7
ex02_happy_00028,ex02::WHAT DO YA THINK YOU'RE DOING,asr_3408,intent_3408_last,20,12,31,24,19,12,12
ex02_happy_00028,ex02::WHAT DO YA THINK YOU'RE DOING,asr_3408,intent_3408_last,40,12,31,24,19,12,12
ex02_happy_00028,ex02::WHAT DO YA THINK YOU'RE DOING,asr_3408,speaker_count_3408_last,0,3,24,6,19,5,3
ex02_happy_00028,ex02::WHAT DO YA THINK YOU'RE DOING,asr_3408,speaker_count_3408_last,20,5,24,10,19,5,5
ex02_happy_00028,ex02::WHAT DO YA THINK YOU'RE DOING,asr_3408,speaker_count_3408_last,40,5,24,10,19,5,5
ex02_happy_00028,ex02::WHAT DO YA THINK YOU'RE DOING,emotion_3408,intent_3408_last,0,3,18,6,6,12,3
ex02_happy_00028,ex02::WHAT DO YA THINK YOU'RE DOING,emotion_3408,intent_3408_last,20,5,18,10,6,12,5
ex02_happy_00028,ex02::WHAT DO YA THINK YOU'RE DOING,emotion_3408,intent_3408_last,40,6,18,12,6,12,7
ex02_happy_00028,ex02::WHAT DO YA THINK YOU'RE DOING,emotion_3408,speaker_count_3408_last,0,2,11,4,6,5,2
ex02_happy_00028,ex02::WHAT DO YA THINK YOU'RE DOING,emotion_3408,speaker_count_3408_last,20,3,11,6,6,5,3
ex02_happy_00028,ex02::WHAT DO YA THINK YOU'RE DOING,emotion_3408,speaker_count_3408_last,40,4,11,8,6,5,4
ex02_happy_00028,ex02::WHAT DO YA THINK YOU'RE DOING,intent_3408_last,speaker_count_3408_last,0,3,17,6,12,5,3
ex02_happy_00028,ex02::WHAT DO YA THINK YOU'RE DOING,intent_3408_last,speaker_count_3408_last,20,5,17,10,12,5,5
ex02_happy_00028,ex02::WHAT DO YA THINK YOU'RE DOING,intent_3408_last,speaker_count_3408_last,40,5,17,10,12,5,5
ex02_happy_00030,ex02::BUT WE ALL HAVE TO LOOK AT OURSELVES,asr_3408,emotion_3408,0,11,40,22,26,14,11
ex02_happy_00030,ex02::BUT WE ALL HAVE TO LOOK AT OURSELVES,asr_3408,emotion_3408,20,14,40,28,26,14,14
ex02_happy_00030,ex02::BUT WE ALL HAVE TO LOOK AT OURSELVES,asr_3408,emotion_3408,40,14,40,28,26,14,14
ex02_happy_00030,ex02::BUT WE ALL HAVE TO LOOK AT OURSELVES,asr_3408,intent_3408_last,0,14,45,28,26,19,14
ex02_happy_00030,ex02::BUT WE ALL HAVE TO LOOK AT OURSELVES,asr_3408,intent_3408_last,20,17,45,34,26,19,17
ex02_happy_00030,ex02::BUT WE ALL HAVE TO LOOK AT OURSELVES,asr_3408,intent_3408_last,40,18,45,36,26,19,19
ex02_happy_00030,ex02::BUT WE ALL HAVE TO LOOK AT OURSELVES,asr_3408,speaker_count_3408_last,0,5,34,10,26,8,5
ex02_happy_00030,ex02::BUT WE ALL HAVE TO LOOK AT OURSELVES,asr_3408,speaker_count_3408_last,20,7,34,14,26,8,7
ex02_happy_00030,ex02::BUT WE ALL HAVE TO LOOK AT OURSELVES,asr_3408,speaker_count_3408_last,40,8,34,16,26,8,8
ex02_happy_00030,ex02::BUT WE ALL HAVE TO LOOK AT OURSELVES,emotion_3408,intent_3408_last,0,10,33,20,14,19,10
ex02_happy_00030,ex02::BUT WE ALL HAVE TO LOOK AT OURSELVES,emotion_3408,intent_3408_last,20,13,33,26,14,19,14
ex02_happy_00030,ex02::BUT WE ALL HAVE TO LOOK AT OURSELVES,emotion_3408,intent_3408_last,40,14,33,28,14,19,15
ex02_happy_00030,ex02::BUT WE ALL HAVE TO LOOK AT OURSELVES,emotion_3408,speaker_count_3408_last,0,4,22,8,14,8,4
ex02_happy_00030,ex02::BUT WE ALL HAVE TO LOOK AT OURSELVES,emotion_3408,speaker_count_3408_last,20,6,22,12,14,8,6
ex02_happy_00030,ex02::BUT WE ALL HAVE TO LOOK AT OURSELVES,emotion_3408,speaker_count_3408_last,40,7,22,14,14,8,7
ex02_happy_00030,ex02::BUT WE ALL HAVE TO LOOK AT OURSELVES,intent_3408_last,speaker_count_3408_last,0,4,27,8,19,8,4
ex02_happy_00030,ex02::BUT WE ALL HAVE TO LOOK AT OURSELVES,intent_3408_last,speaker_count_3408_last,20,6,27,12,19,8,6
ex02_happy_00030,ex02::BUT WE ALL HAVE TO LOOK AT OURSELVES,intent_3408_last,speaker_count_3408_last,40,7,27,14,19,8,7
ex02_happy_00058,ex02::SHE'S ALWAYS HIGH AS A KITE,asr_3408,emotion_3408,0,8,35,16,23,12,8
ex02_happy_00058,ex02::SHE'S ALWAYS HIGH AS A KITE,asr_3408,emotion_3408,20,12,35,24,23,12,12
ex02_happy_00058,ex02::SHE'S ALWAYS HIGH AS A KITE,asr_3408,emotion_3408,40,12,35,24,23,12,12
ex02_happy_00058,ex02::SHE'S ALWAYS HIGH AS A KITE,asr_3408,intent_3408_last,0,12,39,24,23,16,12
ex02_happy_00058,ex02::SHE'S ALWAYS HIGH AS A KITE,asr_3408,intent_3408_last,20,16,39,32,23,16,16
ex02_happy_00058,ex02::SHE'S ALWAYS HIGH AS A KITE,asr_3408,intent_3408_last,40,16,39,32,23,16,16
ex02_happy_00058,ex02::SHE'S ALWAYS HIGH AS A KITE,asr_3408,speaker_count_3408_last,0,2,28,4,23,5,2
ex02_happy_00058,ex02::SHE'S ALWAYS HIGH AS A KITE,asr_3408,speaker_count_3408_last,20,5,28,10,23,5,5
ex02_happy_00058,ex02::SHE'S ALWAYS HIGH AS A KITE,asr_3408,speaker_count_3408_last,40,5,28,10,23,5,5
ex02_happy_00058,ex02::SHE'S ALWAYS HIGH AS A KITE,emotion_3408,intent_3408_last,0,7,28,14,12,16,7
ex02_happy_00058,ex02::SHE'S ALWAYS HIGH AS A KITE,emotion_3408,intent_3408_last,20,10,28,20,12,16,10
ex02_happy_00058,ex02::SHE'S ALWAYS HIGH AS A KITE,emotion_3408,intent_3408_last,40,11,28,22,12,16,12
ex02_happy_00058,ex02::SHE'S ALWAYS HIGH AS A KITE,emotion_3408,speaker_count_3408_last,0,2,17,4,12,5,2
ex02_happy_00058,ex02::SHE'S ALWAYS HIGH AS A KITE,emotion_3408,speaker_count_3408_last,20,5,17,10,12,5,5
ex02_happy_00058,ex02::SHE'S ALWAYS HIGH AS A KITE,emotion_3408,speaker_count_3408_last,40,5,17,10,12,5,5
ex02_happy_00058,ex02::SHE'S ALWAYS HIGH AS A KITE,intent_3408_last,speaker_count_3408_last,0,3,21,6,16,5,3
ex02_happy_00058,ex02::SHE'S ALWAYS HIGH AS A KITE,intent_3408_last,speaker_count_3408_last,20,5,21,10,16,5,5
ex02_happy_00058,ex02::SHE'S ALWAYS HIGH AS A KITE,intent_3408_last,speaker_count_3408_last,40,5,21,10,16,5,5
ex02_happy_00073,ex02::DELETED THE FIRST SECOND OR THIRD ONE,asr_3408,emotion_3408,0,9,45,18,30,15,9
ex02_happy_00073,ex02::DELETED THE FIRST SECOND OR THIRD ONE,asr_3408,emotion_3408,20,15,45,30,30,15,15
ex02_happy_00073,ex02::DELETED THE FIRST SECOND OR THIRD ONE,asr_3408,emotion_3408,40,15,45,30,30,15,15
ex02_happy_00073,ex02::DELETED THE FIRST SECOND OR THIRD ONE,asr_3408,intent_3408_last,0,14,51,28,30,21,14
ex02_happy_00073,ex02::DELETED THE FIRST SECOND OR THIRD ONE,asr_3408,intent_3408_last,20,21,51,42,30,21,21
ex02_happy_00073,ex02::DELETED THE FIRST SECOND OR THIRD ONE,asr_3408,intent_3408_last,40,21,51,42,30,21,21
ex02_happy_00073,ex02::DELETED THE FIRST SECOND OR THIRD ONE,asr_3408,speaker_count_3408_last,0,5,40,10,30,10,5
ex02_happy_00073,ex02::DELETED THE FIRST SECOND OR THIRD ONE,asr_3408,speaker_count_3408_last,20,10,40,20,30,10,10
ex02_happy_00073,ex02::DELETED THE FIRST SECOND OR THIRD ONE,asr_3408,speaker_count_3408_last,40,10,40,20,30,10,10
ex02_happy_00073,ex02::DELETED THE FIRST SECOND OR THIRD ONE,emotion_3408,intent_3408_last,0,8,36,16,15,21,8
ex02_happy_00073,ex02::DELETED THE FIRST SECOND OR THIRD ONE,emotion_3408,intent_3408_last,20,15,36,30,15,21,16
ex02_happy_00073,ex02::DELETED THE FIRST SECOND OR THIRD ONE,emotion_3408,intent_3408_last,40,15,36,30,15,21,16
ex02_happy_00073,ex02::DELETED THE FIRST SECOND OR THIRD ONE,emotion_3408,speaker_count_3408_last,0,3,25,6,15,10,3
ex02_happy_00073,ex02::DELETED THE FIRST SECOND OR THIRD ONE,emotion_3408,speaker_count_3408_last,20,9,25,18,15,10,9
ex02_happy_00073,ex02::DELETED THE FIRST SECOND OR THIRD ONE,emotion_3408,speaker_count_3408_last,40,9,25,18,15,10,9
ex02_happy_00073,ex02::DELETED THE FIRST SECOND OR THIRD ONE,intent_3408_last,speaker_count_3408_last,0,5,31,10,21,10,5
ex02_happy_00073,ex02::DELETED THE FIRST SECOND OR THIRD ONE,intent_3408_last,speaker_count_3408_last,20,10,31,20,21,10,10
ex02_happy_00073,ex02::DELETED THE FIRST SECOND OR THIRD ONE,intent_3408_last,speaker_count_3408_last,40,10,31,20,21,10,10
ex02_happy_00089,ex02::COMPARING AND CONTRASTING THE VARIOUS OFFENDER TYPES IS ILLUMINATING,asr_3408,emotion_3408,0,21,87,42,55,32,21
ex02_happy_00089,ex02::COMPARING AND CONTRASTING THE VARIOUS OFFENDER TYPES IS ILLUMINATING,asr_3408,emotion_3408,20,30,87,60,55,32,30
ex02_happy_00089,ex02::COMPARING AND CONTRASTING THE VARIOUS OFFENDER TYPES IS ILLUMINATING,asr_3408,emotion_3408,40,32,87,64,55,32,32
ex02_happy_00089,ex02::COMPARING AND CONTRASTING THE VARIOUS OFFENDER TYPES IS ILLUMINATING,asr_3408,intent_3408_last,0,26,92,52,55,37,26
ex02_happy_00089,ex02::COMPARING AND CONTRASTING THE VARIOUS OFFENDER TYPES IS ILLUMINATING,asr_3408,intent_3408_last,20,37,92,74,55,37,37
ex02_happy_00089,ex02::COMPARING AND CONTRASTING THE VARIOUS OFFENDER TYPES IS ILLUMINATING,asr_3408,intent_3408_last,40,37,92,74,55,37,37
ex02_happy_00089,ex02::COMPARING AND CONTRASTING THE VARIOUS OFFENDER TYPES IS ILLUMINATING,asr_3408,speaker_count_3408_last,0,8,70,16,55,15,8
ex02_happy_00089,ex02::COMPARING AND CONTRASTING THE VARIOUS OFFENDER TYPES IS ILLUMINATING,asr_3408,speaker_count_3408_last,20,14,70,28,55,15,14
ex02_happy_00089,ex02::COMPARING AND CONTRASTING THE VARIOUS OFFENDER TYPES IS ILLUMINATING,asr_3408,speaker_count_3408_last,40,14,70,28,55,15,14
ex02_happy_00089,ex02::COMPARING AND CONTRASTING THE VARIOUS OFFENDER TYPES IS ILLUMINATING,emotion_3408,intent_3408_last,0,21,69,42,32,37,21
ex02_happy_00089,ex02::COMPARING AND CONTRASTING THE VARIOUS OFFENDER TYPES IS ILLUMINATING,emotion_3408,intent_3408_last,20,27,69,54,32,37,28
ex02_happy_00089,ex02::COMPARING AND CONTRASTING THE VARIOUS OFFENDER TYPES IS ILLUMINATING,emotion_3408,intent_3408_last,40,29,69,58,32,37,30
ex02_happy_00089,ex02::COMPARING AND CONTRASTING THE VARIOUS OFFENDER TYPES IS ILLUMINATING,emotion_3408,speaker_count_3408_last,0,7,47,14,32,15,7
ex02_happy_00089,ex02::COMPARING AND CONTRASTING THE VARIOUS OFFENDER TYPES IS ILLUMINATING,emotion_3408,speaker_count_3408_last,20,12,47,24,32,15,12
ex02_happy_00089,ex02::COMPARING AND CONTRASTING THE VARIOUS OFFENDER TYPES IS ILLUMINATING,emotion_3408,speaker_count_3408_last,40,13,47,26,32,15,13
ex02_happy_00089,ex02::COMPARING AND CONTRASTING THE VARIOUS OFFENDER TYPES IS ILLUMINATING,intent_3408_last,speaker_count_3408_last,0,9,52,18,37,15,9
ex02_happy_00089,ex02::COMPARING AND CONTRASTING THE VARIOUS OFFENDER TYPES IS ILLUMINATING,intent_3408_last,speaker_count_3408_last,20,14,52,28,37,15,14
ex02_happy_00089,ex02::COMPARING AND CONTRASTING THE VARIOUS OFFENDER TYPES IS ILLUMINATING,intent_3408_last,speaker_count_3408_last,40,15,52,30,37,15,15
ex02_happy_00096,ex02::WHAT'S WITH THE LOOK,asr_3408,emotion_3408,0,3,22,6,14,8,3
ex02_happy_00096,ex02::WHAT'S WITH THE LOOK,asr_3408,emotion_3408,20,7,22,14,14,8,7
ex02_happy_00096,ex02::WHAT'S WITH THE LOOK,asr_3408,emotion_3408,40,8,22,16,14,8,8
ex02_happy_00096,ex02::WHAT'S WITH THE LOOK,asr_3408,intent_3408_last,0,7,24,14,14,10,7
ex02_happy_00096,ex02::WHAT'S WITH THE LOOK,asr_3408,intent_3408_last,20,10,24,20,14,10,10
ex02_happy_00096,ex02::WHAT'S WITH THE LOOK,asr_3408,intent_3408_last,40,10,24,20,14,10,10
ex02_happy_00096,ex02::WHAT'S WITH THE LOOK,asr_3408,speaker_count_3408_last,0,2,18,4,14,4,2
ex02_happy_00096,ex02::WHAT'S WITH THE LOOK,asr_3408,speaker_count_3408_last,20,3,18,6,14,4,3
ex02_happy_00096,ex02::WHAT'S WITH THE LOOK,asr_3408,speaker_count_3408_last,40,3,18,6,14,4,3
ex02_happy_00096,ex02::WHAT'S WITH THE LOOK,emotion_3408,intent_3408_last,0,5,18,10,8,10,5
ex02_happy_00096,ex02::WHAT'S WITH THE LOOK,emotion_3408,intent_3408_last,20,7,18,14,8,10,7
ex02_happy_00096,ex02::WHAT'S WITH THE LOOK,emotion_3408,intent_3408_last,40,8,18,16,8,10,8
ex02_happy_00096,ex02::WHAT'S WITH THE LOOK,emotion_3408,speaker_count_3408_last,0,2,12,4,8,4,2
ex02_happy_00096,ex02::WHAT'S WITH THE LOOK,emotion_3408,speaker_count_3408_last,20,3,12,6,8,4,3
ex02_happy_00096,ex02::WHAT'S WITH THE LOOK,emotion_3408,speaker_count_3408_last,40,3,12,6,8,4,3
ex02_happy_00096,ex02::WHAT'S WITH THE LOOK,intent_3408_last,speaker_count_3408_last,0,2,14,4,10,4,2
ex02_happy_00096,ex02::WHAT'S WITH THE LOOK,intent_3408_last,speaker_count_3408_last,20,3,14,6,10,4,3
ex02_happy_00096,ex02::WHAT'S WITH THE LOOK,intent_3408_last,speaker_count_3408_last,40,3,14,6,10,4,3
ex02_happy_00099,ex02::HE SAID OH BRIAN I KNOW YOU THINK YOU'RE SMART BUT IT'S DAVE BANNER,asr_3408,emotion_3408,0,12,73,24,52,21,12
ex02_happy_00099,ex02::HE SAID OH BRIAN I KNOW YOU THINK YOU'RE SMART BUT IT'S DAVE BANNER,asr_3408,emotion_3408,20,20,73,40,52,21,20
ex02_happy_00099,ex02::HE SAID OH BRIAN I KNOW YOU THINK YOU'RE SMART BUT IT'S DAVE BANNER,asr_3408,emotion_3408,40,21,73,42,52,21,21
ex02_happy_00099,ex02::HE SAID OH BRIAN I KNOW YOU THINK YOU'RE SMART BUT IT'S DAVE BANNER,asr_3408,intent_3408_last,0,22,85,44,52,33,22
ex02_happy_00099,ex02::HE SAID OH BRIAN I KNOW YOU THINK YOU'RE SMART BUT IT'S DAVE BANNER,asr_3408,intent_3408_last,20,33,85,66,52,33,33
ex02_happy_00099,ex02::HE SAID OH BRIAN I KNOW YOU THINK YOU'RE SMART BUT IT'S DAVE BANNER,asr_3408,intent_3408_last,40,33,85,66,52,33,33
ex02_happy_00099,ex02::HE SAID OH BRIAN I KNOW YOU THINK YOU'RE SMART BUT IT'S DAVE BANNER,asr_3408,speaker_count_3408_last,0,9,66,18,52,14,9
ex02_happy_00099,ex02::HE SAID OH BRIAN I KNOW YOU THINK YOU'RE SMART BUT IT'S DAVE BANNER,asr_3408,speaker_count_3408_last,20,14,66,28,52,14,14
ex02_happy_00099,ex02::HE SAID OH BRIAN I KNOW YOU THINK YOU'RE SMART BUT IT'S DAVE BANNER,asr_3408,speaker_count_3408_last,40,14,66,28,52,14,14
ex02_happy_00099,ex02::HE SAID OH BRIAN I KNOW YOU THINK YOU'RE SMART BUT IT'S DAVE BANNER,emotion_3408,intent_3408_last,0,11,54,22,21,33,11
ex02_happy_00099,ex02::HE SAID OH BRIAN I KNOW YOU THINK YOU'RE SMART BUT IT'S DAVE BANNER,emotion_3408,intent_3408_last,20,18,54,36,21,33,20
ex02_happy_00099,ex02::HE SAID OH BRIAN I KNOW YOU THINK YOU'RE SMART BUT IT'S DAVE BANNER,emotion_3408,intent_3408_last,40,20,54,40,21,33,23
ex02_happy_00099,ex02::HE SAID OH BRIAN I KNOW YOU THINK YOU'RE SMART BUT IT'S DAVE BANNER,emotion_3408,speaker_count_3408_last,0,4,35,8,21,14,4
ex02_happy_00099,ex02::HE SAID OH BRIAN I KNOW YOU THINK YOU'RE SMART BUT IT'S DAVE BANNER,emotion_3408,speaker_count_3408_last,20,11,35,22,21,14,11
ex02_happy_00099,ex02::HE SAID OH BRIAN I KNOW YOU THINK YOU'RE SMART BUT IT'S DAVE BANNER,emotion_3408,speaker_count_3408_last,40,11,35,22,21,14,11
ex02_happy_00099,ex02::HE SAID OH BRIAN I KNOW YOU THINK YOU'RE SMART BUT IT'S DAVE BANNER,intent_3408_last,speaker_count_3408_last,0,7,47,14,33,14,7
ex02_happy_00099,ex02::HE SAID OH BRIAN I KNOW YOU THINK YOU'RE SMART BUT IT'S DAVE BANNER,intent_3408_last,speaker_count_3408_last,20,12,47,24,33,14,12
ex02_happy_00099,ex02::HE SAID OH BRIAN I KNOW YOU THINK YOU'RE SMART BUT IT'S DAVE BANNER,intent_3408_last,speaker_count_3408_last,40,12,47,24,33,14,12
ex02_happy_00128,ex02::YOU TRASH HOTEL ROOMS IN YOUR SLEEP,asr_3408,emotion_3408,0,13,45,26,27,18,13
ex02_happy_00128,ex02::YOU TRASH HOTEL ROOMS IN YOUR SLEEP,asr_3408,emotion_3408,20,16,45,32,27,18,16
ex02_happy_00128,ex02::YOU TRASH HOTEL ROOMS IN YOUR SLEEP,asr_3408,emotion_3408,40,18,45,36,27,18,18
ex02_happy_00128,ex02::YOU TRASH HOTEL ROOMS IN YOUR SLEEP,asr_3408,intent_3408_last,0,18,49,36,27,22,18
ex02_happy_00128,ex02::YOU TRASH HOTEL ROOMS IN YOUR SLEEP,asr_3408,intent_3408_last,20,21,49,42,27,22,21
ex02_happy_00128,ex02::YOU TRASH HOTEL ROOMS IN YOUR SLEEP,asr_3408,intent_3408_last,40,22,49,44,27,22,22
ex02_happy_00128,ex02::YOU TRASH HOTEL ROOMS IN YOUR SLEEP,asr_3408,speaker_count_3408_last,0,3,35,6,27,8,3
ex02_happy_00128,ex02::YOU TRASH HOTEL ROOMS IN YOUR SLEEP,asr_3408,speaker_count_3408_last,20,7,35,14,27,8,7
ex02_happy_00128,ex02::YOU TRASH HOTEL ROOMS IN YOUR SLEEP,asr_3408,speaker_count_3408_last,40,7,35,14,27,8,7
ex02_happy_00128,ex02::YOU TRASH HOTEL ROOMS IN YOUR SLEEP,emotion_3408,intent_3408_last,0,16,40,32,18,22,16
ex02_happy_00128,ex02::YOU TRASH HOTEL ROOMS IN YOUR SLEEP,emotion_3408,intent_3408_last,20,17,40,34,18,22,17
ex02_happy_00128,ex02::YOU TRASH HOTEL ROOMS IN YOUR SLEEP,emotion_3408,intent_3408_last,40,18,40,36,18,22,19
ex02_happy_00128,ex02::YOU TRASH HOTEL ROOMS IN YOUR SLEEP,emotion_3408,speaker_count_3408_last,0,3,26,6,18,8,3
ex02_happy_00128,ex02::YOU TRASH HOTEL ROOMS IN YOUR SLEEP,emotion_3408,speaker_count_3408_last,20,7,26,14,18,8,7
ex02_happy_00128,ex02::YOU TRASH HOTEL ROOMS IN YOUR SLEEP,emotion_3408,speaker_count_3408_last,40,7,26,14,18,8,7
ex02_happy_00128,ex02::YOU TRASH HOTEL ROOMS IN YOUR SLEEP,intent_3408_last,speaker_count_3408_last,0,3,30,6,22,8,3
ex02_happy_00128,ex02::YOU TRASH HOTEL ROOMS IN YOUR SLEEP,intent_3408_last,speaker_count_3408_last,20,7,30,14,22,8,7
ex02_happy_00128,ex02::YOU TRASH HOTEL ROOMS IN YOUR SLEEP,intent_3408_last,speaker_count_3408_last,40,7,30,14,22,8,7
ex02_happy_00150,ex02::HOW DO YOU SAY WELCOME IN JAPANESE,asr_3408,emotion_3408,0,9,43,18,29,14,9
ex02_happy_00150,ex02::HOW DO YOU SAY WELCOME IN JAPANESE,asr_3408,emotion_3408,20,12,43,24,29,14,12
ex02_happy_00150,ex02::HOW DO YOU SAY WELCOME IN JAPANESE,asr_3408,emotion_3408,40,14,43,28,29,14,14
ex02_happy_00150,ex02::HOW DO YOU SAY WELCOME IN JAPANESE,asr_3408,intent_3408_last,0,13,48,26,29,19,13
ex02_happy_00150,ex02::HOW DO YOU SAY WELCOME IN JAPANESE,asr_3408,intent_3408_last,20,19,48,38,29,19,19
ex02_happy_00150,ex02::HOW DO YOU SAY WELCOME IN JAPANESE,asr_3408,intent_3408_last,40,19,48,38,29,19,19
ex02_happy_00150,ex02::HOW DO YOU SAY WELCOME IN JAPANESE,asr_3408,speaker_count_3408_last,0,4,39,8,29,10,4
ex02_happy_00150,ex02::HOW DO YOU SAY WELCOME IN JAPANESE,asr_3408,speaker_count_3408_last,20,9,39,18,29,10,9
ex02_happy_00150,ex02::HOW DO YOU SAY WELCOME IN JAPANESE,asr_3408,speaker_count_3408_last,40,9,39,18,29,10,9
ex02_happy_00150,ex02::HOW DO YOU SAY WELCOME IN JAPANESE,emotion_3408,intent_3408_last,0,11,33,22,14,19,11
ex02_happy_00150,ex02::HOW DO YOU SAY WELCOME IN JAPANESE,emotion_3408,intent_3408_last,20,13,33,26,14,19,13
ex02_happy_00150,ex02::HOW DO YOU SAY WELCOME IN JAPANESE,emotion_3408,intent_3408_last,40,14,33,28,14,19,14
ex02_happy_00150,ex02::HOW DO YOU SAY WELCOME IN JAPANESE,emotion_3408,speaker_count_3408_last,0,4,24,8,14,10,4
ex02_happy_00150,ex02::HOW DO YOU SAY WELCOME IN JAPANESE,emotion_3408,speaker_count_3408_last,20,6,24,12,14,10,6
ex02_happy_00150,ex02::HOW DO YOU SAY WELCOME IN JAPANESE,emotion_3408,speaker_count_3408_last,40,7,24,14,14,10,7
ex02_happy_00150,ex02::HOW DO YOU SAY WELCOME IN JAPANESE,intent_3408_last,speaker_count_3408_last,0,6,29,12,19,10,6
ex02_happy_00150,ex02::HOW DO YOU SAY WELCOME IN JAPANESE,intent_3408_last,speaker_count_3408_last,20,9,29,18,19,10,9
ex02_happy_00150,ex02::HOW DO YOU SAY WELCOME IN JAPANESE,intent_3408_last,speaker_count_3408_last,40,9,29,18,19,10,9
ex02_happy_00157,ex02::WEDDING MUSIC STOPS,asr_3408,emotion_3408,0,5,25,10,17,8,5
ex02_happy_00157,ex02::WEDDING MUSIC STOPS,asr_3408,emotion_3408,20,8,25,16,17,8,8
ex02_happy_00157,ex02::WEDDING MUSIC STOPS,asr_3408,emotion_3408,40,8,25,16,17,8,8
ex02_happy_00157,ex02::WEDDING MUSIC STOPS,asr_3408,intent_3408_last,0,11,31,22,17,14,11
ex02_happy_00157,ex02::WEDDING MUSIC STOPS,asr_3408,intent_3408_last,20,14,31,28,17,14,14
ex02_happy_00157,ex02::WEDDING MUSIC STOPS,asr_3408,intent_3408_last,40,14,31,28,17,14,14
ex02_happy_00157,ex02::WEDDING MUSIC STOPS,asr_3408,speaker_count_3408_last,0,2,22,4,17,5,2
ex02_happy_00157,ex02::WEDDING MUSIC STOPS,asr_3408,speaker_count_3408_last,20,5,22,10,17,5,5
ex02_happy_00157,ex02::WEDDING MUSIC STOPS,asr_3408,speaker_count_3408_last,40,5,22,10,17,5,5
ex02_happy_00157,ex02::WEDDING MUSIC STOPS,emotion_3408,intent_3408_last,0,7,22,14,8,14,7
ex02_happy_00157,ex02::WEDDING MUSIC STOPS,emotion_3408,intent_3408_last,20,7,22,14,8,14,7
ex02_happy_00157,ex02::WEDDING MUSIC STOPS,emotion_3408,intent_3408_last,40,8,22,16,8,14,8
ex02_happy_00157,ex02::WEDDING MUSIC STOPS,emotion_3408,speaker_count_3408_last,0,2,13,4,8,5,2
ex02_happy_00157,ex02::WEDDING MUSIC STOPS,emotion_3408,speaker_count_3408_last,20,3,13,6,8,5,3
ex02_happy_00157,ex02::WEDDING MUSIC STOPS,emotion_3408,speaker_count_3408_last,40,4,13,8,8,5,4
ex02_happy_00157,ex02::WEDDING MUSIC STOPS,intent_3408_last,speaker_count_3408_last,0,2,19,4,14,5,2
ex02_happy_00157,ex02::WEDDING MUSIC STOPS,intent_3408_last,speaker_count_3408_last,20,4,19,8,14,5,4
ex02_happy_00157,ex02::WEDDING MUSIC STOPS,intent_3408_last,speaker_count_3408_last,40,5,19,10,14,5,5
ex02_happy_00233,ex02::DID SHE JUMP IN A CAB,asr_3408,emotion_3408,0,5,27,10,19,8,5
ex02_happy_00233,ex02::DID SHE JUMP IN A CAB,asr_3408,emotion_3408,20,8,27,16,19,8,8
ex02_happy_00233,ex02::DID SHE JUMP IN A CAB,asr_3408,emotion_3408,40,8,27,16,19,8,8
ex02_happy_00233,ex02::DID SHE JUMP IN A CAB,asr_3408,intent_3408_last,0,10,31,20,19,12,10
ex02_happy_00233,ex02::DID SHE JUMP IN A CAB,asr_3408,intent_3408_last,20,12,31,24,19,12,12
ex02_happy_00233,ex02::DID SHE JUMP IN A CAB,asr_3408,intent_3408_last,40,12,31,24,19,12,12
ex02_happy_00233,ex02::DID SHE JUMP IN A CAB,asr_3408,speaker_count_3408_last,0,1,25,2,19,6,1
ex02_happy_00233,ex02::DID SHE JUMP IN A CAB,asr_3408,speaker_count_3408_last,20,6,25,12,19,6,6
ex02_happy_00233,ex02::DID SHE JUMP IN A CAB,asr_3408,speaker_count_3408_last,40,6,25,12,19,6,6
ex02_happy_00233,ex02::DID SHE JUMP IN A CAB,emotion_3408,intent_3408_last,0,6,20,12,8,12,6
ex02_happy_00233,ex02::DID SHE JUMP IN A CAB,emotion_3408,intent_3408_last,20,8,20,16,8,12,9
ex02_happy_00233,ex02::DID SHE JUMP IN A CAB,emotion_3408,intent_3408_last,40,8,20,16,8,12,9
ex02_happy_00233,ex02::DID SHE JUMP IN A CAB,emotion_3408,speaker_count_3408_last,0,0,14,0,8,6,0
ex02_happy_00233,ex02::DID SHE JUMP IN A CAB,emotion_3408,speaker_count_3408_last,20,4,14,8,8,6,4
ex02_happy_00233,ex02::DID SHE JUMP IN A CAB,emotion_3408,speaker_count_3408_last,40,4,14,8,8,6,4
ex02_happy_00233,ex02::DID SHE JUMP IN A CAB,intent_3408_last,speaker_count_3408_last,0,0,18,0,12,6,0
ex02_happy_00233,ex02::DID SHE JUMP IN A CAB,intent_3408_last,speaker_count_3408_last,20,5,18,10,12,6,5
ex02_happy_00233,ex02::DID SHE JUMP IN A CAB,intent_3408_last,speaker_count_3408_last,40,5,18,10,12,6,5
ex02_happy_00261,ex02::YACHT CLUB IN HALF AN HOUR,asr_3408,emotion_3408,0,5,29,10,20,9,5
ex02_happy_00261,ex02::YACHT CLUB IN HALF AN HOUR,asr_3408,emotion_3408,20,9,29,18,20,9,9
ex02_happy_00261,ex02::YACHT CLUB IN HALF AN HOUR,asr_3408,emotion_3408,40,9,29,18,20,9,9
ex02_happy_00261,ex02::YACHT CLUB IN HALF AN HOUR,asr_3408,intent_3408_last,0,9,34,18,20,14,9
ex02_happy_00261,ex02::YACHT CLUB IN HALF AN HOUR,asr_3408,intent_3408_last,20,14,34,28,20,14,14
ex02_happy_00261,ex02::YACHT CLUB IN HALF AN HOUR,asr_3408,intent_3408_last,40,14,34,28,20,14,14
ex02_happy_00261,ex02::YACHT CLUB IN HALF AN HOUR,asr_3408,speaker_count_3408_last,0,2,26,4,20,6,2
ex02_happy_00261,ex02::YACHT CLUB IN HALF AN HOUR,asr_3408,speaker_count_3408_last,20,6,26,12,20,6,6
ex02_happy_00261,ex02::YACHT CLUB IN HALF AN HOUR,asr_3408,speaker_count_3408_last,40,6,26,12,20,6,6
ex02_happy_00261,ex02::YACHT CLUB IN HALF AN HOUR,emotion_3408,intent_3408_last,0,7,23,14,9,14,7
ex02_happy_00261,ex02::YACHT CLUB IN HALF AN HOUR,emotion_3408,intent_3408_last,20,8,23,16,9,14,8
ex02_happy_00261,ex02::YACHT CLUB IN HALF AN HOUR,emotion_3408,intent_3408_last,40,9,23,18,9,14,9
ex02_happy_00261,ex02::YACHT CLUB IN HALF AN HOUR,emotion_3408,speaker_count_3408_last,0,1,15,2,9,6,1
ex02_happy_00261,ex02::YACHT CLUB IN HALF AN HOUR,emotion_3408,speaker_count_3408_last,20,5,15,10,9,6,5
ex02_happy_00261,ex02::YACHT CLUB IN HALF AN HOUR,emotion_3408,speaker_count_3408_last,40,5,15,10,9,6,5
ex02_happy_00261,ex02::YACHT CLUB IN HALF AN HOUR,intent_3408_last,speaker_count_3408_last,0,1,20,2,14,6,1
ex02_happy_00261,ex02::YACHT CLUB IN HALF AN HOUR,intent_3408_last,speaker_count_3408_last,20,6,20,12,14,6,6
ex02_happy_00261,ex02::YACHT CLUB IN HALF AN HOUR,intent_3408_last,speaker_count_3408_last,40,6,20,12,14,6,6
ex02_happy_00326,ex02::KAYDA WAS HER NEUROSURGEON BUT NOW IT SEEMS LIKE JAKE'S MAKING ALL THE DECISIONS,asr_3408,emotion_3408,0,18,80,36,53,27,18
ex02_happy_00326,ex02::KAYDA WAS HER NEUROSURGEON BUT NOW IT SEEMS LIKE JAKE'S MAKING ALL THE DECISIONS,asr_3408,emotion_3408,20,25,80,50,53,27,25
ex02_happy_00326,ex02::KAYDA WAS HER NEUROSURGEON BUT NOW IT SEEMS LIKE JAKE'S MAKING ALL THE DECISIONS,asr_3408,emotion_3408,40,27,80,54,53,27,27
ex02_happy_00326,ex02::KAYDA WAS HER NEUROSURGEON BUT NOW IT SEEMS LIKE JAKE'S MAKING ALL THE DECISIONS,asr_3408,intent_3408_last,0,23,92,46,53,39,23
ex02_happy_00326,ex02::KAYDA WAS HER NEUROSURGEON BUT NOW IT SEEMS LIKE JAKE'S MAKING ALL THE DECISIONS,asr_3408,intent_3408_last,20,37,92,74,53,39,37
ex02_happy_00326,ex02::KAYDA WAS HER NEUROSURGEON BUT NOW IT SEEMS LIKE JAKE'S MAKING ALL THE DECISIONS,asr_3408,intent_3408_last,40,38,92,76,53,39,39
ex02_happy_00326,ex02::KAYDA WAS HER NEUROSURGEON BUT NOW IT SEEMS LIKE JAKE'S MAKING ALL THE DECISIONS,asr_3408,speaker_count_3408_last,0,10,70,20,53,17,10
ex02_happy_00326,ex02::KAYDA WAS HER NEUROSURGEON BUT NOW IT SEEMS LIKE JAKE'S MAKING ALL THE DECISIONS,asr_3408,speaker_count_3408_last,20,15,70,30,53,17,15
ex02_happy_00326,ex02::KAYDA WAS HER NEUROSURGEON BUT NOW IT SEEMS LIKE JAKE'S MAKING ALL THE DECISIONS,asr_3408,speaker_count_3408_last,40,17,70,34,53,17,17
ex02_happy_00326,ex02::KAYDA WAS HER NEUROSURGEON BUT NOW IT SEEMS LIKE JAKE'S MAKING ALL THE DECISIONS,emotion_3408,intent_3408_last,0,17,66,34,27,39,17
ex02_happy_00326,ex02::KAYDA WAS HER NEUROSURGEON BUT NOW IT SEEMS LIKE JAKE'S MAKING ALL THE DECISIONS,emotion_3408,intent_3408_last,20,26,66,52,27,39,26
ex02_happy_00326,ex02::KAYDA WAS HER NEUROSURGEON BUT NOW IT SEEMS LIKE JAKE'S MAKING ALL THE DECISIONS,emotion_3408,intent_3408_last,40,26,66,52,27,39,28
ex02_happy_00326,ex02::KAYDA WAS HER NEUROSURGEON BUT NOW IT SEEMS LIKE JAKE'S MAKING ALL THE DECISIONS,emotion_3408,speaker_count_3408_last,0,9,44,18,27,17,9
ex02_happy_00326,ex02::KAYDA WAS HER NEUROSURGEON BUT NOW IT SEEMS LIKE JAKE'S MAKING ALL THE DECISIONS,emotion_3408,speaker_count_3408_last,20,16,44,32,27,17,16
ex02_happy_00326,ex02::KAYDA WAS HER NEUROSURGEON BUT NOW IT SEEMS LIKE JAKE'S MAKING ALL THE DECISIONS,emotion_3408,speaker_count_3408_last,40,16,44,32,27,17,16
ex02_happy_00326,ex02::KAYDA WAS HER NEUROSURGEON BUT NOW IT SEEMS LIKE JAKE'S MAKING ALL THE DECISIONS,intent_3408_last,speaker_count_3408_last,0,13,56,26,39,17,13
ex02_happy_00326,ex02::KAYDA WAS HER NEUROSURGEON BUT NOW IT SEEMS LIKE JAKE'S MAKING ALL THE DECISIONS,intent_3408_last,speaker_count_3408_last,20,17,56,34,39,17,17
ex02_happy_00326,ex02::KAYDA WAS HER NEUROSURGEON BUT NOW IT SEEMS LIKE JAKE'S MAKING ALL THE DECISIONS,intent_3408_last,speaker_count_3408_last,40,17,56,34,39,17,17
ex02_happy_00348,ex02::WHO'S MORE MISERABLE THAN HER,asr_3408,emotion_3408,0,7,30,14,21,9,7
ex02_happy_00348,ex02::WHO'S MORE MISERABLE THAN HER,asr_3408,emotion_3408,20,7,30,14,21,9,7
ex02_happy_00348,ex02::WHO'S MORE MISERABLE THAN HER,asr_3408,emotion_3408,40,9,30,18,21,9,9
ex02_happy_00348,ex02::WHO'S MORE MISERABLE THAN HER,asr_3408,intent_3408_last,0,11,37,22,21,16,11
ex02_happy_00348,ex02::WHO'S MORE MISERABLE THAN HER,asr_3408,intent_3408_last,20,15,37,30,21,16,15
ex02_happy_00348,ex02::WHO'S MORE MISERABLE THAN HER,asr_3408,intent_3408_last,40,16,37,32,21,16,16
ex02_happy_00348,ex02::WHO'S MORE MISERABLE THAN HER,asr_3408,speaker_count_3408_last,0,3,26,6,21,5,3
ex02_happy_00348,ex02::WHO'S MORE MISERABLE THAN HER,asr_3408,speaker_count_3408_last,20,5,26,10,21,5,5
ex02_happy_00348,ex02::WHO'S MORE MISERABLE THAN HER,asr_3408,speaker_count_3408_last,40,5,26,10,21,5,5
ex02_happy_00348,ex02::WHO'S MORE MISERABLE THAN HER,emotion_3408,intent_3408_last,0,6,25,12,9,16,6
ex02_happy_00348,ex02::WHO'S MORE MISERABLE THAN HER,emotion_3408,intent_3408_last,20,8,25,16,9,16,8
ex02_happy_00348,ex02::WHO'S MORE MISERABLE THAN HER,emotion_3408,intent_3408_last,40,9,25,18,9,16,9
ex02_happy_00348,ex02::WHO'S MORE MISERABLE THAN HER,emotion_3408,speaker_count_3408_last,0,2,14,4,9,5,2
ex02_happy_00348,ex02::WHO'S MORE MISERABLE THAN HER,emotion_3408,speaker_count_3408_last,20,4,14,8,9,5,4
ex02_happy_00348,ex02::WHO'S MORE MISERABLE THAN HER,emotion_3408,speaker_count_3408_last,40,4,14,8,9,5,4
ex02_happy_00348,ex02::WHO'S MORE MISERABLE THAN HER,intent_3408_last,speaker_count_3408_last,0,4,21,8,16,5,4
ex02_happy_00348,ex02::WHO'S MORE MISERABLE THAN HER,intent_3408_last,speaker_count_3408_last,20,5,21,10,16,5,5
ex02_happy_00348,ex02::WHO'S MORE MISERABLE THAN HER,intent_3408_last,speaker_count_3408_last,40,5,21,10,16,5,5
ex02_happy_00355,ex02::GIVEN THE CIRCUMSTANCES ISN'T THIS A LITTLE UNORTHODOX,asr_3408,emotion_3408,0,18,72,36,48,24,18
ex02_happy_00355,ex02::GIVEN THE CIRCUMSTANCES ISN'T THIS A LITTLE UNORTHODOX,asr_3408,emotion_3408,20,24,72,48,48,24,24
ex02_happy_00355,ex02::GIVEN THE CIRCUMSTANCES ISN'T THIS A LITTLE UNORTHODOX,asr_3408,emotion_3408,40,24,72,48,48,24,24
ex02_happy_00355,ex02::GIVEN THE CIRCUMSTANCES ISN'T THIS A LITTLE UNORTHODOX,asr_3408,intent_3408_last,0,22,78,44,48,30,22
ex02_happy_00355,ex02::GIVEN THE CIRCUMSTANCES ISN'T THIS A LITTLE UNORTHODOX,asr_3408,intent_3408_last,20,30,78,60,48,30,30
ex02_happy_00355,ex02::GIVEN THE CIRCUMSTANCES ISN'T THIS A LITTLE UNORTHODOX,asr_3408,intent_3408_last,40,30,78,60,48,30,30
ex02_happy_00355,ex02::GIVEN THE CIRCUMSTANCES ISN'T THIS A LITTLE UNORTHODOX,asr_3408,speaker_count_3408_last,0,7,62,14,48,14,7
ex02_happy_00355,ex02::GIVEN THE CIRCUMSTANCES ISN'T THIS A LITTLE UNORTHODOX,asr_3408,speaker_count_3408_last,20,14,62,28,48,14,14
ex02_happy_00355,ex02::GIVEN THE CIRCUMSTANCES ISN'T THIS A LITTLE UNORTHODOX,asr_3408,speaker_count_3408_last,40,14,62,28,48,14,14
ex02_happy_00355,ex02::GIVEN THE CIRCUMSTANCES ISN'T THIS A LITTLE UNORTHODOX,emotion_3408,intent_3408_last,0,15,54,30,24,30,15
ex02_happy_00355,ex02::GIVEN THE CIRCUMSTANCES ISN'T THIS A LITTLE UNORTHODOX,emotion_3408,intent_3408_last,20,20,54,40,24,30,21
ex02_happy_00355,ex02::GIVEN THE CIRCUMSTANCES ISN'T THIS A LITTLE UNORTHODOX,emotion_3408,intent_3408_last,40,22,54,44,24,30,26
ex02_happy_00355,ex02::GIVEN THE CIRCUMSTANCES ISN'T THIS A LITTLE UNORTHODOX,emotion_3408,speaker_count_3408_last,0,7,38,14,24,14,7
ex02_happy_00355,ex02::GIVEN THE CIRCUMSTANCES ISN'T THIS A LITTLE UNORTHODOX,emotion_3408,speaker_count_3408_last,20,12,38,24,24,14,12
ex02_happy_00355,ex02::GIVEN THE CIRCUMSTANCES ISN'T THIS A LITTLE UNORTHODOX,emotion_3408,speaker_count_3408_last,40,12,38,24,24,14,12
ex02_happy_00355,ex02::GIVEN THE CIRCUMSTANCES ISN'T THIS A LITTLE UNORTHODOX,intent_3408_last,speaker_count_3408_last,0,7,44,14,30,14,7
ex02_happy_00355,ex02::GIVEN THE CIRCUMSTANCES ISN'T THIS A LITTLE UNORTHODOX,intent_3408_last,speaker_count_3408_last,20,14,44,28,30,14,14
ex02_happy_00355,ex02::GIVEN THE CIRCUMSTANCES ISN'T THIS A LITTLE UNORTHODOX,intent_3408_last,speaker_count_3408_last,40,14,44,28,30,14,14
ex02_laughing_00028,ex02::WHAT DO YA THINK YOU'RE DOING,asr_3408,emotion_3408,0,6,35,12,24,11,6
ex02_laughing_00028,ex02::WHAT DO YA THINK YOU'RE DOING,asr_3408,emotion_3408,20,10,35,20,24,11,10
ex02_laughing_00028,ex02::WHAT DO YA THINK YOU'RE DOING,asr_3408,emotion_3408,40,10,35,20,24,11,10
ex02_laughing_00028,ex02::WHAT DO YA THINK YOU'RE DOING,asr_3408,intent_3408_last,0,14,42,28,24,18,14
ex02_laughing_00028,ex02::WHAT DO YA THINK YOU'RE DOING,asr_3408,intent_3408_last,20,17,42,34,24,18,17
ex02_laughing_00028,ex02::WHAT DO YA THINK YOU'RE DOING,asr_3408,intent_3408_last,40,17,42,34,24,18,17
ex02_laughing_00028,ex02::WHAT DO YA THINK YOU'RE DOING,asr_3408,speaker_count_3408_last,0,1,29,2,24,5,1
ex02_laughing_00028,ex02::WHAT DO YA THINK YOU'RE DOING,asr_3408,speaker_count_3408_last,20,4,29,8,24,5,4
ex02_laughing_00028,ex02::WHAT DO YA THINK YOU'RE DOING,asr_3408,speaker_count_3408_last,40,5,29,10,24,5,5
ex02_laughing_00028,ex02::WHAT DO YA THINK YOU'RE DOING,emotion_3408,intent_3408_last,0,6,29,12,11,18,6
ex02_laughing_00028,ex02::WHAT DO YA THINK YOU'RE DOING,emotion_3408,intent_3408_last,20,11,29,22,11,18,12
ex02_laughing_00028,ex02::WHAT DO YA THINK YOU'RE DOING,emotion_3408,intent_3408_last,40,11,29,22,11,18,12
ex02_laughing_00028,ex02::WHAT DO YA THINK YOU'RE DOING,emotion_3408,speaker_count_3408_last,0,1,16,2,11,5,1
ex02_laughing_00028,ex02::WHAT DO YA THINK YOU'RE DOING,emotion_3408,speaker_count_3408_last,20,4,16,8,11,5,4
ex02_laughing_00028,ex02::WHAT DO YA THINK YOU'RE DOING,emotion_3408,speaker_count_3408_last,40,4,16,8,11,5,4
ex02_laughing_00028,ex02::WHAT DO YA THINK YOU'RE DOING,intent_3408_last,speaker_count_3408_last,0,2,23,4,18,5,2
ex02_laughing_00028,ex02::WHAT DO YA THINK YOU'RE DOING,intent_3408_last,speaker_count_3408_last,20,5,23,10,18,5,5
ex02_laughing_00028,ex02::WHAT DO YA THINK YOU'RE DOING,intent_3408_last,speaker_count_3408_last,40,5,23,10,18,5,5
ex02_laughing_00030,ex02::BUT WE ALL HAVE TO LOOK AT OURSELVES,asr_3408,emotion_3408,0,12,53,24,33,20,12
ex02_laughing_00030,ex02::BUT WE ALL HAVE TO LOOK AT OURSELVES,asr_3408,emotion_3408,20,18,53,36,33,20,18
ex02_laughing_00030,ex02::BUT WE ALL HAVE TO LOOK AT OURSELVES,asr_3408,emotion_3408,40,19,53,38,33,20,19
ex02_laughing_00030,ex02::BUT WE ALL HAVE TO LOOK AT OURSELVES,asr_3408,intent_3408_last,0,19,57,38,33,24,19
ex02_laughing_00030,ex02::BUT WE ALL HAVE TO LOOK AT OURSELVES,asr_3408,intent_3408_last,20,23,57,46,33,24,23
ex02_laughing_00030,ex02::BUT WE ALL HAVE TO LOOK AT OURSELVES,asr_3408,intent_3408_last,40,24,57,48,33,24,24
ex02_laughing_00030,ex02::BUT WE ALL HAVE TO LOOK AT OURSELVES,asr_3408,speaker_count_3408_last,0,5,41,10,33,8,5
ex02_laughing_00030,ex02::BUT WE ALL HAVE TO LOOK AT OURSELVES,asr_3408,speaker_count_3408_last,20,6,41,12,33,8,6
ex02_laughing_00030,ex02::BUT WE ALL HAVE TO LOOK AT OURSELVES,asr_3408,speaker_count_3408_last,40,8,41,16,33,8,8
ex02_laughing_00030,ex02::BUT WE ALL HAVE TO LOOK AT OURSELVES,emotion_3408,intent_3408_last,0,11,44,22,20,24,11
ex02_laughing_00030,ex02::BUT WE ALL HAVE TO LOOK AT OURSELVES,emotion_3408,intent_3408_last,20,18,44,36,20,24,18
ex02_laughing_00030,ex02::BUT WE ALL HAVE TO LOOK AT OURSELVES,emotion_3408,intent_3408_last,40,19,44,38,20,24,19
ex02_laughing_00030,ex02::BUT WE ALL HAVE TO LOOK AT OURSELVES,emotion_3408,speaker_count_3408_last,0,3,28,6,20,8,3
ex02_laughing_00030,ex02::BUT WE ALL HAVE TO LOOK AT OURSELVES,emotion_3408,speaker_count_3408_last,20,7,28,14,20,8,7
ex02_laughing_00030,ex02::BUT WE ALL HAVE TO LOOK AT OURSELVES,emotion_3408,speaker_count_3408_last,40,8,28,16,20,8,8
ex02_laughing_00030,ex02::BUT WE ALL HAVE TO LOOK AT OURSELVES,intent_3408_last,speaker_count_3408_last,0,4,32,8,24,8,4
ex02_laughing_00030,ex02::BUT WE ALL HAVE TO LOOK AT OURSELVES,intent_3408_last,speaker_count_3408_last,20,6,32,12,24,8,6
ex02_laughing_00030,ex02::BUT WE ALL HAVE TO LOOK AT OURSELVES,intent_3408_last,speaker_count_3408_last,40,8,32,16,24,8,8
ex02_laughing_00058,ex02::SHE'S ALWAYS HIGH AS A KITE,asr_3408,emotion_3408,0,6,38,12,25,13,6
ex02_laughing_00058,ex02::SHE'S ALWAYS HIGH AS A KITE,asr_3408,emotion_3408,20,12,38,24,25,13,12
ex02_laughing_00058,ex02::SHE'S ALWAYS HIGH AS A KITE,asr_3408,emotion_3408,40,13,38,26,25,13,13
ex02_laughing_00058,ex02::SHE'S ALWAYS HIGH AS A KITE,asr_3408,intent_3408_last,0,15,41,30,25,16,15
ex02_laughing_00058,ex02::SHE'S ALWAYS HIGH AS A KITE,asr_3408,intent_3408_last,20,16,41,32,25,16,16
ex02_laughing_00058,ex02::SHE'S ALWAYS HIGH AS A KITE,asr_3408,intent_3408_last,40,16,41,32,25,16,16
ex02_laughing_00058,ex02::SHE'S ALWAYS HIGH AS A KITE,asr_3408,speaker_count_3408_last,0,2,30,4,25,5,2
ex02_laughing_00058,ex02::SHE'S ALWAYS HIGH AS A KITE,asr_3408,speaker_count_3408_last,20,5,30,10,25,5,5
ex02_laughing_00058,ex02::SHE'S ALWAYS HIGH AS A KITE,asr_3408,speaker_count_3408_last,40,5,30,10,25,5,5
ex02_laughing_00058,ex02::SHE'S ALWAYS HIGH AS A KITE,emotion_3408,intent_3408_last,0,6,29,12,13,16,6
ex02_laughing_00058,ex02::SHE'S ALWAYS HIGH AS A KITE,emotion_3408,intent_3408_last,20,11,29,22,13,16,11
ex02_laughing_00058,ex02::SHE'S ALWAYS HIGH AS A KITE,emotion_3408,intent_3408_last,40,13,29,26,13,16,13
ex02_laughing_00058,ex02::SHE'S ALWAYS HIGH AS A KITE,emotion_3408,speaker_count_3408_last,0,3,18,6,13,5,3
ex02_laughing_00058,ex02::SHE'S ALWAYS HIGH AS A KITE,emotion_3408,speaker_count_3408_last,20,5,18,10,13,5,5
ex02_laughing_00058,ex02::SHE'S ALWAYS HIGH AS A KITE,emotion_3408,speaker_count_3408_last,40,5,18,10,13,5,5
ex02_laughing_00058,ex02::SHE'S ALWAYS HIGH AS A KITE,intent_3408_last,speaker_count_3408_last,0,2,21,4,16,5,2
ex02_laughing_00058,ex02::SHE'S ALWAYS HIGH AS A KITE,intent_3408_last,speaker_count_3408_last,20,5,21,10,16,5,5
ex02_laughing_00058,ex02::SHE'S ALWAYS HIGH AS A KITE,intent_3408_last,speaker_count_3408_last,40,5,21,10,16,5,5
ex02_laughing_00073,ex02::DELETED THE FIRST SECOND OR THIRD ONE,asr_3408,emotion_3408,0,13,51,26,35,16,13
ex02_laughing_00073,ex02::DELETED THE FIRST SECOND OR THIRD ONE,asr_3408,emotion_3408,20,16,51,32,35,16,16
ex02_laughing_00073,ex02::DELETED THE FIRST SECOND OR THIRD ONE,asr_3408,emotion_3408,40,16,51,32,35,16,16
ex02_laughing_00073,ex02::DELETED THE FIRST SECOND OR THIRD ONE,asr_3408,intent_3408_last,0,18,57,36,35,22,18
ex02_laughing_00073,ex02::DELETED THE FIRST SECOND OR THIRD ONE,asr_3408,intent_3408_last,20,22,57,44,35,22,22
ex02_laughing_00073,ex02::DELETED THE FIRST SECOND OR THIRD ONE,asr_3408,intent_3408_last,40,22,57,44,35,22,22
ex02_laughing_00073,ex02::DELETED THE FIRST SECOND OR THIRD ONE,asr_3408,speaker_count_3408_last,0,6,44,12,35,9,6
ex02_laughing_00073,ex02::DELETED THE FIRST SECOND OR THIRD ONE,asr_3408,speaker_count_3408_last,20,9,44,18,35,9,9
ex02_laughing_00073,ex02::DELETED THE FIRST SECOND OR THIRD ONE,asr_3408,speaker_count_3408_last,40,9,44,18,35,9,9
ex02_laughing_00073,ex02::DELETED THE FIRST SECOND OR THIRD ONE,emotion_3408,intent_3408_last,0,13,38,26,16,22,13
ex02_laughing_00073,ex02::DELETED THE FIRST SECOND OR THIRD ONE,emotion_3408,intent_3408_last,20,16,38,32,16,22,17
ex02_laughing_00073,ex02::DELETED THE FIRST SECOND OR THIRD ONE,emotion_3408,intent_3408_last,40,16,38,32,16,22,19
ex02_laughing_00073,ex02::DELETED THE FIRST SECOND OR THIRD ONE,emotion_3408,speaker_count_3408_last,0,5,25,10,16,9,5
ex02_laughing_00073,ex02::DELETED THE FIRST SECOND OR THIRD ONE,emotion_3408,speaker_count_3408_last,20,8,25,16,16,9,8
ex02_laughing_00073,ex02::DELETED THE FIRST SECOND OR THIRD ONE,emotion_3408,speaker_count_3408_last,40,8,25,16,16,9,8
ex02_laughing_00073,ex02::DELETED THE FIRST SECOND OR THIRD ONE,intent_3408_last,speaker_count_3408_last,0,5,31,10,22,9,5
ex02_laughing_00073,ex02::DELETED THE FIRST SECOND OR THIRD ONE,intent_3408_last,speaker_count_3408_last,20,8,31,16,22,9,8
ex02_laughing_00073,ex02::DELETED THE FIRST SECOND OR THIRD ONE,intent_3408_last,speaker_count_3408_last,40,8,31,16,22,9,8
ex02_laughing_00089,ex02::COMPARING AND CONTRASTING THE VARIOUS OFFENDER TYPES IS ILLUMINATING,asr_3408,emotion_3408,0,21,100,42,63,37,21
ex02_laughing_00089,ex02::COMPARING AND CONTRASTING THE VARIOUS OFFENDER TYPES IS ILLUMINATING,asr_3408,emotion_3408,20,36,100,72,63,37,36
ex02_laughing_00089,ex02::COMPARING AND CONTRASTING THE VARIOUS OFFENDER TYPES IS ILLUMINATING,asr_3408,emotion_3408,40,37,100,74,63,37,37
ex02_laughing_00089,ex02::COMPARING AND CONTRASTING THE VARIOUS OFFENDER TYPES IS ILLUMINATING,asr_3408,intent_3408_last,0,34,107,68,63,44,34
ex02_laughing_00089,ex02::COMPARING AND CONTRASTING THE VARIOUS OFFENDER TYPES IS ILLUMINATING,asr_3408,intent_3408_last,20,42,107,84,63,44,42
ex02_laughing_00089,ex02::COMPARING AND CONTRASTING THE VARIOUS OFFENDER TYPES IS ILLUMINATING,asr_3408,intent_3408_last,40,42,107,84,63,44,42
ex02_laughing_00089,ex02::COMPARING AND CONTRASTING THE VARIOUS OFFENDER TYPES IS ILLUMINATING,asr_3408,speaker_count_3408_last,0,8,79,16,63,16,8
ex02_laughing_00089,ex02::COMPARING AND CONTRASTING THE VARIOUS OFFENDER TYPES IS ILLUMINATING,asr_3408,speaker_count_3408_last,20,14,79,28,63,16,14
ex02_laughing_00089,ex02::COMPARING AND CONTRASTING THE VARIOUS OFFENDER TYPES IS ILLUMINATING,asr_3408,speaker_count_3408_last,40,14,79,28,63,16,14
ex02_laughing_00089,ex02::COMPARING AND CONTRASTING THE VARIOUS OFFENDER TYPES IS ILLUMINATING,emotion_3408,intent_3408_last,0,22,81,44,37,44,22
ex02_laughing_00089,ex02::COMPARING AND CONTRASTING THE VARIOUS OFFENDER TYPES IS ILLUMINATING,emotion_3408,intent_3408_last,20,34,81,68,37,44,36
ex02_laughing_00089,ex02::COMPARING AND CONTRASTING THE VARIOUS OFFENDER TYPES IS ILLUMINATING,emotion_3408,intent_3408_last,40,35,81,70,37,44,38
ex02_laughing_00089,ex02::COMPARING AND CONTRASTING THE VARIOUS OFFENDER TYPES IS ILLUMINATING,emotion_3408,speaker_count_3408_last,0,9,53,18,37,16,9
ex02_laughing_00089,ex02::COMPARING AND CONTRASTING THE VARIOUS OFFENDER TYPES IS ILLUMINATING,emotion_3408,speaker_count_3408_last,20,14,53,28,37,16,14
ex02_laughing_00089,ex02::COMPARING AND CONTRASTING THE VARIOUS OFFENDER TYPES IS ILLUMINATING,emotion_3408,speaker_count_3408_last,40,14,53,28,37,16,14
ex02_laughing_00089,ex02::COMPARING AND CONTRASTING THE VARIOUS OFFENDER TYPES IS ILLUMINATING,intent_3408_last,speaker_count_3408_last,0,10,60,20,44,16,10
ex02_laughing_00089,ex02::COMPARING AND CONTRASTING THE VARIOUS OFFENDER TYPES IS ILLUMINATING,intent_3408_last,speaker_count_3408_last,20,15,60,30,44,16,15
ex02_laughing_00089,ex02::COMPARING AND CONTRASTING THE VARIOUS OFFENDER TYPES IS ILLUMINATING,intent_3408_last,speaker_count_3408_last,40,15,60,30,44,16,15
ex02_laughing_00096,ex02::WHAT'S WITH THE LOOK,asr_3408,emotion_3408,0,6,23,12,15,8,6
ex02_laughing_00096,ex02::WHAT'S WITH THE LOOK,asr_3408,emotion_3408,20,7,23,14,15,8,7
ex02_laughing_00096,ex02::WHAT'S WITH THE LOOK,asr_3408,emotion_3408,40,8,23,16,15,8,8
ex02_laughing_00096,ex02::WHAT'S WITH THE LOOK,asr_3408,intent_3408_last,0,8,26,16,15,11,8
ex02_laughing_00096,ex02::WHAT'S WITH THE LOOK,asr_3408,intent_3408_last,20,11,26,22,15,11,11
ex02_laughing_00096,ex02::WHAT'S WITH THE LOOK,asr_3408,intent_3408_last,40,11,26,22,15,11,11
ex02_laughing_00096,ex02::WHAT'S WITH THE LOOK,asr_3408,speaker_count_3408_last,0,2,19,4,15,4,2
ex02_laughing_00096,ex02::WHAT'S WITH THE LOOK,asr_3408,speaker_count_3408_last,20,4,19,8,15,4,4
ex02_laughing_00096,ex02::WHAT'S WITH THE LOOK,asr_3408,speaker_count_3408_last,40,4,19,8,15,4,4
ex02_laughing_00096,ex02::WHAT'S WITH THE LOOK,emotion_3408,intent_3408_last,0,7,19,14,8,11,7
ex02_laughing_00096,ex02::WHAT'S WITH THE LOOK,emotion_3408,intent_3408_last,20,8,19,16,8,11,8
ex02_laughing_00096,ex02::WHAT'S WITH THE LOOK,emotion_3408,intent_3408_last,40,8,19,16,8,11,8
ex02_laughing_00096,ex02::WHAT'S WITH THE LOOK,emotion_3408,speaker_count_3408_last,0,2,12,4,8,4,2
ex02_laughing_00096,ex02::WHAT'S WITH THE LOOK,emotion_3408,speaker_count_3408_last,20,4,12,8,8,4,4
ex02_laughing_00096,ex02::WHAT'S WITH THE LOOK,emotion_3408,speaker_count_3408_last,40,4,12,8,8,4,4
ex02_laughing_00096,ex02::WHAT'S WITH THE LOOK,intent_3408_last,speaker_count_3408_last,0,2,15,4,11,4,2
ex02_laughing_00096,ex02::WHAT'S WITH THE LOOK,intent_3408_last,speaker_count_3408_last,20,4,15,8,11,4,4
ex02_laughing_00096,ex02::WHAT'S WITH THE LOOK,intent_3408_last,speaker_count_3408_last,40,4,15,8,11,4,4
ex02_laughing_00099,ex02::HE SAID OH BRIAN I KNOW YOU THINK YOU'RE SMART BUT IT'S DAVE BANNER,asr_3408,emotion_3408,0,18,97,36,64,33,18
ex02_laughing_00099,ex02::HE SAID OH BRIAN I KNOW YOU THINK YOU'RE SMART BUT IT'S DAVE BANNER,asr_3408,emotion_3408,20,29,97,58,64,33,29
ex02_laughing_00099,ex02::HE SAID OH BRIAN I KNOW YOU THINK YOU'RE SMART BUT IT'S DAVE BANNER,asr_3408,emotion_3408,40,33,97,66,64,33,33
ex02_laughing_00099,ex02::HE SAID OH BRIAN I KNOW YOU THINK YOU'RE SMART BUT IT'S DAVE BANNER,asr_3408,intent_3408_last,0,29,107,58,64,43,29
ex02_laughing_00099,ex02::HE SAID OH BRIAN I KNOW YOU THINK YOU'RE SMART BUT IT'S DAVE BANNER,asr_3408,intent_3408_last,20,41,107,82,64,43,41
ex02_laughing_00099,ex02::HE SAID OH BRIAN I KNOW YOU THINK YOU'RE SMART BUT IT'S DAVE BANNER,asr_3408,intent_3408_last,40,43,107,86,64,43,43
ex02_laughing_00099,ex02::HE SAID OH BRIAN I KNOW YOU THINK YOU'RE SMART BUT IT'S DAVE BANNER,asr_3408,speaker_count_3408_last,0,4,79,8,64,15,4
ex02_laughing_00099,ex02::HE SAID OH BRIAN I KNOW YOU THINK YOU'RE SMART BUT IT'S DAVE BANNER,asr_3408,speaker_count_3408_last,20,13,79,26,64,15,13
ex02_laughing_00099,ex02::HE SAID OH BRIAN I KNOW YOU THINK YOU'RE SMART BUT IT'S DAVE BANNER,asr_3408,speaker_count_3408_last,40,14,79,28,64,15,14
ex02_laughing_00099,ex02::HE SAID OH BRIAN I KNOW YOU THINK YOU'RE SMART BUT IT'S DAVE BANNER,emotion_3408,intent_3408_last,0,20,76,40,33,43,20
ex02_laughing_00099,ex02::HE SAID OH BRIAN I KNOW YOU THINK YOU'RE SMART BUT IT'S DAVE BANNER,emotion_3408,intent_3408_last,20,31,76,62,33,43,32
ex02_laughing_00099,ex02::HE SAID OH BRIAN I KNOW YOU THINK YOU'RE SMART BUT IT'S DAVE BANNER,emotion_3408,intent_3408_last,40,31,76,62,33,43,33
ex02_laughing_00099,ex02::HE SAID OH BRIAN I KNOW YOU THINK YOU'RE SMART BUT IT'S DAVE BANNER,emotion_3408,speaker_count_3408_last,0,4,48,8,33,15,4
ex02_laughing_00099,ex02::HE SAID OH BRIAN I KNOW YOU THINK YOU'RE SMART BUT IT'S DAVE BANNER,emotion_3408,speaker_count_3408_last,20,11,48,22,33,15,11
ex02_laughing_00099,ex02::HE SAID OH BRIAN I KNOW YOU THINK YOU'RE SMART BUT IT'S DAVE BANNER,emotion_3408,speaker_count_3408_last,40,12,48,24,33,15,12
ex02_laughing_00099,ex02::HE SAID OH BRIAN I KNOW YOU THINK YOU'RE SMART BUT IT'S DAVE BANNER,intent_3408_last,speaker_count_3408_last,0,5,58,10,43,15,5
ex02_laughing_00099,ex02::HE SAID OH BRIAN I KNOW YOU THINK YOU'RE SMART BUT IT'S DAVE BANNER,intent_3408_last,speaker_count_3408_last,20,12,58,24,43,15,12
ex02_laughing_00099,ex02::HE SAID OH BRIAN I KNOW YOU THINK YOU'RE SMART BUT IT'S DAVE BANNER,intent_3408_last,speaker_count_3408_last,40,13,58,26,43,15,13
ex02_laughing_00128,ex02::YOU TRASH HOTEL ROOMS IN YOUR SLEEP,asr_3408,emotion_3408,0,7,54,14,34,20,7
ex02_laughing_00128,ex02::YOU TRASH HOTEL ROOMS IN YOUR SLEEP,asr_3408,emotion_3408,20,18,54,36,34,20,18
ex02_laughing_00128,ex02::YOU TRASH HOTEL ROOMS IN YOUR SLEEP,asr_3408,emotion_3408,40,19,54,38,34,20,19
ex02_laughing_00128,ex02::YOU TRASH HOTEL ROOMS IN YOUR SLEEP,asr_3408,intent_3408_last,0,16,60,32,34,26,16
ex02_laughing_00128,ex02::YOU TRASH HOTEL ROOMS IN YOUR SLEEP,asr_3408,intent_3408_last,20,25,60,50,34,26,25
ex02_laughing_00128,ex02::YOU TRASH HOTEL ROOMS IN YOUR SLEEP,asr_3408,intent_3408_last,40,26,60,52,34,26,26
ex02_laughing_00128,ex02::YOU TRASH HOTEL ROOMS IN YOUR SLEEP,asr_3408,speaker_count_3408_last,0,3,44,6,34,10,3
ex02_laughing_00128,ex02::YOU TRASH HOTEL ROOMS IN YOUR SLEEP,asr_3408,speaker_count_3408_last,20,9,44,18,34,10,9
ex02_laughing_00128,ex02::YOU TRASH HOTEL ROOMS IN YOUR SLEEP,asr_3408,speaker_count_3408_last,40,9,44,18,34,10,9
ex02_laughing_00128,ex02::YOU TRASH HOTEL ROOMS IN YOUR SLEEP,emotion_3408,intent_3408_last,0,11,46,22,20,26,11
ex02_laughing_00128,ex02::YOU TRASH HOTEL ROOMS IN YOUR SLEEP,emotion_3408,intent_3408_last,20,17,46,34,20,26,19
ex02_laughing_00128,ex02::YOU TRASH HOTEL ROOMS IN YOUR SLEEP,emotion_3408,intent_3408_last,40,18,46,36,20,26,21
ex02_laughing_00128,ex02::YOU TRASH HOTEL ROOMS IN YOUR SLEEP,emotion_3408,speaker_count_3408_last,0,2,30,4,20,10,2
ex02_laughing_00128,ex02::YOU TRASH HOTEL ROOMS IN YOUR SLEEP,emotion_3408,speaker_count_3408_last,20,7,30,14,20,10,7
ex02_laughing_00128,ex02::YOU TRASH HOTEL ROOMS IN YOUR SLEEP,emotion_3408,speaker_count_3408_last,40,7,30,14,20,10,7
ex02_laughing_00128,ex02::YOU TRASH HOTEL ROOMS IN YOUR SLEEP,intent_3408_last,speaker_count_3408_last,0,3,36,6,26,10,3
ex02_laughing_00128,ex02::YOU TRASH HOTEL ROOMS IN YOUR SLEEP,intent_3408_last,speaker_count_3408_last,20,8,36,16,26,10,8
ex02_laughing_00128,ex02::YOU TRASH HOTEL ROOMS IN YOUR SLEEP,intent_3408_last,speaker_count_3408_last,40,8,36,16,26,10,8
ex02_laughing_00150,ex02::HOW DO YOU SAY WELCOME IN JAPANESE,asr_3408,emotion_3408,0,9,47,18,33,14,9
ex02_laughing_00150,ex02::HOW DO YOU SAY WELCOME IN JAPANESE,asr_3408,emotion_3408,20,14,47,28,33,14,14
ex02_laughing_00150,ex02::HOW DO YOU SAY WELCOME IN JAPANESE,asr_3408,emotion_3408,40,14,47,28,33,14,14
ex02_laughing_00150,ex02::HOW DO YOU SAY WELCOME IN JAPANESE,asr_3408,intent_3408_last,0,13,56,26,33,23,13
ex02_laughing_00150,ex02::HOW DO YOU SAY WELCOME IN JAPANESE,asr_3408,intent_3408_last,20,20,56,40,33,23,20
ex02_laughing_00150,ex02::HOW DO YOU SAY WELCOME IN JAPANESE,asr_3408,intent_3408_last,40,22,56,44,33,23,22
ex02_laughing_00150,ex02::HOW DO YOU SAY WELCOME IN JAPANESE,asr_3408,speaker_count_3408_last,0,4,42,8,33,9,4
ex02_laughing_00150,ex02::HOW DO YOU SAY WELCOME IN JAPANESE,asr_3408,speaker_count_3408_last,20,7,42,14,33,9,7
ex02_laughing_00150,ex02::HOW DO YOU SAY WELCOME IN JAPANESE,asr_3408,speaker_count_3408_last,40,7,42,14,33,9,7
ex02_laughing_00150,ex02::HOW DO YOU SAY WELCOME IN JAPANESE,emotion_3408,intent_3408_last,0,8,37,16,14,23,8
ex02_laughing_00150,ex02::HOW DO YOU SAY WELCOME IN JAPANESE,emotion_3408,intent_3408_last,20,14,37,28,14,23,14
ex02_laughing_00150,ex02::HOW DO YOU SAY WELCOME IN JAPANESE,emotion_3408,intent_3408_last,40,14,37,28,14,23,17
ex02_laughing_00150,ex02::HOW DO YOU SAY WELCOME IN JAPANESE,emotion_3408,speaker_count_3408_last,0,3,23,6,14,9,3
ex02_laughing_00150,ex02::HOW DO YOU SAY WELCOME IN JAPANESE,emotion_3408,speaker_count_3408_last,20,6,23,12,14,9,6
ex02_laughing_00150,ex02::HOW DO YOU SAY WELCOME IN JAPANESE,emotion_3408,speaker_count_3408_last,40,7,23,14,14,9,7
ex02_laughing_00150,ex02::HOW DO YOU SAY WELCOME IN JAPANESE,intent_3408_last,speaker_count_3408_last,0,4,32,8,23,9,4
ex02_laughing_00150,ex02::HOW DO YOU SAY WELCOME IN JAPANESE,intent_3408_last,speaker_count_3408_last,20,7,32,14,23,9,7
ex02_laughing_00150,ex02::HOW DO YOU SAY WELCOME IN JAPANESE,intent_3408_last,speaker_count_3408_last,40,7,32,14,23,9,7
ex02_laughing_00157,ex02::WEDDING MUSIC STOPS,asr_3408,emotion_3408,0,5,34,10,23,11,5
ex02_laughing_00157,ex02::WEDDING MUSIC STOPS,asr_3408,emotion_3408,20,11,34,22,23,11,11
ex02_laughing_00157,ex02::WEDDING MUSIC STOPS,asr_3408,emotion_3408,40,11,34,22,23,11,11
ex02_laughing_00157,ex02::WEDDING MUSIC STOPS,asr_3408,intent_3408_last,0,9,40,18,23,17,9
ex02_laughing_00157,ex02::WEDDING MUSIC STOPS,asr_3408,intent_3408_last,20,17,40,34,23,17,17
ex02_laughing_00157,ex02::WEDDING MUSIC STOPS,asr_3408,intent_3408_last,40,17,40,34,23,17,17
ex02_laughing_00157,ex02::WEDDING MUSIC STOPS,asr_3408,speaker_count_3408_last,0,2,29,4,23,6,2
ex02_laughing_00157,ex02::WEDDING MUSIC STOPS,asr_3408,speaker_count_3408_last,20,3,29,6,23,6,3
ex02_laughing_00157,ex02::WEDDING MUSIC STOPS,asr_3408,speaker_count_3408_last,40,6,29,12,23,6,6
ex02_laughing_00157,ex02::WEDDING MUSIC STOPS,emotion_3408,intent_3408_last,0,9,28,18,11,17,9
ex02_laughing_00157,ex02::WEDDING MUSIC STOPS,emotion_3408,intent_3408_last,20,10,28,20,11,17,11
ex02_laughing_00157,ex02::WEDDING MUSIC STOPS,emotion_3408,intent_3408_last,40,11,28,22,11,17,13
ex02_laughing_00157,ex02::WEDDING MUSIC STOPS,emotion_3408,speaker_count_3408_last,0,3,17,6,11,6,3
ex02_laughing_00157,ex02::WEDDING MUSIC STOPS,emotion_3408,speaker_count_3408_last,20,5,17,10,11,6,5
ex02_laughing_00157,ex02::WEDDING MUSIC STOPS,emotion_3408,speaker_count_3408_last,40,5,17,10,11,6,5
ex02_laughing_00157,ex02::WEDDING MUSIC STOPS,intent_3408_last,speaker_count_3408_last,0,3,23,6,17,6,3
ex02_laughing_00157,ex02::WEDDING MUSIC STOPS,intent_3408_last,speaker_count_3408_last,20,5,23,10,17,6,5
ex02_laughing_00157,ex02::WEDDING MUSIC STOPS,intent_3408_last,speaker_count_3408_last,40,5,23,10,17,6,5
ex02_laughing_00233,ex02::DID SHE JUMP IN A CAB,asr_3408,emotion_3408,0,6,33,12,23,10,6
ex02_laughing_00233,ex02::DID SHE JUMP IN A CAB,asr_3408,emotion_3408,20,10,33,20,23,10,10
ex02_laughing_00233,ex02::DID SHE JUMP IN A CAB,asr_3408,emotion_3408,40,10,33,20,23,10,10
ex02_laughing_00233,ex02::DID SHE JUMP IN A CAB,asr_3408,intent_3408_last,0,10,37,20,23,14,10
ex02_laughing_00233,ex02::DID SHE JUMP IN A CAB,asr_3408,intent_3408_last,20,14,37,28,23,14,14
ex02_laughing_00233,ex02::DID SHE JUMP IN A CAB,asr_3408,intent_3408_last,40,14,37,28,23,14,14
ex02_laughing_00233,ex02::DID SHE JUMP IN A CAB,asr_3408,speaker_count_3408_last,0,2,28,4,23,5,2
ex02_laughing_00233,ex02::DID SHE JUMP IN A CAB,asr_3408,speaker_count_3408_last,20,5,28,10,23,5,5
ex02_laughing_00233,ex02::DID SHE JUMP IN A CAB,asr_3408,speaker_count_3408_last,40,5,28,10,23,5,5
ex02_laughing_00233,ex02::DID SHE JUMP IN A CAB,emotion_3408,intent_3408_last,0,4,24,8,10,14,4
ex02_laughing_00233,ex02::DID SHE JUMP IN A CAB,emotion_3408,intent_3408_last,20,10,24,20,10,14,11
ex02_laughing_00233,ex02::DID SHE JUMP IN A CAB,emotion_3408,intent_3408_last,40,10,24,20,10,14,12
ex02_laughing_00233,ex02::DID SHE JUMP IN A CAB,emotion_3408,speaker_count_3408_last,0,1,15,2,10,5,1
ex02_laughing_00233,ex02::DID SHE JUMP IN A CAB,emotion_3408,speaker_count_3408_last,20,5,15,10,10,5,5
ex02_laughing_00233,ex02::DID SHE JUMP IN A CAB,emotion_3408,speaker_count_3408_last,40,5,15,10,10,5,5
ex02_laughing_00233,ex02::DID SHE JUMP IN A CAB,intent_3408_last,speaker_count_3408_last,0,3,19,6,14,5,3
ex02_laughing_00233,ex02::DID SHE JUMP IN A CAB,intent_3408_last,speaker_count_3408_last,20,5,19,10,14,5,5
ex02_laughing_00233,ex02::DID SHE JUMP IN A CAB,intent_3408_last,speaker_count_3408_last,40,5,19,10,14,5,5
ex02_laughing_00261,ex02::YACHT CLUB IN HALF AN HOUR,asr_3408,emotion_3408,0,8,38,16,25,13,8
ex02_laughing_00261,ex02::YACHT CLUB IN HALF AN HOUR,asr_3408,emotion_3408,20,13,38,26,25,13,13
ex02_laughing_00261,ex02::YACHT CLUB IN HALF AN HOUR,asr_3408,emotion_3408,40,13,38,26,25,13,13
ex02_laughing_00261,ex02::YACHT CLUB IN HALF AN HOUR,asr_3408,intent_3408_last,0,9,41,18,25,16,9
ex02_laughing_00261,ex02::YACHT CLUB IN HALF AN HOUR,asr_3408,intent_3408_last,20,16,41,32,25,16,16
ex02_laughing_00261,ex02::YACHT CLUB IN HALF AN HOUR,asr_3408,intent_3408_last,40,16,41,32,25,16,16
ex02_laughing_00261,ex02::YACHT CLUB IN HALF AN HOUR,asr_3408,speaker_count_3408_last,0,1,31,2,25,6,1
ex02_laughing_00261,ex02::YACHT CLUB IN HALF AN HOUR,asr_3408,speaker_count_3408_last,20,6,31,12,25,6,6
ex02_laughing_00261,ex02::YACHT CLUB IN HALF AN HOUR,asr_3408,speaker_count_3408_last,40,6,31,12,25,6,6
ex02_laughing_00261,ex02::YACHT CLUB IN HALF AN HOUR,emotion_3408,intent_3408_last,0,9,29,18,13,16,9
ex02_laughing_00261,ex02::YACHT CLUB IN HALF AN HOUR,emotion_3408,intent_3408_last,20,13,29,26,13,16,13
ex02_laughing_00261,ex02::YACHT CLUB IN HALF AN HOUR,emotion_3408,intent_3408_last,40,13,29,26,13,16,14
ex02_laughing_00261,ex02::YACHT CLUB IN HALF AN HOUR,emotion_3408,speaker_count_3408_last,0,0,19,0,13,6,0
ex02_laughing_00261,ex02::YACHT CLUB IN HALF AN HOUR,emotion_3408,speaker_count_3408_last,20,4,19,8,13,6,4
ex02_laughing_00261,ex02::YACHT CLUB IN HALF AN HOUR,emotion_3408,speaker_count_3408_last,40,5,19,10,13,6,5
ex02_laughing_00261,ex02::YACHT CLUB IN HALF AN HOUR,intent_3408_last,speaker_count_3408_last,0,1,22,2,16,6,1
ex02_laughing_00261,ex02::YACHT CLUB IN HALF AN HOUR,intent_3408_last,speaker_count_3408_last,20,4,22,8,16,6,4
ex02_laughing_00261,ex02::YACHT CLUB IN HALF AN HOUR,intent_3408_last,speaker_count_3408_last,40,4,22,8,16,6,4
ex02_laughing_00326,ex02::KAYDA WAS HER NEUROSURGEON BUT NOW IT SEEMS LIKE JAKE'S MAKING ALL THE DECISIONS,asr_3408,emotion_3408,0,22,96,44,61,35,22
ex02_laughing_00326,ex02::KAYDA WAS HER NEUROSURGEON BUT NOW IT SEEMS LIKE JAKE'S MAKING ALL THE DECISIONS,asr_3408,emotion_3408,20,32,96,64,61,35,32
ex02_laughing_00326,ex02::KAYDA WAS HER NEUROSURGEON BUT NOW IT SEEMS LIKE JAKE'S MAKING ALL THE DECISIONS,asr_3408,emotion_3408,40,35,96,70,61,35,35
ex02_laughing_00326,ex02::KAYDA WAS HER NEUROSURGEON BUT NOW IT SEEMS LIKE JAKE'S MAKING ALL THE DECISIONS,asr_3408,intent_3408_last,0,31,106,62,61,45,31
ex02_laughing_00326,ex02::KAYDA WAS HER NEUROSURGEON BUT NOW IT SEEMS LIKE JAKE'S MAKING ALL THE DECISIONS,asr_3408,intent_3408_last,20,44,106,88,61,45,44
ex02_laughing_00326,ex02::KAYDA WAS HER NEUROSURGEON BUT NOW IT SEEMS LIKE JAKE'S MAKING ALL THE DECISIONS,asr_3408,intent_3408_last,40,45,106,90,61,45,45
ex02_laughing_00326,ex02::KAYDA WAS HER NEUROSURGEON BUT NOW IT SEEMS LIKE JAKE'S MAKING ALL THE DECISIONS,asr_3408,speaker_count_3408_last,0,9,82,18,61,21,9
ex02_laughing_00326,ex02::KAYDA WAS HER NEUROSURGEON BUT NOW IT SEEMS LIKE JAKE'S MAKING ALL THE DECISIONS,asr_3408,speaker_count_3408_last,20,21,82,42,61,21,21
ex02_laughing_00326,ex02::KAYDA WAS HER NEUROSURGEON BUT NOW IT SEEMS LIKE JAKE'S MAKING ALL THE DECISIONS,asr_3408,speaker_count_3408_last,40,21,82,42,61,21,21
ex02_laughing_00326,ex02::KAYDA WAS HER NEUROSURGEON BUT NOW IT SEEMS LIKE JAKE'S MAKING ALL THE DECISIONS,emotion_3408,intent_3408_last,0,23,80,46,35,45,23
ex02_laughing_00326,ex02::KAYDA WAS HER NEUROSURGEON BUT NOW IT SEEMS LIKE JAKE'S MAKING ALL THE DECISIONS,emotion_3408,intent_3408_last,20,33,80,66,35,45,34
ex02_laughing_00326,ex02::KAYDA WAS HER NEUROSURGEON BUT NOW IT SEEMS LIKE JAKE'S MAKING ALL THE DECISIONS,emotion_3408,intent_3408_last,40,35,80,70,35,45,38
ex02_laughing_00326,ex02::KAYDA WAS HER NEUROSURGEON BUT NOW IT SEEMS LIKE JAKE'S MAKING ALL THE DECISIONS,emotion_3408,speaker_count_3408_last,0,8,56,16,35,21,8
ex02_laughing_00326,ex02::KAYDA WAS HER NEUROSURGEON BUT NOW IT SEEMS LIKE JAKE'S MAKING ALL THE DECISIONS,emotion_3408,speaker_count_3408_last,20,18,56,36,35,21,18
ex02_laughing_00326,ex02::KAYDA WAS HER NEUROSURGEON BUT NOW IT SEEMS LIKE JAKE'S MAKING ALL THE DECISIONS,emotion_3408,speaker_count_3408_last,40,19,56,38,35,21,19
ex02_laughing_00326,ex02::KAYDA WAS HER NEUROSURGEON BUT NOW IT SEEMS LIKE JAKE'S MAKING ALL THE DECISIONS,intent_3408_last,speaker_count_3408_last,0,8,66,16,45,21,8
ex02_laughing_00326,ex02::KAYDA WAS HER NEUROSURGEON BUT NOW IT SEEMS LIKE JAKE'S MAKING ALL THE DECISIONS,intent_3408_last,speaker_count_3408_last,20,20,66,40,45,21,20
ex02_laughing_00326,ex02::KAYDA WAS HER NEUROSURGEON BUT NOW IT SEEMS LIKE JAKE'S MAKING ALL THE DECISIONS,intent_3408_last,speaker_count_3408_last,40,20,66,40,45,21,20
ex02_laughing_00348,ex02::WHO'S MORE MISERABLE THAN HER,asr_3408,emotion_3408,0,11,39,22,26,13,11
ex02_laughing_00348,ex02::WHO'S MORE MISERABLE THAN HER,asr_3408,emotion_3408,20,13,39,26,26,13,13
ex02_laughing_00348,ex02::WHO'S MORE MISERABLE THAN HER,asr_3408,emotion_3408,40,13,39,26,26,13,13
ex02_laughing_00348,ex02::WHO'S MORE MISERABLE THAN HER,asr_3408,intent_3408_last,0,14,47,28,26,21,14
ex02_laughing_00348,ex02::WHO'S MORE MISERABLE THAN HER,asr_3408,intent_3408_last,20,21,47,42,26,21,21
ex02_laughing_00348,ex02::WHO'S MORE MISERABLE THAN HER,asr_3408,intent_3408_last,40,21,47,42,26,21,21
ex02_laughing_00348,ex02::WHO'S MORE MISERABLE THAN HER,asr_3408,speaker_count_3408_last,0,4,31,8,26,5,4
ex02_laughing_00348,ex02::WHO'S MORE MISERABLE THAN HER,asr_3408,speaker_count_3408_last,20,5,31,10,26,5,5
ex02_laughing_00348,ex02::WHO'S MORE MISERABLE THAN HER,asr_3408,speaker_count_3408_last,40,5,31,10,26,5,5
ex02_laughing_00348,ex02::WHO'S MORE MISERABLE THAN HER,emotion_3408,intent_3408_last,0,11,34,22,13,21,11
ex02_laughing_00348,ex02::WHO'S MORE MISERABLE THAN HER,emotion_3408,intent_3408_last,20,12,34,24,13,21,12
ex02_laughing_00348,ex02::WHO'S MORE MISERABLE THAN HER,emotion_3408,intent_3408_last,40,13,34,26,13,21,14
ex02_laughing_00348,ex02::WHO'S MORE MISERABLE THAN HER,emotion_3408,speaker_count_3408_last,0,4,18,8,13,5,4
ex02_laughing_00348,ex02::WHO'S MORE MISERABLE THAN HER,emotion_3408,speaker_count_3408_last,20,5,18,10,13,5,5
ex02_laughing_00348,ex02::WHO'S MORE MISERABLE THAN HER,emotion_3408,speaker_count_3408_last,40,5,18,10,13,5,5
ex02_laughing_00348,ex02::WHO'S MORE MISERABLE THAN HER,intent_3408_last,speaker_count_3408_last,0,4,26,8,21,5,4
ex02_laughing_00348,ex02::WHO'S MORE MISERABLE THAN HER,intent_3408_last,speaker_count_3408_last,20,5,26,10,21,5,5
ex02_laughing_00348,ex02::WHO'S MORE MISERABLE THAN HER,intent_3408_last,speaker_count_3408_last,40,5,26,10,21,5,5
ex02_laughing_00355,ex02::GIVEN THE CIRCUMSTANCES ISN'T THIS A LITTLE UNORTHODOX,asr_3408,emotion_3408,0,16,81,32,54,27,16
ex02_laughing_00355,ex02::GIVEN THE CIRCUMSTANCES ISN'T THIS A LITTLE UNORTHODOX,asr_3408,emotion_3408,20,25,81,50,54,27,25
ex02_laughing_00355,ex02::GIVEN THE CIRCUMSTANCES ISN'T THIS A LITTLE UNORTHODOX,asr_3408,emotion_3408,40,27,81,54,54,27,27
ex02_laughing_00355,ex02::GIVEN THE CIRCUMSTANCES ISN'T THIS A LITTLE UNORTHODOX,asr_3408,intent_3408_last,0,22,87,44,54,33,22
ex02_laughing_00355,ex02::GIVEN THE CIRCUMSTANCES ISN'T THIS A LITTLE UNORTHODOX,asr_3408,intent_3408_last,20,32,87,64,54,33,32
ex02_laughing_00355,ex02::GIVEN THE CIRCUMSTANCES ISN'T THIS A LITTLE UNORTHODOX,asr_3408,intent_3408_last,40,33,87,66,54,33,33
ex02_laughing_00355,ex02::GIVEN THE CIRCUMSTANCES ISN'T THIS A LITTLE UNORTHODOX,asr_3408,speaker_count_3408_last,0,8,70,16,54,16,8
ex02_laughing_00355,ex02::GIVEN THE CIRCUMSTANCES ISN'T THIS A LITTLE UNORTHODOX,asr_3408,speaker_count_3408_last,20,15,70,30,54,16,15
ex02_laughing_00355,ex02::GIVEN THE CIRCUMSTANCES ISN'T THIS A LITTLE UNORTHODOX,asr_3408,speaker_count_3408_last,40,16,70,32,54,16,16
ex02_laughing_00355,ex02::GIVEN THE CIRCUMSTANCES ISN'T THIS A LITTLE UNORTHODOX,emotion_3408,intent_3408_last,0,14,60,28,27,33,14
ex02_laughing_00355,ex02::GIVEN THE CIRCUMSTANCES ISN'T THIS A LITTLE UNORTHODOX,emotion_3408,intent_3408_last,20,27,60,54,27,33,28
ex02_laughing_00355,ex02::GIVEN THE CIRCUMSTANCES ISN'T THIS A LITTLE UNORTHODOX,emotion_3408,intent_3408_last,40,27,60,54,27,33,29
ex02_laughing_00355,ex02::GIVEN THE CIRCUMSTANCES ISN'T THIS A LITTLE UNORTHODOX,emotion_3408,speaker_count_3408_last,0,5,43,10,27,16,5
ex02_laughing_00355,ex02::GIVEN THE CIRCUMSTANCES ISN'T THIS A LITTLE UNORTHODOX,emotion_3408,speaker_count_3408_last,20,11,43,22,27,16,11
ex02_laughing_00355,ex02::GIVEN THE CIRCUMSTANCES ISN'T THIS A LITTLE UNORTHODOX,emotion_3408,speaker_count_3408_last,40,13,43,26,27,16,13
ex02_laughing_00355,ex02::GIVEN THE CIRCUMSTANCES ISN'T THIS A LITTLE UNORTHODOX,intent_3408_last,speaker_count_3408_last,0,7,49,14,33,16,7
ex02_laughing_00355,ex02::GIVEN THE CIRCUMSTANCES ISN'T THIS A LITTLE UNORTHODOX,intent_3408_last,speaker_count_3408_last,20,14,49,28,33,16,14
ex02_laughing_00355,ex02::GIVEN THE CIRCUMSTANCES ISN'T THIS A LITTLE UNORTHODOX,intent_3408_last,speaker_count_3408_last,40,14,49,28,33,16,14
ex02_sad_00028,ex02::WHAT DO YA THINK YOU'RE DOING,asr_3408,emotion_3408,0,6,31,12,21,10,6
ex02_sad_00028,ex02::WHAT DO YA THINK YOU'RE DOING,asr_3408,emotion_3408,20,9,31,18,21,10,9
ex02_sad_00028,ex02::WHAT DO YA THINK YOU'RE DOING,asr_3408,emotion_3408,40,10,31,20,21,10,10
ex02_sad_00028,ex02::WHAT DO YA THINK YOU'RE DOING,asr_3408,intent_3408_last,0,9,36,18,21,15,9
ex02_sad_00028,ex02::WHAT DO YA THINK YOU'RE DOING,asr_3408,intent_3408_last,20,15,36,30,21,15,15
ex02_sad_00028,ex02::WHAT DO YA THINK YOU'RE DOING,asr_3408,intent_3408_last,40,15,36,30,21,15,15
ex02_sad_00028,ex02::WHAT DO YA THINK YOU'RE DOING,asr_3408,speaker_count_3408_last,0,2,26,4,21,5,2
ex02_sad_00028,ex02::WHAT DO YA THINK YOU'RE DOING,asr_3408,speaker_count_3408_last,20,4,26,8,21,5,4
ex02_sad_00028,ex02::WHAT DO YA THINK YOU'RE DOING,asr_3408,speaker_count_3408_last,40,5,26,10,21,5,5
ex02_sad_00028,ex02::WHAT DO YA THINK YOU'RE DOING,emotion_3408,intent_3408_last,0,8,25,16,10,15,8
ex02_sad_00028,ex02::WHAT DO YA THINK YOU'RE DOING,emotion_3408,intent_3408_last,20,9,25,18,10,15,10
ex02_sad_00028,ex02::WHAT DO YA THINK YOU'RE DOING,emotion_3408,intent_3408_last,40,9,25,18,10,15,10
ex02_sad_00028,ex02::WHAT DO YA THINK YOU'RE DOING,emotion_3408,speaker_count_3408_last,0,2,15,4,10,5,2
ex02_sad_00028,ex02::WHAT DO YA THINK YOU'RE DOING,emotion_3408,speaker_count_3408_last,20,5,15,10,10,5,5
ex02_sad_00028,ex02::WHAT DO YA THINK YOU'RE DOING,emotion_3408,speaker_count_3408_last,40,5,15,10,10,5,5
ex02_sad_00028,ex02::WHAT DO YA THINK YOU'RE DOING,intent_3408_last,speaker_count_3408_last,0,2,20,4,15,5,2
ex02_sad_00028,ex02::WHAT DO YA THINK YOU'RE DOING,intent_3408_last,speaker_count_3408_last,20,5,20,10,15,5,5
ex02_sad_00028,ex02::WHAT DO YA THINK YOU'RE DOING,intent_3408_last,speaker_count_3408_last,40,5,20,10,15,5,5
ex02_sad_00030,ex02::BUT WE ALL HAVE TO LOOK AT OURSELVES,asr_3408,emotion_3408,0,13,49,26,30,19,13
ex02_sad_00030,ex02::BUT WE ALL HAVE TO LOOK AT OURSELVES,asr_3408,emotion_3408,20,18,49,36,30,19,18
ex02_sad_00030,ex02::BUT WE ALL HAVE TO LOOK AT OURSELVES,asr_3408,emotion_3408,40,19,49,38,30,19,19
ex02_sad_00030,ex02::BUT WE ALL HAVE TO LOOK AT OURSELVES,asr_3408,intent_3408_last,0,18,52,36,30,22,18
ex02_sad_00030,ex02::BUT WE ALL HAVE TO LOOK AT OURSELVES,asr_3408,intent_3408_last,20,22,52,44,30,22,22
ex02_sad_00030,ex02::BUT WE ALL HAVE TO LOOK AT OURSELVES,asr_3408,intent_3408_last,40,22,52,44,30,22,22
ex02_sad_00030,ex02::BUT WE ALL HAVE TO LOOK AT OURSELVES,asr_3408,speaker_count_3408_last,0,3,38,6,30,8,3
ex02_sad_00030,ex02::BUT WE ALL HAVE TO LOOK AT OURSELVES,asr_3408,speaker_count_3408_last,20,7,38,14,30,8,7
ex02_sad_00030,ex02::BUT WE ALL HAVE TO LOOK AT OURSELVES,asr_3408,speaker_count_3408_last,40,7,38,14,30,8,7
ex02_sad_00030,ex02::BUT WE ALL HAVE TO LOOK AT OURSELVES,emotion_3408,intent_3408_last,0,13,41,26,19,22,13
ex02_sad_00030,ex02::BUT WE ALL HAVE TO LOOK AT OURSELVES,emotion_3408,intent_3408_last,20,19,41,38,19,22,19
ex02_sad_00030,ex02::BUT WE ALL HAVE TO LOOK AT OURSELVES,emotion_3408,intent_3408_last,40,19,41,38,19,22,19
ex02_sad_00030,ex02::BUT WE ALL HAVE TO LOOK AT OURSELVES,emotion_3408,speaker_count_3408_last,0,4,27,8,19,8,4
ex02_sad_00030,ex02::BUT WE ALL HAVE TO LOOK AT OURSELVES,emotion_3408,speaker_count_3408_last,20,7,27,14,19,8,7
ex02_sad_00030,ex02::BUT WE ALL HAVE TO LOOK AT OURSELVES,emotion_3408,speaker_count_3408_last,40,7,27,14,19,8,7
ex02_sad_00030,ex02::BUT WE ALL HAVE TO LOOK AT OURSELVES,intent_3408_last,speaker_count_3408_last,0,3,30,6,22,8,3
ex02_sad_00030,ex02::BUT WE ALL HAVE TO LOOK AT OURSELVES,intent_3408_last,speaker_count_3408_last,20,7,30,14,22,8,7
ex02_sad_00030,ex02::BUT WE ALL HAVE TO LOOK AT OURSELVES,intent_3408_last,speaker_count_3408_last,40,7,30,14,22,8,7
ex02_sad_00058,ex02::SHE'S ALWAYS HIGH AS A KITE,asr_3408,emotion_3408,0,8,34,16,24,10,8
ex02_sad_00058,ex02::SHE'S ALWAYS HIGH AS A KITE,asr_3408,emotion_3408,20,9,34,18,24,10,9
ex02_sad_00058,ex02::SHE'S ALWAYS HIGH AS A KITE,asr_3408,emotion_3408,40,10,34,20,24,10,10
ex02_sad_00058,ex02::SHE'S ALWAYS HIGH AS A KITE,asr_3408,intent_3408_last,0,12,41,24,24,17,12
ex02_sad_00058,ex02::SHE'S ALWAYS HIGH AS A KITE,asr_3408,intent_3408_last,20,17,41,34,24,17,17
ex02_sad_00058,ex02::SHE'S ALWAYS HIGH AS A KITE,asr_3408,intent_3408_last,40,17,41,34,24,17,17
ex02_sad_00058,ex02::SHE'S ALWAYS HIGH AS A KITE,asr_3408,speaker_count_3408_last,0,3,30,6,24,6,3
ex02_sad_00058,ex02::SHE'S ALWAYS HIGH AS A KITE,asr_3408,speaker_count_3408_last,20,5,30,10,24,6,5
ex02_sad_00058,ex02::SHE'S ALWAYS HIGH AS A KITE,asr_3408,speaker_count_3408_last,40,5,30,10,24,6,5
ex02_sad_00058,ex02::SHE'S ALWAYS HIGH AS A KITE,emotion_3408,intent_3408_last,0,9,27,18,10,17,9
ex02_sad_00058,ex02::SHE'S ALWAYS HIGH AS A KITE,emotion_3408,intent_3408_last,20,10,27,20,10,17,10
ex02_sad_00058,ex02::SHE'S ALWAYS HIGH AS A KITE,emotion_3408,intent_3408_last,40,10,27,20,10,17,12
ex02_sad_00058,ex02::SHE'S ALWAYS HIGH AS A KITE,emotion_3408,speaker_count_3408_last,0,3,16,6,10,6,3
ex02_sad_00058,ex02::SHE'S ALWAYS HIGH AS A KITE,emotion_3408,speaker_count_3408_last,20,5,16,10,10,6,5
ex02_sad_00058,ex02::SHE'S ALWAYS HIGH AS A KITE,emotion_3408,speaker_count_3408_last,40,5,16,10,10,6,5
ex02_sad_00058,ex02::SHE'S ALWAYS HIGH AS A KITE,intent_3408_last,speaker_count_3408_last,0,3,23,6,17,6,3
ex02_sad_00058,ex02::SHE'S ALWAYS HIGH AS A KITE,intent_3408_last,speaker_count_3408_last,20,5,23,10,17,6,5
ex02_sad_00058,ex02::SHE'S ALWAYS HIGH AS A KITE,intent_3408_last,speaker_count_3408_last,40,5,23,10,17,6,5
ex02_sad_00073,ex02::DELETED THE FIRST SECOND OR THIRD ONE,asr_3408,emotion_3408,0,14,52,28,33,19,14
ex02_sad_00073,ex02::DELETED THE FIRST SECOND OR THIRD ONE,asr_3408,emotion_3408,20,19,52,38,33,19,19
ex02_sad_00073,ex02::DELETED THE FIRST SECOND OR THIRD ONE,asr_3408,emotion_3408,40,19,52,38,33,19,19
ex02_sad_00073,ex02::DELETED THE FIRST SECOND OR THIRD ONE,asr_3408,intent_3408_last,0,17,55,34,33,22,17
ex02_sad_00073,ex02::DELETED THE FIRST SECOND OR THIRD ONE,asr_3408,intent_3408_last,20,22,55,44,33,22,22
ex02_sad_00073,ex02::DELETED THE FIRST SECOND OR THIRD ONE,asr_3408,intent_3408_last,40,22,55,44,33,22,22
ex02_sad_00073,ex02::DELETED THE FIRST SECOND OR THIRD ONE,asr_3408,speaker_count_3408_last,0,3,41,6,33,8,3
ex02_sad_00073,ex02::DELETED THE FIRST SECOND OR THIRD ONE,asr_3408,speaker_count_3408_last,20,8,41,16,33,8,8
ex02_sad_00073,ex02::DELETED THE FIRST SECOND OR THIRD ONE,asr_3408,speaker_count_3408_last,40,8,41,16,33,8,8
ex02_sad_00073,ex02::DELETED THE FIRST SECOND OR THIRD ONE,emotion_3408,intent_3408_last,0,15,41,30,19,22,15
ex02_sad_00073,ex02::DELETED THE FIRST SECOND OR THIRD ONE,emotion_3408,intent_3408_last,20,18,41,36,19,22,18
ex02_sad_00073,ex02::DELETED THE FIRST SECOND OR THIRD ONE,emotion_3408,intent_3408_last,40,18,41,36,19,22,19
ex02_sad_00073,ex02::DELETED THE FIRST SECOND OR THIRD ONE,emotion_3408,speaker_count_3408_last,0,4,27,8,19,8,4
ex02_sad_00073,ex02::DELETED THE FIRST SECOND OR THIRD ONE,emotion_3408,speaker_count_3408_last,20,8,27,16,19,8,8
ex02_sad_00073,ex02::DELETED THE FIRST SECOND OR THIRD ONE,emotion_3408,speaker_count_3408_last,40,8,27,16,19,8,8
ex02_sad_00073,ex02::DELETED THE FIRST SECOND OR THIRD ONE,intent_3408_last,speaker_count_3408_last,0,5,30,10,22,8,5
ex02_sad_00073,ex02::DELETED THE FIRST SECOND OR THIRD ONE,intent_3408_last,speaker_count_3408_last,20,8,30,16,22,8,8
ex02_sad_00073,ex02::DELETED THE FIRST SECOND OR THIRD ONE,intent_3408_last,speaker_count_3408_last,40,8,30,16,22,8,8
ex02_sad_00089,ex02::COMPARING AND CONTRASTING THE VARIOUS OFFENDER TYPES IS ILLUMINATING,asr_3408,emotion_3408,0,18,90,36,58,32,18
ex02_sad_00089,ex02::COMPARING AND CONTRASTING THE VARIOUS OFFENDER TYPES IS ILLUMINATING,asr_3408,emotion_3408,20,28,90,56,58,32,28
ex02_sad_00089,ex02::COMPARING AND CONTRASTING THE VARIOUS OFFENDER TYPES IS ILLUMINATING,asr_3408,emotion_3408,40,32,90,64,58,32,32
ex02_sad_00089,ex02::COMPARING AND CONTRASTING THE VARIOUS OFFENDER TYPES IS ILLUMINATING,asr_3408,intent_3408_last,0,31,98,62,58,40,31
ex02_sad_00089,ex02::COMPARING AND CONTRASTING THE VARIOUS OFFENDER TYPES IS ILLUMINATING,asr_3408,intent_3408_last,20,40,98,80,58,40,40
ex02_sad_00089,ex02::COMPARING AND CONTRASTING THE VARIOUS OFFENDER TYPES IS ILLUMINATING,asr_3408,intent_3408_last,40,40,98,80,58,40,40
ex02_sad_00089,ex02::COMPARING AND CONTRASTING THE VARIOUS OFFENDER TYPES IS ILLUMINATING,asr_3408,speaker_count_3408_last,0,8,73,16,58,15,8
ex02_sad_00089,ex02::COMPARING AND CONTRASTING THE VARIOUS OFFENDER TYPES IS ILLUMINATING,asr_3408,speaker_count_3408_last,20,14,73,28,58,15,14
ex02_sad_00089,ex02::COMPARING AND CONTRASTING THE VARIOUS OFFENDER TYPES IS ILLUMINATING,asr_3408,speaker_count_3408_last,40,15,73,30,58,15,15
ex02_sad_00089,ex02::COMPARING AND CONTRASTING THE VARIOUS OFFENDER TYPES IS ILLUMINATING,emotion_3408,intent_3408_last,0,20,72,40,32,40,20
ex02_sad_00089,ex02::COMPARING AND CONTRASTING THE VARIOUS OFFENDER TYPES IS ILLUMINATING,emotion_3408,intent_3408_last,20,28,72,56,32,40,28
ex02_sad_00089,ex02::COMPARING AND CONTRASTING THE VARIOUS OFFENDER TYPES IS ILLUMINATING,emotion_3408,intent_3408_last,40,29,72,58,32,40,33
ex02_sad_00089,ex02::COMPARING AND CONTRASTING THE VARIOUS OFFENDER TYPES IS ILLUMINATING,emotion_3408,speaker_count_3408_last,0,7,47,14,32,15,7
ex02_sad_00089,ex02::COMPARING AND CONTRASTING THE VARIOUS OFFENDER TYPES IS ILLUMINATING,emotion_3408,speaker_count_3408_last,20,13,47,26,32,15,13
ex02_sad_00089,ex02::COMPARING AND CONTRASTING THE VARIOUS OFFENDER TYPES IS ILLUMINATING,emotion_3408,speaker_count_3408_last,40,13,47,26,32,15,13
ex02_sad_00089,ex02::COMPARING AND CONTRASTING THE VARIOUS OFFENDER TYPES IS ILLUMINATING,intent_3408_last,speaker_count_3408_last,0,9,55,18,40,15,9
ex02_sad_00089,ex02::COMPARING AND CONTRASTING THE VARIOUS OFFENDER TYPES IS ILLUMINATING,intent_3408_last,speaker_count_3408_last,20,14,55,28,40,15,14
ex02_sad_00089,ex02::COMPARING AND CONTRASTING THE VARIOUS OFFENDER TYPES IS ILLUMINATING,intent_3408_last,speaker_count_3408_last,40,15,55,30,40,15,15
ex02_sad_00096,ex02::WHAT'S WITH THE LOOK,asr_3408,emotion_3408,0,5,22,10,15,7,5
ex02_sad_00096,ex02::WHAT'S WITH THE LOOK,asr_3408,emotion_3408,20,7,22,14,15,7,7
ex02_sad_00096,ex02::WHAT'S WITH THE LOOK,asr_3408,emotion_3408,40,7,22,14,15,7,7
ex02_sad_00096,ex02::WHAT'S WITH THE LOOK,asr_3408,intent_3408_last,0,8,26,16,15,11,8
ex02_sad_00096,ex02::WHAT'S WITH THE LOOK,asr_3408,intent_3408_last,20,11,26,22,15,11,11
ex02_sad_00096,ex02::WHAT'S WITH THE LOOK,asr_3408,intent_3408_last,40,11,26,22,15,11,11
ex02_sad_00096,ex02::WHAT'S WITH THE LOOK,asr_3408,speaker_count_3408_last,0,2,19,4,15,4,2
ex02_sad_00096,ex02::WHAT'S WITH THE LOOK,asr_3408,speaker_count_3408_last,20,4,19,8,15,4,4
ex02_sad_00096,ex02::WHAT'S WITH THE LOOK,asr_3408,speaker_count_3408_last,40,4,19,8,15,4,4
ex02_sad_00096,ex02::WHAT'S WITH THE LOOK,emotion_3408,intent_3408_last,0,6,18,12,7,11,6
ex02_sad_00096,ex02::WHAT'S WITH THE LOOK,emotion_3408,intent_3408_last,20,7,18,14,7,11,7
ex02_sad_00096,ex02::WHAT'S WITH THE LOOK,emotion_3408,intent_3408_last,40,7,18,14,7,11,8
ex02_sad_00096,ex02::WHAT'S WITH THE LOOK,emotion_3408,speaker_count_3408_last,0,2,11,4,7,4,2
ex02_sad_00096,ex02::WHAT'S WITH THE LOOK,emotion_3408,speaker_count_3408_last,20,3,11,6,7,4,3
ex02_sad_00096,ex02::WHAT'S WITH THE LOOK,emotion_3408,speaker_count_3408_last,40,3,11,6,7,4,3
ex02_sad_00096,ex02::WHAT'S WITH THE LOOK,intent_3408_last,speaker_count_3408_last,0,2,15,4,11,4,2
ex02_sad_00096,ex02::WHAT'S WITH THE LOOK,intent_3408_last,speaker_count_3408_last,20,3,15,6,11,4,3
ex02_sad_00096,ex02::WHAT'S WITH THE LOOK,intent_3408_last,speaker_count_3408_last,40,3,15,6,11,4,3
ex02_sad_00099,ex02::HE SAID OH BRIAN I KNOW YOU THINK YOU'RE SMART BUT IT'S DAVE BANNER,asr_3408,emotion_3408,0,16,78,32,55,23,16
ex02_sad_00099,ex02::HE SAID OH BRIAN I KNOW YOU THINK YOU'RE SMART BUT IT'S DAVE BANNER,asr_3408,emotion_3408,20,21,78,42,55,23,21
ex02_sad_00099,ex02::HE SAID OH BRIAN I KNOW YOU THINK YOU'RE SMART BUT IT'S DAVE BANNER,asr_3408,emotion_3408,40,23,78,46,55,23,23
ex02_sad_00099,ex02::HE SAID OH BRIAN I KNOW YOU THINK YOU'RE SMART BUT IT'S DAVE BANNER,asr_3408,intent_3408_last,0,16,90,32,55,35,16
ex02_sad_00099,ex02::HE SAID OH BRIAN I KNOW YOU THINK YOU'RE SMART BUT IT'S DAVE BANNER,asr_3408,intent_3408_last,20,34,90,68,55,35,34
ex02_sad_00099,ex02::HE SAID OH BRIAN I KNOW YOU THINK YOU'RE SMART BUT IT'S DAVE BANNER,asr_3408,intent_3408_last,40,35,90,70,55,35,35
ex02_sad_00099,ex02::HE SAID OH BRIAN I KNOW YOU THINK YOU'RE SMART BUT IT'S DAVE BANNER,asr_3408,speaker_count_3408_last,0,7,69,14,55,14,7
ex02_sad_00099,ex02::HE SAID OH BRIAN I KNOW YOU THINK YOU'RE SMART BUT IT'S DAVE BANNER,asr_3408,speaker_count_3408_last,20,12,69,24,55,14,12
ex02_sad_00099,ex02::HE SAID OH BRIAN I KNOW YOU THINK YOU'RE SMART BUT IT'S DAVE BANNER,asr_3408,speaker_count_3408_last,40,12,69,24,55,14,12
ex02_sad_00099,ex02::HE SAID OH BRIAN I KNOW YOU THINK YOU'RE SMART BUT IT'S DAVE BANNER,emotion_3408,intent_3408_last,0,14,58,28,23,35,14
ex02_sad_00099,ex02::HE SAID OH BRIAN I KNOW YOU THINK YOU'RE SMART BUT IT'S DAVE BANNER,emotion_3408,intent_3408_last,20,20,58,40,23,35,20
ex02_sad_00099,ex02::HE SAID OH BRIAN I KNOW YOU THINK YOU'RE SMART BUT IT'S DAVE BANNER,emotion_3408,intent_3408_last,40,23,58,46,23,35,23
ex02_sad_00099,ex02::HE SAID OH BRIAN I KNOW YOU THINK YOU'RE SMART BUT IT'S DAVE BANNER,emotion_3408,speaker_count_3408_last,0,5,37,10,23,14,5
ex02_sad_00099,ex02::HE SAID OH BRIAN I KNOW YOU THINK YOU'RE SMART BUT IT'S DAVE BANNER,emotion_3408,speaker_count_3408_last,20,10,37,20,23,14,10
ex02_sad_00099,ex02::HE SAID OH BRIAN I KNOW YOU THINK YOU'RE SMART BUT IT'S DAVE BANNER,emotion_3408,speaker_count_3408_last,40,10,37,20,23,14,10
ex02_sad_00099,ex02::HE SAID OH BRIAN I KNOW YOU THINK YOU'RE SMART BUT IT'S DAVE BANNER,intent_3408_last,speaker_count_3408_last,0,8,49,16,35,14,8
ex02_sad_00099,ex02::HE SAID OH BRIAN I KNOW YOU THINK YOU'RE SMART BUT IT'S DAVE BANNER,intent_3408_last,speaker_count_3408_last,20,11,49,22,35,14,11
ex02_sad_00099,ex02::HE SAID OH BRIAN I KNOW YOU THINK YOU'RE SMART BUT IT'S DAVE BANNER,intent_3408_last,speaker_count_3408_last,40,11,49,22,35,14,11
ex02_sad_00128,ex02::YOU TRASH HOTEL ROOMS IN YOUR SLEEP,asr_3408,emotion_3408,0,9,44,18,29,15,9
ex02_sad_00128,ex02::YOU TRASH HOTEL ROOMS IN YOUR SLEEP,asr_3408,emotion_3408,20,13,44,26,29,15,13
ex02_sad_00128,ex02::YOU TRASH HOTEL ROOMS IN YOUR SLEEP,asr_3408,emotion_3408,40,15,44,30,29,15,15
ex02_sad_00128,ex02::YOU TRASH HOTEL ROOMS IN YOUR SLEEP,asr_3408,intent_3408_last,0,9,49,18,29,20,9
ex02_sad_00128,ex02::YOU TRASH HOTEL ROOMS IN YOUR SLEEP,asr_3408,intent_3408_last,20,18,49,36,29,20,18
ex02_sad_00128,ex02::YOU TRASH HOTEL ROOMS IN YOUR SLEEP,asr_3408,intent_3408_last,40,20,49,40,29,20,20
ex02_sad_00128,ex02::YOU TRASH HOTEL ROOMS IN YOUR SLEEP,asr_3408,speaker_count_3408_last,0,3,36,6,29,7,3
ex02_sad_00128,ex02::YOU TRASH HOTEL ROOMS IN YOUR SLEEP,asr_3408,speaker_count_3408_last,20,7,36,14,29,7,7
ex02_sad_00128,ex02::YOU TRASH HOTEL ROOMS IN YOUR SLEEP,asr_3408,speaker_count_3408_last,40,7,36,14,29,7,7
ex02_sad_00128,ex02::YOU TRASH HOTEL ROOMS IN YOUR SLEEP,emotion_3408,intent_3408_last,0,10,35,20,15,20,10
ex02_sad_00128,ex02::YOU TRASH HOTEL ROOMS IN YOUR SLEEP,emotion_3408,intent_3408_last,20,14,35,28,15,20,15
ex02_sad_00128,ex02::YOU TRASH HOTEL ROOMS IN YOUR SLEEP,emotion_3408,intent_3408_last,40,14,35,28,15,20,15
ex02_sad_00128,ex02::YOU TRASH HOTEL ROOMS IN YOUR SLEEP,emotion_3408,speaker_count_3408_last,0,3,22,6,15,7,3
ex02_sad_00128,ex02::YOU TRASH HOTEL ROOMS IN YOUR SLEEP,emotion_3408,speaker_count_3408_last,20,6,22,12,15,7,6
ex02_sad_00128,ex02::YOU TRASH HOTEL ROOMS IN YOUR SLEEP,emotion_3408,speaker_count_3408_last,40,6,22,12,15,7,6
ex02_sad_00128,ex02::YOU TRASH HOTEL ROOMS IN YOUR SLEEP,intent_3408_last,speaker_count_3408_last,0,4,27,8,20,7,4
ex02_sad_00128,ex02::YOU TRASH HOTEL ROOMS IN YOUR SLEEP,intent_3408_last,speaker_count_3408_last,20,7,27,14,20,7,7
ex02_sad_00128,ex02::YOU TRASH HOTEL ROOMS IN YOUR SLEEP,intent_3408_last,speaker_count_3408_last,40,7,27,14,20,7,7
ex02_sad_00150,ex02::HOW DO YOU SAY WELCOME IN JAPANESE,asr_3408,emotion_3408,0,10,44,20,29,15,10
ex02_sad_00150,ex02::HOW DO YOU SAY WELCOME IN JAPANESE,asr_3408,emotion_3408,20,13,44,26,29,15,13
ex02_sad_00150,ex02::HOW DO YOU SAY WELCOME IN JAPANESE,asr_3408,emotion_3408,40,15,44,30,29,15,15
ex02_sad_00150,ex02::HOW DO YOU SAY WELCOME IN JAPANESE,asr_3408,intent_3408_last,0,18,50,36,29,21,18
ex02_sad_00150,ex02::HOW DO YOU SAY WELCOME IN JAPANESE,asr_3408,intent_3408_last,20,21,50,42,29,21,21
ex02_sad_00150,ex02::HOW DO YOU SAY WELCOME IN JAPANESE,asr_3408,intent_3408_last,40,21,50,42,29,21,21
ex02_sad_00150,ex02::HOW DO YOU SAY WELCOME IN JAPANESE,asr_3408,speaker_count_3408_last,0,2,37,4,29,8,2
ex02_sad_00150,ex02::HOW DO YOU SAY WELCOME IN JAPANESE,asr_3408,speaker_count_3408_last,20,8,37,16,29,8,8
ex02_sad_00150,ex02::HOW DO YOU SAY WELCOME IN JAPANESE,asr_3408,speaker_count_3408_last,40,8,37,16,29,8,8
ex02_sad_00150,ex02::HOW DO YOU SAY WELCOME IN JAPANESE,emotion_3408,intent_3408_last,0,11,36,22,15,21,11
ex02_sad_00150,ex02::HOW DO YOU SAY WELCOME IN JAPANESE,emotion_3408,intent_3408_last,20,14,36,28,15,21,15
ex02_sad_00150,ex02::HOW DO YOU SAY WELCOME IN JAPANESE,emotion_3408,intent_3408_last,40,15,36,30,15,21,16
ex02_sad_00150,ex02::HOW DO YOU SAY WELCOME IN JAPANESE,emotion_3408,speaker_count_3408_last,0,2,23,4,15,8,2
ex02_sad_00150,ex02::HOW DO YOU SAY WELCOME IN JAPANESE,emotion_3408,speaker_count_3408_last,20,6,23,12,15,8,6
ex02_sad_00150,ex02::HOW DO YOU SAY WELCOME IN JAPANESE,emotion_3408,speaker_count_3408_last,40,6,23,12,15,8,6
ex02_sad_00150,ex02::HOW DO YOU SAY WELCOME IN JAPANESE,intent_3408_last,speaker_count_3408_last,0,2,29,4,21,8,2
ex02_sad_00150,ex02::HOW DO YOU SAY WELCOME IN JAPANESE,intent_3408_last,speaker_count_3408_last,20,8,29,16,21,8,8
ex02_sad_00150,ex02::HOW DO YOU SAY WELCOME IN JAPANESE,intent_3408_last,speaker_count_3408_last,40,8,29,16,21,8,8
ex02_sad_00157,ex02::WEDDING MUSIC STOPS,asr_3408,emotion_3408,0,6,26,12,17,9,6
ex02_sad_00157,ex02::WEDDING MUSIC STOPS,asr_3408,emotion_3408,20,8,26,16,17,9,8
ex02_sad_00157,ex02::WEDDING MUSIC STOPS,asr_3408,emotion_3408,40,9,26,18,17,9,9
ex02_sad_00157,ex02::WEDDING MUSIC STOPS,asr_3408,intent_3408_last,0,12,32,24,17,15,12
ex02_sad_00157,ex02::WEDDING MUSIC STOPS,asr_3408,intent_3408_last,20,14,32,28,17,15,14
ex02_sad_00157,ex02::WEDDING MUSIC STOPS,asr_3408,intent_3408_last,40,14,32,28,17,15,14
ex02_sad_00157,ex02::WEDDING MUSIC STOPS,asr_3408,speaker_count_3408_last,0,1,22,2,17,5,1
ex02_sad_00157,ex02::WEDDING MUSIC STOPS,asr_3408,speaker_count_3408_last,20,5,22,10,17,5,5
ex02_sad_00157,ex02::WEDDING MUSIC STOPS,asr_3408,speaker_count_3408_last,40,5,22,10,17,5,5
ex02_sad_00157,ex02::WEDDING MUSIC STOPS,emotion_3408,intent_3408_last,0,7,24,14,9,15,7
ex02_sad_00157,ex02::WEDDING MUSIC STOPS,emotion_3408,intent_3408_last,20,8,24,16,9,15,9
ex02_sad_00157,ex02::WEDDING MUSIC STOPS,emotion_3408,intent_3408_last,40,9,24,18,9,15,11
ex02_sad_00157,ex02::WEDDING MUSIC STOPS,emotion_3408,speaker_count_3408_last,0,1,14,2,9,5,1
ex02_sad_00157,ex02::WEDDING MUSIC STOPS,emotion_3408,speaker_count_3408_last,20,5,14,10,9,5,5
ex02_sad_00157,ex02::WEDDING MUSIC STOPS,emotion_3408,speaker_count_3408_last,40,5,14,10,9,5,5
ex02_sad_00157,ex02::WEDDING MUSIC STOPS,intent_3408_last,speaker_count_3408_last,0,1,20,2,15,5,1
ex02_sad_00157,ex02::WEDDING MUSIC STOPS,intent_3408_last,speaker_count_3408_last,20,5,20,10,15,5,5
ex02_sad_00157,ex02::WEDDING MUSIC STOPS,intent_3408_last,speaker_count_3408_last,40,5,20,10,15,5,5
ex02_sad_00233,ex02::DID SHE JUMP IN A CAB,asr_3408,emotion_3408,0,6,26,12,18,8,6
ex02_sad_00233,ex02::DID SHE JUMP IN A CAB,asr_3408,emotion_3408,20,8,26,16,18,8,8
ex02_sad_00233,ex02::DID SHE JUMP IN A CAB,asr_3408,emotion_3408,40,8,26,16,18,8,8
ex02_sad_00233,ex02::DID SHE JUMP IN A CAB,asr_3408,intent_3408_last,0,10,31,20,18,13,10
ex02_sad_00233,ex02::DID SHE JUMP IN A CAB,asr_3408,intent_3408_last,20,13,31,26,18,13,13
ex02_sad_00233,ex02::DID SHE JUMP IN A CAB,asr_3408,intent_3408_last,40,13,31,26,18,13,13
ex02_sad_00233,ex02::DID SHE JUMP IN A CAB,asr_3408,speaker_count_3408_last,0,0,24,0,18,6,0
ex02_sad_00233,ex02::DID SHE JUMP IN A CAB,asr_3408,speaker_count_3408_last,20,5,24,10,18,6,5
ex02_sad_00233,ex02::DID SHE JUMP IN A CAB,asr_3408,speaker_count_3408_last,40,5,24,10,18,6,5
ex02_sad_00233,ex02::DID SHE JUMP IN A CAB,emotion_3408,intent_3408_last,0,7,21,14,8,13,7
ex02_sad_00233,ex02::DID SHE JUMP IN A CAB,emotion_3408,intent_3408_last,20,8,21,16,8,13,8
ex02_sad_00233,ex02::DID SHE JUMP IN A CAB,emotion_3408,intent_3408_last,40,8,21,16,8,13,8
ex02_sad_00233,ex02::DID SHE JUMP IN A CAB,emotion_3408,speaker_count_3408_last,0,0,14,0,8,6,0
ex02_sad_00233,ex02::DID SHE JUMP IN A CAB,emotion_3408,speaker_count_3408_last,20,4,14,8,8,6,4
ex02_sad_00233,ex02::DID SHE JUMP IN A CAB,emotion_3408,speaker_count_3408_last,40,4,14,8,8,6,4
ex02_sad_00233,ex02::DID SHE JUMP IN A CAB,intent_3408_last,speaker_count_3408_last,0,0,19,0,13,6,0
ex02_sad_00233,ex02::DID SHE JUMP IN A CAB,intent_3408_last,speaker_count_3408_last,20,5,19,10,13,6,5
ex02_sad_00233,ex02::DID SHE JUMP IN A CAB,intent_3408_last,speaker_count_3408_last,40,5,19,10,13,6,5
ex02_sad_00261,ex02::YACHT CLUB IN HALF AN HOUR,asr_3408,emotion_3408,0,7,30,14,19,11,7
ex02_sad_00261,ex02::YACHT CLUB IN HALF AN HOUR,asr_3408,emotion_3408,20,11,30,22,19,11,11
ex02_sad_00261,ex02::YACHT CLUB IN HALF AN HOUR,asr_3408,emotion_3408,40,11,30,22,19,11,11
ex02_sad_00261,ex02::YACHT CLUB IN HALF AN HOUR,asr_3408,intent_3408_last,0,11,32,22,19,13,11
ex02_sad_00261,ex02::YACHT CLUB IN HALF AN HOUR,asr_3408,intent_3408_last,20,13,32,26,19,13,13
ex02_sad_00261,ex02::YACHT CLUB IN HALF AN HOUR,asr_3408,intent_3408_last,40,13,32,26,19,13,13
ex02_sad_00261,ex02::YACHT CLUB IN HALF AN HOUR,asr_3408,speaker_count_3408_last,0,2,25,4,19,6,2
ex02_sad_00261,ex02::YACHT CLUB IN HALF AN HOUR,asr_3408,speaker_count_3408_last,20,5,25,10,19,6,5
ex02_sad_00261,ex02::YACHT CLUB IN HALF AN HOUR,asr_3408,speaker_count_3408_last,40,6,25,12,19,6,6
ex02_sad_00261,ex02::YACHT CLUB IN HALF AN HOUR,emotion_3408,intent_3408_last,0,8,24,16,11,13,8
ex02_sad_00261,ex02::YACHT CLUB IN HALF AN HOUR,emotion_3408,intent_3408_last,20,10,24,20,11,13,10
ex02_sad_00261,ex02::YACHT CLUB IN HALF AN HOUR,emotion_3408,intent_3408_last,40,10,24,20,11,13,10
ex02_sad_00261,ex02::YACHT CLUB IN HALF AN HOUR,emotion_3408,speaker_count_3408_last,0,2,17,4,11,6,2
ex02_sad_00261,ex02::YACHT CLUB IN HALF AN HOUR,emotion_3408,speaker_count_3408_last,20,6,17,12,11,6,6
ex02_sad_00261,ex02::YACHT CLUB IN HALF AN HOUR,emotion_3408,speaker_count_3408_last,40,6,17,12,11,6,6
ex02_sad_00261,ex02::YACHT CLUB IN HALF AN HOUR,intent_3408_last,speaker_count_3408_last,0,2,19,4,13,6,2
ex02_sad_00261,ex02::YACHT CLUB IN HALF AN HOUR,intent_3408_last,speaker_count_3408_last,20,5,19,10,13,6,5
ex02_sad_00261,ex02::YACHT CLUB IN HALF AN HOUR,intent_3408_last,speaker_count_3408_last,40,6,19,12,13,6,6
ex02_sad_00326,ex02::KAYDA WAS HER NEUROSURGEON BUT NOW IT SEEMS LIKE JAKE'S MAKING ALL THE DECISIONS,asr_3408,emotion_3408,0,21,88,42,58,30,21
ex02_sad_00326,ex02::KAYDA WAS HER NEUROSURGEON BUT NOW IT SEEMS LIKE JAKE'S MAKING ALL THE DECISIONS,asr_3408,emotion_3408,20,27,88,54,58,30,27
ex02_sad_00326,ex02::KAYDA WAS HER NEUROSURGEON BUT NOW IT SEEMS LIKE JAKE'S MAKING ALL THE DECISIONS,asr_3408,emotion_3408,40,30,88,60,58,30,30
ex02_sad_00326,ex02::KAYDA WAS HER NEUROSURGEON BUT NOW IT SEEMS LIKE JAKE'S MAKING ALL THE DECISIONS,asr_3408,intent_3408_last,0,26,97,52,58,39,26
ex02_sad_00326,ex02::KAYDA WAS HER NEUROSURGEON BUT NOW IT SEEMS LIKE JAKE'S MAKING ALL THE DECISIONS,asr_3408,intent_3408_last,20,38,97,76,58,39,38
ex02_sad_00326,ex02::KAYDA WAS HER NEUROSURGEON BUT NOW IT SEEMS LIKE JAKE'S MAKING ALL THE DECISIONS,asr_3408,intent_3408_last,40,39,97,78,58,39,39
ex02_sad_00326,ex02::KAYDA WAS HER NEUROSURGEON BUT NOW IT SEEMS LIKE JAKE'S MAKING ALL THE DECISIONS,asr_3408,speaker_count_3408_last,0,10,76,20,58,18,10
ex02_sad_00326,ex02::KAYDA WAS HER NEUROSURGEON BUT NOW IT SEEMS LIKE JAKE'S MAKING ALL THE DECISIONS,asr_3408,speaker_count_3408_last,20,18,76,36,58,18,18
ex02_sad_00326,ex02::KAYDA WAS HER NEUROSURGEON BUT NOW IT SEEMS LIKE JAKE'S MAKING ALL THE DECISIONS,asr_3408,speaker_count_3408_last,40,18,76,36,58,18,18
ex02_sad_00326,ex02::KAYDA WAS HER NEUROSURGEON BUT NOW IT SEEMS LIKE JAKE'S MAKING ALL THE DECISIONS,emotion_3408,intent_3408_last,0,20,69,40,30,39,20
ex02_sad_00326,ex02::KAYDA WAS HER NEUROSURGEON BUT NOW IT SEEMS LIKE JAKE'S MAKING ALL THE DECISIONS,emotion_3408,intent_3408_last,20,29,69,58,30,39,29
ex02_sad_00326,ex02::KAYDA WAS HER NEUROSURGEON BUT NOW IT SEEMS LIKE JAKE'S MAKING ALL THE DECISIONS,emotion_3408,intent_3408_last,40,29,69,58,30,39,32
ex02_sad_00326,ex02::KAYDA WAS HER NEUROSURGEON BUT NOW IT SEEMS LIKE JAKE'S MAKING ALL THE DECISIONS,emotion_3408,speaker_count_3408_last,0,8,48,16,30,18,8
ex02_sad_00326,ex02::KAYDA WAS HER NEUROSURGEON BUT NOW IT SEEMS LIKE JAKE'S MAKING ALL THE DECISIONS,emotion_3408,speaker_count_3408_last,20,17,48,34,30,18,17
ex02_sad_00326,ex02::KAYDA WAS HER NEUROSURGEON BUT NOW IT SEEMS LIKE JAKE'S MAKING ALL THE DECISIONS,emotion_3408,speaker_count_3408_last,40,17,48,34,30,18,17
ex02_sad_00326,ex02::KAYDA WAS HER NEUROSURGEON BUT NOW IT SEEMS LIKE JAKE'S MAKING ALL THE DECISIONS,intent_3408_last,speaker_count_3408_last,0,10,57,20,39,18,10
ex02_sad_00326,ex02::KAYDA WAS HER NEUROSURGEON BUT NOW IT SEEMS LIKE JAKE'S MAKING ALL THE DECISIONS,intent_3408_last,speaker_count_3408_last,20,18,57,36,39,18,18
ex02_sad_00326,ex02::KAYDA WAS HER NEUROSURGEON BUT NOW IT SEEMS LIKE JAKE'S MAKING ALL THE DECISIONS,intent_3408_last,speaker_count_3408_last,40,18,57,36,39,18,18
ex02_sad_00348,ex02::WHO'S MORE MISERABLE THAN HER,asr_3408,emotion_3408,0,5,29,10,20,9,5
ex02_sad_00348,ex02::WHO'S MORE MISERABLE THAN HER,asr_3408,emotion_3408,20,8,29,16,20,9,8
ex02_sad_00348,ex02::WHO'S MORE MISERABLE THAN HER,asr_3408,emotion_3408,40,8,29,16,20,9,8
ex02_sad_00348,ex02::WHO'S MORE MISERABLE THAN HER,asr_3408,intent_3408_last,0,12,34,24,20,14,12
ex02_sad_00348,ex02::WHO'S MORE MISERABLE THAN HER,asr_3408,intent_3408_last,20,14,34,28,20,14,14
ex02_sad_00348,ex02::WHO'S MORE MISERABLE THAN HER,asr_3408,intent_3408_last,40,14,34,28,20,14,14
ex02_sad_00348,ex02::WHO'S MORE MISERABLE THAN HER,asr_3408,speaker_count_3408_last,0,5,25,10,20,5,5
ex02_sad_00348,ex02::WHO'S MORE MISERABLE THAN HER,asr_3408,speaker_count_3408_last,20,5,25,10,20,5,5
ex02_sad_00348,ex02::WHO'S MORE MISERABLE THAN HER,asr_3408,speaker_count_3408_last,40,5,25,10,20,5,5
ex02_sad_00348,ex02::WHO'S MORE MISERABLE THAN HER,emotion_3408,intent_3408_last,0,7,23,14,9,14,7
ex02_sad_00348,ex02::WHO'S MORE MISERABLE THAN HER,emotion_3408,intent_3408_last,20,8,23,16,9,14,8
ex02_sad_00348,ex02::WHO'S MORE MISERABLE THAN HER,emotion_3408,intent_3408_last,40,8,23,16,9,14,8
ex02_sad_00348,ex02::WHO'S MORE MISERABLE THAN HER,emotion_3408,speaker_count_3408_last,0,4,14,8,9,5,4
ex02_sad_00348,ex02::WHO'S MORE MISERABLE THAN HER,emotion_3408,speaker_count_3408_last,20,5,14,10,9,5,5
ex02_sad_00348,ex02::WHO'S MORE MISERABLE THAN HER,emotion_3408,speaker_count_3408_last,40,5,14,10,9,5,5
ex02_sad_00348,ex02::WHO'S MORE MISERABLE THAN HER,intent_3408_last,speaker_count_3408_last,0,5,19,10,14,5,5
ex02_sad_00348,ex02::WHO'S MORE MISERABLE THAN HER,intent_3408_last,speaker_count_3408_last,20,5,19,10,14,5,5
ex02_sad_00348,ex02::WHO'S MORE MISERABLE THAN HER,intent_3408_last,speaker_count_3408_last,40,5,19,10,14,5,5
ex02_sad_00355,ex02::GIVEN THE CIRCUMSTANCES ISN'T THIS A LITTLE UNORTHODOX,asr_3408,emotion_3408,0,16,75,32,51,24,16
ex02_sad_00355,ex02::GIVEN THE CIRCUMSTANCES ISN'T THIS A LITTLE UNORTHODOX,asr_3408,emotion_3408,20,22,75,44,51,24,22
ex02_sad_00355,ex02::GIVEN THE CIRCUMSTANCES ISN'T THIS A LITTLE UNORTHODOX,asr_3408,emotion_3408,40,24,75,48,51,24,24
ex02_sad_00355,ex02::GIVEN THE CIRCUMSTANCES ISN'T THIS A LITTLE UNORTHODOX,asr_3408,intent_3408_last,0,22,80,44,51,29,22
ex02_sad_00355,ex02::GIVEN THE CIRCUMSTANCES ISN'T THIS A LITTLE UNORTHODOX,asr_3408,intent_3408_last,20,28,80,56,51,29,28
ex02_sad_00355,ex02::GIVEN THE CIRCUMSTANCES ISN'T THIS A LITTLE UNORTHODOX,asr_3408,intent_3408_last,40,29,80,58,51,29,29
ex02_sad_00355,ex02::GIVEN THE CIRCUMSTANCES ISN'T THIS A LITTLE UNORTHODOX,asr_3408,speaker_count_3408_last,0,8,65,16,51,14,8
ex02_sad_00355,ex02::GIVEN THE CIRCUMSTANCES ISN'T THIS A LITTLE UNORTHODOX,asr_3408,speaker_count_3408_last,20,14,65,28,51,14,14
ex02_sad_00355,ex02::GIVEN THE CIRCUMSTANCES ISN'T THIS A LITTLE UNORTHODOX,asr_3408,speaker_count_3408_last,40,14,65,28,51,14,14
ex02_sad_00355,ex02::GIVEN THE CIRCUMSTANCES ISN'T THIS A LITTLE UNORTHODOX,emotion_3408,intent_3408_last,0,15,53,30,24,29,15
ex02_sad_00355,ex02::GIVEN THE CIRCUMSTANCES ISN'T THIS A LITTLE UNORTHODOX,emotion_3408,intent_3408_last,20,19,53,38,24,29,20
ex02_sad_00355,ex02::GIVEN THE CIRCUMSTANCES ISN'T THIS A LITTLE UNORTHODOX,emotion_3408,intent_3408_last,40,22,53,44,24,29,25
ex02_sad_00355,ex02::GIVEN THE CIRCUMSTANCES ISN'T THIS A LITTLE UNORTHODOX,emotion_3408,speaker_count_3408_last,0,6,38,12,24,14,6
ex02_sad_00355,ex02::GIVEN THE CIRCUMSTANCES ISN'T THIS A LITTLE UNORTHODOX,emotion_3408,speaker_count_3408_last,20,12,38,24,24,14,12
ex02_sad_00355,ex02::GIVEN THE CIRCUMSTANCES ISN'T THIS A LITTLE UNORTHODOX,emotion_3408,speaker_count_3408_last,40,13,38,26,24,14,13
ex02_sad_00355,ex02::GIVEN THE CIRCUMSTANCES ISN'T THIS A LITTLE UNORTHODOX,intent_3408_last,speaker_count_3408_last,0,7,43,14,29,14,7
ex02_sad_00355,ex02::GIVEN THE CIRCUMSTANCES ISN'T THIS A LITTLE UNORTHODOX,intent_3408_last,speaker_count_3408_last,20,14,43,28,29,14,14
ex02_sad_00355,ex02::GIVEN THE CIRCUMSTANCES ISN'T THIS A LITTLE UNORTHODOX,intent_3408_last,speaker_count_3408_last,40,14,43,28,29,14,14
ex02_whisper_00028,ex02::WHAT DO YA THINK YOU'RE DOING,asr_3408,emotion_3408,0,5,29,10,20,9,5
ex02_whisper_00028,ex02::WHAT DO YA THINK YOU'RE DOING,asr_3408,emotion_3408,20,9,29,18,20,9,9
ex02_whisper_00028,ex02::WHAT DO YA THINK YOU'RE DOING,asr_3408,emotion_3408,40,9,29,18,20,9,9
ex02_whisper_00028,ex02::WHAT DO YA THINK YOU'RE DOING,asr_3408,intent_3408_last,0,5,34,10,20,14,5
ex02_whisper_00028,ex02::WHAT DO YA THINK YOU'RE DOING,asr_3408,intent_3408_last,20,14,34,28,20,14,14
ex02_whisper_00028,ex02::WHAT DO YA THINK YOU'RE DOING,asr_3408,intent_3408_last,40,14,34,28,20,14,14
ex02_whisper_00028,ex02::WHAT DO YA THINK YOU'RE DOING,asr_3408,speaker_count_3408_last,0,2,24,4,20,4,2
ex02_whisper_00028,ex02::WHAT DO YA THINK YOU'RE DOING,asr_3408,speaker_count_3408_last,20,3,24,6,20,4,3
ex02_whisper_00028,ex02::WHAT DO YA THINK YOU'RE DOING,asr_3408,speaker_count_3408_last,40,3,24,6,20,4,3
ex02_whisper_00028,ex02::WHAT DO YA THINK YOU'RE DOING,emotion_3408,intent_3408_last,0,6,23,12,9,14,6
ex02_whisper_00028,ex02::WHAT DO YA THINK YOU'RE DOING,emotion_3408,intent_3408_last,20,7,23,14,9,14,7
ex02_whisper_00028,ex02::WHAT DO YA THINK YOU'RE DOING,emotion_3408,intent_3408_last,40,7,23,14,9,14,9
ex02_whisper_00028,ex02::WHAT DO YA THINK YOU'RE DOING,emotion_3408,speaker_count_3408_last,0,2,13,4,9,4,2
ex02_whisper_00028,ex02::WHAT DO YA THINK YOU'RE DOING,emotion_3408,speaker_count_3408_last,20,3,13,6,9,4,3
ex02_whisper_00028,ex02::WHAT DO YA THINK YOU'RE DOING,emotion_3408,speaker_count_3408_last,40,3,13,6,9,4,3
ex02_whisper_00028,ex02::WHAT DO YA THINK YOU'RE DOING,intent_3408_last,speaker_count_3408_last,0,3,18,6,14,4,3
ex02_whisper_00028,ex02::WHAT DO YA THINK YOU'RE DOING,intent_3408_last,speaker_count_3408_last,20,3,18,6,14,4,3
ex02_whisper_00028,ex02::WHAT DO YA THINK YOU'RE DOING,intent_3408_last,speaker_count_3408_last,40,4,18,8,14,4,4
ex02_whisper_00030,ex02::BUT WE ALL HAVE TO LOOK AT OURSELVES,asr_3408,emotion_3408,0,13,45,26,28,17,13
ex02_whisper_00030,ex02::BUT WE ALL HAVE TO LOOK AT OURSELVES,asr_3408,emotion_3408,20,16,45,32,28,17,16
ex02_whisper_00030,ex02::BUT WE ALL HAVE TO LOOK AT OURSELVES,asr_3408,emotion_3408,40,17,45,34,28,17,17
ex02_whisper_00030,ex02::BUT WE ALL HAVE TO LOOK AT OURSELVES,asr_3408,intent_3408_last,0,15,48,30,28,20,15
ex02_whisper_00030,ex02::BUT WE ALL HAVE TO LOOK AT OURSELVES,asr_3408,intent_3408_last,20,20,48,40,28,20,20
ex02_whisper_00030,ex02::BUT WE ALL HAVE TO LOOK AT OURSELVES,asr_3408,intent_3408_last,40,20,48,40,28,20,20
ex02_whisper_00030,ex02::BUT WE ALL HAVE TO LOOK AT OURSELVES,asr_3408,speaker_count_3408_last,0,5,35,10,28,7,5
ex02_whisper_00030,ex02::BUT WE ALL HAVE TO LOOK AT OURSELVES,asr_3408,speaker_count_3408_last,20,7,35,14,28,7,7
ex02_whisper_00030,ex02::BUT WE ALL HAVE TO LOOK AT OURSELVES,asr_3408,speaker_count_3408_last,40,7,35,14,28,7,7
ex02_whisper_00030,ex02::BUT WE ALL HAVE TO LOOK AT OURSELVES,emotion_3408,intent_3408_last,0,10,37,20,17,20,10
ex02_whisper_00030,ex02::BUT WE ALL HAVE TO LOOK AT OURSELVES,emotion_3408,intent_3408_last,20,16,37,32,17,20,16
ex02_whisper_00030,ex02::BUT WE ALL HAVE TO LOOK AT OURSELVES,emotion_3408,intent_3408_last,40,17,37,34,17,20,19
ex02_whisper_00030,ex02::BUT WE ALL HAVE TO LOOK AT OURSELVES,emotion_3408,speaker_count_3408_last,0,4,24,8,17,7,4
ex02_whisper_00030,ex02::BUT WE ALL HAVE TO LOOK AT OURSELVES,emotion_3408,speaker_count_3408_last,20,7,24,14,17,7,7
ex02_whisper_00030,ex02::BUT WE ALL HAVE TO LOOK AT OURSELVES,emotion_3408,speaker_count_3408_last,40,7,24,14,17,7,7
ex02_whisper_00030,ex02::BUT WE ALL HAVE TO LOOK AT OURSELVES,intent_3408_last,speaker_count_3408_last,0,4,27,8,20,7,4
ex02_whisper_00030,ex02::BUT WE ALL HAVE TO LOOK AT OURSELVES,intent_3408_last,speaker_count_3408_last,20,7,27,14,20,7,7
ex02_whisper_00030,ex02::BUT WE ALL HAVE TO LOOK AT OURSELVES,intent_3408_last,speaker_count_3408_last,40,7,27,14,20,7,7
ex02_whisper_00058,ex02::SHE'S ALWAYS HIGH AS A KITE,asr_3408,emotion_3408,0,7,37,14,25,12,7
ex02_whisper_00058,ex02::SHE'S ALWAYS HIGH AS A KITE,asr_3408,emotion_3408,20,10,37,20,25,12,10
ex02_whisper_00058,ex02::SHE'S ALWAYS HIGH AS A KITE,asr_3408,emotion_3408,40,12,37,24,25,12,12
ex02_whisper_00058,ex02::SHE'S ALWAYS HIGH AS A KITE,asr_3408,intent_3408_last,0,13,42,26,25,17,13
ex02_whisper_00058,ex02::SHE'S ALWAYS HIGH AS A KITE,asr_3408,intent_3408_last,20,16,42,32,25,17,16
ex02_whisper_00058,ex02::SHE'S ALWAYS HIGH AS A KITE,asr_3408,intent_3408_last,40,17,42,34,25,17,17
ex02_whisper_00058,ex02::SHE'S ALWAYS HIGH AS A KITE,asr_3408,speaker_count_3408_last,0,1,32,2,25,7,1
ex02_whisper_00058,ex02::SHE'S ALWAYS HIGH AS A KITE,asr_3408,speaker_count_3408_last,20,4,32,8,25,7,4
ex02_whisper_00058,ex02::SHE'S ALWAYS HIGH AS A KITE,asr_3408,speaker_count_3408_last,40,5,32,10,25,7,5
ex02_whisper_00058,ex02::SHE'S ALWAYS HIGH AS A KITE,emotion_3408,intent_3408_last,0,6,29,12,12,17,6
ex02_whisper_00058,ex02::SHE'S ALWAYS HIGH AS A KITE,emotion_3408,intent_3408_last,20,11,29,22,12,17,11
ex02_whisper_00058,ex02::SHE'S ALWAYS HIGH AS A KITE,emotion_3408,intent_3408_last,40,12,29,24,12,17,13
ex02_whisper_00058,ex02::SHE'S ALWAYS HIGH AS A KITE,emotion_3408,speaker_count_3408_last,0,1,19,2,12,7,1
ex02_whisper_00058,ex02::SHE'S ALWAYS HIGH AS A KITE,emotion_3408,speaker_count_3408_last,20,5,19,10,12,7,5
ex02_whisper_00058,ex02::SHE'S ALWAYS HIGH AS A KITE,emotion_3408,speaker_count_3408_last,40,5,19,10,12,7,5
ex02_whisper_00058,ex02::SHE'S ALWAYS HIGH AS A KITE,intent_3408_last,speaker_count_3408_last,0,1,24,2,17,7,1
ex02_whisper_00058,ex02::SHE'S ALWAYS HIGH AS A KITE,intent_3408_last,speaker_count_3408_last,20,4,24,8,17,7,4
ex02_whisper_00058,ex02::SHE'S ALWAYS HIGH AS A KITE,intent_3408_last,speaker_count_3408_last,40,5,24,10,17,7,5
ex02_whisper_00073,ex02::DELETED THE FIRST SECOND OR THIRD ONE,asr_3408,emotion_3408,0,11,50,22,33,17,11
ex02_whisper_00073,ex02::DELETED THE FIRST SECOND OR THIRD ONE,asr_3408,emotion_3408,20,17,50,34,33,17,17
ex02_whisper_00073,ex02::DELETED THE FIRST SECOND OR THIRD ONE,asr_3408,emotion_3408,40,17,50,34,33,17,17
ex02_whisper_00073,ex02::DELETED THE FIRST SECOND OR THIRD ONE,asr_3408,intent_3408_last,0,19,58,38,33,25,19
ex02_whisper_00073,ex02::DELETED THE FIRST SECOND OR THIRD ONE,asr_3408,intent_3408_last,20,24,58,48,33,25,24
ex02_whisper_00073,ex02::DELETED THE FIRST SECOND OR THIRD ONE,asr_3408,intent_3408_last,40,24,58,48,33,25,24
ex02_whisper_00073,ex02::DELETED THE FIRST SECOND OR THIRD ONE,asr_3408,speaker_count_3408_last,0,5,42,10,33,9,5
ex02_whisper_00073,ex02::DELETED THE FIRST SECOND OR THIRD ONE,asr_3408,speaker_count_3408_last,20,9,42,18,33,9,9
ex02_whisper_00073,ex02::DELETED THE FIRST SECOND OR THIRD ONE,asr_3408,speaker_count_3408_last,40,9,42,18,33,9,9
ex02_whisper_00073,ex02::DELETED THE FIRST SECOND OR THIRD ONE,emotion_3408,intent_3408_last,0,11,42,22,17,25,11
ex02_whisper_00073,ex02::DELETED THE FIRST SECOND OR THIRD ONE,emotion_3408,intent_3408_last,20,17,42,34,17,25,18
ex02_whisper_00073,ex02::DELETED THE FIRST SECOND OR THIRD ONE,emotion_3408,intent_3408_last,40,17,42,34,17,25,19
ex02_whisper_00073,ex02::DELETED THE FIRST SECOND OR THIRD ONE,emotion_3408,speaker_count_3408_last,0,4,26,8,17,9,4
ex02_whisper_00073,ex02::DELETED THE FIRST SECOND OR THIRD ONE,emotion_3408,speaker_count_3408_last,20,8,26,16,17,9,8
ex02_whisper_00073,ex02::DELETED THE FIRST SECOND OR THIRD ONE,emotion_3408,speaker_count_3408_last,40,8,26,16,17,9,8
ex02_whisper_00073,ex02::DELETED THE FIRST SECOND OR THIRD ONE,intent_3408_last,speaker_count_3408_last,0,7,34,14,25,9,7
ex02_whisper_00073,ex02::DELETED THE FIRST SECOND OR THIRD ONE,intent_3408_last,speaker_count_3408_last,20,9,34,18,25,9,9
ex02_whisper_00073,ex02::DELETED THE FIRST SECOND OR THIRD ONE,intent_3408_last,speaker_count_3408_last,40,9,34,18,25,9,9
ex02_whisper_00089,ex02::COMPARING AND CONTRASTING THE VARIOUS OFFENDER TYPES IS ILLUMINATING,asr_3408,emotion_3408,0,20,90,40,56,34,20
ex02_whisper_00089,ex02::COMPARING AND CONTRASTING THE VARIOUS OFFENDER TYPES IS ILLUMINATING,asr_3408,emotion_3408,20,32,90,64,56,34,32
ex02_whisper_00089,ex02::COMPARING AND CONTRASTING THE VARIOUS OFFENDER TYPES IS ILLUMINATING,asr_3408,emotion_3408,40,33,90,66,56,34,33
ex02_whisper_00089,ex02::COMPARING AND CONTRASTING THE VARIOUS OFFENDER TYPES IS ILLUMINATING,asr_3408,intent_3408_last,0,34,98,68,56,42,34
ex02_whisper_00089,ex02::COMPARING AND CONTRASTING THE VARIOUS OFFENDER TYPES IS ILLUMINATING,asr_3408,intent_3408_last,20,40,98,80,56,42,40
ex02_whisper_00089,ex02::COMPARING AND CONTRASTING THE VARIOUS OFFENDER TYPES IS ILLUMINATING,asr_3408,intent_3408_last,40,41,98,82,56,42,41
ex02_whisper_00089,ex02::COMPARING AND CONTRASTING THE VARIOUS OFFENDER TYPES IS ILLUMINATING,asr_3408,speaker_count_3408_last,0,7,72,14,56,16,7
ex02_whisper_00089,ex02::COMPARING AND CONTRASTING THE VARIOUS OFFENDER TYPES IS ILLUMINATING,asr_3408,speaker_count_3408_last,20,16,72,32,56,16,16
ex02_whisper_00089,ex02::COMPARING AND CONTRASTING THE VARIOUS OFFENDER TYPES IS ILLUMINATING,asr_3408,speaker_count_3408_last,40,16,72,32,56,16,16
ex02_whisper_00089,ex02::COMPARING AND CONTRASTING THE VARIOUS OFFENDER TYPES IS ILLUMINATING,emotion_3408,intent_3408_last,0,23,76,46,34,42,23
ex02_whisper_00089,ex02::COMPARING AND CONTRASTING THE VARIOUS OFFENDER TYPES IS ILLUMINATING,emotion_3408,intent_3408_last,20,31,76,62,34,42,31
ex02_whisper_00089,ex02::COMPARING AND CONTRASTING THE VARIOUS OFFENDER TYPES IS ILLUMINATING,emotion_3408,intent_3408_last,40,32,76,64,34,42,32
ex02_whisper_00089,ex02::COMPARING AND CONTRASTING THE VARIOUS OFFENDER TYPES IS ILLUMINATING,emotion_3408,speaker_count_3408_last,0,6,50,12,34,16,6
ex02_whisper_00089,ex02::COMPARING AND CONTRASTING THE VARIOUS OFFENDER TYPES IS ILLUMINATING,emotion_3408,speaker_count_3408_last,20,15,50,30,34,16,15
ex02_whisper_00089,ex02::COMPARING AND CONTRASTING THE VARIOUS OFFENDER TYPES IS ILLUMINATING,emotion_3408,speaker_count_3408_last,40,15,50,30,34,16,15
ex02_whisper_00089,ex02::COMPARING AND CONTRASTING THE VARIOUS OFFENDER TYPES IS ILLUMINATING,intent_3408_last,speaker_count_3408_last,0,5,58,10,42,16,5
ex02_whisper_00089,ex02::COMPARING AND CONTRASTING THE VARIOUS OFFENDER TYPES IS ILLUMINATING,intent_3408_last,speaker_count_3408_last,20,16,58,32,42,16,16
ex02_whisper_00089,ex02::COMPARING AND CONTRASTING THE VARIOUS OFFENDER TYPES IS ILLUMINATING,intent_3408_last,speaker_count_3408_last,40,16,58,32,42,16,16
ex02_whisper_00096,ex02::WHAT'S WITH THE LOOK,asr_3408,emotion_3408,0,5,22,10,16,6,5
ex02_whisper_00096,ex02::WHAT'S WITH THE LOOK,asr_3408,emotion_3408,20,6,22,12,16,6,6
ex02_whisper_00096,ex02::WHAT'S WITH THE LOOK,asr_3408,emotion_3408,40,6,22,12,16,6,6
ex02_whisper_00096,ex02::WHAT'S WITH THE LOOK,asr_3408,intent_3408_last,0,7,26,14,16,10,7
ex02_whisper_00096,ex02::WHAT'S WITH THE LOOK,asr_3408,intent_3408_last,20,10,26,20,16,10,10
ex02_whisper_00096,ex02::WHAT'S WITH THE LOOK,asr_3408,intent_3408_last,40,10,26,20,16,10,10
ex02_whisper_00096,ex02::WHAT'S WITH THE LOOK,asr_3408,speaker_count_3408_last,0,4,20,8,16,4,4
ex02_whisper_00096,ex02::WHAT'S WITH THE LOOK,asr_3408,speaker_count_3408_last,20,4,20,8,16,4,4
ex02_whisper_00096,ex02::WHAT'S WITH THE LOOK,asr_3408,speaker_count_3408_last,40,4,20,8,16,4,4
ex02_whisper_00096,ex02::WHAT'S WITH THE LOOK,emotion_3408,intent_3408_last,0,5,16,10,6,10,5
ex02_whisper_00096,ex02::WHAT'S WITH THE LOOK,emotion_3408,intent_3408_last,20,6,16,12,6,10,6
ex02_whisper_00096,ex02::WHAT'S WITH THE LOOK,emotion_3408,intent_3408_last,40,6,16,12,6,10,6
ex02_whisper_00096,ex02::WHAT'S WITH THE LOOK,emotion_3408,speaker_count_3408_last,0,2,10,4,6,4,2
ex02_whisper_00096,ex02::WHAT'S WITH THE LOOK,emotion_3408,speaker_count_3408_last,20,3,10,6,6,4,3
ex02_whisper_00096,ex02::WHAT'S WITH THE LOOK,emotion_3408,speaker_count_3408_last,40,3,10,6,6,4,3
ex02_whisper_00096,ex02::WHAT'S WITH THE LOOK,intent_3408_last,speaker_count_3408_last,0,3,14,6,10,4,3
ex02_whisper_00096,ex02::WHAT'S WITH THE LOOK,intent_3408_last,speaker_count_3408_last,20,4,14,8,10,4,4
ex02_whisper_00096,ex02::WHAT'S WITH THE LOOK,intent_3408_last,speaker_count_3408_last,40,4,14,8,10,4,4
ex02_whisper_00099,ex02::HE SAID OH BRIAN I KNOW YOU THINK YOU'RE SMART BUT IT'S DAVE BANNER,asr_3408,emotion_3408,0,12,79,24,55,24,12
ex02_whisper_00099,ex02::HE SAID OH BRIAN I KNOW YOU THINK YOU'RE SMART BUT IT'S DAVE BANNER,asr_3408,emotion_3408,20,23,79,46,55,24,23
ex02_whisper_00099,ex02::HE SAID OH BRIAN I KNOW YOU THINK YOU'RE SMART BUT IT'S DAVE BANNER,asr_3408,emotion_3408,40,24,79,48,55,24,24
ex02_whisper_00099,ex02::HE SAID OH BRIAN I KNOW YOU THINK YOU'RE SMART BUT IT'S DAVE BANNER,asr_3408,intent_3408_last,0,22,88,44,55,33,22
ex02_whisper_00099,ex02::HE SAID OH BRIAN I KNOW YOU THINK YOU'RE SMART BUT IT'S DAVE BANNER,asr_3408,intent_3408_last,20,33,88,66,55,33,33
ex02_whisper_00099,ex02::HE SAID OH BRIAN I KNOW YOU THINK YOU'RE SMART BUT IT'S DAVE BANNER,asr_3408,intent_3408_last,40,33,88,66,55,33,33
ex02_whisper_00099,ex02::HE SAID OH BRIAN I KNOW YOU THINK YOU'RE SMART BUT IT'S DAVE BANNER,asr_3408,speaker_count_3408_last,0,11,71,22,55,16,11
ex02_whisper_00099,ex02::HE SAID OH BRIAN I KNOW YOU THINK YOU'RE SMART BUT IT'S DAVE BANNER,asr_3408,speaker_count_3408_last,20,16,71,32,55,16,16
ex02_whisper_00099,ex02::HE SAID OH BRIAN I KNOW YOU THINK YOU'RE SMART BUT IT'S DAVE BANNER,asr_3408,speaker_count_3408_last,40,16,71,32,55,16,16
ex02_whisper_00099,ex02::HE SAID OH BRIAN I KNOW YOU THINK YOU'RE SMART BUT IT'S DAVE BANNER,emotion_3408,intent_3408_last,0,16,57,32,24,33,16
ex02_whisper_00099,ex02::HE SAID OH BRIAN I KNOW YOU THINK YOU'RE SMART BUT IT'S DAVE BANNER,emotion_3408,intent_3408_last,20,20,57,40,24,33,21
ex02_whisper_00099,ex02::HE SAID OH BRIAN I KNOW YOU THINK YOU'RE SMART BUT IT'S DAVE BANNER,emotion_3408,intent_3408_last,40,22,57,44,24,33,26
ex02_whisper_00099,ex02::HE SAID OH BRIAN I KNOW YOU THINK YOU'RE SMART BUT IT'S DAVE BANNER,emotion_3408,speaker_count_3408_last,0,8,40,16,24,16,8
ex02_whisper_00099,ex02::HE SAID OH BRIAN I KNOW YOU THINK YOU'RE SMART BUT IT'S DAVE BANNER,emotion_3408,speaker_count_3408_last,20,12,40,24,24,16,12
ex02_whisper_00099,ex02::HE SAID OH BRIAN I KNOW YOU THINK YOU'RE SMART BUT IT'S DAVE BANNER,emotion_3408,speaker_count_3408_last,40,13,40,26,24,16,13
ex02_whisper_00099,ex02::HE SAID OH BRIAN I KNOW YOU THINK YOU'RE SMART BUT IT'S DAVE BANNER,intent_3408_last,speaker_count_3408_last,0,9,49,18,33,16,9
ex02_whisper_00099,ex02::HE SAID OH BRIAN I KNOW YOU THINK YOU'RE SMART BUT IT'S DAVE BANNER,intent_3408_last,speaker_count_3408_last,20,14,49,28,33,16,14
ex02_whisper_00099,ex02::HE SAID OH BRIAN I KNOW YOU THINK YOU'RE SMART BUT IT'S DAVE BANNER,intent_3408_last,speaker_count_3408_last,40,14,49,28,33,16,14
ex02_whisper_00128,ex02::YOU TRASH HOTEL ROOMS IN YOUR SLEEP,asr_3408,emotion_3408,0,8,47,16,30,17,8
ex02_whisper_00128,ex02::YOU TRASH HOTEL ROOMS IN YOUR SLEEP,asr_3408,emotion_3408,20,16,47,32,30,17,16
ex02_whisper_00128,ex02::YOU TRASH HOTEL ROOMS IN YOUR SLEEP,asr_3408,emotion_3408,40,17,47,34,30,17,17
ex02_whisper_00128,ex02::YOU TRASH HOTEL ROOMS IN YOUR SLEEP,asr_3408,intent_3408_last,0,14,52,28,30,22,14
ex02_whisper_00128,ex02::YOU TRASH HOTEL ROOMS IN YOUR SLEEP,asr_3408,intent_3408_last,20,21,52,42,30,22,21
ex02_whisper_00128,ex02::YOU TRASH HOTEL ROOMS IN YOUR SLEEP,asr_3408,intent_3408_last,40,22,52,44,30,22,22
ex02_whisper_00128,ex02::YOU TRASH HOTEL ROOMS IN YOUR SLEEP,asr_3408,speaker_count_3408_last,0,5,38,10,30,8,5
ex02_whisper_00128,ex02::YOU TRASH HOTEL ROOMS IN YOUR SLEEP,asr_3408,speaker_count_3408_last,20,8,38,16,30,8,8
ex02_whisper_00128,ex02::YOU TRASH HOTEL ROOMS IN YOUR SLEEP,asr_3408,speaker_count_3408_last,40,8,38,16,30,8,8
ex02_whisper_00128,ex02::YOU TRASH HOTEL ROOMS IN YOUR SLEEP,emotion_3408,intent_3408_last,0,9,39,18,17,22,9
ex02_whisper_00128,ex02::YOU TRASH HOTEL ROOMS IN YOUR SLEEP,emotion_3408,intent_3408_last,20,15,39,30,17,22,16
ex02_whisper_00128,ex02::YOU TRASH HOTEL ROOMS IN YOUR SLEEP,emotion_3408,intent_3408_last,40,17,39,34,17,22,19
ex02_whisper_00128,ex02::YOU TRASH HOTEL ROOMS IN YOUR SLEEP,emotion_3408,speaker_count_3408_last,0,4,25,8,17,8,4
ex02_whisper_00128,ex02::YOU TRASH HOTEL ROOMS IN YOUR SLEEP,emotion_3408,speaker_count_3408_last,20,6,25,12,17,8,6
ex02_whisper_00128,ex02::YOU TRASH HOTEL ROOMS IN YOUR SLEEP,emotion_3408,speaker_count_3408_last,40,6,25,12,17,8,6
ex02_whisper_00128,ex02::YOU TRASH HOTEL ROOMS IN YOUR SLEEP,intent_3408_last,speaker_count_3408_last,0,7,30,14,22,8,7
ex02_whisper_00128,ex02::YOU TRASH HOTEL ROOMS IN YOUR SLEEP,intent_3408_last,speaker_count_3408_last,20,8,30,16,22,8,8
ex02_whisper_00128,ex02::YOU TRASH HOTEL ROOMS IN YOUR SLEEP,intent_3408_last,speaker_count_3408_last,40,8,30,16,22,8,8
ex02_whisper_00150,ex02::HOW DO YOU SAY WELCOME IN JAPANESE,asr_3408,emotion_3408,0,9,47,18,31,16,9
ex02_whisper_00150,ex02::HOW DO YOU SAY WELCOME IN JAPANESE,asr_3408,emotion_3408,20,14,47,28,31,16,14
ex02_whisper_00150,ex02::HOW DO YOU SAY WELCOME IN JAPANESE,asr_3408,emotion_3408,40,15,47,30,31,16,15
ex02_whisper_00150,ex02::HOW DO YOU SAY WELCOME IN JAPANESE,asr_3408,intent_3408_last,0,14,52,28,31,21,14
ex02_whisper_00150,ex02::HOW DO YOU SAY WELCOME IN JAPANESE,asr_3408,intent_3408_last,20,21,52,42,31,21,21
ex02_whisper_00150,ex02::HOW DO YOU SAY WELCOME IN JAPANESE,asr_3408,intent_3408_last,40,21,52,42,31,21,21
ex02_whisper_00150,ex02::HOW DO YOU SAY WELCOME IN JAPANESE,asr_3408,speaker_count_3408_last,0,4,40,8,31,9,4
ex02_whisper_00150,ex02::HOW DO YOU SAY WELCOME IN JAPANESE,asr_3408,speaker_count_3408_last,20,9,40,18,31,9,9
ex02_whisper_00150,ex02::HOW DO YOU SAY WELCOME IN JAPANESE,asr_3408,speaker_count_3408_last,40,9,40,18,31,9,9
ex02_whisper_00150,ex02::HOW DO YOU SAY WELCOME IN JAPANESE,emotion_3408,intent_3408_last,0,9,37,18,16,21,9
ex02_whisper_00150,ex02::HOW DO YOU SAY WELCOME IN JAPANESE,emotion_3408,intent_3408_last,20,13,37,26,16,21,13
ex02_whisper_00150,ex02::HOW DO YOU SAY WELCOME IN JAPANESE,emotion_3408,intent_3408_last,40,14,37,28,16,21,15
ex02_whisper_00150,ex02::HOW DO YOU SAY WELCOME IN JAPANESE,emotion_3408,speaker_count_3408_last,0,3,25,6,16,9,3
ex02_whisper_00150,ex02::HOW DO YOU SAY WELCOME IN JAPANESE,emotion_3408,speaker_count_3408_last,20,6,25,12,16,9,6
ex02_whisper_00150,ex02::HOW DO YOU SAY WELCOME IN JAPANESE,emotion_3408,speaker_count_3408_last,40,6,25,12,16,9,6
ex02_whisper_00150,ex02::HOW DO YOU SAY WELCOME IN JAPANESE,intent_3408_last,speaker_count_3408_last,0,3,30,6,21,9,3
ex02_whisper_00150,ex02::HOW DO YOU SAY WELCOME IN JAPANESE,intent_3408_last,speaker_count_3408_last,20,7,30,14,21,9,7
ex02_whisper_00150,ex02::HOW DO YOU SAY WELCOME IN JAPANESE,intent_3408_last,speaker_count_3408_last,40,7,30,14,21,9,7
ex02_whisper_00157,ex02::WEDDING MUSIC STOPS,asr_3408,emotion_3408,0,5,27,10,18,9,5
ex02_whisper_00157,ex02::WEDDING MUSIC STOPS,asr_3408,emotion_3408,20,9,27,18,18,9,9
ex02_whisper_00157,ex02::WEDDING MUSIC STOPS,asr_3408,emotion_3408,40,9,27,18,18,9,9
ex02_whisper_00157,ex02::WEDDING MUSIC STOPS,asr_3408,intent_3408_last,0,5,33,10,18,15,5
ex02_whisper_00157,ex02::WEDDING MUSIC STOPS,asr_3408,intent_3408_last,20,13,33,26,18,15,13
ex02_whisper_00157,ex02::WEDDING MUSIC STOPS,asr_3408,intent_3408_last,40,14,33,28,18,15,14
ex02_whisper_00157,ex02::WEDDING MUSIC STOPS,asr_3408,speaker_count_3408_last,0,2,23,4,18,5,2
ex02_whisper_00157,ex02::WEDDING MUSIC STOPS,asr_3408,speaker_count_3408_last,20,5,23,10,18,5,5
ex02_whisper_00157,ex02::WEDDING MUSIC STOPS,asr_3408,speaker_count_3408_last,40,5,23,10,18,5,5
ex02_whisper_00157,ex02::WEDDING MUSIC STOPS,emotion_3408,intent_3408_last,0,5,24,10,9,15,5
ex02_whisper_00157,ex02::WEDDING MUSIC STOPS,emotion_3408,intent_3408_last,20,8,24,16,9,15,8
ex02_whisper_00157,ex02::WEDDING MUSIC STOPS,emotion_3408,intent_3408_last,40,9,24,18,9,15,11
ex02_whisper_00157,ex02::WEDDING MUSIC STOPS,emotion_3408,speaker_count_3408_last,0,1,14,2,9,5,1
ex02_whisper_00157,ex02::WEDDING MUSIC STOPS,emotion_3408,speaker_count_3408_last,20,4,14,8,9,5,4
ex02_whisper_00157,ex02::WEDDING MUSIC STOPS,emotion_3408,speaker_count_3408_last,40,4,14,8,9,5,4
ex02_whisper_00157,ex02::WEDDING MUSIC STOPS,intent_3408_last,speaker_count_3408_last,0,2,20,4,15,5,2
ex02_whisper_00157,ex02::WEDDING MUSIC STOPS,intent_3408_last,speaker_count_3408_last,20,3,20,6,15,5,3
ex02_whisper_00157,ex02::WEDDING MUSIC STOPS,intent_3408_last,speaker_count_3408_last,40,4,20,8,15,5,4
ex02_whisper_00233,ex02::DID SHE JUMP IN A CAB,asr_3408,emotion_3408,0,6,29,12,20,9,6
ex02_whisper_00233,ex02::DID SHE JUMP IN A CAB,asr_3408,emotion_3408,20,9,29,18,20,9,9
ex02_whisper_00233,ex02::DID SHE JUMP IN A CAB,asr_3408,emotion_3408,40,9,29,18,20,9,9
ex02_whisper_00233,ex02::DID SHE JUMP IN A CAB,asr_3408,intent_3408_last,0,12,33,24,20,13,12
ex02_whisper_00233,ex02::DID SHE JUMP IN A CAB,asr_3408,intent_3408_last,20,13,33,26,20,13,13
ex02_whisper_00233,ex02::DID SHE JUMP IN A CAB,asr_3408,intent_3408_last,40,13,33,26,20,13,13
ex02_whisper_00233,ex02::DID SHE JUMP IN A CAB,asr_3408,speaker_count_3408_last,0,3,26,6,20,6,3
ex02_whisper_00233,ex02::DID SHE JUMP IN A CAB,asr_3408,speaker_count_3408_last,20,5,26,10,20,6,5
ex02_whisper_00233,ex02::DID SHE JUMP IN A CAB,asr_3408,speaker_count_3408_last,40,5,26,10,20,6,5
ex02_whisper_00233,ex02::DID SHE JUMP IN A CAB,emotion_3408,intent_3408_last,0,5,22,10,9,13,5
ex02_whisper_00233,ex02::DID SHE JUMP IN A CAB,emotion_3408,intent_3408_last,20,9,22,18,9,13,10
ex02_whisper_00233,ex02::DID SHE JUMP IN A CAB,emotion_3408,intent_3408_last,40,9,22,18,9,13,10
ex02_whisper_00233,ex02::DID SHE JUMP IN A CAB,emotion_3408,speaker_count_3408_last,0,2,15,4,9,6,2
ex02_whisper_00233,ex02::DID SHE JUMP IN A CAB,emotion_3408,speaker_count_3408_last,20,5,15,10,9,6,5
ex02_whisper_00233,ex02::DID SHE JUMP IN A CAB,emotion_3408,speaker_count_3408_last,40,5,15,10,9,6,5
ex02_whisper_00233,ex02::DID SHE JUMP IN A CAB,intent_3408_last,speaker_count_3408_last,0,3,19,6,13,6,3
ex02_whisper_00233,ex02::DID SHE JUMP IN A CAB,intent_3408_last,speaker_count_3408_last,20,5,19,10,13,6,5
ex02_whisper_00233,ex02::DID SHE JUMP IN A CAB,intent_3408_last,speaker_count_3408_last,40,5,19,10,13,6,5
ex02_whisper_00261,ex02::YACHT CLUB IN HALF AN HOUR,asr_3408,emotion_3408,0,3,28,6,19,9,3
ex02_whisper_00261,ex02::YACHT CLUB IN HALF AN HOUR,asr_3408,emotion_3408,20,7,28,14,19,9,7
ex02_whisper_00261,ex02::YACHT CLUB IN HALF AN HOUR,asr_3408,emotion_3408,40,8,28,16,19,9,8
ex02_whisper_00261,ex02::YACHT CLUB IN HALF AN HOUR,asr_3408,intent_3408_last,0,11,35,22,19,16,11
ex02_whisper_00261,ex02::YACHT CLUB IN HALF AN HOUR,asr_3408,intent_3408_last,20,15,35,30,19,16,15
ex02_whisper_00261,ex02::YACHT CLUB IN HALF AN HOUR,asr_3408,intent_3408_last,40,15,35,30,19,16,15
ex02_whisper_00261,ex02::YACHT CLUB IN HALF AN HOUR,asr_3408,speaker_count_3408_last,0,2,25,4,19,6,2
ex02_whisper_00261,ex02::YACHT CLUB IN HALF AN HOUR,asr_3408,speaker_count_3408_last,20,5,25,10,19,6,5
ex02_whisper_00261,ex02::YACHT CLUB IN HALF AN HOUR,asr_3408,speaker_count_3408_last,40,5,25,10,19,6,5
ex02_whisper_00261,ex02::YACHT CLUB IN HALF AN HOUR,emotion_3408,intent_3408_last,0,3,25,6,9,16,3
ex02_whisper_00261,ex02::YACHT CLUB IN HALF AN HOUR,emotion_3408,intent_3408_last,20,9,25,18,9,16,10
ex02_whisper_00261,ex02::YACHT CLUB IN HALF AN HOUR,emotion_3408,intent_3408_last,40,9,25,18,9,16,11
ex02_whisper_00261,ex02::YACHT CLUB IN HALF AN HOUR,emotion_3408,speaker_count_3408_last,0,3,15,6,9,6,3
ex02_whisper_00261,ex02::YACHT CLUB IN HALF AN HOUR,emotion_3408,speaker_count_3408_last,20,5,15,10,9,6,5
ex02_whisper_00261,ex02::YACHT CLUB IN HALF AN HOUR,emotion_3408,speaker_count_3408_last,40,5,15,10,9,6,5
ex02_whisper_00261,ex02::YACHT CLUB IN HALF AN HOUR,intent_3408_last,speaker_count_3408_last,0,4,22,8,16,6,4
ex02_whisper_00261,ex02::YACHT CLUB IN HALF AN HOUR,intent_3408_last,speaker_count_3408_last,20,6,22,12,16,6,6
ex02_whisper_00261,ex02::YACHT CLUB IN HALF AN HOUR,intent_3408_last,speaker_count_3408_last,40,6,22,12,16,6,6
ex02_whisper_00326,ex02::KAYDA WAS HER NEUROSURGEON BUT NOW IT SEEMS LIKE JAKE'S MAKING ALL THE DECISIONS,asr_3408,emotion_3408,0,23,90,46,59,31,23
ex02_whisper_00326,ex02::KAYDA WAS HER NEUROSURGEON BUT NOW IT SEEMS LIKE JAKE'S MAKING ALL THE DECISIONS,asr_3408,emotion_3408,20,29,90,58,59,31,29
ex02_whisper_00326,ex02::KAYDA WAS HER NEUROSURGEON BUT NOW IT SEEMS LIKE JAKE'S MAKING ALL THE DECISIONS,asr_3408,emotion_3408,40,31,90,62,59,31,31
ex02_whisper_00326,ex02::KAYDA WAS HER NEUROSURGEON BUT NOW IT SEEMS LIKE JAKE'S MAKING ALL THE DECISIONS,asr_3408,intent_3408_last,0,34,103,68,59,44,34
ex02_whisper_00326,ex02::KAYDA WAS HER NEUROSURGEON BUT NOW IT SEEMS LIKE JAKE'S MAKING ALL THE DECISIONS,asr_3408,intent_3408_last,20,43,103,86,59,44,43
ex02_whisper_00326,ex02::KAYDA WAS HER NEUROSURGEON BUT NOW IT SEEMS LIKE JAKE'S MAKING ALL THE DECISIONS,asr_3408,intent_3408_last,40,44,103,88,59,44,44
ex02_whisper_00326,ex02::KAYDA WAS HER NEUROSURGEON BUT NOW IT SEEMS LIKE JAKE'S MAKING ALL THE DECISIONS,asr_3408,speaker_count_3408_last,0,12,77,24,59,18,12
ex02_whisper_00326,ex02::KAYDA WAS HER NEUROSURGEON BUT NOW IT SEEMS LIKE JAKE'S MAKING ALL THE DECISIONS,asr_3408,speaker_count_3408_last,20,18,77,36,59,18,18
ex02_whisper_00326,ex02::KAYDA WAS HER NEUROSURGEON BUT NOW IT SEEMS LIKE JAKE'S MAKING ALL THE DECISIONS,asr_3408,speaker_count_3408_last,40,18,77,36,59,18,18
ex02_whisper_00326,ex02::KAYDA WAS HER NEUROSURGEON BUT NOW IT SEEMS LIKE JAKE'S MAKING ALL THE DECISIONS,emotion_3408,intent_3408_last,0,21,75,42,31,44,21
ex02_whisper_00326,ex02::KAYDA WAS HER NEUROSURGEON BUT NOW IT SEEMS LIKE JAKE'S MAKING ALL THE DECISIONS,emotion_3408,intent_3408_last,20,28,75,56,31,44,28
ex02_whisper_00326,ex02::KAYDA WAS HER NEUROSURGEON BUT NOW IT SEEMS LIKE JAKE'S MAKING ALL THE DECISIONS,emotion_3408,intent_3408_last,40,31,75,62,31,44,33
ex02_whisper_00326,ex02::KAYDA WAS HER NEUROSURGEON BUT NOW IT SEEMS LIKE JAKE'S MAKING ALL THE DECISIONS,emotion_3408,speaker_count_3408_last,0,9,49,18,31,18,9
ex02_whisper_00326,ex02::KAYDA WAS HER NEUROSURGEON BUT NOW IT SEEMS LIKE JAKE'S MAKING ALL THE DECISIONS,emotion_3408,speaker_count_3408_last,20,15,49,30,31,18,15
ex02_whisper_00326,ex02::KAYDA WAS HER NEUROSURGEON BUT NOW IT SEEMS LIKE JAKE'S MAKING ALL THE DECISIONS,emotion_3408,speaker_count_3408_last,40,16,49,32,31,18,16
ex02_whisper_00326,ex02::KAYDA WAS HER NEUROSURGEON BUT NOW IT SEEMS LIKE JAKE'S MAKING ALL THE DECISIONS,intent_3408_last,speaker_count_3408_last,0,13,62,26,44,18,13
ex02_whisper_00326,ex02::KAYDA WAS HER NEUROSURGEON BUT NOW IT SEEMS LIKE JAKE'S MAKING ALL THE DECISIONS,intent_3408_last,speaker_count_3408_last,20,18,62,36,44,18,18
ex02_whisper_00326,ex02::KAYDA WAS HER NEUROSURGEON BUT NOW IT SEEMS LIKE JAKE'S MAKING ALL THE DECISIONS,intent_3408_last,speaker_count_3408_last,40,18,62,36,44,18,18
ex02_whisper_00348,ex02::WHO'S MORE MISERABLE THAN HER,asr_3408,emotion_3408,0,5,34,10,24,10,5
ex02_whisper_00348,ex02::WHO'S MORE MISERABLE THAN HER,asr_3408,emotion_3408,20,8,34,16,24,10,8
ex02_whisper_00348,ex02::WHO'S MORE MISERABLE THAN HER,asr_3408,emotion_3408,40,9,34,18,24,10,9
ex02_whisper_00348,ex02::WHO'S MORE MISERABLE THAN HER,asr_3408,intent_3408_last,0,10,41,20,24,17,10
ex02_whisper_00348,ex02::WHO'S MORE MISERABLE THAN HER,asr_3408,intent_3408_last,20,17,41,34,24,17,17
ex02_whisper_00348,ex02::WHO'S MORE MISERABLE THAN HER,asr_3408,intent_3408_last,40,17,41,34,24,17,17
ex02_whisper_00348,ex02::WHO'S MORE MISERABLE THAN HER,asr_3408,speaker_count_3408_last,0,3,31,6,24,7,3
ex02_whisper_00348,ex02::WHO'S MORE MISERABLE THAN HER,asr_3408,speaker_count_3408_last,20,7,31,14,24,7,7
ex02_whisper_00348,ex02::WHO'S MORE MISERABLE THAN HER,asr_3408,speaker_count_3408_last,40,7,31,14,24,7,7
ex02_whisper_00348,ex02::WHO'S MORE MISERABLE THAN HER,emotion_3408,intent_3408_last,0,6,27,12,10,17,6
ex02_whisper_00348,ex02::WHO'S MORE MISERABLE THAN HER,emotion_3408,intent_3408_last,20,8,27,16,10,17,8
ex02_whisper_00348,ex02::WHO'S MORE MISERABLE THAN HER,emotion_3408,intent_3408_last,40,9,27,18,10,17,9
ex02_whisper_00348,ex02::WHO'S MORE MISERABLE THAN HER,emotion_3408,speaker_count_3408_last,0,4,17,8,10,7,4
ex02_whisper_00348,ex02::WHO'S MORE MISERABLE THAN HER,emotion_3408,speaker_count_3408_last,20,5,17,10,10,7,5
ex02_whisper_00348,ex02::WHO'S MORE MISERABLE THAN HER,emotion_3408,speaker_count_3408_last,40,6,17,12,10,7,6
ex02_whisper_00348,ex02::WHO'S MORE MISERABLE THAN HER,intent_3408_last,speaker_count_3408_last,0,6,24,12,17,7,6
ex02_whisper_00348,ex02::WHO'S MORE MISERABLE THAN HER,intent_3408_last,speaker_count_3408_last,20,7,24,14,17,7,7
ex02_whisper_00348,ex02::WHO'S MORE MISERABLE THAN HER,intent_3408_last,speaker_count_3408_last,40,7,24,14,17,7,7
ex02_whisper_00355,ex02::GIVEN THE CIRCUMSTANCES ISN'T THIS A LITTLE UNORTHODOX,asr_3408,emotion_3408,0,19,81,38,53,28,19
ex02_whisper_00355,ex02::GIVEN THE CIRCUMSTANCES ISN'T THIS A LITTLE UNORTHODOX,asr_3408,emotion_3408,20,28,81,56,53,28,28
ex02_whisper_00355,ex02::GIVEN THE CIRCUMSTANCES ISN'T THIS A LITTLE UNORTHODOX,asr_3408,emotion_3408,40,28,81,56,53,28,28
ex02_whisper_00355,ex02::GIVEN THE CIRCUMSTANCES ISN'T THIS A LITTLE UNORTHODOX,asr_3408,intent_3408_last,0,26,87,52,53,34,26
ex02_whisper_00355,ex02::GIVEN THE CIRCUMSTANCES ISN'T THIS A LITTLE UNORTHODOX,asr_3408,intent_3408_last,20,34,87,68,53,34,34
ex02_whisper_00355,ex02::GIVEN THE CIRCUMSTANCES ISN'T THIS A LITTLE UNORTHODOX,asr_3408,intent_3408_last,40,34,87,68,53,34,34
ex02_whisper_00355,ex02::GIVEN THE CIRCUMSTANCES ISN'T THIS A LITTLE UNORTHODOX,asr_3408,speaker_count_3408_last,0,9,70,18,53,17,9
ex02_whisper_00355,ex02::GIVEN THE CIRCUMSTANCES ISN'T THIS A LITTLE UNORTHODOX,asr_3408,speaker_count_3408_last,20,17,70,34,53,17,17
ex02_whisper_00355,ex02::GIVEN THE CIRCUMSTANCES ISN'T THIS A LITTLE UNORTHODOX,asr_3408,speaker_count_3408_last,40,17,70,34,53,17,17
ex02_whisper_00355,ex02::GIVEN THE CIRCUMSTANCES ISN'T THIS A LITTLE UNORTHODOX,emotion_3408,intent_3408_last,0,16,62,32,28,34,16
ex02_whisper_00355,ex02::GIVEN THE CIRCUMSTANCES ISN'T THIS A LITTLE UNORTHODOX,emotion_3408,intent_3408_last,20,26,62,52,28,34,26
ex02_whisper_00355,ex02::GIVEN THE CIRCUMSTANCES ISN'T THIS A LITTLE UNORTHODOX,emotion_3408,intent_3408_last,40,26,62,52,28,34,27
ex02_whisper_00355,ex02::GIVEN THE CIRCUMSTANCES ISN'T THIS A LITTLE UNORTHODOX,emotion_3408,speaker_count_3408_last,0,5,45,10,28,17,5
ex02_whisper_00355,ex02::GIVEN THE CIRCUMSTANCES ISN'T THIS A LITTLE UNORTHODOX,emotion_3408,speaker_count_3408_last,20,13,45,26,28,17,13
ex02_whisper_00355,ex02::GIVEN THE CIRCUMSTANCES ISN'T THIS A LITTLE UNORTHODOX,emotion_3408,speaker_count_3408_last,40,14,45,28,28,17,14
ex02_whisper_00355,ex02::GIVEN THE CIRCUMSTANCES ISN'T THIS A LITTLE UNORTHODOX,intent_3408_last,speaker_count_3408_last,0,7,51,14,34,17,7
ex02_whisper_00355,ex02::GIVEN THE CIRCUMSTANCES ISN'T THIS A LITTLE UNORTHODOX,intent_3408_last,speaker_count_3408_last,20,15,51,30,34,17,15
ex02_whisper_00355,ex02::GIVEN THE CIRCUMSTANCES ISN'T THIS A LITTLE UNORTHODOX,intent_3408_last,speaker_count_3408_last,40,15,51,30,34,17,15
ex03_confused_00010,ex03::IS THAT SUCCESS,asr_3408,emotion_3408,0,4,23,8,17,6,4
ex03_confused_00010,ex03::IS THAT SUCCESS,asr_3408,emotion_3408,20,5,23,10,17,6,5
ex03_confused_00010,ex03::IS THAT SUCCESS,asr_3408,emotion_3408,40,6,23,12,17,6,6
ex03_confused_00010,ex03::IS THAT SUCCESS,asr_3408,intent_3408_last,0,5,28,10,17,11,5
ex03_confused_00010,ex03::IS THAT SUCCESS,asr_3408,intent_3408_last,20,10,28,20,17,11,10
ex03_confused_00010,ex03::IS THAT SUCCESS,asr_3408,intent_3408_last,40,11,28,22,17,11,11
ex03_confused_00010,ex03::IS THAT SUCCESS,asr_3408,speaker_count_3408_last,0,1,22,2,17,5,1
ex03_confused_00010,ex03::IS THAT SUCCESS,asr_3408,speaker_count_3408_last,20,4,22,8,17,5,4
ex03_confused_00010,ex03::IS THAT SUCCESS,asr_3408,speaker_count_3408_last,40,5,22,10,17,5,5
ex03_confused_00010,ex03::IS THAT SUCCESS,emotion_3408,intent_3408_last,0,2,17,4,6,11,2
ex03_confused_00010,ex03::IS THAT SUCCESS,emotion_3408,intent_3408_last,20,5,17,10,6,11,5
ex03_confused_00010,ex03::IS THAT SUCCESS,emotion_3408,intent_3408_last,40,5,17,10,6,11,5
ex03_confused_00010,ex03::IS THAT SUCCESS,emotion_3408,speaker_count_3408_last,0,1,11,2,6,5,1
ex03_confused_00010,ex03::IS THAT SUCCESS,emotion_3408,speaker_count_3408_last,20,2,11,4,6,5,2
ex03_confused_00010,ex03::IS THAT SUCCESS,emotion_3408,speaker_count_3408_last,40,2,11,4,6,5,2
ex03_confused_00010,ex03::IS THAT SUCCESS,intent_3408_last,speaker_count_3408_last,0,2,16,4,11,5,2
ex03_confused_00010,ex03::IS THAT SUCCESS,intent_3408_last,speaker_count_3408_last,20,5,16,10,11,5,5
ex03_confused_00010,ex03::IS THAT SUCCESS,intent_3408_last,speaker_count_3408_last,40,5,16,10,11,5,5
ex03_confused_00014,ex03::IS IT THE SHAPE OF THINGS TO COME,asr_3408,emotion_3408,0,8,37,16,27,10,8
ex03_confused_00014,ex03::IS IT THE SHAPE OF THINGS TO COME,asr_3408,emotion_3408,20,9,37,18,27,10,9
ex03_confused_00014,ex03::IS IT THE SHAPE OF THINGS TO COME,asr_3408,emotion_3408,40,10,37,20,27,10,10
ex03_confused_00014,ex03::IS IT THE SHAPE OF THINGS TO COME,asr_3408,intent_3408_last,0,13,44,26,27,17,13
ex03_confused_00014,ex03::IS IT THE SHAPE OF THINGS TO COME,asr_3408,intent_3408_last,20,16,44,32,27,17,16
ex03_confused_00014,ex03::IS IT THE SHAPE OF THINGS TO COME,asr_3408,intent_3408_last,40,17,44,34,27,17,17
ex03_confused_00014,ex03::IS IT THE SHAPE OF THINGS TO COME,asr_3408,speaker_count_3408_last,0,5,33,10,27,6,5
ex03_confused_00014,ex03::IS IT THE SHAPE OF THINGS TO COME,asr_3408,speaker_count_3408_last,20,6,33,12,27,6,6
ex03_confused_00014,ex03::IS IT THE SHAPE OF THINGS TO COME,asr_3408,speaker_count_3408_last,40,6,33,12,27,6,6
ex03_confused_00014,ex03::IS IT THE SHAPE OF THINGS TO COME,emotion_3408,intent_3408_last,0,9,27,18,10,17,9
ex03_confused_00014,ex03::IS IT THE SHAPE OF THINGS TO COME,emotion_3408,intent_3408_last,20,9,27,18,10,17,9
ex03_confused_00014,ex03::IS IT THE SHAPE OF THINGS TO COME,emotion_3408,intent_3408_last,40,10,27,20,10,17,11
ex03_confused_00014,ex03::IS IT THE SHAPE OF THINGS TO COME,emotion_3408,speaker_count_3408_last,0,5,16,10,10,6,5
ex03_confused_00014,ex03::IS IT THE SHAPE OF THINGS TO COME,emotion_3408,speaker_count_3408_last,20,5,16,10,10,6,5
ex03_confused_00014,ex03::IS IT THE SHAPE OF THINGS TO COME,emotion_3408,speaker_count_3408_last,40,5,16,10,10,6,5
ex03_confused_00014,ex03::IS IT THE SHAPE OF THINGS TO COME,intent_3408_last,speaker_count_3408_last,0,5,23,10,17,6,5
ex03_confused_00014,ex03::IS IT THE SHAPE OF THINGS TO COME,intent_3408_last,speaker_count_3408_last,20,6,23,12,17,6,6
ex03_confused_00014,ex03::IS IT THE SHAPE OF THINGS TO COME,intent_3408_last,speaker_count_3408_last,40,6,23,12,17,6,6
ex03_confused_00037,ex03::THE VACANCIES ARE IN SUPPORT SERVICES AND ARTS,asr_3408,emotion_3408,0,14,65,28,42,23,14
ex03_confused_00037,ex03::THE VACANCIES ARE IN SUPPORT SERVICES AND ARTS,asr_3408,emotion_3408,20,23,65,46,42,23,23
ex03_confused_00037,ex03::THE VACANCIES ARE IN SUPPORT SERVICES AND ARTS,asr_3408,emotion_3408,40,23,65,46,42,23,23
ex03_confused_00037,ex03::THE VACANCIES ARE IN SUPPORT SERVICES AND ARTS,asr_3408,intent_3408_last,0,21,71,42,42,29,21
ex03_confused_00037,ex03::THE VACANCIES ARE IN SUPPORT SERVICES AND ARTS,asr_3408,intent_3408_last,20,29,71,58,42,29,29
ex03_confused_00037,ex03::THE VACANCIES ARE IN SUPPORT SERVICES AND ARTS,asr_3408,intent_3408_last,40,29,71,58,42,29,29
ex03_confused_00037,ex03::THE VACANCIES ARE IN SUPPORT SERVICES AND ARTS,asr_3408,speaker_count_3408_last,0,7,54,14,42,12,7
ex03_confused_00037,ex03::THE VACANCIES ARE IN SUPPORT SERVICES AND ARTS,asr_3408,speaker_count_3408_last,20,11,54,22,42,12,11
ex03_confused_00037,ex03::THE VACANCIES ARE IN SUPPORT SERVICES AND ARTS,asr_3408,speaker_count_3408_last,40,12,54,24,42,12,12
ex03_confused_00037,ex03::THE VACANCIES ARE IN SUPPORT SERVICES AND ARTS,emotion_3408,intent_3408_last,0,14,52,28,23,29,14
ex03_confused_00037,ex03::THE VACANCIES ARE IN SUPPORT SERVICES AND ARTS,emotion_3408,intent_3408_last,20,21,52,42,23,29,22
ex03_confused_00037,ex03::THE VACANCIES ARE IN SUPPORT SERVICES AND ARTS,emotion_3408,intent_3408_last,40,22,52,44,23,29,23
ex03_confused_00037,ex03::THE VACANCIES ARE IN SUPPORT SERVICES AND ARTS,emotion_3408,speaker_count_3408_last,0,7,35,14,23,12,7
ex03_confused_00037,ex03::THE VACANCIES ARE IN SUPPORT SERVICES AND ARTS,emotion_3408,speaker_count_3408_last,20,10,35,20,23,12,10
ex03_confused_00037,ex03::THE VACANCIES ARE IN SUPPORT SERVICES AND ARTS,emotion_3408,speaker_count_3408_last,40,11,35,22,23,12,11
ex03_confused_00037,ex03::THE VACANCIES ARE IN SUPPORT SERVICES AND ARTS,intent_3408_last,speaker_count_3408_last,0,6,41,12,29,12,6
ex03_confused_00037,ex03::THE VACANCIES ARE IN SUPPORT SERVICES AND ARTS,intent_3408_last,speaker_count_3408_last,20,10,41,20,29,12,10
ex03_confused_00037,ex03::THE VACANCIES ARE IN SUPPORT SERVICES AND ARTS,intent_3408_last,speaker_count_3408_last,40,11,41,22,29,12,11
ex03_confused_00040,ex03::HOW ARE YOU SIR,asr_3408,emotion_3408,0,5,17,10,12,5,5
ex03_confused_00040,ex03::HOW ARE YOU SIR,asr_3408,emotion_3408,20,5,17,10,12,5,5
ex03_confused_00040,ex03::HOW ARE YOU SIR,asr_3408,emotion_3408,40,5,17,10,12,5,5
ex03_confused_00040,ex03::HOW ARE YOU SIR,asr_3408,intent_3408_last,0,7,21,14,12,9,7
ex03_confused_00040,ex03::HOW ARE YOU SIR,asr_3408,intent_3408_last,20,9,21,18,12,9,9
ex03_confused_00040,ex03::HOW ARE YOU SIR,asr_3408,intent_3408_last,40,9,21,18,12,9,9
ex03_confused_00040,ex03::HOW ARE YOU SIR,asr_3408,speaker_count_3408_last,0,2,16,4,12,4,2
ex03_confused_00040,ex03::HOW ARE YOU SIR,asr_3408,speaker_count_3408_last,20,4,16,8,12,4,4
ex03_confused_00040,ex03::HOW ARE YOU SIR,asr_3408,speaker_count_3408_last,40,4,16,8,12,4,4
ex03_confused_00040,ex03::HOW ARE YOU SIR,emotion_3408,intent_3408_last,0,5,14,10,5,9,5
ex03_confused_00040,ex03::HOW ARE YOU SIR,emotion_3408,intent_3408_last,20,5,14,10,5,9,5
ex03_confused_00040,ex03::HOW ARE YOU SIR,emotion_3408,intent_3408_last,40,5,14,10,5,9,5
ex03_confused_00040,ex03::HOW ARE YOU SIR,emotion_3408,speaker_count_3408_last,0,2,9,4,5,4,2
ex03_confused_00040,ex03::HOW ARE YOU SIR,emotion_3408,speaker_count_3408_last,20,3,9,6,5,4,3
ex03_confused_00040,ex03::HOW ARE YOU SIR,emotion_3408,speaker_count_3408_last,40,3,9,6,5,4,3
ex03_confused_00040,ex03::HOW ARE YOU SIR,intent_3408_last,speaker_count_3408_last,0,2,13,4,9,4,2
ex03_confused_00040,ex03::HOW ARE YOU SIR,intent_3408_last,speaker_count_3408_last,20,3,13,6,9,4,3
ex03_confused_00040,ex03::HOW ARE YOU SIR,intent_3408_last,speaker_count_3408_last,40,3,13,6,9,4,3
ex03_confused_00104,ex03::GRANNY SMITH APPLES YOUR FAVORITE,asr_3408,emotion_3408,0,8,39,16,26,13,8
ex03_confused_00104,ex03::GRANNY SMITH APPLES YOUR FAVORITE,asr_3408,emotion_3408,20,12,39,24,26,13,12
ex03_confused_00104,ex03::GRANNY SMITH APPLES YOUR FAVORITE,asr_3408,emotion_3408,40,13,39,26,26,13,13
ex03_confused_00104,ex03::GRANNY SMITH APPLES YOUR FAVORITE,asr_3408,intent_3408_last,0,17,45,34,26,19,17
ex03_confused_00104,ex03::GRANNY SMITH APPLES YOUR FAVORITE,asr_3408,intent_3408_last,20,18,45,36,26,19,18
ex03_confused_00104,ex03::GRANNY SMITH APPLES YOUR FAVORITE,asr_3408,intent_3408_last,40,19,45,38,26,19,19
ex03_confused_00104,ex03::GRANNY SMITH APPLES YOUR FAVORITE,asr_3408,speaker_count_3408_last,0,4,32,8,26,6,4
ex03_confused_00104,ex03::GRANNY SMITH APPLES YOUR FAVORITE,asr_3408,speaker_count_3408_last,20,6,32,12,26,6,6
ex03_confused_00104,ex03::GRANNY SMITH APPLES YOUR FAVORITE,asr_3408,speaker_count_3408_last,40,6,32,12,26,6,6
ex03_confused_00104,ex03::GRANNY SMITH APPLES YOUR FAVORITE,emotion_3408,intent_3408_last,0,8,32,16,13,19,8
ex03_confused_00104,ex03::GRANNY SMITH APPLES YOUR FAVORITE,emotion_3408,intent_3408_last,20,10,32,20,13,19,12
ex03_confused_00104,ex03::GRANNY SMITH APPLES YOUR FAVORITE,emotion_3408,intent_3408_last,40,11,32,22,13,19,12
ex03_confused_00104,ex03::GRANNY SMITH APPLES YOUR FAVORITE,emotion_3408,speaker_count_3408_last,0,3,19,6,13,6,3
ex03_confused_00104,ex03::GRANNY SMITH APPLES YOUR FAVORITE,emotion_3408,speaker_count_3408_last,20,5,19,10,13,6,5
ex03_confused_00104,ex03::GRANNY SMITH APPLES YOUR FAVORITE,emotion_3408,speaker_count_3408_last,40,5,19,10,13,6,5
ex03_confused_00104,ex03::GRANNY SMITH APPLES YOUR FAVORITE,intent_3408_last,speaker_count_3408_last,0,3,25,6,19,6,3
ex03_confused_00104,ex03::GRANNY SMITH APPLES YOUR FAVORITE,intent_3408_last,speaker_count_3408_last,20,5,25,10,19,6,5
ex03_confused_00104,ex03::GRANNY SMITH APPLES YOUR FAVORITE,intent_3408_last,speaker_count_3408_last,40,5,25,10,19,6,5
ex03_confused_00134,ex03::WHO STARS IN THE NUTTY PROFESSOR,asr_3408,emotion_3408,0,8,38,16,25,13,8
ex03_confused_00134,ex03::WHO STARS IN THE NUTTY PROFESSOR,asr_3408,emotion_3408,20,12,38,24,25,13,12
ex03_confused_00134,ex03::WHO STARS IN THE NUTTY PROFESSOR,asr_3408,emotion_3408,40,12,38,24,25,13,12
ex03_confused_00134,ex03::WHO STARS IN THE NUTTY PROFESSOR,asr_3408,intent_3408_last,0,15,45,30,25,20,15
ex03_confused_00134,ex03::WHO STARS IN THE NUTTY PROFESSOR,asr_3408,intent_3408_last,20,19,45,38,25,20,19
ex03_confused_00134,ex03::WHO STARS IN THE NUTTY PROFESSOR,asr_3408,intent_3408_last,40,19,45,38,25,20,19
ex03_confused_00134,ex03::WHO STARS IN THE NUTTY PROFESSOR,asr_3408,speaker_count_3408_last,0,4,31,8,25,6,4
ex03_confused_00134,ex03::WHO STARS IN THE NUTTY PROFESSOR,asr_3408,speaker_count_3408_last,20,5,31,10,25,6,5
ex03_confused_00134,ex03::WHO STARS IN THE NUTTY PROFESSOR,asr_3408,speaker_count_3408_last,40,6,31,12,25,6,6
ex03_confused_00134,ex03::WHO STARS IN THE NUTTY PROFESSOR,emotion_3408,intent_3408_last,0,12,33,24,13,20,12
ex03_confused_00134,ex03::WHO STARS IN THE NUTTY PROFESSOR,emotion_3408,intent_3408_last,20,13,33,26,13,20,13
ex03_confused_00134,ex03::WHO STARS IN THE NUTTY PROFESSOR,emotion_3408,intent_3408_last,40,13,33,26,13,20,13
ex03_confused_00134,ex03::WHO STARS IN THE NUTTY PROFESSOR,emotion_3408,speaker_count_3408_last,0,4,19,8,13,6,4
ex03_confused_00134,ex03::WHO STARS IN THE NUTTY PROFESSOR,emotion_3408,speaker_count_3408_last,20,5,19,10,13,6,5
ex03_confused_00134,ex03::WHO STARS IN THE NUTTY PROFESSOR,emotion_3408,speaker_count_3408_last,40,6,19,12,13,6,6
ex03_confused_00134,ex03::WHO STARS IN THE NUTTY PROFESSOR,intent_3408_last,speaker_count_3408_last,0,4,26,8,20,6,4
ex03_confused_00134,ex03::WHO STARS IN THE NUTTY PROFESSOR,intent_3408_last,speaker_count_3408_last,20,5,26,10,20,6,5
ex03_confused_00134,ex03::WHO STARS IN THE NUTTY PROFESSOR,intent_3408_last,speaker_count_3408_last,40,6,26,12,20,6,6
ex03_confused_00143,ex03::OH ME TOO,asr_3408,emotion_3408,0,3,10,6,7,3,3
ex03_confused_00143,ex03::OH ME TOO,asr_3408,emotion_3408,20,3,10,6,7,3,3
ex03_confused_00143,ex03::OH ME TOO,asr_3408,emotion_3408,40,3,10,6,7,3,3
ex03_confused_00143,ex03::OH ME TOO,asr_3408,intent_3408_last,0,5,13,10,7,6,5
ex03_confused_00143,ex03::OH ME TOO,asr_3408,intent_3408_last,20,6,13,12,7,6,6
ex03_confused_00143,ex03::OH ME TOO,asr_3408,intent_3408_last,40,6,13,12,7,6,6
ex03_confused_00143,ex03::OH ME TOO,asr_3408,speaker_count_3408_last,0,3,11,6,7,4,3
ex03_confused_00143,ex03::OH ME TOO,asr_3408,speaker_count_3408_last,20,3,11,6,7,4,3
ex03_confused_00143,ex03::OH ME TOO,asr_3408,speaker_count_3408_last,40,3,11,6,7,4,3
ex03_confused_00143,ex03::OH ME TOO,emotion_3408,intent_3408_last,0,3,9,6,3,6,3
ex03_confused_00143,ex03::OH ME TOO,emotion_3408,intent_3408_last,20,3,9,6,3,6,3
ex03_confused_00143,ex03::OH ME TOO,emotion_3408,intent_3408_last,40,3,9,6,3,6,3
ex03_confused_00143,ex03::OH ME TOO,emotion_3408,speaker_count_3408_last,0,2,7,4,3,4,2
ex03_confused_00143,ex03::OH ME TOO,emotion_3408,speaker_count_3408_last,20,2,7,4,3,4,2
ex03_confused_00143,ex03::OH ME TOO,emotion_3408,speaker_count_3408_last,40,2,7,4,3,4,2
ex03_confused_00143,ex03::OH ME TOO,intent_3408_last,speaker_count_3408_last,0,2,10,4,6,4,2
ex03_confused_00143,ex03::OH ME TOO,intent_3408_last,speaker_count_3408_last,20,2,10,4,6,4,2
ex03_confused_00143,ex03::OH ME TOO,intent_3408_last,speaker_count_3408_last,40,2,10,4,6,4,2
ex03_confused_00175,ex03::WHAT IS TAI CHI,asr_3408,emotion_3408,0,3,20,6,15,5,3
ex03_confused_00175,ex03::WHAT IS TAI CHI,asr_3408,emotion_3408,20,5,20,10,15,5,5
ex03_confused_00175,ex03::WHAT IS TAI CHI,asr_3408,emotion_3408,40,5,20,10,15,5,5
ex03_confused_00175,ex03::WHAT IS TAI CHI,asr_3408,intent_3408_last,0,7,25,14,15,10,7
ex03_confused_00175,ex03::WHAT IS TAI CHI,asr_3408,intent_3408_last,20,10,25,20,15,10,10
ex03_confused_00175,ex03::WHAT IS TAI CHI,asr_3408,intent_3408_last,40,10,25,20,15,10,10
ex03_confused_00175,ex03::WHAT IS TAI CHI,asr_3408,speaker_count_3408_last,0,1,18,2,15,3,1
ex03_confused_00175,ex03::WHAT IS TAI CHI,asr_3408,speaker_count_3408_last,20,2,18,4,15,3,2
ex03_confused_00175,ex03::WHAT IS TAI CHI,asr_3408,speaker_count_3408_last,40,2,18,4,15,3,2
ex03_confused_00175,ex03::WHAT IS TAI CHI,emotion_3408,intent_3408_last,0,3,15,6,5,10,3
ex03_confused_00175,ex03::WHAT IS TAI CHI,emotion_3408,intent_3408_last,20,4,15,8,5,10,4
ex03_confused_00175,ex03::WHAT IS TAI CHI,emotion_3408,intent_3408_last,40,5,15,10,5,10,6
ex03_confused_00175,ex03::WHAT IS TAI CHI,emotion_3408,speaker_count_3408_last,0,1,8,2,5,3,1
ex03_confused_00175,ex03::WHAT IS TAI CHI,emotion_3408,speaker_count_3408_last,20,2,8,4,5,3,2
ex03_confused_00175,ex03::WHAT IS TAI CHI,emotion_3408,speaker_count_3408_last,40,2,8,4,5,3,2
ex03_confused_00175,ex03::WHAT IS TAI CHI,intent_3408_last,speaker_count_3408_last,0,1,13,2,10,3,1
ex03_confused_00175,ex03::WHAT IS TAI CHI,intent_3408_last,speaker_count_3408_last,20,2,13,4,10,3,2
ex03_confused_00175,ex03::WHAT IS TAI CHI,intent_3408_last,speaker_count_3408_last,40,2,13,4,10,3,2
ex03_confused_00198,ex03::OF COURSE HE DOES,asr_3408,emotion_3408,0,4,22,8,16,6,4
ex03_confused_00198,ex03::OF COURSE HE DOES,asr_3408,emotion_3408,20,5,22,10,16,6,5
ex03_confused_00198,ex03::OF COURSE HE DOES,asr_3408,emotion_3408,40,6,22,12,16,6,6
ex03_confused_00198,ex03::OF COURSE HE DOES,asr_3408,intent_3408_last,0,5,28,10,16,12,5
ex03_confused_00198,ex03::OF COURSE HE DOES,asr_3408,intent_3408_last,20,12,28,24,16,12,12
ex03_confused_00198,ex03::OF COURSE HE DOES,asr_3408,intent_3408_last,40,12,28,24,16,12,12
ex03_confused_00198,ex03::OF COURSE HE DOES,asr_3408,speaker_count_3408_last,0,1,20,2,16,4,1
ex03_confused_00198,ex03::OF COURSE HE DOES,asr_3408,speaker_count_3408_last,20,4,20,8,16,4,4
ex03_confused_00198,ex03::OF COURSE HE DOES,asr_3408,speaker_count_3408_last,40,4,20,8,16,4,4
ex03_confused_00198,ex03::OF COURSE HE DOES,emotion_3408,intent_3408_last,0,3,18,6,6,12,3
ex03_confused_00198,ex03::OF COURSE HE DOES,emotion_3408,intent_3408_last,20,5,18,10,6,12,5
ex03_confused_00198,ex03::OF COURSE HE DOES,emotion_3408,intent_3408_last,40,6,18,12,6,12,6
ex03_confused_00198,ex03::OF COURSE HE DOES,emotion_3408,speaker_count_3408_last,0,0,10,0,6,4,0
ex03_confused_00198,ex03::OF COURSE HE DOES,emotion_3408,speaker_count_3408_last,20,3,10,6,6,4,3
ex03_confused_00198,ex03::OF COURSE HE DOES,emotion_3408,speaker_count_3408_last,40,3,10,6,6,4,3
ex03_confused_00198,ex03::OF COURSE HE DOES,intent_3408_last,speaker_count_3408_last,0,0,16,0,12,4,0
ex03_confused_00198,ex03::OF COURSE HE DOES,intent_3408_last,speaker_count_3408_last,20,4,16,8,12,4,4
ex03_confused_00198,ex03::OF COURSE HE DOES,intent_3408_last,speaker_count_3408_last,40,4,16,8,12,4,4
ex03_confused_00205,ex03::MILESTONES FOR ALEX AND THE OTHER TRAVEL ZOO BREAK OUT YOUR SCORECARDS,asr_3408,emotion_3408,0,18,86,36,57,29,18
ex03_confused_00205,ex03::MILESTONES FOR ALEX AND THE OTHER TRAVEL ZOO BREAK OUT YOUR SCORECARDS,asr_3408,emotion_3408,20,29,86,58,57,29,29
ex03_confused_00205,ex03::MILESTONES FOR ALEX AND THE OTHER TRAVEL ZOO BREAK OUT YOUR SCORECARDS,asr_3408,emotion_3408,40,29,86,58,57,29,29
ex03_confused_00205,ex03::MILESTONES FOR ALEX AND THE OTHER TRAVEL ZOO BREAK OUT YOUR SCORECARDS,asr_3408,intent_3408_last,0,30,97,60,57,40,30
ex03_confused_00205,ex03::MILESTONES FOR ALEX AND THE OTHER TRAVEL ZOO BREAK OUT YOUR SCORECARDS,asr_3408,intent_3408_last,20,40,97,80,57,40,40
ex03_confused_00205,ex03::MILESTONES FOR ALEX AND THE OTHER TRAVEL ZOO BREAK OUT YOUR SCORECARDS,asr_3408,intent_3408_last,40,40,97,80,57,40,40
ex03_confused_00205,ex03::MILESTONES FOR ALEX AND THE OTHER TRAVEL ZOO BREAK OUT YOUR SCORECARDS,asr_3408,speaker_count_3408_last,0,11,74,22,57,17,11
ex03_confused_00205,ex03::MILESTONES FOR ALEX AND THE OTHER TRAVEL ZOO BREAK OUT YOUR SCORECARDS,asr_3408,speaker_count_3408_last,20,15,74,30,57,17,15
ex03_confused_00205,ex03::MILESTONES FOR ALEX AND THE OTHER TRAVEL ZOO BREAK OUT YOUR SCORECARDS,asr_3408,speaker_count_3408_last,40,15,74,30,57,17,15
ex03_confused_00205,ex03::MILESTONES FOR ALEX AND THE OTHER TRAVEL ZOO BREAK OUT YOUR SCORECARDS,emotion_3408,intent_3408_last,0,20,69,40,29,40,20
ex03_confused_00205,ex03::MILESTONES FOR ALEX AND THE OTHER TRAVEL ZOO BREAK OUT YOUR SCORECARDS,emotion_3408,intent_3408_last,20,27,69,54,29,40,28
ex03_confused_00205,ex03::MILESTONES FOR ALEX AND THE OTHER TRAVEL ZOO BREAK OUT YOUR SCORECARDS,emotion_3408,intent_3408_last,40,29,69,58,29,40,30
ex03_confused_00205,ex03::MILESTONES FOR ALEX AND THE OTHER TRAVEL ZOO BREAK OUT YOUR SCORECARDS,emotion_3408,speaker_count_3408_last,0,7,46,14,29,17,7
ex03_confused_00205,ex03::MILESTONES FOR ALEX AND THE OTHER TRAVEL ZOO BREAK OUT YOUR SCORECARDS,emotion_3408,speaker_count_3408_last,20,13,46,26,29,17,13
ex03_confused_00205,ex03::MILESTONES FOR ALEX AND THE OTHER TRAVEL ZOO BREAK OUT YOUR SCORECARDS,emotion_3408,speaker_count_3408_last,40,15,46,30,29,17,15
ex03_confused_00205,ex03::MILESTONES FOR ALEX AND THE OTHER TRAVEL ZOO BREAK OUT YOUR SCORECARDS,intent_3408_last,speaker_count_3408_last,0,8,57,16,40,17,8
ex03_confused_00205,ex03::MILESTONES FOR ALEX AND THE OTHER TRAVEL ZOO BREAK OUT YOUR SCORECARDS,intent_3408_last,speaker_count_3408_last,20,14,57,28,40,17,14
ex03_confused_00205,ex03::MILESTONES FOR ALEX AND THE OTHER TRAVEL ZOO BREAK OUT YOUR SCORECARDS,intent_3408_last,speaker_count_3408_last,40,15,57,30,40,17,15
ex03_confused_00226,ex03::IT'S GONNA BE SUNNY WITH TEMPERATURES GOING FROM SIXTY EIGHT TO SEVENTY EIGHT TODAY IN COVINGTON,asr_3408,emotion_3408,0,24,105,48,69,36,24
ex03_confused_00226,ex03::IT'S GONNA BE SUNNY WITH TEMPERATURES GOING FROM SIXTY EIGHT TO SEVENTY EIGHT TODAY IN COVINGTON,asr_3408,emotion_3408,20,34,105,68,69,36,34
ex03_confused_00226,ex03::IT'S GONNA BE SUNNY WITH TEMPERATURES GOING FROM SIXTY EIGHT TO SEVENTY EIGHT TODAY IN COVINGTON,asr_3408,emotion_3408,40,36,105,72,69,36,36
ex03_confused_00226,ex03::IT'S GONNA BE SUNNY WITH TEMPERATURES GOING FROM SIXTY EIGHT TO SEVENTY EIGHT TODAY IN COVINGTON,asr_3408,intent_3408_last,0,29,115,58,69,46,29
ex03_confused_00226,ex03::IT'S GONNA BE SUNNY WITH TEMPERATURES GOING FROM SIXTY EIGHT TO SEVENTY EIGHT TODAY IN COVINGTON,asr_3408,intent_3408_last,20,45,115,90,69,46,45
ex03_confused_00226,ex03::IT'S GONNA BE SUNNY WITH TEMPERATURES GOING FROM SIXTY EIGHT TO SEVENTY EIGHT TODAY IN COVINGTON,asr_3408,intent_3408_last,40,45,115,90,69,46,45
ex03_confused_00226,ex03::IT'S GONNA BE SUNNY WITH TEMPERATURES GOING FROM SIXTY EIGHT TO SEVENTY EIGHT TODAY IN COVINGTON,asr_3408,speaker_count_3408_last,0,11,93,22,69,24,11
ex03_confused_00226,ex03::IT'S GONNA BE SUNNY WITH TEMPERATURES GOING FROM SIXTY EIGHT TO SEVENTY EIGHT TODAY IN COVINGTON,asr_3408,speaker_count_3408_last,20,21,93,42,69,24,21
ex03_confused_00226,ex03::IT'S GONNA BE SUNNY WITH TEMPERATURES GOING FROM SIXTY EIGHT TO SEVENTY EIGHT TODAY IN COVINGTON,asr_3408,speaker_count_3408_last,40,23,93,46,69,24,23
ex03_confused_00226,ex03::IT'S GONNA BE SUNNY WITH TEMPERATURES GOING FROM SIXTY EIGHT TO SEVENTY EIGHT TODAY IN COVINGTON,emotion_3408,intent_3408_last,0,22,82,44,36,46,22
ex03_confused_00226,ex03::IT'S GONNA BE SUNNY WITH TEMPERATURES GOING FROM SIXTY EIGHT TO SEVENTY EIGHT TODAY IN COVINGTON,emotion_3408,intent_3408_last,20,33,82,66,36,46,35
ex03_confused_00226,ex03::IT'S GONNA BE SUNNY WITH TEMPERATURES GOING FROM SIXTY EIGHT TO SEVENTY EIGHT TODAY IN COVINGTON,emotion_3408,intent_3408_last,40,34,82,68,36,46,37
ex03_confused_00226,ex03::IT'S GONNA BE SUNNY WITH TEMPERATURES GOING FROM SIXTY EIGHT TO SEVENTY EIGHT TODAY IN COVINGTON,emotion_3408,speaker_count_3408_last,0,8,60,16,36,24,8
ex03_confused_00226,ex03::IT'S GONNA BE SUNNY WITH TEMPERATURES GOING FROM SIXTY EIGHT TO SEVENTY EIGHT TODAY IN COVINGTON,emotion_3408,speaker_count_3408_last,20,19,60,38,36,24,19
ex03_confused_00226,ex03::IT'S GONNA BE SUNNY WITH TEMPERATURES GOING FROM SIXTY EIGHT TO SEVENTY EIGHT TODAY IN COVINGTON,emotion_3408,speaker_count_3408_last,40,23,60,46,36,24,23
ex03_confused_00226,ex03::IT'S GONNA BE SUNNY WITH TEMPERATURES GOING FROM SIXTY EIGHT TO SEVENTY EIGHT TODAY IN COVINGTON,intent_3408_last,speaker_count_3408_last,0,10,70,20,46,24,10
ex03_confused_00226,ex03::IT'S GONNA BE SUNNY WITH TEMPERATURES GOING FROM SIXTY EIGHT TO SEVENTY EIGHT TODAY IN COVINGTON,intent_3408_last,speaker_count_3408_last,20,19,70,38,46,24,19
ex03_confused_00226,ex03::IT'S GONNA BE SUNNY WITH TEMPERATURES GOING FROM SIXTY EIGHT TO SEVENTY EIGHT TODAY IN COVINGTON,intent_3408_last,speaker_count_3408_last,40,22,70,44,46,24,22
ex03_confused_00269,ex03::DOES THE PROSECUTION HAVE A RECOMMENDATION,asr_3408,emotion_3408,0,12,49,24,32,17,12
ex03_confused_00269,ex03::DOES THE PROSECUTION HAVE A RECOMMENDATION,asr_3408,emotion_3408,20,16,49,32,32,17,16
ex03_confused_00269,ex03::DOES THE PROSECUTION HAVE A RECOMMENDATION,asr_3408,emotion_3408,40,17,49,34,32,17,17
ex03_confused_00269,ex03::DOES THE PROSECUTION HAVE A RECOMMENDATION,asr_3408,intent_3408_last,0,16,55,32,32,23,16
ex03_confused_00269,ex03::DOES THE PROSECUTION HAVE A RECOMMENDATION,asr_3408,intent_3408_last,20,22,55,44,32,23,22
ex03_confused_00269,ex03::DOES THE PROSECUTION HAVE A RECOMMENDATION,asr_3408,intent_3408_last,40,23,55,46,32,23,23
ex03_confused_00269,ex03::DOES THE PROSECUTION HAVE A RECOMMENDATION,asr_3408,speaker_count_3408_last,0,5,43,10,32,11,5
ex03_confused_00269,ex03::DOES THE PROSECUTION HAVE A RECOMMENDATION,asr_3408,speaker_count_3408_last,20,11,43,22,32,11,11
ex03_confused_00269,ex03::DOES THE PROSECUTION HAVE A RECOMMENDATION,asr_3408,speaker_count_3408_last,40,11,43,22,32,11,11
ex03_confused_00269,ex03::DOES THE PROSECUTION HAVE A RECOMMENDATION,emotion_3408,intent_3408_last,0,11,40,22,17,23,11
ex03_confused_00269,ex03::DOES THE PROSECUTION HAVE A RECOMMENDATION,emotion_3408,intent_3408_last,20,17,40,34,17,23,17
ex03_confused_00269,ex03::DOES THE PROSECUTION HAVE A RECOMMENDATION,emotion_3408,intent_3408_last,40,17,40,34,17,23,18
ex03_confused_00269,ex03::DOES THE PROSECUTION HAVE A RECOMMENDATION,emotion_3408,speaker_count_3408_last,0,5,28,10,17,11,5
ex03_confused_00269,ex03::DOES THE PROSECUTION HAVE A RECOMMENDATION,emotion_3408,speaker_count_3408_last,20,10,28,20,17,11,10
ex03_confused_00269,ex03::DOES THE PROSECUTION HAVE A RECOMMENDATION,emotion_3408,speaker_count_3408_last,40,10,28,20,17,11,10
ex03_confused_00269,ex03::DOES THE PROSECUTION HAVE A RECOMMENDATION,intent_3408_last,speaker_count_3408_last,0,5,34,10,23,11,5
ex03_confused_00269,ex03::DOES THE PROSECUTION HAVE A RECOMMENDATION,intent_3408_last,speaker_count_3408_last,20,11,34,22,23,11,11
ex03_confused_00269,ex03::DOES THE PROSECUTION HAVE A RECOMMENDATION,intent_3408_last,speaker_count_3408_last,40,11,34,22,23,11,11
ex03_confused_00285,ex03::DON'T THROW THAT OUT,asr_3408,emotion_3408,0,3,19,6,13,6,3
ex03_confused_00285,ex03::DON'T THROW THAT OUT,asr_3408,emotion_3408,20,5,19,10,13,6,5
ex03_confused_00285,ex03::DON'T THROW THAT OUT,asr_3408,emotion_3408,40,6,19,12,13,6,6
ex03_confused_00285,ex03::DON'T THROW THAT OUT,asr_3408,intent_3408_last,0,8,22,16,13,9,8
ex03_confused_00285,ex03::DON'T THROW THAT OUT,asr_3408,intent_3408_last,20,9,22,18,13,9,9
ex03_confused_00285,ex03::DON'T THROW THAT OUT,asr_3408,intent_3408_last,40,9,22,18,13,9,9
ex03_confused_00285,ex03::DON'T THROW THAT OUT,asr_3408,speaker_count_3408_last,0,2,18,4,13,5,2
ex03_confused_00285,ex03::DON'T THROW THAT OUT,asr_3408,speaker_count_3408_last,20,3,18,6,13,5,3
ex03_confused_00285,ex03::DON'T THROW THAT OUT,asr_3408,speaker_count_3408_last,40,5,18,10,13,5,5
ex03_confused_00285,ex03::DON'T THROW THAT OUT,emotion_3408,intent_3408_last,0,3,15,6,6,9,3
ex03_confused_00285,ex03::DON'T THROW THAT OUT,emotion_3408,intent_3408_last,20,5,15,10,6,9,5
ex03_confused_00285,ex03::DON'T THROW THAT OUT,emotion_3408,intent_3408_last,40,6,15,12,6,9,6
ex03_confused_00285,ex03::DON'T THROW THAT OUT,emotion_3408,speaker_count_3408_last,0,3,11,6,6,5,3
ex03_confused_00285,ex03::DON'T THROW THAT OUT,emotion_3408,speaker_count_3408_last,20,5,11,10,6,5,5
ex03_confused_00285,ex03::DON'T THROW THAT OUT,emotion_3408,speaker_count_3408_last,40,5,11,10,6,5,5
ex03_confused_00285,ex03::DON'T THROW THAT OUT,intent_3408_last,speaker_count_3408_last,0,2,14,4,9,5,2
ex03_confused_00285,ex03::DON'T THROW THAT OUT,intent_3408_last,speaker_count_3408_last,20,3,14,6,9,5,3
ex03_confused_00285,ex03::DON'T THROW THAT OUT,intent_3408_last,speaker_count_3408_last,40,5,14,10,9,5,5
ex03_confused_00343,ex03::OKAY ENOUGH OF THE SPEECHES,asr_3408,emotion_3408,0,7,37,14,25,12,7
ex03_confused_00343,ex03::OKAY ENOUGH OF THE SPEECHES,asr_3408,emotion_3408,20,11,37,22,25,12,11
ex03_confused_00343,ex03::OKAY ENOUGH OF THE SPEECHES,asr_3408,emotion_3408,40,11,37,22,25,12,11
ex03_confused_00343,ex03::OKAY ENOUGH OF THE SPEECHES,asr_3408,intent_3408_last,0,10,43,20,25,18,10
ex03_confused_00343,ex03::OKAY ENOUGH OF THE SPEECHES,asr_3408,intent_3408_last,20,17,43,34,25,18,17
ex03_confused_00343,ex03::OKAY ENOUGH OF THE SPEECHES,asr_3408,intent_3408_last,40,17,43,34,25,18,17
ex03_confused_00343,ex03::OKAY ENOUGH OF THE SPEECHES,asr_3408,speaker_count_3408_last,0,3,32,6,25,7,3
ex03_confused_00343,ex03::OKAY ENOUGH OF THE SPEECHES,asr_3408,speaker_count_3408_last,20,6,32,12,25,7,6
ex03_confused_00343,ex03::OKAY ENOUGH OF THE SPEECHES,asr_3408,speaker_count_3408_last,40,7,32,14,25,7,7
ex03_confused_00343,ex03::OKAY ENOUGH OF THE SPEECHES,emotion_3408,intent_3408_last,0,11,30,22,12,18,11
ex03_confused_00343,ex03::OKAY ENOUGH OF THE SPEECHES,emotion_3408,intent_3408_last,20,12,30,24,12,18,12
ex03_confused_00343,ex03::OKAY ENOUGH OF THE SPEECHES,emotion_3408,intent_3408_last,40,12,30,24,12,18,12
ex03_confused_00343,ex03::OKAY ENOUGH OF THE SPEECHES,emotion_3408,speaker_count_3408_last,0,4,19,8,12,7,4
ex03_confused_00343,ex03::OKAY ENOUGH OF THE SPEECHES,emotion_3408,speaker_count_3408_last,20,5,19,10,12,7,5
ex03_confused_00343,ex03::OKAY ENOUGH OF THE SPEECHES,emotion_3408,speaker_count_3408_last,40,6,19,12,12,7,6
ex03_confused_00343,ex03::OKAY ENOUGH OF THE SPEECHES,intent_3408_last,speaker_count_3408_last,0,4,25,8,18,7,4
ex03_confused_00343,ex03::OKAY ENOUGH OF THE SPEECHES,intent_3408_last,speaker_count_3408_last,20,6,25,12,18,7,6
ex03_confused_00343,ex03::OKAY ENOUGH OF THE SPEECHES,intent_3408_last,speaker_count_3408_last,40,7,25,14,18,7,7
ex03_confused_00376,ex03::HIS NAME IS ADAM BRODY,asr_3408,emotion_3408,0,4,31,8,21,10,4
ex03_confused_00376,ex03::HIS NAME IS ADAM BRODY,asr_3408,emotion_3408,20,9,31,18,21,10,9
ex03_confused_00376,ex03::HIS NAME IS ADAM BRODY,asr_3408,emotion_3408,40,10,31,20,21,10,10
ex03_confused_00376,ex03::HIS NAME IS ADAM BRODY,asr_3408,intent_3408_last,0,10,36,20,21,15,10
ex03_confused_00376,ex03::HIS NAME IS ADAM BRODY,asr_3408,intent_3408_last,20,15,36,30,21,15,15
ex03_confused_00376,ex03::HIS NAME IS ADAM BRODY,asr_3408,intent_3408_last,40,15,36,30,21,15,15
ex03_confused_00376,ex03::HIS NAME IS ADAM BRODY,asr_3408,speaker_count_3408_last,0,2,26,4,21,5,2
ex03_confused_00376,ex03::HIS NAME IS ADAM BRODY,asr_3408,speaker_count_3408_last,20,5,26,10,21,5,5
ex03_confused_00376,ex03::HIS NAME IS ADAM BRODY,asr_3408,speaker_count_3408_last,40,5,26,10,21,5,5
ex03_confused_00376,ex03::HIS NAME IS ADAM BRODY,emotion_3408,intent_3408_last,0,7,25,14,10,15,7
ex03_confused_00376,ex03::HIS NAME IS ADAM BRODY,emotion_3408,intent_3408_last,20,10,25,20,10,15,10
ex03_confused_00376,ex03::HIS NAME IS ADAM BRODY,emotion_3408,intent_3408_last,40,10,25,20,10,15,11
ex03_confused_00376,ex03::HIS NAME IS ADAM BRODY,emotion_3408,speaker_count_3408_last,0,3,15,6,10,5,3
ex03_confused_00376,ex03::HIS NAME IS ADAM BRODY,emotion_3408,speaker_count_3408_last,20,4,15,8,10,5,4
ex03_confused_00376,ex03::HIS NAME IS ADAM BRODY,emotion_3408,speaker_count_3408_last,40,4,15,8,10,5,4
ex03_confused_00376,ex03::HIS NAME IS ADAM BRODY,intent_3408_last,speaker_count_3408_last,0,2,20,4,15,5,2
ex03_confused_00376,ex03::HIS NAME IS ADAM BRODY,intent_3408_last,speaker_count_3408_last,20,4,20,8,15,5,4
ex03_confused_00376,ex03::HIS NAME IS ADAM BRODY,intent_3408_last,speaker_count_3408_last,40,4,20,8,15,5,4
ex03_default_00010,ex03::IS THAT SUCCESS,asr_3408,emotion_3408,0,2,19,4,15,4,2
ex03_default_00010,ex03::IS THAT SUCCESS,asr_3408,emotion_3408,20,4,19,8,15,4,4
ex03_default_00010,ex03::IS THAT SUCCESS,asr_3408,emotion_3408,40,4,19,8,15,4,4
ex03_default_00010,ex03::IS THAT SUCCESS,asr_3408,intent_3408_last,0,6,22,12,15,7,6
ex03_default_00010,ex03::IS THAT SUCCESS,asr_3408,intent_3408_last,20,7,22,14,15,7,7
ex03_default_00010,ex03::IS THAT SUCCESS,asr_3408,intent_3408_last,40,7,22,14,15,7,7
ex03_default_00010,ex03::IS THAT SUCCESS,asr_3408,speaker_count_3408_last,0,2,19,4,15,4,2
ex03_default_00010,ex03::IS THAT SUCCESS,asr_3408,speaker_count_3408_last,20,3,19,6,15,4,3
ex03_default_00010,ex03::IS THAT SUCCESS,asr_3408,speaker_count_3408_last,40,3,19,6,15,4,3
ex03_default_00010,ex03::IS THAT SUCCESS,emotion_3408,intent_3408_last,0,2,11,4,4,7,2
ex03_default_00010,ex03::IS THAT SUCCESS,emotion_3408,intent_3408_last,20,4,11,8,4,7,4
ex03_default_00010,ex03::IS THAT SUCCESS,emotion_3408,intent_3408_last,40,4,11,8,4,7,4
ex03_default_00010,ex03::IS THAT SUCCESS,emotion_3408,speaker_count_3408_last,0,1,8,2,4,4,1
ex03_default_00010,ex03::IS THAT SUCCESS,emotion_3408,speaker_count_3408_last,20,2,8,4,4,4,2
ex03_default_00010,ex03::IS THAT SUCCESS,emotion_3408,speaker_count_3408_last,40,2,8,4,4,4,2
ex03_default_00010,ex03::IS THAT SUCCESS,intent_3408_last,speaker_count_3408_last,0,1,11,2,7,4,1
ex03_default_00010,ex03::IS THAT SUCCESS,intent_3408_last,speaker_count_3408_last,20,2,11,4,7,4,2
ex03_default_00010,ex03::IS THAT SUCCESS,intent_3408_last,speaker_count_3408_last,40,2,11,4,7,4,2
ex03_default_00014,ex03::IS IT THE SHAPE OF THINGS TO COME,asr_3408,emotion_3408,0,7,37,14,25,12,7
ex03_default_00014,ex03::IS IT THE SHAPE OF THINGS TO COME,asr_3408,emotion_3408,20,11,37,22,25,12,11
ex03_default_00014,ex03::IS IT THE SHAPE OF THINGS TO COME,asr_3408,emotion_3408,40,12,37,24,25,12,12
ex03_default_00014,ex03::IS IT THE SHAPE OF THINGS TO COME,asr_3408,intent_3408_last,0,11,40,22,25,15,11
ex03_default_00014,ex03::IS IT THE SHAPE OF THINGS TO COME,asr_3408,intent_3408_last,20,15,40,30,25,15,15
ex03_default_00014,ex03::IS IT THE SHAPE OF THINGS TO COME,asr_3408,intent_3408_last,40,15,40,30,25,15,15
ex03_default_00014,ex03::IS IT THE SHAPE OF THINGS TO COME,asr_3408,speaker_count_3408_last,0,5,31,10,25,6,5
ex03_default_00014,ex03::IS IT THE SHAPE OF THINGS TO COME,asr_3408,speaker_count_3408_last,20,6,31,12,25,6,6
ex03_default_00014,ex03::IS IT THE SHAPE OF THINGS TO COME,asr_3408,speaker_count_3408_last,40,6,31,12,25,6,6
ex03_default_00014,ex03::IS IT THE SHAPE OF THINGS TO COME,emotion_3408,intent_3408_last,0,8,27,16,12,15,8
ex03_default_00014,ex03::IS IT THE SHAPE OF THINGS TO COME,emotion_3408,intent_3408_last,20,10,27,20,12,15,11
ex03_default_00014,ex03::IS IT THE SHAPE OF THINGS TO COME,emotion_3408,intent_3408_last,40,10,27,20,12,15,12
ex03_default_00014,ex03::IS IT THE SHAPE OF THINGS TO COME,emotion_3408,speaker_count_3408_last,0,5,18,10,12,6,5
ex03_default_00014,ex03::IS IT THE SHAPE OF THINGS TO COME,emotion_3408,speaker_count_3408_last,20,5,18,10,12,6,5
ex03_default_00014,ex03::IS IT THE SHAPE OF THINGS TO COME,emotion_3408,speaker_count_3408_last,40,5,18,10,12,6,5
ex03_default_00014,ex03::IS IT THE SHAPE OF THINGS TO COME,intent_3408_last,speaker_count_3408_last,0,5,21,10,15,6,5
ex03_default_00014,ex03::IS IT THE SHAPE OF THINGS TO COME,intent_3408_last,speaker_count_3408_last,20,5,21,10,15,6,5
ex03_default_00014,ex03::IS IT THE SHAPE OF THINGS TO COME,intent_3408_last,speaker_count_3408_last,40,6,21,12,15,6,6
ex03_default_00037,ex03::THE VACANCIES ARE IN SUPPORT SERVICES AND ARTS,asr_3408,emotion_3408,0,6,55,12,34,21,6
ex03_default_00037,ex03::THE VACANCIES ARE IN SUPPORT SERVICES AND ARTS,asr_3408,emotion_3408,20,15,55,30,34,21,16
ex03_default_00037,ex03::THE VACANCIES ARE IN SUPPORT SERVICES AND ARTS,asr_3408,emotion_3408,40,20,55,40,34,21,20
ex03_default_00037,ex03::THE VACANCIES ARE IN SUPPORT SERVICES AND ARTS,asr_3408,intent_3408_last,0,12,58,24,34,24,12
ex03_default_00037,ex03::THE VACANCIES ARE IN SUPPORT SERVICES AND ARTS,asr_3408,intent_3408_last,20,23,58,46,34,24,23
ex03_default_00037,ex03::THE VACANCIES ARE IN SUPPORT SERVICES AND ARTS,asr_3408,intent_3408_last,40,23,58,46,34,24,23
ex03_default_00037,ex03::THE VACANCIES ARE IN SUPPORT SERVICES AND ARTS,asr_3408,speaker_count_3408_last,0,7,46,14,34,12,7
ex03_default_00037,ex03::THE VACANCIES ARE IN SUPPORT SERVICES AND ARTS,asr_3408,speaker_count_3408_last,20,10,46,20,34,12,10
ex03_default_00037,ex03::THE VACANCIES ARE IN SUPPORT SERVICES AND ARTS,asr_3408,speaker_count_3408_last,40,10,46,20,34,12,10
ex03_default_00037,ex03::THE VACANCIES ARE IN SUPPORT SERVICES AND ARTS,emotion_3408,intent_3408_last,0,12,45,24,21,24,12
ex03_default_00037,ex03::THE VACANCIES ARE IN SUPPORT SERVICES AND ARTS,emotion_3408,intent_3408_last,20,16,45,32,21,24,17
ex03_default_00037,ex03::THE VACANCIES ARE IN SUPPORT SERVICES AND ARTS,emotion_3408,intent_3408_last,40,18,45,36,21,24,19
ex03_default_00037,ex03::THE VACANCIES ARE IN SUPPORT SERVICES AND ARTS,emotion_3408,speaker_count_3408_last,0,7,33,14,21,12,7
ex03_default_00037,ex03::THE VACANCIES ARE IN SUPPORT SERVICES AND ARTS,emotion_3408,speaker_count_3408_last,20,9,33,18,21,12,9
ex03_default_00037,ex03::THE VACANCIES ARE IN SUPPORT SERVICES AND ARTS,emotion_3408,speaker_count_3408_last,40,10,33,20,21,12,10
ex03_default_00037,ex03::THE VACANCIES ARE IN SUPPORT SERVICES AND ARTS,intent_3408_last,speaker_count_3408_last,0,7,36,14,24,12,7
ex03_default_00037,ex03::THE VACANCIES ARE IN SUPPORT SERVICES AND ARTS,intent_3408_last,speaker_count_3408_last,20,8,36,16,24,12,8
ex03_default_00037,ex03::THE VACANCIES ARE IN SUPPORT SERVICES AND ARTS,intent_3408_last,speaker_count_3408_last,40,9,36,18,24,12,9
ex03_default_00040,ex03::HOW ARE YOU SIR,asr_3408,emotion_3408,0,3,13,6,10,3,3
ex03_default_00040,ex03::HOW ARE YOU SIR,asr_3408,emotion_3408,20,3,13,6,10,3,3
ex03_default_00040,ex03::HOW ARE YOU SIR,asr_3408,emotion_3408,40,3,13,6,10,3,3
ex03_default_00040,ex03::HOW ARE YOU SIR,asr_3408,intent_3408_last,0,5,17,10,10,7,5
ex03_default_00040,ex03::HOW ARE YOU SIR,asr_3408,intent_3408_last,20,7,17,14,10,7,7
ex03_default_00040,ex03::HOW ARE YOU SIR,asr_3408,intent_3408_last,40,7,17,14,10,7,7
ex03_default_00040,ex03::HOW ARE YOU SIR,asr_3408,speaker_count_3408_last,0,2,13,4,10,3,2
ex03_default_00040,ex03::HOW ARE YOU SIR,asr_3408,speaker_count_3408_last,20,2,13,4,10,3,2
ex03_default_00040,ex03::HOW ARE YOU SIR,asr_3408,speaker_count_3408_last,40,2,13,4,10,3,2
ex03_default_00040,ex03::HOW ARE YOU SIR,emotion_3408,intent_3408_last,0,3,10,6,3,7,3
ex03_default_00040,ex03::HOW ARE YOU SIR,emotion_3408,intent_3408_last,20,3,10,6,3,7,3
ex03_default_00040,ex03::HOW ARE YOU SIR,emotion_3408,intent_3408_last,40,3,10,6,3,7,3
ex03_default_00040,ex03::HOW ARE YOU SIR,emotion_3408,speaker_count_3408_last,0,2,6,4,3,3,2
ex03_default_00040,ex03::HOW ARE YOU SIR,emotion_3408,speaker_count_3408_last,20,2,6,4,3,3,2
ex03_default_00040,ex03::HOW ARE YOU SIR,emotion_3408,speaker_count_3408_last,40,2,6,4,3,3,2
ex03_default_00040,ex03::HOW ARE YOU SIR,intent_3408_last,speaker_count_3408_last,0,2,10,4,7,3,2
ex03_default_00040,ex03::HOW ARE YOU SIR,intent_3408_last,speaker_count_3408_last,20,2,10,4,7,3,2
ex03_default_00040,ex03::HOW ARE YOU SIR,intent_3408_last,speaker_count_3408_last,40,2,10,4,7,3,2
ex03_default_00104,ex03::GRANNY SMITH APPLES YOUR FAVORITE,asr_3408,emotion_3408,0,5,37,10,25,12,5
ex03_default_00104,ex03::GRANNY SMITH APPLES YOUR FAVORITE,asr_3408,emotion_3408,20,11,37,22,25,12,11
ex03_default_00104,ex03::GRANNY SMITH APPLES YOUR FAVORITE,asr_3408,emotion_3408,40,12,37,24,25,12,12
ex03_default_00104,ex03::GRANNY SMITH APPLES YOUR FAVORITE,asr_3408,intent_3408_last,0,7,40,14,25,15,7
ex03_default_00104,ex03::GRANNY SMITH APPLES YOUR FAVORITE,asr_3408,intent_3408_last,20,14,40,28,25,15,14
ex03_default_00104,ex03::GRANNY SMITH APPLES YOUR FAVORITE,asr_3408,intent_3408_last,40,15,40,30,25,15,15
ex03_default_00104,ex03::GRANNY SMITH APPLES YOUR FAVORITE,asr_3408,speaker_count_3408_last,0,3,31,6,25,6,3
ex03_default_00104,ex03::GRANNY SMITH APPLES YOUR FAVORITE,asr_3408,speaker_count_3408_last,20,6,31,12,25,6,6
ex03_default_00104,ex03::GRANNY SMITH APPLES YOUR FAVORITE,asr_3408,speaker_count_3408_last,40,6,31,12,25,6,6
ex03_default_00104,ex03::GRANNY SMITH APPLES YOUR FAVORITE,emotion_3408,intent_3408_last,0,10,27,20,12,15,10
ex03_default_00104,ex03::GRANNY SMITH APPLES YOUR FAVORITE,emotion_3408,intent_3408_last,20,11,27,22,12,15,11
ex03_default_00104,ex03::GRANNY SMITH APPLES YOUR FAVORITE,emotion_3408,intent_3408_last,40,11,27,22,12,15,11
ex03_default_00104,ex03::GRANNY SMITH APPLES YOUR FAVORITE,emotion_3408,speaker_count_3408_last,0,3,18,6,12,6,3
ex03_default_00104,ex03::GRANNY SMITH APPLES YOUR FAVORITE,emotion_3408,speaker_count_3408_last,20,5,18,10,12,6,5
ex03_default_00104,ex03::GRANNY SMITH APPLES YOUR FAVORITE,emotion_3408,speaker_count_3408_last,40,5,18,10,12,6,5
ex03_default_00104,ex03::GRANNY SMITH APPLES YOUR FAVORITE,intent_3408_last,speaker_count_3408_last,0,4,21,8,15,6,4
ex03_default_00104,ex03::GRANNY SMITH APPLES YOUR FAVORITE,intent_3408_last,speaker_count_3408_last,20,6,21,12,15,6,6
ex03_default_00104,ex03::GRANNY SMITH APPLES YOUR FAVORITE,intent_3408_last,speaker_count_3408_last,40,6,21,12,15,6,6
ex03_default_00134,ex03::WHO STARS IN THE NUTTY PROFESSOR,asr_3408,emotion_3408,0,7,35,14,23,12,7
ex03_default_00134,ex03::WHO STARS IN THE NUTTY PROFESSOR,asr_3408,emotion_3408,20,11,35,22,23,12,11
ex03_default_00134,ex03::WHO STARS IN THE NUTTY PROFESSOR,asr_3408,emotion_3408,40,11,35,22,23,12,11
ex03_default_00134,ex03::WHO STARS IN THE NUTTY PROFESSOR,asr_3408,intent_3408_last,0,11,38,22,23,15,11
ex03_default_00134,ex03::WHO STARS IN THE NUTTY PROFESSOR,asr_3408,intent_3408_last,20,14,38,28,23,15,14
ex03_default_00134,ex03::WHO STARS IN THE NUTTY PROFESSOR,asr_3408,intent_3408_last,40,14,38,28,23,15,14
ex03_default_00134,ex03::WHO STARS IN THE NUTTY PROFESSOR,asr_3408,speaker_count_3408_last,0,4,30,8,23,7,4
ex03_default_00134,ex03::WHO STARS IN THE NUTTY PROFESSOR,asr_3408,speaker_count_3408_last,20,7,30,14,23,7,7
ex03_default_00134,ex03::WHO STARS IN THE NUTTY PROFESSOR,asr_3408,speaker_count_3408_last,40,7,30,14,23,7,7
ex03_default_00134,ex03::WHO STARS IN THE NUTTY PROFESSOR,emotion_3408,intent_3408_last,0,9,27,18,12,15,9
ex03_default_00134,ex03::WHO STARS IN THE NUTTY PROFESSOR,emotion_3408,intent_3408_last,20,11,27,22,12,15,11
ex03_default_00134,ex03::WHO STARS IN THE NUTTY PROFESSOR,emotion_3408,intent_3408_last,40,11,27,22,12,15,11
ex03_default_00134,ex03::WHO STARS IN THE NUTTY PROFESSOR,emotion_3408,speaker_count_3408_last,0,4,19,8,12,7,4
ex03_default_00134,ex03::WHO STARS IN THE NUTTY PROFESSOR,emotion_3408,speaker_count_3408_last,20,6,19,12,12,7,6
ex03_default_00134,ex03::WHO STARS IN THE NUTTY PROFESSOR,emotion_3408,speaker_count_3408_last,40,6,19,12,12,7,6
ex03_default_00134,ex03::WHO STARS IN THE NUTTY PROFESSOR,intent_3408_last,speaker_count_3408_last,0,4,22,8,15,7,4
ex03_default_00134,ex03::WHO STARS IN THE NUTTY PROFESSOR,intent_3408_last,speaker_count_3408_last,20,5,22,10,15,7,5
ex03_default_00134,ex03::WHO STARS IN THE NUTTY PROFESSOR,intent_3408_last,speaker_count_3408_last,40,6,22,12,15,7,6
ex03_default_00143,ex03::OH ME TOO,asr_3408,emotion_3408,0,2,10,4,7,3,2
ex03_default_00143,ex03::OH ME TOO,asr_3408,emotion_3408,20,3,10,6,7,3,3
ex03_default_00143,ex03::OH ME TOO,asr_3408,emotion_3408,40,3,10,6,7,3,3
ex03_default_00143,ex03::OH ME TOO,asr_3408,intent_3408_last,0,4,11,8,7,4,4
ex03_default_00143,ex03::OH ME TOO,asr_3408,intent_3408_last,20,4,11,8,7,4,4
ex03_default_00143,ex03::OH ME TOO,asr_3408,intent_3408_last,40,4,11,8,7,4,4
ex03_default_00143,ex03::OH ME TOO,asr_3408,speaker_count_3408_last,0,2,9,4,7,2,2
ex03_default_00143,ex03::OH ME TOO,asr_3408,speaker_count_3408_last,20,2,9,4,7,2,2
ex03_default_00143,ex03::OH ME TOO,asr_3408,speaker_count_3408_last,40,2,9,4,7,2,2
ex03_default_00143,ex03::OH ME TOO,emotion_3408,intent_3408_last,0,2,7,4,3,4,2
ex03_default_00143,ex03::OH ME TOO,emotion_3408,intent_3408_last,20,3,7,6,3,4,3
ex03_default_00143,ex03::OH ME TOO,emotion_3408,intent_3408_last,40,3,7,6,3,4,3
ex03_default_00143,ex03::OH ME TOO,emotion_3408,speaker_count_3408_last,0,2,5,4,3,2,2
ex03_default_00143,ex03::OH ME TOO,emotion_3408,speaker_count_3408_last,20,2,5,4,3,2,2
ex03_default_00143,ex03::OH ME TOO,emotion_3408,speaker_count_3408_last,40,2,5,4,3,2,2
ex03_default_00143,ex03::OH ME TOO,intent_3408_last,speaker_count_3408_last,0,2,6,4,4,2,2
ex03_default_00143,ex03::OH ME TOO,intent_3408_last,speaker_count_3408_last,20,2,6,4,4,2,2
ex03_default_00143,ex03::OH ME TOO,intent_3408_last,speaker_count_3408_last,40,2,6,4,4,2,2
ex03_default_00175,ex03::WHAT IS TAI CHI,asr_3408,emotion_3408,0,4,16,8,11,5,4
ex03_default_00175,ex03::WHAT IS TAI CHI,asr_3408,emotion_3408,20,5,16,10,11,5,5
ex03_default_00175,ex03::WHAT IS TAI CHI,asr_3408,emotion_3408,40,5,16,10,11,5,5
ex03_default_00175,ex03::WHAT IS TAI CHI,asr_3408,intent_3408_last,0,6,18,12,11,7,6
ex03_default_00175,ex03::WHAT IS TAI CHI,asr_3408,intent_3408_last,20,7,18,14,11,7,7
ex03_default_00175,ex03::WHAT IS TAI CHI,asr_3408,intent_3408_last,40,7,18,14,11,7,7
ex03_default_00175,ex03::WHAT IS TAI CHI,asr_3408,speaker_count_3408_last,0,2,13,4,11,2,2
ex03_default_00175,ex03::WHAT IS TAI CHI,asr_3408,speaker_count_3408_last,20,2,13,4,11,2,2
ex03_default_00175,ex03::WHAT IS TAI CHI,asr_3408,speaker_count_3408_last,40,2,13,4,11,2,2
ex03_default_00175,ex03::WHAT IS TAI CHI,emotion_3408,intent_3408_last,0,4,12,8,5,7,4
ex03_default_00175,ex03::WHAT IS TAI CHI,emotion_3408,intent_3408_last,20,5,12,10,5,7,5
ex03_default_00175,ex03::WHAT IS TAI CHI,emotion_3408,intent_3408_last,40,5,12,10,5,7,5
ex03_default_00175,ex03::WHAT IS TAI CHI,emotion_3408,speaker_count_3408_last,0,2,7,4,5,2,2
ex03_default_00175,ex03::WHAT IS TAI CHI,emotion_3408,speaker_count_3408_last,20,2,7,4,5,2,2
ex03_default_00175,ex03::WHAT IS TAI CHI,emotion_3408,speaker_count_3408_last,40,2,7,4,5,2,2
ex03_default_00175,ex03::WHAT IS TAI CHI,intent_3408_last,speaker_count_3408_last,0,2,9,4,7,2,2
ex03_default_00175,ex03::WHAT IS TAI CHI,intent_3408_last,speaker_count_3408_last,20,2,9,4,7,2,2
ex03_default_00175,ex03::WHAT IS TAI CHI,intent_3408_last,speaker_count_3408_last,40,2,9,4,7,2,2
ex03_default_00198,ex03::OF COURSE HE DOES,asr_3408,emotion_3408,0,2,16,4,13,3,2
ex03_default_00198,ex03::OF COURSE HE DOES,asr_3408,emotion_3408,20,2,16,4,13,3,2
ex03_default_00198,ex03::OF COURSE HE DOES,asr_3408,emotion_3408,40,3,16,6,13,3,3
ex03_default_00198,ex03::OF COURSE HE DOES,asr_3408,intent_3408_last,0,7,21,14,13,8,7
ex03_default_00198,ex03::OF COURSE HE DOES,asr_3408,intent_3408_last,20,8,21,16,13,8,8
ex03_default_00198,ex03::OF COURSE HE DOES,asr_3408,intent_3408_last,40,8,21,16,13,8,8
ex03_default_00198,ex03::OF COURSE HE DOES,asr_3408,speaker_count_3408_last,0,2,17,4,13,4,2
ex03_default_00198,ex03::OF COURSE HE DOES,asr_3408,speaker_count_3408_last,20,4,17,8,13,4,4
ex03_default_00198,ex03::OF COURSE HE DOES,asr_3408,speaker_count_3408_last,40,4,17,8,13,4,4
ex03_default_00198,ex03::OF COURSE HE DOES,emotion_3408,intent_3408_last,0,2,11,4,3,8,2
ex03_default_00198,ex03::OF COURSE HE DOES,emotion_3408,intent_3408_last,20,2,11,4,3,8,2
ex03_default_00198,ex03::OF COURSE HE DOES,emotion_3408,intent_3408_last,40,3,11,6,3,8,4
ex03_default_00198,ex03::OF COURSE HE DOES,emotion_3408,speaker_count_3408_last,0,1,7,2,3,4,1
ex03_default_00198,ex03::OF COURSE HE DOES,emotion_3408,speaker_count_3408_last,20,2,7,4,3,4,2
ex03_default_00198,ex03::OF COURSE HE DOES,emotion_3408,speaker_count_3408_last,40,2,7,4,3,4,2
ex03_default_00198,ex03::OF COURSE HE DOES,intent_3408_last,speaker_count_3408_last,0,2,12,4,8,4,2
ex03_default_00198,ex03::OF COURSE HE DOES,intent_3408_last,speaker_count_3408_last,20,4,12,8,8,4,4
ex03_default_00198,ex03::OF COURSE HE DOES,intent_3408_last,speaker_count_3408_last,40,4,12,8,8,4,4
ex03_default_00205,ex03::MILESTONES FOR ALEX AND THE OTHER TRAVEL ZOO BREAK OUT YOUR SCORECARDS,asr_3408,emotion_3408,0,11,75,22,50,25,11
ex03_default_00205,ex03::MILESTONES FOR ALEX AND THE OTHER TRAVEL ZOO BREAK OUT YOUR SCORECARDS,asr_3408,emotion_3408,20,23,75,46,50,25,23
ex03_default_00205,ex03::MILESTONES FOR ALEX AND THE OTHER TRAVEL ZOO BREAK OUT YOUR SCORECARDS,asr_3408,emotion_3408,40,25,75,50,50,25,25
ex03_default_00205,ex03::MILESTONES FOR ALEX AND THE OTHER TRAVEL ZOO BREAK OUT YOUR SCORECARDS,asr_3408,intent_3408_last,0,23,85,46,50,35,23
ex03_default_00205,ex03::MILESTONES FOR ALEX AND THE OTHER TRAVEL ZOO BREAK OUT YOUR SCORECARDS,asr_3408,intent_3408_last,20,35,85,70,50,35,35
ex03_default_00205,ex03::MILESTONES FOR ALEX AND THE OTHER TRAVEL ZOO BREAK OUT YOUR SCORECARDS,asr_3408,intent_3408_last,40,35,85,70,50,35,35
ex03_default_00205,ex03::MILESTONES FOR ALEX AND THE OTHER TRAVEL ZOO BREAK OUT YOUR SCORECARDS,asr_3408,speaker_count_3408_last,0,11,64,22,50,14,11
ex03_default_00205,ex03::MILESTONES FOR ALEX AND THE OTHER TRAVEL ZOO BREAK OUT YOUR SCORECARDS,asr_3408,speaker_count_3408_last,20,13,64,26,50,14,13
ex03_default_00205,ex03::MILESTONES FOR ALEX AND THE OTHER TRAVEL ZOO BREAK OUT YOUR SCORECARDS,asr_3408,speaker_count_3408_last,40,14,64,28,50,14,14
ex03_default_00205,ex03::MILESTONES FOR ALEX AND THE OTHER TRAVEL ZOO BREAK OUT YOUR SCORECARDS,emotion_3408,intent_3408_last,0,12,60,24,25,35,12
ex03_default_00205,ex03::MILESTONES FOR ALEX AND THE OTHER TRAVEL ZOO BREAK OUT YOUR SCORECARDS,emotion_3408,intent_3408_last,20,24,60,48,25,35,24
ex03_default_00205,ex03::MILESTONES FOR ALEX AND THE OTHER TRAVEL ZOO BREAK OUT YOUR SCORECARDS,emotion_3408,intent_3408_last,40,25,60,50,25,35,26
ex03_default_00205,ex03::MILESTONES FOR ALEX AND THE OTHER TRAVEL ZOO BREAK OUT YOUR SCORECARDS,emotion_3408,speaker_count_3408_last,0,6,39,12,25,14,6
ex03_default_00205,ex03::MILESTONES FOR ALEX AND THE OTHER TRAVEL ZOO BREAK OUT YOUR SCORECARDS,emotion_3408,speaker_count_3408_last,20,11,39,22,25,14,11
ex03_default_00205,ex03::MILESTONES FOR ALEX AND THE OTHER TRAVEL ZOO BREAK OUT YOUR SCORECARDS,emotion_3408,speaker_count_3408_last,40,13,39,26,25,14,13
ex03_default_00205,ex03::MILESTONES FOR ALEX AND THE OTHER TRAVEL ZOO BREAK OUT YOUR SCORECARDS,intent_3408_last,speaker_count_3408_last,0,7,49,14,35,14,7
ex03_default_00205,ex03::MILESTONES FOR ALEX AND THE OTHER TRAVEL ZOO BREAK OUT YOUR SCORECARDS,intent_3408_last,speaker_count_3408_last,20,14,49,28,35,14,14
ex03_default_00205,ex03::MILESTONES FOR ALEX AND THE OTHER TRAVEL ZOO BREAK OUT YOUR SCORECARDS,intent_3408_last,speaker_count_3408_last,40,14,49,28,35,14,14
ex03_default_00226,ex03::IT'S GONNA BE SUNNY WITH TEMPERATURES GOING FROM SIXTY EIGHT TO SEVENTY EIGHT TODAY IN COVINGTON,asr_3408,emotion_3408,0,24,89,48,61,28,24
ex03_default_00226,ex03::IT'S GONNA BE SUNNY WITH TEMPERATURES GOING FROM SIXTY EIGHT TO SEVENTY EIGHT TODAY IN COVINGTON,asr_3408,emotion_3408,20,28,89,56,61,28,28
ex03_default_00226,ex03::IT'S GONNA BE SUNNY WITH TEMPERATURES GOING FROM SIXTY EIGHT TO SEVENTY EIGHT TODAY IN COVINGTON,asr_3408,emotion_3408,40,28,89,56,61,28,28
ex03_default_00226,ex03::IT'S GONNA BE SUNNY WITH TEMPERATURES GOING FROM SIXTY EIGHT TO SEVENTY EIGHT TODAY IN COVINGTON,asr_3408,intent_3408_last,0,29,96,58,61,35,29
ex03_default_00226,ex03::IT'S GONNA BE SUNNY WITH TEMPERATURES GOING FROM SIXTY EIGHT TO SEVENTY EIGHT TODAY IN COVINGTON,asr_3408,intent_3408_last,20,34,96,68,61,35,34
ex03_default_00226,ex03::IT'S GONNA BE SUNNY WITH TEMPERATURES GOING FROM SIXTY EIGHT TO SEVENTY EIGHT TODAY IN COVINGTON,asr_3408,intent_3408_last,40,35,96,70,61,35,35
ex03_default_00226,ex03::IT'S GONNA BE SUNNY WITH TEMPERATURES GOING FROM SIXTY EIGHT TO SEVENTY EIGHT TODAY IN COVINGTON,asr_3408,speaker_count_3408_last,0,7,79,14,61,18,7
ex03_default_00226,ex03::IT'S GONNA BE SUNNY WITH TEMPERATURES GOING FROM SIXTY EIGHT TO SEVENTY EIGHT TODAY IN COVINGTON,asr_3408,speaker_count_3408_last,20,16,79,32,61,18,16
ex03_default_00226,ex03::IT'S GONNA BE SUNNY WITH TEMPERATURES GOING FROM SIXTY EIGHT TO SEVENTY EIGHT TODAY IN COVINGTON,asr_3408,speaker_count_3408_last,40,18,79,36,61,18,18
ex03_default_00226,ex03::IT'S GONNA BE SUNNY WITH TEMPERATURES GOING FROM SIXTY EIGHT TO SEVENTY EIGHT TODAY IN COVINGTON,emotion_3408,intent_3408_last,0,22,63,44,28,35,22
ex03_default_00226,ex03::IT'S GONNA BE SUNNY WITH TEMPERATURES GOING FROM SIXTY EIGHT TO SEVENTY EIGHT TODAY IN COVINGTON,emotion_3408,intent_3408_last,20,26,63,52,28,35,26
ex03_default_00226,ex03::IT'S GONNA BE SUNNY WITH TEMPERATURES GOING FROM SIXTY EIGHT TO SEVENTY EIGHT TODAY IN COVINGTON,emotion_3408,intent_3408_last,40,28,63,56,28,35,29
ex03_default_00226,ex03::IT'S GONNA BE SUNNY WITH TEMPERATURES GOING FROM SIXTY EIGHT TO SEVENTY EIGHT TODAY IN COVINGTON,emotion_3408,speaker_count_3408_last,0,6,46,12,28,18,6
ex03_default_00226,ex03::IT'S GONNA BE SUNNY WITH TEMPERATURES GOING FROM SIXTY EIGHT TO SEVENTY EIGHT TODAY IN COVINGTON,emotion_3408,speaker_count_3408_last,20,13,46,26,28,18,13
ex03_default_00226,ex03::IT'S GONNA BE SUNNY WITH TEMPERATURES GOING FROM SIXTY EIGHT TO SEVENTY EIGHT TODAY IN COVINGTON,emotion_3408,speaker_count_3408_last,40,15,46,30,28,18,15
ex03_default_00226,ex03::IT'S GONNA BE SUNNY WITH TEMPERATURES GOING FROM SIXTY EIGHT TO SEVENTY EIGHT TODAY IN COVINGTON,intent_3408_last,speaker_count_3408_last,0,7,53,14,35,18,7
ex03_default_00226,ex03::IT'S GONNA BE SUNNY WITH TEMPERATURES GOING FROM SIXTY EIGHT TO SEVENTY EIGHT TODAY IN COVINGTON,intent_3408_last,speaker_count_3408_last,20,16,53,32,35,18,16
ex03_default_00226,ex03::IT'S GONNA BE SUNNY WITH TEMPERATURES GOING FROM SIXTY EIGHT TO SEVENTY EIGHT TODAY IN COVINGTON,intent_3408_last,speaker_count_3408_last,40,16,53,32,35,18,16
ex03_default_00269,ex03::DOES THE PROSECUTION HAVE A RECOMMENDATION,asr_3408,emotion_3408,0,12,48,24,31,17,12
ex03_default_00269,ex03::DOES THE PROSECUTION HAVE A RECOMMENDATION,asr_3408,emotion_3408,20,15,48,30,31,17,15
ex03_default_00269,ex03::DOES THE PROSECUTION HAVE A RECOMMENDATION,asr_3408,emotion_3408,40,16,48,32,31,17,16
ex03_default_00269,ex03::DOES THE PROSECUTION HAVE A RECOMMENDATION,asr_3408,intent_3408_last,0,12,50,24,31,19,12
ex03_default_00269,ex03::DOES THE PROSECUTION HAVE A RECOMMENDATION,asr_3408,intent_3408_last,20,18,50,36,31,19,18
ex03_default_00269,ex03::DOES THE PROSECUTION HAVE A RECOMMENDATION,asr_3408,intent_3408_last,40,19,50,38,31,19,19
ex03_default_00269,ex03::DOES THE PROSECUTION HAVE A RECOMMENDATION,asr_3408,speaker_count_3408_last,0,7,42,14,31,11,7
ex03_default_00269,ex03::DOES THE PROSECUTION HAVE A RECOMMENDATION,asr_3408,speaker_count_3408_last,20,10,42,20,31,11,10
ex03_default_00269,ex03::DOES THE PROSECUTION HAVE A RECOMMENDATION,asr_3408,speaker_count_3408_last,40,11,42,22,31,11,11
ex03_default_00269,ex03::DOES THE PROSECUTION HAVE A RECOMMENDATION,emotion_3408,intent_3408_last,0,13,36,26,17,19,13
ex03_default_00269,ex03::DOES THE PROSECUTION HAVE A RECOMMENDATION,emotion_3408,intent_3408_last,20,16,36,32,17,19,16
ex03_default_00269,ex03::DOES THE PROSECUTION HAVE A RECOMMENDATION,emotion_3408,intent_3408_last,40,16,36,32,17,19,16
ex03_default_00269,ex03::DOES THE PROSECUTION HAVE A RECOMMENDATION,emotion_3408,speaker_count_3408_last,0,6,28,12,17,11,6
ex03_default_00269,ex03::DOES THE PROSECUTION HAVE A RECOMMENDATION,emotion_3408,speaker_count_3408_last,20,8,28,16,17,11,8
ex03_default_00269,ex03::DOES THE PROSECUTION HAVE A RECOMMENDATION,emotion_3408,speaker_count_3408_last,40,10,28,20,17,11,10
ex03_default_00269,ex03::DOES THE PROSECUTION HAVE A RECOMMENDATION,intent_3408_last,speaker_count_3408_last,0,5,30,10,19,11,5
ex03_default_00269,ex03::DOES THE PROSECUTION HAVE A RECOMMENDATION,intent_3408_last,speaker_count_3408_last,20,9,30,18,19,11,9
ex03_default_00269,ex03::DOES THE PROSECUTION HAVE A RECOMMENDATION,intent_3408_last,speaker_count_3408_last,40,10,30,20,19,11,10
ex03_default_00285,ex03::DON'T THROW THAT OUT,asr_3408,emotion_3408,0,3,17,6,13,4,3
ex03_default_00285,ex03::DON'T THROW THAT OUT,asr_3408,emotion_3408,20,4,17,8,13,4,4
ex03_default_00285,ex03::DON'T THROW THAT OUT,asr_3408,emotion_3408,40,4,17,8,13,4,4
ex03_default_00285,ex03::DON'T THROW THAT OUT,asr_3408,intent_3408_last,0,6,20,12,13,7,6
ex03_default_00285,ex03::DON'T THROW THAT OUT,asr_3408,intent_3408_last,20,7,20,14,13,7,7
ex03_default_00285,ex03::DON'T THROW THAT OUT,asr_3408,intent_3408_last,40,7,20,14,13,7,7
ex03_default_00285,ex03::DON'T THROW THAT OUT,asr_3408,speaker_count_3408_last,0,2,15,4,13,2,2
ex03_default_00285,ex03::DON'T THROW THAT OUT,asr_3408,speaker_count_3408_last,20,2,15,4,13,2,2
ex03_default_00285,ex03::DON'T THROW THAT OUT,asr_3408,speaker_count_3408_last,40,2,15,4,13,2,2
ex03_default_00285,ex03::DON'T THROW THAT OUT,emotion_3408,intent_3408_last,0,3,11,6,4,7,3
ex03_default_00285,ex03::DON'T THROW THAT OUT,emotion_3408,intent_3408_last,20,4,11,8,4,7,4
ex03_default_00285,ex03::DON'T THROW THAT OUT,emotion_3408,intent_3408_last,40,4,11,8,4,7,4
ex03_default_00285,ex03::DON'T THROW THAT OUT,emotion_3408,speaker_count_3408_last,0,1,6,2,4,2,1
ex03_default_00285,ex03::DON'T THROW THAT OUT,emotion_3408,speaker_count_3408_last,20,2,6,4,4,2,2
ex03_default_00285,ex03::DON'T THROW THAT OUT,emotion_3408,speaker_count_3408_last,40,2,6,4,4,2,2
ex03_default_00285,ex03::DON'T THROW THAT OUT,intent_3408_last,speaker_count_3408_last,0,2,9,4,7,2,2
ex03_default_00285,ex03::DON'T THROW THAT OUT,intent_3408_last,speaker_count_3408_last,20,2,9,4,7,2,2
ex03_default_00285,ex03::DON'T THROW THAT OUT,intent_3408_last,speaker_count_3408_last,40,2,9,4,7,2,2
ex03_default_00343,ex03::OKAY ENOUGH OF THE SPEECHES,asr_3408,emotion_3408,0,8,30,16,21,9,8
ex03_default_00343,ex03::OKAY ENOUGH OF THE SPEECHES,asr_3408,emotion_3408,20,9,30,18,21,9,9
ex03_default_00343,ex03::OKAY ENOUGH OF THE SPEECHES,asr_3408,emotion_3408,40,9,30,18,21,9,9
ex03_default_00343,ex03::OKAY ENOUGH OF THE SPEECHES,asr_3408,intent_3408_last,0,12,37,24,21,16,12
ex03_default_00343,ex03::OKAY ENOUGH OF THE SPEECHES,asr_3408,intent_3408_last,20,15,37,30,21,16,15
ex03_default_00343,ex03::OKAY ENOUGH OF THE SPEECHES,asr_3408,intent_3408_last,40,16,37,32,21,16,16
ex03_default_00343,ex03::OKAY ENOUGH OF THE SPEECHES,asr_3408,speaker_count_3408_last,0,2,29,4,21,8,2
ex03_default_00343,ex03::OKAY ENOUGH OF THE SPEECHES,asr_3408,speaker_count_3408_last,20,6,29,12,21,8,6
ex03_default_00343,ex03::OKAY ENOUGH OF THE SPEECHES,asr_3408,speaker_count_3408_last,40,7,29,14,21,8,7
ex03_default_00343,ex03::OKAY ENOUGH OF THE SPEECHES,emotion_3408,intent_3408_last,0,8,25,16,9,16,8
ex03_default_00343,ex03::OKAY ENOUGH OF THE SPEECHES,emotion_3408,intent_3408_last,20,8,25,16,9,16,8
ex03_default_00343,ex03::OKAY ENOUGH OF THE SPEECHES,emotion_3408,intent_3408_last,40,9,25,18,9,16,10
ex03_default_00343,ex03::OKAY ENOUGH OF THE SPEECHES,emotion_3408,speaker_count_3408_last,0,2,17,4,9,8,2
ex03_default_00343,ex03::OKAY ENOUGH OF THE SPEECHES,emotion_3408,speaker_count_3408_last,20,6,17,12,9,8,6
ex03_default_00343,ex03::OKAY ENOUGH OF THE SPEECHES,emotion_3408,speaker_count_3408_last,40,7,17,14,9,8,7
ex03_default_00343,ex03::OKAY ENOUGH OF THE SPEECHES,intent_3408_last,speaker_count_3408_last,0,2,24,4,16,8,2
ex03_default_00343,ex03::OKAY ENOUGH OF THE SPEECHES,intent_3408_last,speaker_count_3408_last,20,6,24,12,16,8,6
ex03_default_00343,ex03::OKAY ENOUGH OF THE SPEECHES,intent_3408_last,speaker_count_3408_last,40,7,24,14,16,8,7
ex03_default_00376,ex03::HIS NAME IS ADAM BRODY,asr_3408,emotion_3408,0,4,29,8,20,9,4
ex03_default_00376,ex03::HIS NAME IS ADAM BRODY,asr_3408,emotion_3408,20,8,29,16,20,9,8
ex03_default_00376,ex03::HIS NAME IS ADAM BRODY,asr_3408,emotion_3408,40,9,29,18,20,9,9
ex03_default_00376,ex03::HIS NAME IS ADAM BRODY,asr_3408,intent_3408_last,0,12,33,24,20,13,12
ex03_default_00376,ex03::HIS NAME IS ADAM BRODY,asr_3408,intent_3408_last,20,13,33,26,20,13,13
ex03_default_00376,ex03::HIS NAME IS ADAM BRODY,asr_3408,intent_3408_last,40,13,33,26,20,13,13
ex03_default_00376,ex03::HIS NAME IS ADAM BRODY,asr_3408,speaker_count_3408_last,0,0,24,0,20,4,0
ex03_default_00376,ex03::HIS NAME IS ADAM BRODY,asr_3408,speaker_count_3408_last,20,4,24,8,20,4,4
ex03_default_00376,ex03::HIS NAME IS ADAM BRODY,asr_3408,speaker_count_3408_last,40,4,24,8,20,4,4
ex03_default_00376,ex03::HIS NAME IS ADAM BRODY,emotion_3408,intent_3408_last,0,4,22,8,9,13,4
ex03_default_00376,ex03::HIS NAME IS ADAM BRODY,emotion_3408,intent_3408_last,20,7,22,14,9,13,7
ex03_default_00376,ex03::HIS NAME IS ADAM BRODY,emotion_3408,intent_3408_last,40,9,22,18,9,13,9
ex03_default_00376,ex03::HIS NAME IS ADAM BRODY,emotion_3408,speaker_count_3408_last,0,1,13,2,9,4,1
ex03_default_00376,ex03::HIS NAME IS ADAM BRODY,emotion_3408,speaker_count_3408_last,20,4,13,8,9,4,4
ex03_default_00376,ex03::HIS NAME IS ADAM BRODY,emotion_3408,speaker_count_3408_last,40,4,13,8,9,4,4
ex03_default_00376,ex03::HIS NAME IS ADAM BRODY,intent_3408_last,speaker_count_3408_last,0,0,17,0,13,4,0
ex03_default_00376,ex03::HIS NAME IS ADAM BRODY,intent_3408_last,speaker_count_3408_last,20,4,17,8,13,4,4
ex03_default_00376,ex03::HIS NAME IS ADAM BRODY,intent_3408_last,speaker_count_3408_last,40,4,17,8,13,4,4
ex03_enunciated_00010,ex03::IS THAT SUCCESS,asr_3408,emotion_3408,0,4,23,8,17,6,4
ex03_enunciated_00010,ex03::IS THAT SUCCESS,asr_3408,emotion_3408,20,4,23,8,17,6,4
ex03_enunciated_00010,ex03::IS THAT SUCCESS,asr_3408,emotion_3408,40,6,23,12,17,6,6
ex03_enunciated_00010,ex03::IS THAT SUCCESS,asr_3408,intent_3408_last,0,5,28,10,17,11,5
ex03_enunciated_00010,ex03::IS THAT SUCCESS,asr_3408,intent_3408_last,20,11,28,22,17,11,11
ex03_enunciated_00010,ex03::IS THAT SUCCESS,asr_3408,intent_3408_last,40,11,28,22,17,11,11
ex03_enunciated_00010,ex03::IS THAT SUCCESS,asr_3408,speaker_count_3408_last,0,3,21,6,17,4,3
ex03_enunciated_00010,ex03::IS THAT SUCCESS,asr_3408,speaker_count_3408_last,20,4,21,8,17,4,4
ex03_enunciated_00010,ex03::IS THAT SUCCESS,asr_3408,speaker_count_3408_last,40,4,21,8,17,4,4
ex03_enunciated_00010,ex03::IS THAT SUCCESS,emotion_3408,intent_3408_last,0,3,17,6,6,11,3
ex03_enunciated_00010,ex03::IS THAT SUCCESS,emotion_3408,intent_3408_last,20,5,17,10,6,11,5
ex03_enunciated_00010,ex03::IS THAT SUCCESS,emotion_3408,intent_3408_last,40,6,17,12,6,11,7
ex03_enunciated_00010,ex03::IS THAT SUCCESS,emotion_3408,speaker_count_3408_last,0,2,10,4,6,4,2
ex03_enunciated_00010,ex03::IS THAT SUCCESS,emotion_3408,speaker_count_3408_last,20,3,10,6,6,4,3
ex03_enunciated_00010,ex03::IS THAT SUCCESS,emotion_3408,speaker_count_3408_last,40,3,10,6,6,4,3
ex03_enunciated_00010,ex03::IS THAT SUCCESS,intent_3408_last,speaker_count_3408_last,0,2,15,4,11,4,2
ex03_enunciated_00010,ex03::IS THAT SUCCESS,intent_3408_last,speaker_count_3408_last,20,4,15,8,11,4,4
ex03_enunciated_00010,ex03::IS THAT SUCCESS,intent_3408_last,speaker_count_3408_last,40,4,15,8,11,4,4
ex03_enunciated_00014,ex03::IS IT THE SHAPE OF THINGS TO COME,asr_3408,emotion_3408,0,7,47,14,34,13,7
ex03_enunciated_00014,ex03::IS IT THE SHAPE OF THINGS TO COME,asr_3408,emotion_3408,20,12,47,24,34,13,12
ex03_enunciated_00014,ex03::IS IT THE SHAPE OF THINGS TO COME,asr_3408,emotion_3408,40,13,47,26,34,13,13
ex03_enunciated_00014,ex03::IS IT THE SHAPE OF THINGS TO COME,asr_3408,intent_3408_last,0,16,56,32,34,22,16
ex03_enunciated_00014,ex03::IS IT THE SHAPE OF THINGS TO COME,asr_3408,intent_3408_last,20,21,56,42,34,22,21
ex03_enunciated_00014,ex03::IS IT THE SHAPE OF THINGS TO COME,asr_3408,intent_3408_last,40,22,56,44,34,22,22
ex03_enunciated_00014,ex03::IS IT THE SHAPE OF THINGS TO COME,asr_3408,speaker_count_3408_last,0,2,41,4,34,7,2
ex03_enunciated_00014,ex03::IS IT THE SHAPE OF THINGS TO COME,asr_3408,speaker_count_3408_last,20,7,41,14,34,7,7
ex03_enunciated_00014,ex03::IS IT THE SHAPE OF THINGS TO COME,asr_3408,speaker_count_3408_last,40,7,41,14,34,7,7
ex03_enunciated_00014,ex03::IS IT THE SHAPE OF THINGS TO COME,emotion_3408,intent_3408_last,0,5,35,10,13,22,5
ex03_enunciated_00014,ex03::IS IT THE SHAPE OF THINGS TO COME,emotion_3408,intent_3408_last,20,12,35,24,13,22,15
ex03_enunciated_00014,ex03::IS IT THE SHAPE OF THINGS TO COME,emotion_3408,intent_3408_last,40,13,35,26,13,22,16
ex03_enunciated_00014,ex03::IS IT THE SHAPE OF THINGS TO COME,emotion_3408,speaker_count_3408_last,0,2,20,4,13,7,2
ex03_enunciated_00014,ex03::IS IT THE SHAPE OF THINGS TO COME,emotion_3408,speaker_count_3408_last,20,6,20,12,13,7,6
ex03_enunciated_00014,ex03::IS IT THE SHAPE OF THINGS TO COME,emotion_3408,speaker_count_3408_last,40,6,20,12,13,7,6
ex03_enunciated_00014,ex03::IS IT THE SHAPE OF THINGS TO COME,intent_3408_last,speaker_count_3408_last,0,3,29,6,22,7,3
ex03_enunciated_00014,ex03::IS IT THE SHAPE OF THINGS TO COME,intent_3408_last,speaker_count_3408_last,20,6,29,12,22,7,6
ex03_enunciated_00014,ex03::IS IT THE SHAPE OF THINGS TO COME,intent_3408_last,speaker_count_3408_last,40,6,29,12,22,7,6
ex03_enunciated_00037,ex03::THE VACANCIES ARE IN SUPPORT SERVICES AND ARTS,asr_3408,emotion_3408,0,11,72,22,47,25,11
ex03_enunciated_00037,ex03::THE VACANCIES ARE IN SUPPORT SERVICES AND ARTS,asr_3408,emotion_3408,20,25,72,50,47,25,25
ex03_enunciated_00037,ex03::THE VACANCIES ARE IN SUPPORT SERVICES AND ARTS,asr_3408,emotion_3408,40,25,72,50,47,25,25
ex03_enunciated_00037,ex03::THE VACANCIES ARE IN SUPPORT SERVICES AND ARTS,asr_3408,intent_3408_last,0,24,81,48,47,34,24
ex03_enunciated_00037,ex03::THE VACANCIES ARE IN SUPPORT SERVICES AND ARTS,asr_3408,intent_3408_last,20,33,81,66,47,34,33
ex03_enunciated_00037,ex03::THE VACANCIES ARE IN SUPPORT SERVICES AND ARTS,asr_3408,intent_3408_last,40,34,81,68,47,34,34
ex03_enunciated_00037,ex03::THE VACANCIES ARE IN SUPPORT SERVICES AND ARTS,asr_3408,speaker_count_3408_last,0,9,61,18,47,14,9
ex03_enunciated_00037,ex03::THE VACANCIES ARE IN SUPPORT SERVICES AND ARTS,asr_3408,speaker_count_3408_last,20,13,61,26,47,14,13
ex03_enunciated_00037,ex03::THE VACANCIES ARE IN SUPPORT SERVICES AND ARTS,asr_3408,speaker_count_3408_last,40,14,61,28,47,14,14
ex03_enunciated_00037,ex03::THE VACANCIES ARE IN SUPPORT SERVICES AND ARTS,emotion_3408,intent_3408_last,0,13,59,26,25,34,13
ex03_enunciated_00037,ex03::THE VACANCIES ARE IN SUPPORT SERVICES AND ARTS,emotion_3408,intent_3408_last,20,23,59,46,25,34,24
ex03_enunciated_00037,ex03::THE VACANCIES ARE IN SUPPORT SERVICES AND ARTS,emotion_3408,intent_3408_last,40,24,59,48,25,34,26
ex03_enunciated_00037,ex03::THE VACANCIES ARE IN SUPPORT SERVICES AND ARTS,emotion_3408,speaker_count_3408_last,0,7,39,14,25,14,7
ex03_enunciated_00037,ex03::THE VACANCIES ARE IN SUPPORT SERVICES AND ARTS,emotion_3408,speaker_count_3408_last,20,10,39,20,25,14,10
ex03_enunciated_00037,ex03::THE VACANCIES ARE IN SUPPORT SERVICES AND ARTS,emotion_3408,speaker_count_3408_last,40,11,39,22,25,14,11
ex03_enunciated_00037,ex03::THE VACANCIES ARE IN SUPPORT SERVICES AND ARTS,intent_3408_last,speaker_count_3408_last,0,9,48,18,34,14,9
ex03_enunciated_00037,ex03::THE VACANCIES ARE IN SUPPORT SERVICES AND ARTS,intent_3408_last,speaker_count_3408_last,20,12,48,24,34,14,12
ex03_enunciated_00037,ex03::THE VACANCIES ARE IN SUPPORT SERVICES AND ARTS,intent_3408_last,speaker_count_3408_last,40,13,48,26,34,14,13
ex03_enunciated_00040,ex03::HOW ARE YOU SIR,asr_3408,emotion_3408,0,5,23,10,14,9,5
ex03_enunciated_00040,ex03::HOW ARE YOU SIR,asr_3408,emotion_3408,20,7,23,14,14,9,7
ex03_enunciated_00040,ex03::HOW ARE YOU SIR,asr_3408,emotion_3408,40,9,23,18,14,9,9
ex03_enunciated_00040,ex03::HOW ARE YOU SIR,asr_3408,intent_3408_last,0,8,27,16,14,13,8
ex03_enunciated_00040,ex03::HOW ARE YOU SIR,asr_3408,intent_3408_last,20,10,27,20,14,13,10
ex03_enunciated_00040,ex03::HOW ARE YOU SIR,asr_3408,intent_3408_last,40,13,27,26,14,13,13
ex03_enunciated_00040,ex03::HOW ARE YOU SIR,asr_3408,speaker_count_3408_last,0,2,17,4,14,3,2
ex03_enunciated_00040,ex03::HOW ARE YOU SIR,asr_3408,speaker_count_3408_last,20,3,17,6,14,3,3
ex03_enunciated_00040,ex03::HOW ARE YOU SIR,asr_3408,speaker_count_3408_last,40,3,17,6,14,3,3
ex03_enunciated_00040,ex03::HOW ARE YOU SIR,emotion_3408,intent_3408_last,0,6,22,12,9,13,6
ex03_enunciated_00040,ex03::HOW ARE YOU SIR,emotion_3408,intent_3408_last,20,7,22,14,9,13,7
ex03_enunciated_00040,ex03::HOW ARE YOU SIR,emotion_3408,intent_3408_last,40,9,22,18,9,13,9
ex03_enunciated_00040,ex03::HOW ARE YOU SIR,emotion_3408,speaker_count_3408_last,0,2,12,4,9,3,2
ex03_enunciated_00040,ex03::HOW ARE YOU SIR,emotion_3408,speaker_count_3408_last,20,3,12,6,9,3,3
ex03_enunciated_00040,ex03::HOW ARE YOU SIR,emotion_3408,speaker_count_3408_last,40,3,12,6,9,3,3
ex03_enunciated_00040,ex03::HOW ARE YOU SIR,intent_3408_last,speaker_count_3408_last,0,2,16,4,13,3,2
ex03_enunciated_00040,ex03::HOW ARE YOU SIR,intent_3408_last,speaker_count_3408_last,20,3,16,6,13,3,3
ex03_enunciated_00040,ex03::HOW ARE YOU SIR,intent_3408_last,speaker_count_3408_last,40,3,16,6,13,3,3
ex03_enunciated_00104,ex03::GRANNY SMITH APPLES YOUR FAVORITE,asr_3408,emotion_3408,0,7,48,14,32,16,7
ex03_enunciated_00104,ex03::GRANNY SMITH APPLES YOUR FAVORITE,asr_3408,emotion_3408,20,15,48,30,32,16,15
ex03_enunciated_00104,ex03::GRANNY SMITH APPLES YOUR FAVORITE,asr_3408,emotion_3408,40,15,48,30,32,16,15
ex03_enunciated_00104,ex03::GRANNY SMITH APPLES YOUR FAVORITE,asr_3408,intent_3408_last,0,12,54,24,32,22,12
ex03_enunciated_00104,ex03::GRANNY SMITH APPLES YOUR FAVORITE,asr_3408,intent_3408_last,20,22,54,44,32,22,22
ex03_enunciated_00104,ex03::GRANNY SMITH APPLES YOUR FAVORITE,asr_3408,intent_3408_last,40,22,54,44,32,22,22
ex03_enunciated_00104,ex03::GRANNY SMITH APPLES YOUR FAVORITE,asr_3408,speaker_count_3408_last,0,1,39,2,32,7,1
ex03_enunciated_00104,ex03::GRANNY SMITH APPLES YOUR FAVORITE,asr_3408,speaker_count_3408_last,20,4,39,8,32,7,4
ex03_enunciated_00104,ex03::GRANNY SMITH APPLES YOUR FAVORITE,asr_3408,speaker_count_3408_last,40,5,39,10,32,7,5
ex03_enunciated_00104,ex03::GRANNY SMITH APPLES YOUR FAVORITE,emotion_3408,intent_3408_last,0,13,38,26,16,22,13
ex03_enunciated_00104,ex03::GRANNY SMITH APPLES YOUR FAVORITE,emotion_3408,intent_3408_last,20,14,38,28,16,22,15
ex03_enunciated_00104,ex03::GRANNY SMITH APPLES YOUR FAVORITE,emotion_3408,intent_3408_last,40,15,38,30,16,22,16
ex03_enunciated_00104,ex03::GRANNY SMITH APPLES YOUR FAVORITE,emotion_3408,speaker_count_3408_last,0,1,23,2,16,7,1
ex03_enunciated_00104,ex03::GRANNY SMITH APPLES YOUR FAVORITE,emotion_3408,speaker_count_3408_last,20,5,23,10,16,7,5
ex03_enunciated_00104,ex03::GRANNY SMITH APPLES YOUR FAVORITE,emotion_3408,speaker_count_3408_last,40,6,23,12,16,7,6
ex03_enunciated_00104,ex03::GRANNY SMITH APPLES YOUR FAVORITE,intent_3408_last,speaker_count_3408_last,0,1,29,2,22,7,1
ex03_enunciated_00104,ex03::GRANNY SMITH APPLES YOUR FAVORITE,intent_3408_last,speaker_count_3408_last,20,5,29,10,22,7,5
ex03_enunciated_00104,ex03::GRANNY SMITH APPLES YOUR FAVORITE,intent_3408_last,speaker_count_3408_last,40,5,29,10,22,7,5
ex03_enunciated_00134,ex03::WHO STARS IN THE NUTTY PROFESSOR,asr_3408,emotion_3408,0,11,45,22,31,14,11
ex03_enunciated_00134,ex03::WHO STARS IN THE NUTTY PROFESSOR,asr_3408,emotion_3408,20,14,45,28,31,14,14
ex03_enunciated_00134,ex03::WHO STARS IN THE NUTTY PROFESSOR,asr_3408,emotion_3408,40,14,45,28,31,14,14
ex03_enunciated_00134,ex03::WHO STARS IN THE NUTTY PROFESSOR,asr_3408,intent_3408_last,0,15,52,30,31,21,15
ex03_enunciated_00134,ex03::WHO STARS IN THE NUTTY PROFESSOR,asr_3408,intent_3408_last,20,21,52,42,31,21,21
ex03_enunciated_00134,ex03::WHO STARS IN THE NUTTY PROFESSOR,asr_3408,intent_3408_last,40,21,52,42,31,21,21
ex03_enunciated_00134,ex03::WHO STARS IN THE NUTTY PROFESSOR,asr_3408,speaker_count_3408_last,0,3,37,6,31,6,3
ex03_enunciated_00134,ex03::WHO STARS IN THE NUTTY PROFESSOR,asr_3408,speaker_count_3408_last,20,5,37,10,31,6,5
ex03_enunciated_00134,ex03::WHO STARS IN THE NUTTY PROFESSOR,asr_3408,speaker_count_3408_last,40,5,37,10,31,6,5
ex03_enunciated_00134,ex03::WHO STARS IN THE NUTTY PROFESSOR,emotion_3408,intent_3408_last,0,12,35,24,14,21,12
ex03_enunciated_00134,ex03::WHO STARS IN THE NUTTY PROFESSOR,emotion_3408,intent_3408_last,20,14,35,28,14,21,15
ex03_enunciated_00134,ex03::WHO STARS IN THE NUTTY PROFESSOR,emotion_3408,intent_3408_last,40,14,35,28,14,21,16
ex03_enunciated_00134,ex03::WHO STARS IN THE NUTTY PROFESSOR,emotion_3408,speaker_count_3408_last,0,3,20,6,14,6,3
ex03_enunciated_00134,ex03::WHO STARS IN THE NUTTY PROFESSOR,emotion_3408,speaker_count_3408_last,20,5,20,10,14,6,5
ex03_enunciated_00134,ex03::WHO STARS IN THE NUTTY PROFESSOR,emotion_3408,speaker_count_3408_last,40,5,20,10,14,6,5
ex03_enunciated_00134,ex03::WHO STARS IN THE NUTTY PROFESSOR,intent_3408_last,speaker_count_3408_last,0,3,27,6,21,6,3
ex03_enunciated_00134,ex03::WHO STARS IN THE NUTTY PROFESSOR,intent_3408_last,speaker_count_3408_last,20,5,27,10,21,6,5
ex03_enunciated_00134,ex03::WHO STARS IN THE NUTTY PROFESSOR,intent_3408_last,speaker_count_3408_last,40,5,27,10,21,6,5
ex03_enunciated_00143,ex03::OH ME TOO,asr_3408,emotion_3408,0,4,15,8,10,5,4
ex03_enunciated_00143,ex03::OH ME TOO,asr_3408,emotion_3408,20,5,15,10,10,5,5
ex03_enunciated_00143,ex03::OH ME TOO,asr_3408,emotion_3408,40,5,15,10,10,5,5
ex03_enunciated_00143,ex03::OH ME TOO,asr_3408,intent_3408_last,0,6,19,12,10,9,6
ex03_enunciated_00143,ex03::OH ME TOO,asr_3408,intent_3408_last,20,8,19,16,10,9,8
ex03_enunciated_00143,ex03::OH ME TOO,asr_3408,intent_3408_last,40,9,19,18,10,9,9
ex03_enunciated_00143,ex03::OH ME TOO,asr_3408,speaker_count_3408_last,0,3,14,6,10,4,3
ex03_enunciated_00143,ex03::OH ME TOO,asr_3408,speaker_count_3408_last,20,3,14,6,10,4,3
ex03_enunciated_00143,ex03::OH ME TOO,asr_3408,speaker_count_3408_last,40,3,14,6,10,4,3
ex03_enunciated_00143,ex03::OH ME TOO,emotion_3408,intent_3408_last,0,5,14,10,5,9,5
ex03_enunciated_00143,ex03::OH ME TOO,emotion_3408,intent_3408_last,20,5,14,10,5,9,5
ex03_enunciated_00143,ex03::OH ME TOO,emotion_3408,intent_3408_last,40,5,14,10,5,9,5
ex03_enunciated_00143,ex03::OH ME TOO,emotion_3408,speaker_count_3408_last,0,2,9,4,5,4,2
ex03_enunciated_00143,ex03::OH ME TOO,emotion_3408,speaker_count_3408_last,20,2,9,4,5,4,2
ex03_enunciated_00143,ex03::OH ME TOO,emotion_3408,speaker_count_3408_last,40,2,9,4,5,4,2
ex03_enunciated_00143,ex03::OH ME TOO,intent_3408_last,speaker_count_3408_last,0,3,13,6,9,4,3
ex03_enunciated_00143,ex03::OH ME TOO,intent_3408_last,speaker_count_3408_last,20,3,13,6,9,4,3
ex03_enunciated_00143,ex03::OH ME TOO,intent_3408_last,speaker_count_3408_last,40,3,13,6,9,4,3
ex03_enunciated_00175,ex03::WHAT IS TAI CHI,asr_3408,emotion_3408,0,5,22,10,16,6,5
ex03_enunciated_00175,ex03::WHAT IS TAI CHI,asr_3408,emotion_3408,20,6,22,12,16,6,6
ex03_enunciated_00175,ex03::WHAT IS TAI CHI,asr_3408,emotion_3408,40,6,22,12,16,6,6
ex03_enunciated_00175,ex03::WHAT IS TAI CHI,asr_3408,intent_3408_last,0,6,27,12,16,11,6
ex03_enunciated_00175,ex03::WHAT IS TAI CHI,asr_3408,intent_3408_last,20,11,27,22,16,11,11
ex03_enunciated_00175,ex03::WHAT IS TAI CHI,asr_3408,intent_3408_last,40,11,27,22,16,11,11
ex03_enunciated_00175,ex03::WHAT IS TAI CHI,asr_3408,speaker_count_3408_last,0,2,19,4,16,3,2
ex03_enunciated_00175,ex03::WHAT IS TAI CHI,asr_3408,speaker_count_3408_last,20,2,19,4,16,3,2
ex03_enunciated_00175,ex03::WHAT IS TAI CHI,asr_3408,speaker_count_3408_last,40,2,19,4,16,3,2
ex03_enunciated_00175,ex03::WHAT IS TAI CHI,emotion_3408,intent_3408_last,0,4,17,8,6,11,4
ex03_enunciated_00175,ex03::WHAT IS TAI CHI,emotion_3408,intent_3408_last,20,5,17,10,6,11,5
ex03_enunciated_00175,ex03::WHAT IS TAI CHI,emotion_3408,intent_3408_last,40,5,17,10,6,11,6
ex03_enunciated_00175,ex03::WHAT IS TAI CHI,emotion_3408,speaker_count_3408_last,0,2,9,4,6,3,2
ex03_enunciated_00175,ex03::WHAT IS TAI CHI,emotion_3408,speaker_count_3408_last,20,2,9,4,6,3,2
ex03_enunciated_00175,ex03::WHAT IS TAI CHI,emotion_3408,speaker_count_3408_last,40,2,9,4,6,3,2
ex03_enunciated_00175,ex03::WHAT IS TAI CHI,intent_3408_last,speaker_count_3408_last,0,2,14,4,11,3,2
ex03_enunciated_00175,ex03::WHAT IS TAI CHI,intent_3408_last,speaker_count_3408_last,20,2,14,4,11,3,2
ex03_enunciated_00175,ex03::WHAT IS TAI CHI,intent_3408_last,speaker_count_3408_last,40,2,14,4,11,3,2
ex03_enunciated_00198,ex03::OF COURSE HE DOES,asr_3408,emotion_3408,0,5,27,10,19,8,5
ex03_enunciated_00198,ex03::OF COURSE HE DOES,asr_3408,emotion_3408,20,8,27,16,19,8,8
ex03_enunciated_00198,ex03::OF COURSE HE DOES,asr_3408,emotion_3408,40,8,27,16,19,8,8
ex03_enunciated_00198,ex03::OF COURSE HE DOES,asr_3408,intent_3408_last,0,6,33,12,19,14,6
ex03_enunciated_00198,ex03::OF COURSE HE DOES,asr_3408,intent_3408_last,20,13,33,26,19,14,13
ex03_enunciated_00198,ex03::OF COURSE HE DOES,asr_3408,intent_3408_last,40,14,33,28,19,14,14
ex03_enunciated_00198,ex03::OF COURSE HE DOES,asr_3408,speaker_count_3408_last,0,1,23,2,19,4,1
ex03_enunciated_00198,ex03::OF COURSE HE DOES,asr_3408,speaker_count_3408_last,20,4,23,8,19,4,4
ex03_enunciated_00198,ex03::OF COURSE HE DOES,asr_3408,speaker_count_3408_last,40,4,23,8,19,4,4
ex03_enunciated_00198,ex03::OF COURSE HE DOES,emotion_3408,intent_3408_last,0,4,22,8,8,14,4
ex03_enunciated_00198,ex03::OF COURSE HE DOES,emotion_3408,intent_3408_last,20,7,22,14,8,14,7
ex03_enunciated_00198,ex03::OF COURSE HE DOES,emotion_3408,intent_3408_last,40,8,22,16,8,14,9
ex03_enunciated_00198,ex03::OF COURSE HE DOES,emotion_3408,speaker_count_3408_last,0,1,12,2,8,4,1
ex03_enunciated_00198,ex03::OF COURSE HE DOES,emotion_3408,speaker_count_3408_last,20,3,12,6,8,4,3
ex03_enunciated_00198,ex03::OF COURSE HE DOES,emotion_3408,speaker_count_3408_last,40,3,12,6,8,4,3
ex03_enunciated_00198,ex03::OF COURSE HE DOES,intent_3408_last,speaker_count_3408_last,0,2,18,4,14,4,2
ex03_enunciated_00198,ex03::OF COURSE HE DOES,intent_3408_last,speaker_count_3408_last,20,4,18,8,14,4,4
ex03_enunciated_00198,ex03::OF COURSE HE DOES,intent_3408_last,speaker_count_3408_last,40,4,18,8,14,4,4
ex03_enunciated_00205,ex03::MILESTONES FOR ALEX AND THE OTHER TRAVEL ZOO BREAK OUT YOUR SCORECARDS,asr_3408,emotion_3408,0,21,108,42,70,38,21
ex03_enunciated_00205,ex03::MILESTONES FOR ALEX AND THE OTHER TRAVEL ZOO BREAK OUT YOUR SCORECARDS,asr_3408,emotion_3408,20,35,108,70,70,38,35
ex03_enunciated_00205,ex03::MILESTONES FOR ALEX AND THE OTHER TRAVEL ZOO BREAK OUT YOUR SCORECARDS,asr_3408,emotion_3408,40,38,108,76,70,38,38
ex03_enunciated_00205,ex03::MILESTONES FOR ALEX AND THE OTHER TRAVEL ZOO BREAK OUT YOUR SCORECARDS,asr_3408,intent_3408_last,0,34,123,68,70,53,34
ex03_enunciated_00205,ex03::MILESTONES FOR ALEX AND THE OTHER TRAVEL ZOO BREAK OUT YOUR SCORECARDS,asr_3408,intent_3408_last,20,51,123,102,70,53,51
ex03_enunciated_00205,ex03::MILESTONES FOR ALEX AND THE OTHER TRAVEL ZOO BREAK OUT YOUR SCORECARDS,asr_3408,intent_3408_last,40,52,123,104,70,53,52
ex03_enunciated_00205,ex03::MILESTONES FOR ALEX AND THE OTHER TRAVEL ZOO BREAK OUT YOUR SCORECARDS,asr_3408,speaker_count_3408_last,0,4,86,8,70,16,4
ex03_enunciated_00205,ex03::MILESTONES FOR ALEX AND THE OTHER TRAVEL ZOO BREAK OUT YOUR SCORECARDS,asr_3408,speaker_count_3408_last,20,14,86,28,70,16,14
ex03_enunciated_00205,ex03::MILESTONES FOR ALEX AND THE OTHER TRAVEL ZOO BREAK OUT YOUR SCORECARDS,asr_3408,speaker_count_3408_last,40,15,86,30,70,16,15
ex03_enunciated_00205,ex03::MILESTONES FOR ALEX AND THE OTHER TRAVEL ZOO BREAK OUT YOUR SCORECARDS,emotion_3408,intent_3408_last,0,23,91,46,38,53,23
ex03_enunciated_00205,ex03::MILESTONES FOR ALEX AND THE OTHER TRAVEL ZOO BREAK OUT YOUR SCORECARDS,emotion_3408,intent_3408_last,20,35,91,70,38,53,36
ex03_enunciated_00205,ex03::MILESTONES FOR ALEX AND THE OTHER TRAVEL ZOO BREAK OUT YOUR SCORECARDS,emotion_3408,intent_3408_last,40,36,91,72,38,53,38
ex03_enunciated_00205,ex03::MILESTONES FOR ALEX AND THE OTHER TRAVEL ZOO BREAK OUT YOUR SCORECARDS,emotion_3408,speaker_count_3408_last,0,3,54,6,38,16,3
ex03_enunciated_00205,ex03::MILESTONES FOR ALEX AND THE OTHER TRAVEL ZOO BREAK OUT YOUR SCORECARDS,emotion_3408,speaker_count_3408_last,20,13,54,26,38,16,13
ex03_enunciated_00205,ex03::MILESTONES FOR ALEX AND THE OTHER TRAVEL ZOO BREAK OUT YOUR SCORECARDS,emotion_3408,speaker_count_3408_last,40,13,54,26,38,16,13
ex03_enunciated_00205,ex03::MILESTONES FOR ALEX AND THE OTHER TRAVEL ZOO BREAK OUT YOUR SCORECARDS,intent_3408_last,speaker_count_3408_last,0,4,69,8,53,16,4
ex03_enunciated_00205,ex03::MILESTONES FOR ALEX AND THE OTHER TRAVEL ZOO BREAK OUT YOUR SCORECARDS,intent_3408_last,speaker_count_3408_last,20,13,69,26,53,16,13
ex03_enunciated_00205,ex03::MILESTONES FOR ALEX AND THE OTHER TRAVEL ZOO BREAK OUT YOUR SCORECARDS,intent_3408_last,speaker_count_3408_last,40,15,69,30,53,16,15
ex03_enunciated_00226,ex03::IT'S GONNA BE SUNNY WITH TEMPERATURES GOING FROM SIXTY EIGHT TO SEVENTY EIGHT TODAY IN COVINGTON,asr_3408,emotion_3408,0,28,113,56,76,37,28
ex03_enunciated_00226,ex03::IT'S GONNA BE SUNNY WITH TEMPERATURES GOING FROM SIXTY EIGHT TO SEVENTY EIGHT TODAY IN COVINGTON,asr_3408,emotion_3408,20,35,113,70,76,37,35
ex03_enunciated_00226,ex03::IT'S GONNA BE SUNNY WITH TEMPERATURES GOING FROM SIXTY EIGHT TO SEVENTY EIGHT TODAY IN COVINGTON,asr_3408,emotion_3408,40,37,113,74,76,37,37
ex03_enunciated_00226,ex03::IT'S GONNA BE SUNNY WITH TEMPERATURES GOING FROM SIXTY EIGHT TO SEVENTY EIGHT TODAY IN COVINGTON,asr_3408,intent_3408_last,0,39,127,78,76,51,39
ex03_enunciated_00226,ex03::IT'S GONNA BE SUNNY WITH TEMPERATURES GOING FROM SIXTY EIGHT TO SEVENTY EIGHT TODAY IN COVINGTON,asr_3408,intent_3408_last,20,49,127,98,76,51,49
ex03_enunciated_00226,ex03::IT'S GONNA BE SUNNY WITH TEMPERATURES GOING FROM SIXTY EIGHT TO SEVENTY EIGHT TODAY IN COVINGTON,asr_3408,intent_3408_last,40,51,127,102,76,51,51
ex03_enunciated_00226,ex03::IT'S GONNA BE SUNNY WITH TEMPERATURES GOING FROM SIXTY EIGHT TO SEVENTY EIGHT TODAY IN COVINGTON,asr_3408,speaker_count_3408_last,0,12,100,24,76,24,12
ex03_enunciated_00226,ex03::IT'S GONNA BE SUNNY WITH TEMPERATURES GOING FROM SIXTY EIGHT TO SEVENTY EIGHT TODAY IN COVINGTON,asr_3408,speaker_count_3408_last,20,20,100,40,76,24,20
ex03_enunciated_00226,ex03::IT'S GONNA BE SUNNY WITH TEMPERATURES GOING FROM SIXTY EIGHT TO SEVENTY EIGHT TODAY IN COVINGTON,asr_3408,speaker_count_3408_last,40,21,100,42,76,24,21
ex03_enunciated_00226,ex03::IT'S GONNA BE SUNNY WITH TEMPERATURES GOING FROM SIXTY EIGHT TO SEVENTY EIGHT TODAY IN COVINGTON,emotion_3408,intent_3408_last,0,29,88,58,37,51,29
ex03_enunciated_00226,ex03::IT'S GONNA BE SUNNY WITH TEMPERATURES GOING FROM SIXTY EIGHT TO SEVENTY EIGHT TODAY IN COVINGTON,emotion_3408,intent_3408_last,20,34,88,68,37,51,34
ex03_enunciated_00226,ex03::IT'S GONNA BE SUNNY WITH TEMPERATURES GOING FROM SIXTY EIGHT TO SEVENTY EIGHT TODAY IN COVINGTON,emotion_3408,intent_3408_last,40,34,88,68,37,51,39
ex03_enunciated_00226,ex03::IT'S GONNA BE SUNNY WITH TEMPERATURES GOING FROM SIXTY EIGHT TO SEVENTY EIGHT TODAY IN COVINGTON,emotion_3408,speaker_count_3408_last,0,13,61,26,37,24,13
ex03_enunciated_00226,ex03::IT'S GONNA BE SUNNY WITH TEMPERATURES GOING FROM SIXTY EIGHT TO SEVENTY EIGHT TODAY IN COVINGTON,emotion_3408,speaker_count_3408_last,20,19,61,38,37,24,19
ex03_enunciated_00226,ex03::IT'S GONNA BE SUNNY WITH TEMPERATURES GOING FROM SIXTY EIGHT TO SEVENTY EIGHT TODAY IN COVINGTON,emotion_3408,speaker_count_3408_last,40,19,61,38,37,24,19
ex03_enunciated_00226,ex03::IT'S GONNA BE SUNNY WITH TEMPERATURES GOING FROM SIXTY EIGHT TO SEVENTY EIGHT TODAY IN COVINGTON,intent_3408_last,speaker_count_3408_last,0,12,75,24,51,24,12
ex03_enunciated_00226,ex03::IT'S GONNA BE SUNNY WITH TEMPERATURES GOING FROM SIXTY EIGHT TO SEVENTY EIGHT TODAY IN COVINGTON,intent_3408_last,speaker_count_3408_last,20,20,75,40,51,24,20
ex03_enunciated_00226,ex03::IT'S GONNA BE SUNNY WITH TEMPERATURES GOING FROM SIXTY EIGHT TO SEVENTY EIGHT TODAY IN COVINGTON,intent_3408_last,speaker_count_3408_last,40,20,75,40,51,24,20
ex03_enunciated_00269,ex03::DOES THE PROSECUTION HAVE A RECOMMENDATION,asr_3408,emotion_3408,0,13,61,26,41,20,13
ex03_enunciated_00269,ex03::DOES THE PROSECUTION HAVE A RECOMMENDATION,asr_3408,emotion_3408,20,19,61,38,41,20,19
ex03_enunciated_00269,ex03::DOES THE PROSECUTION HAVE A RECOMMENDATION,asr_3408,emotion_3408,40,20,61,40,41,20,20
ex03_enunciated_00269,ex03::DOES THE PROSECUTION HAVE A RECOMMENDATION,asr_3408,intent_3408_last,0,17,71,34,41,30,17
ex03_enunciated_00269,ex03::DOES THE PROSECUTION HAVE A RECOMMENDATION,asr_3408,intent_3408_last,20,26,71,52,41,30,26
ex03_enunciated_00269,ex03::DOES THE PROSECUTION HAVE A RECOMMENDATION,asr_3408,intent_3408_last,40,30,71,60,41,30,30
ex03_enunciated_00269,ex03::DOES THE PROSECUTION HAVE A RECOMMENDATION,asr_3408,speaker_count_3408_last,0,1,54,2,41,13,1
ex03_enunciated_00269,ex03::DOES THE PROSECUTION HAVE A RECOMMENDATION,asr_3408,speaker_count_3408_last,20,12,54,24,41,13,12
ex03_enunciated_00269,ex03::DOES THE PROSECUTION HAVE A RECOMMENDATION,asr_3408,speaker_count_3408_last,40,12,54,24,41,13,12
ex03_enunciated_00269,ex03::DOES THE PROSECUTION HAVE A RECOMMENDATION,emotion_3408,intent_3408_last,0,14,50,28,20,30,14
ex03_enunciated_00269,ex03::DOES THE PROSECUTION HAVE A RECOMMENDATION,emotion_3408,intent_3408_last,20,18,50,36,20,30,18
ex03_enunciated_00269,ex03::DOES THE PROSECUTION HAVE A RECOMMENDATION,emotion_3408,intent_3408_last,40,19,50,38,20,30,19
ex03_enunciated_00269,ex03::DOES THE PROSECUTION HAVE A RECOMMENDATION,emotion_3408,speaker_count_3408_last,0,2,33,4,20,13,2
ex03_enunciated_00269,ex03::DOES THE PROSECUTION HAVE A RECOMMENDATION,emotion_3408,speaker_count_3408_last,20,11,33,22,20,13,11
ex03_enunciated_00269,ex03::DOES THE PROSECUTION HAVE A RECOMMENDATION,emotion_3408,speaker_count_3408_last,40,11,33,22,20,13,11
ex03_enunciated_00269,ex03::DOES THE PROSECUTION HAVE A RECOMMENDATION,intent_3408_last,speaker_count_3408_last,0,4,43,8,30,13,4
ex03_enunciated_00269,ex03::DOES THE PROSECUTION HAVE A RECOMMENDATION,intent_3408_last,speaker_count_3408_last,20,12,43,24,30,13,12
ex03_enunciated_00269,ex03::DOES THE PROSECUTION HAVE A RECOMMENDATION,intent_3408_last,speaker_count_3408_last,40,12,43,24,30,13,12
ex03_enunciated_00285,ex03::DON'T THROW THAT OUT,asr_3408,emotion_3408,0,7,33,14,21,12,7
ex03_enunciated_00285,ex03::DON'T THROW THAT OUT,asr_3408,emotion_3408,20,10,33,20,21,12,10
ex03_enunciated_00285,ex03::DON'T THROW THAT OUT,asr_3408,emotion_3408,40,12,33,24,21,12,12
ex03_enunciated_00285,ex03::DON'T THROW THAT OUT,asr_3408,intent_3408_last,0,10,37,20,21,16,10
ex03_enunciated_00285,ex03::DON'T THROW THAT OUT,asr_3408,intent_3408_last,20,16,37,32,21,16,16
ex03_enunciated_00285,ex03::DON'T THROW THAT OUT,asr_3408,intent_3408_last,40,16,37,32,21,16,16
ex03_enunciated_00285,ex03::DON'T THROW THAT OUT,asr_3408,speaker_count_3408_last,0,1,25,2,21,4,1
ex03_enunciated_00285,ex03::DON'T THROW THAT OUT,asr_3408,speaker_count_3408_last,20,3,25,6,21,4,3
ex03_enunciated_00285,ex03::DON'T THROW THAT OUT,asr_3408,speaker_count_3408_last,40,3,25,6,21,4,3
ex03_enunciated_00285,ex03::DON'T THROW THAT OUT,emotion_3408,intent_3408_last,0,9,28,18,12,16,9
ex03_enunciated_00285,ex03::DON'T THROW THAT OUT,emotion_3408,intent_3408_last,20,11,28,22,12,16,11
ex03_enunciated_00285,ex03::DON'T THROW THAT OUT,emotion_3408,intent_3408_last,40,11,28,22,12,16,13
ex03_enunciated_00285,ex03::DON'T THROW THAT OUT,emotion_3408,speaker_count_3408_last,0,1,16,2,12,4,1
ex03_enunciated_00285,ex03::DON'T THROW THAT OUT,emotion_3408,speaker_count_3408_last,20,2,16,4,12,4,2
ex03_enunciated_00285,ex03::DON'T THROW THAT OUT,emotion_3408,speaker_count_3408_last,40,2,16,4,12,4,2
ex03_enunciated_00285,ex03::DON'T THROW THAT OUT,intent_3408_last,speaker_count_3408_last,0,1,20,2,16,4,1
ex03_enunciated_00285,ex03::DON'T THROW THAT OUT,intent_3408_last,speaker_count_3408_last,20,3,20,6,16,4,3
ex03_enunciated_00285,ex03::DON'T THROW THAT OUT,intent_3408_last,speaker_count_3408_last,40,3,20,6,16,4,3
ex03_enunciated_00343,ex03::OKAY ENOUGH OF THE SPEECHES,asr_3408,emotion_3408,0,8,40,16,28,12,8
ex03_enunciated_00343,ex03::OKAY ENOUGH OF THE SPEECHES,asr_3408,emotion_3408,20,11,40,22,28,12,11
ex03_enunciated_00343,ex03::OKAY ENOUGH OF THE SPEECHES,asr_3408,emotion_3408,40,12,40,24,28,12,12
ex03_enunciated_00343,ex03::OKAY ENOUGH OF THE SPEECHES,asr_3408,intent_3408_last,0,12,46,24,28,18,12
ex03_enunciated_00343,ex03::OKAY ENOUGH OF THE SPEECHES,asr_3408,intent_3408_last,20,18,46,36,28,18,18
ex03_enunciated_00343,ex03::OKAY ENOUGH OF THE SPEECHES,asr_3408,intent_3408_last,40,18,46,36,28,18,18
ex03_enunciated_00343,ex03::OKAY ENOUGH OF THE SPEECHES,asr_3408,speaker_count_3408_last,0,3,37,6,28,9,3
ex03_enunciated_00343,ex03::OKAY ENOUGH OF THE SPEECHES,asr_3408,speaker_count_3408_last,20,7,37,14,28,9,7
ex03_enunciated_00343,ex03::OKAY ENOUGH OF THE SPEECHES,asr_3408,speaker_count_3408_last,40,7,37,14,28,9,7
ex03_enunciated_00343,ex03::OKAY ENOUGH OF THE SPEECHES,emotion_3408,intent_3408_last,0,8,30,16,12,18,8
ex03_enunciated_00343,ex03::OKAY ENOUGH OF THE SPEECHES,emotion_3408,intent_3408_last,20,11,30,22,12,18,11
ex03_enunciated_00343,ex03::OKAY ENOUGH OF THE SPEECHES,emotion_3408,intent_3408_last,40,11,30,22,12,18,11
ex03_enunciated_00343,ex03::OKAY ENOUGH OF THE SPEECHES,emotion_3408,speaker_count_3408_last,0,2,21,4,12,9,2
ex03_enunciated_00343,ex03::OKAY ENOUGH OF THE SPEECHES,emotion_3408,speaker_count_3408_last,20,5,21,10,12,9,5
ex03_enunciated_00343,ex03::OKAY ENOUGH OF THE SPEECHES,emotion_3408,speaker_count_3408_last,40,6,21,12,12,9,6
ex03_enunciated_00343,ex03::OKAY ENOUGH OF THE SPEECHES,intent_3408_last,speaker_count_3408_last,0,3,27,6,18,9,3
ex03_enunciated_00343,ex03::OKAY ENOUGH OF THE SPEECHES,intent_3408_last,speaker_count_3408_last,20,7,27,14,18,9,7
ex03_enunciated_00343,ex03::OKAY ENOUGH OF THE SPEECHES,intent_3408_last,speaker_count_3408_last,40,7,27,14,18,9,7
ex03_enunciated_00376,ex03::HIS NAME IS ADAM BRODY,asr_3408,emotion_3408,0,6,36,12,25,11,6
ex03_enunciated_00376,ex03::HIS NAME IS ADAM BRODY,asr_3408,emotion_3408,20,11,36,22,25,11,11
ex03_enunciated_00376,ex03::HIS NAME IS ADAM BRODY,asr_3408,emotion_3408,40,11,36,22,25,11,11
ex03_enunciated_00376,ex03::HIS NAME IS ADAM BRODY,asr_3408,intent_3408_last,0,16,44,32,25,19,16
ex03_enunciated_00376,ex03::HIS NAME IS ADAM BRODY,asr_3408,intent_3408_last,20,19,44,38,25,19,19
ex03_enunciated_00376,ex03::HIS NAME IS ADAM BRODY,asr_3408,intent_3408_last,40,19,44,38,25,19,19
ex03_enunciated_00376,ex03::HIS NAME IS ADAM BRODY,asr_3408,speaker_count_3408_last,0,2,30,4,25,5,2
ex03_enunciated_00376,ex03::HIS NAME IS ADAM BRODY,asr_3408,speaker_count_3408_last,20,3,30,6,25,5,3
ex03_enunciated_00376,ex03::HIS NAME IS ADAM BRODY,asr_3408,speaker_count_3408_last,40,4,30,8,25,5,4
ex03_enunciated_00376,ex03::HIS NAME IS ADAM BRODY,emotion_3408,intent_3408_last,0,8,30,16,11,19,8
ex03_enunciated_00376,ex03::HIS NAME IS ADAM BRODY,emotion_3408,intent_3408_last,20,11,30,22,11,19,11
ex03_enunciated_00376,ex03::HIS NAME IS ADAM BRODY,emotion_3408,intent_3408_last,40,11,30,22,11,19,13
ex03_enunciated_00376,ex03::HIS NAME IS ADAM BRODY,emotion_3408,speaker_count_3408_last,0,1,16,2,11,5,1
ex03_enunciated_00376,ex03::HIS NAME IS ADAM BRODY,emotion_3408,speaker_count_3408_last,20,3,16,6,11,5,3
ex03_enunciated_00376,ex03::HIS NAME IS ADAM BRODY,emotion_3408,speaker_count_3408_last,40,3,16,6,11,5,3
ex03_enunciated_00376,ex03::HIS NAME IS ADAM BRODY,intent_3408_last,speaker_count_3408_last,0,1,24,2,19,5,1
ex03_enunciated_00376,ex03::HIS NAME IS ADAM BRODY,intent_3408_last,speaker_count_3408_last,20,3,24,6,19,5,3
ex03_enunciated_00376,ex03::HIS NAME IS ADAM BRODY,intent_3408_last,speaker_count_3408_last,40,3,24,6,19,5,3
ex03_happy_00010,ex03::IS THAT SUCCESS,asr_3408,emotion_3408,0,3,18,6,14,4,3
ex03_happy_00010,ex03::IS THAT SUCCESS,asr_3408,emotion_3408,20,4,18,8,14,4,4
ex03_happy_00010,ex03::IS THAT SUCCESS,asr_3408,emotion_3408,40,4,18,8,14,4,4
ex03_happy_00010,ex03::IS THAT SUCCESS,asr_3408,intent_3408_last,0,7,23,14,14,9,7
ex03_happy_00010,ex03::IS THAT SUCCESS,asr_3408,intent_3408_last,20,9,23,18,14,9,9
ex03_happy_00010,ex03::IS THAT SUCCESS,asr_3408,intent_3408_last,40,9,23,18,14,9,9
ex03_happy_00010,ex03::IS THAT SUCCESS,asr_3408,speaker_count_3408_last,0,0,17,0,14,3,0
ex03_happy_00010,ex03::IS THAT SUCCESS,asr_3408,speaker_count_3408_last,20,3,17,6,14,3,3
ex03_happy_00010,ex03::IS THAT SUCCESS,asr_3408,speaker_count_3408_last,40,3,17,6,14,3,3
ex03_happy_00010,ex03::IS THAT SUCCESS,emotion_3408,intent_3408_last,0,3,13,6,4,9,3
ex03_happy_00010,ex03::IS THAT SUCCESS,emotion_3408,intent_3408_last,20,4,13,8,4,9,4
ex03_happy_00010,ex03::IS THAT SUCCESS,emotion_3408,intent_3408_last,40,4,13,8,4,9,4
ex03_happy_00010,ex03::IS THAT SUCCESS,emotion_3408,speaker_count_3408_last,0,0,7,0,4,3,0
ex03_happy_00010,ex03::IS THAT SUCCESS,emotion_3408,speaker_count_3408_last,20,2,7,4,4,3,2
ex03_happy_00010,ex03::IS THAT SUCCESS,emotion_3408,speaker_count_3408_last,40,2,7,4,4,3,2
ex03_happy_00010,ex03::IS THAT SUCCESS,intent_3408_last,speaker_count_3408_last,0,0,12,0,9,3,0
ex03_happy_00010,ex03::IS THAT SUCCESS,intent_3408_last,speaker_count_3408_last,20,3,12,6,9,3,3
ex03_happy_00010,ex03::IS THAT SUCCESS,intent_3408_last,speaker_count_3408_last,40,3,12,6,9,3,3
ex03_happy_00014,ex03::IS IT THE SHAPE OF THINGS TO COME,asr_3408,emotion_3408,0,6,41,12,28,13,6
ex03_happy_00014,ex03::IS IT THE SHAPE OF THINGS TO COME,asr_3408,emotion_3408,20,13,41,26,28,13,13
ex03_happy_00014,ex03::IS IT THE SHAPE OF THINGS TO COME,asr_3408,emotion_3408,40,13,41,26,28,13,13
ex03_happy_00014,ex03::IS IT THE SHAPE OF THINGS TO COME,asr_3408,intent_3408_last,0,13,45,26,28,17,13
ex03_happy_00014,ex03::IS IT THE SHAPE OF THINGS TO COME,asr_3408,intent_3408_last,20,17,45,34,28,17,17
ex03_happy_00014,ex03::IS IT THE SHAPE OF THINGS TO COME,asr_3408,intent_3408_last,40,17,45,34,28,17,17
ex03_happy_00014,ex03::IS IT THE SHAPE OF THINGS TO COME,asr_3408,speaker_count_3408_last,0,2,35,4,28,7,2
ex03_happy_00014,ex03::IS IT THE SHAPE OF THINGS TO COME,asr_3408,speaker_count_3408_last,20,7,35,14,28,7,7
ex03_happy_00014,ex03::IS IT THE SHAPE OF THINGS TO COME,asr_3408,speaker_count_3408_last,40,7,35,14,28,7,7
ex03_happy_00014,ex03::IS IT THE SHAPE OF THINGS TO COME,emotion_3408,intent_3408_last,0,8,30,16,13,17,8
ex03_happy_00014,ex03::IS IT THE SHAPE OF THINGS TO COME,emotion_3408,intent_3408_last,20,12,30,24,13,17,13
ex03_happy_00014,ex03::IS IT THE SHAPE OF THINGS TO COME,emotion_3408,intent_3408_last,40,12,30,24,13,17,15
ex03_happy_00014,ex03::IS IT THE SHAPE OF THINGS TO COME,emotion_3408,speaker_count_3408_last,0,4,20,8,13,7,4
ex03_happy_00014,ex03::IS IT THE SHAPE OF THINGS TO COME,emotion_3408,speaker_count_3408_last,20,5,20,10,13,7,5
ex03_happy_00014,ex03::IS IT THE SHAPE OF THINGS TO COME,emotion_3408,speaker_count_3408_last,40,5,20,10,13,7,5
ex03_happy_00014,ex03::IS IT THE SHAPE OF THINGS TO COME,intent_3408_last,speaker_count_3408_last,0,3,24,6,17,7,3
ex03_happy_00014,ex03::IS IT THE SHAPE OF THINGS TO COME,intent_3408_last,speaker_count_3408_last,20,5,24,10,17,7,5
ex03_happy_00014,ex03::IS IT THE SHAPE OF THINGS TO COME,intent_3408_last,speaker_count_3408_last,40,6,24,12,17,7,6
ex03_happy_00037,ex03::THE VACANCIES ARE IN SUPPORT SERVICES AND ARTS,asr_3408,emotion_3408,0,10,53,20,36,17,10
ex03_happy_00037,ex03::THE VACANCIES ARE IN SUPPORT SERVICES AND ARTS,asr_3408,emotion_3408,20,16,53,32,36,17,16
ex03_happy_00037,ex03::THE VACANCIES ARE IN SUPPORT SERVICES AND ARTS,asr_3408,emotion_3408,40,16,53,32,36,17,16
ex03_happy_00037,ex03::THE VACANCIES ARE IN SUPPORT SERVICES AND ARTS,asr_3408,intent_3408_last,0,12,60,24,36,24,12
ex03_happy_00037,ex03::THE VACANCIES ARE IN SUPPORT SERVICES AND ARTS,asr_3408,intent_3408_last,20,23,60,46,36,24,23
ex03_happy_00037,ex03::THE VACANCIES ARE IN SUPPORT SERVICES AND ARTS,asr_3408,intent_3408_last,40,23,60,46,36,24,23
ex03_happy_00037,ex03::THE VACANCIES ARE IN SUPPORT SERVICES AND ARTS,asr_3408,speaker_count_3408_last,0,7,47,14,36,11,7
ex03_happy_00037,ex03::THE VACANCIES ARE IN SUPPORT SERVICES AND ARTS,asr_3408,speaker_count_3408_last,20,10,47,20,36,11,10
ex03_happy_00037,ex03::THE VACANCIES ARE IN SUPPORT SERVICES AND ARTS,asr_3408,speaker_count_3408_last,40,10,47,20,36,11,10
ex03_happy_00037,ex03::THE VACANCIES ARE IN SUPPORT SERVICES AND ARTS,emotion_3408,intent_3408_last,0,12,41,24,17,24,12
ex03_happy_00037,ex03::THE VACANCIES ARE IN SUPPORT SERVICES AND ARTS,emotion_3408,intent_3408_last,20,16,41,32,17,24,17
ex03_happy_00037,ex03::THE VACANCIES ARE IN SUPPORT SERVICES AND ARTS,emotion_3408,intent_3408_last,40,16,41,32,17,24,19
ex03_happy_00037,ex03::THE VACANCIES ARE IN SUPPORT SERVICES AND ARTS,emotion_3408,speaker_count_3408_last,0,8,28,16,17,11,8
ex03_happy_00037,ex03::THE VACANCIES ARE IN SUPPORT SERVICES AND ARTS,emotion_3408,speaker_count_3408_last,20,9,28,18,17,11,9
ex03_happy_00037,ex03::THE VACANCIES ARE IN SUPPORT SERVICES AND ARTS,emotion_3408,speaker_count_3408_last,40,11,28,22,17,11,11
ex03_happy_00037,ex03::THE VACANCIES ARE IN SUPPORT SERVICES AND ARTS,intent_3408_last,speaker_count_3408_last,0,9,35,18,24,11,9
ex03_happy_00037,ex03::THE VACANCIES ARE IN SUPPORT SERVICES AND ARTS,intent_3408_last,speaker_count_3408_last,20,10,35,20,24,11,10
ex03_happy_00037,ex03::THE VACANCIES ARE IN SUPPORT SERVICES AND ARTS,intent_3408_last,speaker_count_3408_last,40,10,35,20,24,11,10
ex03_happy_00040,ex03::HOW ARE YOU SIR,asr_3408,emotion_3408,0,2,12,4,10,2,2
ex03_happy_00040,ex03::HOW ARE YOU SIR,asr_3408,emotion_3408,20,2,12,4,10,2,2
ex03_happy_00040,ex03::HOW ARE YOU SIR,asr_3408,emotion_3408,40,2,12,4,10,2,2
ex03_happy_00040,ex03::HOW ARE YOU SIR,asr_3408,intent_3408_last,0,5,18,10,10,8,5
ex03_happy_00040,ex03::HOW ARE YOU SIR,asr_3408,intent_3408_last,20,8,18,16,10,8,8
ex03_happy_00040,ex03::HOW ARE YOU SIR,asr_3408,intent_3408_last,40,8,18,16,10,8,8
ex03_happy_00040,ex03::HOW ARE YOU SIR,asr_3408,speaker_count_3408_last,0,2,13,4,10,3,2
ex03_happy_00040,ex03::HOW ARE YOU SIR,asr_3408,speaker_count_3408_last,20,3,13,6,10,3,3
ex03_happy_00040,ex03::HOW ARE YOU SIR,asr_3408,speaker_count_3408_last,40,3,13,6,10,3,3
ex03_happy_00040,ex03::HOW ARE YOU SIR,emotion_3408,intent_3408_last,0,2,10,4,2,8,2
ex03_happy_00040,ex03::HOW ARE YOU SIR,emotion_3408,intent_3408_last,20,2,10,4,2,8,2
ex03_happy_00040,ex03::HOW ARE YOU SIR,emotion_3408,intent_3408_last,40,2,10,4,2,8,2
ex03_happy_00040,ex03::HOW ARE YOU SIR,emotion_3408,speaker_count_3408_last,0,2,5,4,2,3,2
ex03_happy_00040,ex03::HOW ARE YOU SIR,emotion_3408,speaker_count_3408_last,20,2,5,4,2,3,2
ex03_happy_00040,ex03::HOW ARE YOU SIR,emotion_3408,speaker_count_3408_last,40,2,5,4,2,3,2
ex03_happy_00040,ex03::HOW ARE YOU SIR,intent_3408_last,speaker_count_3408_last,0,2,11,4,8,3,2
ex03_happy_00040,ex03::HOW ARE YOU SIR,intent_3408_last,speaker_count_3408_last,20,3,11,6,8,3,3
ex03_happy_00040,ex03::HOW ARE YOU SIR,intent_3408_last,speaker_count_3408_last,40,3,11,6,8,3,3
ex03_happy_00104,ex03::GRANNY SMITH APPLES YOUR FAVORITE,asr_3408,emotion_3408,0,7,40,14,28,12,7
ex03_happy_00104,ex03::GRANNY SMITH APPLES YOUR FAVORITE,asr_3408,emotion_3408,20,11,40,22,28,12,11
ex03_happy_00104,ex03::GRANNY SMITH APPLES YOUR FAVORITE,asr_3408,emotion_3408,40,12,40,24,28,12,12
ex03_happy_00104,ex03::GRANNY SMITH APPLES YOUR FAVORITE,asr_3408,intent_3408_last,0,12,47,24,28,19,12
ex03_happy_00104,ex03::GRANNY SMITH APPLES YOUR FAVORITE,asr_3408,intent_3408_last,20,19,47,38,28,19,19
ex03_happy_00104,ex03::GRANNY SMITH APPLES YOUR FAVORITE,asr_3408,intent_3408_last,40,19,47,38,28,19,19
ex03_happy_00104,ex03::GRANNY SMITH APPLES YOUR FAVORITE,asr_3408,speaker_count_3408_last,0,1,34,2,28,6,1
ex03_happy_00104,ex03::GRANNY SMITH APPLES YOUR FAVORITE,asr_3408,speaker_count_3408_last,20,6,34,12,28,6,6
ex03_happy_00104,ex03::GRANNY SMITH APPLES YOUR FAVORITE,asr_3408,speaker_count_3408_last,40,6,34,12,28,6,6
ex03_happy_00104,ex03::GRANNY SMITH APPLES YOUR FAVORITE,emotion_3408,intent_3408_last,0,9,31,18,12,19,9
ex03_happy_00104,ex03::GRANNY SMITH APPLES YOUR FAVORITE,emotion_3408,intent_3408_last,20,12,31,24,12,19,12
ex03_happy_00104,ex03::GRANNY SMITH APPLES YOUR FAVORITE,emotion_3408,intent_3408_last,40,12,31,24,12,19,14
ex03_happy_00104,ex03::GRANNY SMITH APPLES YOUR FAVORITE,emotion_3408,speaker_count_3408_last,0,1,18,2,12,6,1
ex03_happy_00104,ex03::GRANNY SMITH APPLES YOUR FAVORITE,emotion_3408,speaker_count_3408_last,20,4,18,8,12,6,4
ex03_happy_00104,ex03::GRANNY SMITH APPLES YOUR FAVORITE,emotion_3408,speaker_count_3408_last,40,5,18,10,12,6,5
ex03_happy_00104,ex03::GRANNY SMITH APPLES YOUR FAVORITE,intent_3408_last,speaker_count_3408_last,0,2,25,4,19,6,2
ex03_happy_00104,ex03::GRANNY SMITH APPLES YOUR FAVORITE,intent_3408_last,speaker_count_3408_last,20,5,25,10,19,6,5
ex03_happy_00104,ex03::GRANNY SMITH APPLES YOUR FAVORITE,intent_3408_last,speaker_count_3408_last,40,6,25,12,19,6,6
ex03_happy_00134,ex03::WHO STARS IN THE NUTTY PROFESSOR,asr_3408,emotion_3408,0,8,33,16,23,10,8
ex03_happy_00134,ex03::WHO STARS IN THE NUTTY PROFESSOR,asr_3408,emotion_3408,20,10,33,20,23,10,10
ex03_happy_00134,ex03::WHO STARS IN THE NUTTY PROFESSOR,asr_3408,emotion_3408,40,10,33,20,23,10,10
ex03_happy_00134,ex03::WHO STARS IN THE NUTTY PROFESSOR,asr_3408,intent_3408_last,0,11,37,22,23,14,11
ex03_happy_00134,ex03::WHO STARS IN THE NUTTY PROFESSOR,asr_3408,intent_3408_last,20,14,37,28,23,14,14
ex03_happy_00134,ex03::WHO STARS IN THE NUTTY PROFESSOR,asr_3408,intent_3408_last,40,14,37,28,23,14,14
ex03_happy_00134,ex03::WHO STARS IN THE NUTTY PROFESSOR,asr_3408,speaker_count_3408_last,0,3,30,6,23,7,3
ex03_happy_00134,ex03::WHO STARS IN THE NUTTY PROFESSOR,asr_3408,speaker_count_3408_last,20,6,30,12,23,7,6
ex03_happy_00134,ex03::WHO STARS IN THE NUTTY PROFESSOR,asr_3408,speaker_count_3408_last,40,7,30,14,23,7,7
ex03_happy_00134,ex03::WHO STARS IN THE NUTTY PROFESSOR,emotion_3408,intent_3408_last,0,9,24,18,10,14,9
ex03_happy_00134,ex03::WHO STARS IN THE NUTTY PROFESSOR,emotion_3408,intent_3408_last,20,10,24,20,10,14,10
ex03_happy_00134,ex03::WHO STARS IN THE NUTTY PROFESSOR,emotion_3408,intent_3408_last,40,10,24,20,10,14,11
ex03_happy_00134,ex03::WHO STARS IN THE NUTTY PROFESSOR,emotion_3408,speaker_count_3408_last,0,3,17,6,10,7,3
ex03_happy_00134,ex03::WHO STARS IN THE NUTTY PROFESSOR,emotion_3408,speaker_count_3408_last,20,6,17,12,10,7,6
ex03_happy_00134,ex03::WHO STARS IN THE NUTTY PROFESSOR,emotion_3408,speaker_count_3408_last,40,7,17,14,10,7,7
ex03_happy_00134,ex03::WHO STARS IN THE NUTTY PROFESSOR,intent_3408_last,speaker_count_3408_last,0,3,21,6,14,7,3
ex03_happy_00134,ex03::WHO STARS IN THE NUTTY PROFESSOR,intent_3408_last,speaker_count_3408_last,20,7,21,14,14,7,7
ex03_happy_00134,ex03::WHO STARS IN THE NUTTY PROFESSOR,intent_3408_last,speaker_count_3408_last,40,7,21,14,14,7,7
ex03_happy_00143,ex03::OH ME TOO,asr_3408,emotion_3408,0,3,11,6,8,3,3
ex03_happy_00143,ex03::OH ME TOO,asr_3408,emotion_3408,20,3,11,6,8,3,3
ex03_happy_00143,ex03::OH ME TOO,asr_3408,emotion_3408,40,3,11,6,8,3,3
ex03_happy_00143,ex03::OH ME TOO,asr_3408,intent_3408_last,0,4,13,8,8,5,4
ex03_happy_00143,ex03::OH ME TOO,asr_3408,intent_3408_last,20,5,13,10,8,5,5
ex03_happy_00143,ex03::OH ME TOO,asr_3408,intent_3408_last,40,5,13,10,8,5,5
ex03_happy_00143,ex03::OH ME TOO,asr_3408,speaker_count_3408_last,0,2,10,4,8,2,2
ex03_happy_00143,ex03::OH ME TOO,asr_3408,speaker_count_3408_last,20,2,10,4,8,2,2
ex03_happy_00143,ex03::OH ME TOO,asr_3408,speaker_count_3408_last,40,2,10,4,8,2,2
ex03_happy_00143,ex03::OH ME TOO,emotion_3408,intent_3408_last,0,3,8,6,3,5,3
ex03_happy_00143,ex03::OH ME TOO,emotion_3408,intent_3408_last,20,3,8,6,3,5,3
ex03_happy_00143,ex03::OH ME TOO,emotion_3408,intent_3408_last,40,3,8,6,3,5,3
ex03_happy_00143,ex03::OH ME TOO,emotion_3408,speaker_count_3408_last,0,2,5,4,3,2,2
ex03_happy_00143,ex03::OH ME TOO,emotion_3408,speaker_count_3408_last,20,2,5,4,3,2,2
ex03_happy_00143,ex03::OH ME TOO,emotion_3408,speaker_count_3408_last,40,2,5,4,3,2,2
ex03_happy_00143,ex03::OH ME TOO,intent_3408_last,speaker_count_3408_last,0,2,7,4,5,2,2
ex03_happy_00143,ex03::OH ME TOO,intent_3408_last,speaker_count_3408_last,20,2,7,4,5,2,2
ex03_happy_00143,ex03::OH ME TOO,intent_3408_last,speaker_count_3408_last,40,2,7,4,5,2,2
ex03_happy_00175,ex03::WHAT IS TAI CHI,asr_3408,emotion_3408,0,4,17,8,12,5,4
ex03_happy_00175,ex03::WHAT IS TAI CHI,asr_3408,emotion_3408,20,5,17,10,12,5,5
ex03_happy_00175,ex03::WHAT IS TAI CHI,asr_3408,emotion_3408,40,5,17,10,12,5,5
ex03_happy_00175,ex03::WHAT IS TAI CHI,asr_3408,intent_3408_last,0,6,19,12,12,7,6
ex03_happy_00175,ex03::WHAT IS TAI CHI,asr_3408,intent_3408_last,20,7,19,14,12,7,7
ex03_happy_00175,ex03::WHAT IS TAI CHI,asr_3408,intent_3408_last,40,7,19,14,12,7,7
ex03_happy_00175,ex03::WHAT IS TAI CHI,asr_3408,speaker_count_3408_last,0,0,15,0,12,3,0
ex03_happy_00175,ex03::WHAT IS TAI CHI,asr_3408,speaker_count_3408_last,20,2,15,4,12,3,2
ex03_happy_00175,ex03::WHAT IS TAI CHI,asr_3408,speaker_count_3408_last,40,2,15,4,12,3,2
ex03_happy_00175,ex03::WHAT IS TAI CHI,emotion_3408,intent_3408_last,0,4,12,8,5,7,4
ex03_happy_00175,ex03::WHAT IS TAI CHI,emotion_3408,intent_3408_last,20,4,12,8,5,7,4
ex03_happy_00175,ex03::WHAT IS TAI CHI,emotion_3408,intent_3408_last,40,5,12,10,5,7,5
ex03_happy_00175,ex03::WHAT IS TAI CHI,emotion_3408,speaker_count_3408_last,0,0,8,0,5,3,0
ex03_happy_00175,ex03::WHAT IS TAI CHI,emotion_3408,speaker_count_3408_last,20,2,8,4,5,3,2
ex03_happy_00175,ex03::WHAT IS TAI CHI,emotion_3408,speaker_count_3408_last,40,2,8,4,5,3,2
ex03_happy_00175,ex03::WHAT IS TAI CHI,intent_3408_last,speaker_count_3408_last,0,0,10,0,7,3,0
ex03_happy_00175,ex03::WHAT IS TAI CHI,intent_3408_last,speaker_count_3408_last,20,2,10,4,7,3,2
ex03_happy_00175,ex03::WHAT IS TAI CHI,intent_3408_last,speaker_count_3408_last,40,2,10,4,7,3,2
ex03_happy_00198,ex03::OF COURSE HE DOES,asr_3408,emotion_3408,0,3,20,6,15,5,3
ex03_happy_00198,ex03::OF COURSE HE DOES,asr_3408,emotion_3408,20,3,20,6,15,5,3
ex03_happy_00198,ex03::OF COURSE HE DOES,asr_3408,emotion_3408,40,5,20,10,15,5,5
ex03_happy_00198,ex03::OF COURSE HE DOES,asr_3408,intent_3408_last,0,5,24,10,15,9,5
ex03_happy_00198,ex03::OF COURSE HE DOES,asr_3408,intent_3408_last,20,9,24,18,15,9,9
ex03_happy_00198,ex03::OF COURSE HE DOES,asr_3408,intent_3408_last,40,9,24,18,15,9,9
ex03_happy_00198,ex03::OF COURSE HE DOES,asr_3408,speaker_count_3408_last,0,1,18,2,15,3,1
ex03_happy_00198,ex03::OF COURSE HE DOES,asr_3408,speaker_count_3408_last,20,3,18,6,15,3,3
ex03_happy_00198,ex03::OF COURSE HE DOES,asr_3408,speaker_count_3408_last,40,3,18,6,15,3,3
ex03_happy_00198,ex03::OF COURSE HE DOES,emotion_3408,intent_3408_last,0,2,14,4,5,9,2
ex03_happy_00198,ex03::OF COURSE HE DOES,emotion_3408,intent_3408_last,20,4,14,8,5,9,4
ex03_happy_00198,ex03::OF COURSE HE DOES,emotion_3408,intent_3408_last,40,4,14,8,5,9,4
ex03_happy_00198,ex03::OF COURSE HE DOES,emotion_3408,speaker_count_3408_last,0,1,8,2,5,3,1
ex03_happy_00198,ex03::OF COURSE HE DOES,emotion_3408,speaker_count_3408_last,20,2,8,4,5,3,2
ex03_happy_00198,ex03::OF COURSE HE DOES,emotion_3408,speaker_count_3408_last,40,2,8,4,5,3,2
ex03_happy_00198,ex03::OF COURSE HE DOES,intent_3408_last,speaker_count_3408_last,0,2,12,4,9,3,2
ex03_happy_00198,ex03::OF COURSE HE DOES,intent_3408_last,speaker_count_3408_last,20,3,12,6,9,3,3
ex03_happy_00198,ex03::OF COURSE HE DOES,intent_3408_last,speaker_count_3408_last,40,3,12,6,9,3,3
ex03_happy_00205,ex03::MILESTONES FOR ALEX AND THE OTHER TRAVEL ZOO BREAK OUT YOUR SCORECARDS,asr_3408,emotion_3408,0,18,80,36,53,27,18
ex03_happy_00205,ex03::MILESTONES FOR ALEX AND THE OTHER TRAVEL ZOO BREAK OUT YOUR SCORECARDS,asr_3408,emotion_3408,20,24,80,48,53,27,24
ex03_happy_00205,ex03::MILESTONES FOR ALEX AND THE OTHER TRAVEL ZOO BREAK OUT YOUR SCORECARDS,asr_3408,emotion_3408,40,26,80,52,53,27,26
ex03_happy_00205,ex03::MILESTONES FOR ALEX AND THE OTHER TRAVEL ZOO BREAK OUT YOUR SCORECARDS,asr_3408,intent_3408_last,0,28,92,56,53,39,28
ex03_happy_00205,ex03::MILESTONES FOR ALEX AND THE OTHER TRAVEL ZOO BREAK OUT YOUR SCORECARDS,asr_3408,intent_3408_last,20,38,92,76,53,39,38
ex03_happy_00205,ex03::MILESTONES FOR ALEX AND THE OTHER TRAVEL ZOO BREAK OUT YOUR SCORECARDS,asr_3408,intent_3408_last,40,39,92,78,53,39,39
ex03_happy_00205,ex03::MILESTONES FOR ALEX AND THE OTHER TRAVEL ZOO BREAK OUT YOUR SCORECARDS,asr_3408,speaker_count_3408_last,0,7,69,14,53,16,7
ex03_happy_00205,ex03::MILESTONES FOR ALEX AND THE OTHER TRAVEL ZOO BREAK OUT YOUR SCORECARDS,asr_3408,speaker_count_3408_last,20,13,69,26,53,16,13
ex03_happy_00205,ex03::MILESTONES FOR ALEX AND THE OTHER TRAVEL ZOO BREAK OUT YOUR SCORECARDS,asr_3408,speaker_count_3408_last,40,16,69,32,53,16,16
ex03_happy_00205,ex03::MILESTONES FOR ALEX AND THE OTHER TRAVEL ZOO BREAK OUT YOUR SCORECARDS,emotion_3408,intent_3408_last,0,17,66,34,27,39,17
ex03_happy_00205,ex03::MILESTONES FOR ALEX AND THE OTHER TRAVEL ZOO BREAK OUT YOUR SCORECARDS,emotion_3408,intent_3408_last,20,22,66,44,27,39,23
ex03_happy_00205,ex03::MILESTONES FOR ALEX AND THE OTHER TRAVEL ZOO BREAK OUT YOUR SCORECARDS,emotion_3408,intent_3408_last,40,25,66,50,27,39,29
ex03_happy_00205,ex03::MILESTONES FOR ALEX AND THE OTHER TRAVEL ZOO BREAK OUT YOUR SCORECARDS,emotion_3408,speaker_count_3408_last,0,6,43,12,27,16,6
ex03_happy_00205,ex03::MILESTONES FOR ALEX AND THE OTHER TRAVEL ZOO BREAK OUT YOUR SCORECARDS,emotion_3408,speaker_count_3408_last,20,12,43,24,27,16,12
ex03_happy_00205,ex03::MILESTONES FOR ALEX AND THE OTHER TRAVEL ZOO BREAK OUT YOUR SCORECARDS,emotion_3408,speaker_count_3408_last,40,14,43,28,27,16,14
ex03_happy_00205,ex03::MILESTONES FOR ALEX AND THE OTHER TRAVEL ZOO BREAK OUT YOUR SCORECARDS,intent_3408_last,speaker_count_3408_last,0,8,55,16,39,16,8
ex03_happy_00205,ex03::MILESTONES FOR ALEX AND THE OTHER TRAVEL ZOO BREAK OUT YOUR SCORECARDS,intent_3408_last,speaker_count_3408_last,20,15,55,30,39,16,15
ex03_happy_00205,ex03::MILESTONES FOR ALEX AND THE OTHER TRAVEL ZOO BREAK OUT YOUR SCORECARDS,intent_3408_last,speaker_count_3408_last,40,16,55,32,39,16,16
ex03_happy_00226,ex03::IT'S GONNA BE SUNNY WITH TEMPERATURES GOING FROM SIXTY EIGHT TO SEVENTY EIGHT TODAY IN COVINGTON,asr_3408,emotion_3408,0,23,102,46,69,33,23
ex03_happy_00226,ex03::IT'S GONNA BE SUNNY WITH TEMPERATURES GOING FROM SIXTY EIGHT TO SEVENTY EIGHT TODAY IN COVINGTON,asr_3408,emotion_3408,20,33,102,66,69,33,33
ex03_happy_00226,ex03::IT'S GONNA BE SUNNY WITH TEMPERATURES GOING FROM SIXTY EIGHT TO SEVENTY EIGHT TODAY IN COVINGTON,asr_3408,emotion_3408,40,33,102,66,69,33,33
ex03_happy_00226,ex03::IT'S GONNA BE SUNNY WITH TEMPERATURES GOING FROM SIXTY EIGHT TO SEVENTY EIGHT TODAY IN COVINGTON,asr_3408,intent_3408_last,0,29,113,58,69,44,29
ex03_happy_00226,ex03::IT'S GONNA BE SUNNY WITH TEMPERATURES GOING FROM SIXTY EIGHT TO SEVENTY EIGHT TODAY IN COVINGTON,asr_3408,intent_3408_last,20,44,113,88,69,44,44
ex03_happy_00226,ex03::IT'S GONNA BE SUNNY WITH TEMPERATURES GOING FROM SIXTY EIGHT TO SEVENTY EIGHT TODAY IN COVINGTON,asr_3408,intent_3408_last,40,44,113,88,69,44,44
ex03_happy_00226,ex03::IT'S GONNA BE SUNNY WITH TEMPERATURES GOING FROM SIXTY EIGHT TO SEVENTY EIGHT TODAY IN COVINGTON,asr_3408,speaker_count_3408_last,0,12,90,24,69,21,12
ex03_happy_00226,ex03::IT'S GONNA BE SUNNY WITH TEMPERATURES GOING FROM SIXTY EIGHT TO SEVENTY EIGHT TODAY IN COVINGTON,asr_3408,speaker_count_3408_last,20,21,90,42,69,21,21
ex03_happy_00226,ex03::IT'S GONNA BE SUNNY WITH TEMPERATURES GOING FROM SIXTY EIGHT TO SEVENTY EIGHT TODAY IN COVINGTON,asr_3408,speaker_count_3408_last,40,21,90,42,69,21,21
ex03_happy_00226,ex03::IT'S GONNA BE SUNNY WITH TEMPERATURES GOING FROM SIXTY EIGHT TO SEVENTY EIGHT TODAY IN COVINGTON,emotion_3408,intent_3408_last,0,23,77,46,33,44,23
ex03_happy_00226,ex03::IT'S GONNA BE SUNNY WITH TEMPERATURES GOING FROM SIXTY EIGHT TO SEVENTY EIGHT TODAY IN COVINGTON,emotion_3408,intent_3408_last,20,32,77,64,33,44,33
ex03_happy_00226,ex03::IT'S GONNA BE SUNNY WITH TEMPERATURES GOING FROM SIXTY EIGHT TO SEVENTY EIGHT TODAY IN COVINGTON,emotion_3408,intent_3408_last,40,33,77,66,33,44,36
ex03_happy_00226,ex03::IT'S GONNA BE SUNNY WITH TEMPERATURES GOING FROM SIXTY EIGHT TO SEVENTY EIGHT TODAY IN COVINGTON,emotion_3408,speaker_count_3408_last,0,11,54,22,33,21,11
ex03_happy_00226,ex03::IT'S GONNA BE SUNNY WITH TEMPERATURES GOING FROM SIXTY EIGHT TO SEVENTY EIGHT TODAY IN COVINGTON,emotion_3408,speaker_count_3408_last,20,18,54,36,33,21,18
ex03_happy_00226,ex03::IT'S GONNA BE SUNNY WITH TEMPERATURES GOING FROM SIXTY EIGHT TO SEVENTY EIGHT TODAY IN COVINGTON,emotion_3408,speaker_count_3408_last,40,20,54,40,33,21,20
ex03_happy_00226,ex03::IT'S GONNA BE SUNNY WITH TEMPERATURES GOING FROM SIXTY EIGHT TO SEVENTY EIGHT TODAY IN COVINGTON,intent_3408_last,speaker_count_3408_last,0,12,65,24,44,21,12
ex03_happy_00226,ex03::IT'S GONNA BE SUNNY WITH TEMPERATURES GOING FROM SIXTY EIGHT TO SEVENTY EIGHT TODAY IN COVINGTON,intent_3408_last,speaker_count_3408_last,20,20,65,40,44,21,20
ex03_happy_00226,ex03::IT'S GONNA BE SUNNY WITH TEMPERATURES GOING FROM SIXTY EIGHT TO SEVENTY EIGHT TODAY IN COVINGTON,intent_3408_last,speaker_count_3408_last,40,21,65,42,44,21,21
ex03_happy_00269,ex03::DOES THE PROSECUTION HAVE A RECOMMENDATION,asr_3408,emotion_3408,0,9,51,18,35,16,9
ex03_happy_00269,ex03::DOES THE PROSECUTION HAVE A RECOMMENDATION,asr_3408,emotion_3408,20,15,51,30,35,16,15
ex03_happy_00269,ex03::DOES THE PROSECUTION HAVE A RECOMMENDATION,asr_3408,emotion_3408,40,16,51,32,35,16,16
ex03_happy_00269,ex03::DOES THE PROSECUTION HAVE A RECOMMENDATION,asr_3408,intent_3408_last,0,16,57,32,35,22,16
ex03_happy_00269,ex03::DOES THE PROSECUTION HAVE A RECOMMENDATION,asr_3408,intent_3408_last,20,22,57,44,35,22,22
ex03_happy_00269,ex03::DOES THE PROSECUTION HAVE A RECOMMENDATION,asr_3408,intent_3408_last,40,22,57,44,35,22,22
ex03_happy_00269,ex03::DOES THE PROSECUTION HAVE A RECOMMENDATION,asr_3408,speaker_count_3408_last,0,5,46,10,35,11,5
ex03_happy_00269,ex03::DOES THE PROSECUTION HAVE A RECOMMENDATION,asr_3408,speaker_count_3408_last,20,11,46,22,35,11,11
ex03_happy_00269,ex03::DOES THE PROSECUTION HAVE A RECOMMENDATION,asr_3408,speaker_count_3408_last,40,11,46,22,35,11,11
ex03_happy_00269,ex03::DOES THE PROSECUTION HAVE A RECOMMENDATION,emotion_3408,intent_3408_last,0,10,38,20,16,22,10
ex03_happy_00269,ex03::DOES THE PROSECUTION HAVE A RECOMMENDATION,emotion_3408,intent_3408_last,20,16,38,32,16,22,17
ex03_happy_00269,ex03::DOES THE PROSECUTION HAVE A RECOMMENDATION,emotion_3408,intent_3408_last,40,16,38,32,16,22,19
ex03_happy_00269,ex03::DOES THE PROSECUTION HAVE A RECOMMENDATION,emotion_3408,speaker_count_3408_last,0,3,27,6,16,11,3
ex03_happy_00269,ex03::DOES THE PROSECUTION HAVE A RECOMMENDATION,emotion_3408,speaker_count_3408_last,20,9,27,18,16,11,9
ex03_happy_00269,ex03::DOES THE PROSECUTION HAVE A RECOMMENDATION,emotion_3408,speaker_count_3408_last,40,10,27,20,16,11,10
ex03_happy_00269,ex03::DOES THE PROSECUTION HAVE A RECOMMENDATION,intent_3408_last,speaker_count_3408_last,0,6,33,12,22,11,6
ex03_happy_00269,ex03::DOES THE PROSECUTION HAVE A RECOMMENDATION,intent_3408_last,speaker_count_3408_last,20,11,33,22,22,11,11
ex03_happy_00269,ex03::DOES THE PROSECUTION HAVE A RECOMMENDATION,intent_3408_last,speaker_count_3408_last,40,11,33,22,22,11,11
ex03_happy_00285,ex03::DON'T THROW THAT OUT,asr_3408,emotion_3408,0,2,18,4,13,5,2
ex03_happy_00285,ex03::DON'T THROW THAT OUT,asr_3408,emotion_3408,20,5,18,10,13,5,5
ex03_happy_00285,ex03::DON'T THROW THAT OUT,asr_3408,emotion_3408,40,5,18,10,13,5,5
ex03_happy_00285,ex03::DON'T THROW THAT OUT,asr_3408,intent_3408_last,0,6,21,12,13,8,6
ex03_happy_00285,ex03::DON'T THROW THAT OUT,asr_3408,intent_3408_last,20,8,21,16,13,8,8
ex03_happy_00285,ex03::DON'T THROW THAT OUT,asr_3408,intent_3408_last,40,8,21,16,13,8,8
ex03_happy_00285,ex03::DON'T THROW THAT OUT,asr_3408,speaker_count_3408_last,0,1,15,2,13,2,1
ex03_happy_00285,ex03::DON'T THROW THAT OUT,asr_3408,speaker_count_3408_last,20,2,15,4,13,2,2
ex03_happy_00285,ex03::DON'T THROW THAT OUT,asr_3408,speaker_count_3408_last,40,2,15,4,13,2,2
ex03_happy_00285,ex03::DON'T THROW THAT OUT,emotion_3408,intent_3408_last,0,2,13,4,5,8,2
ex03_happy_00285,ex03::DON'T THROW THAT OUT,emotion_3408,intent_3408_last,20,5,13,10,5,8,5
ex03_happy_00285,ex03::DON'T THROW THAT OUT,emotion_3408,intent_3408_last,40,5,13,10,5,8,6
ex03_happy_00285,ex03::DON'T THROW THAT OUT,emotion_3408,speaker_count_3408_last,0,2,7,4,5,2,2
ex03_happy_00285,ex03::DON'T THROW THAT OUT,emotion_3408,speaker_count_3408_last,20,2,7,4,5,2,2
ex03_happy_00285,ex03::DON'T THROW THAT OUT,emotion_3408,speaker_count_3408_last,40,2,7,4,5,2,2
ex03_happy_00285,ex03::DON'T THROW THAT OUT,intent_3408_last,speaker_count_3408_last,0,1,10,2,8,2,1
ex03_happy_00285,ex03::DON'T THROW THAT OUT,intent_3408_last,speaker_count_3408_last,20,2,10,4,8,2,2
ex03_happy_00285,ex03::DON'T THROW THAT OUT,intent_3408_last,speaker_count_3408_last,40,2,10,4,8,2,2
ex03_happy_00343,ex03::OKAY ENOUGH OF THE SPEECHES,asr_3408,emotion_3408,0,11,37,22,24,13,11
ex03_happy_00343,ex03::OKAY ENOUGH OF THE SPEECHES,asr_3408,emotion_3408,20,13,37,26,24,13,13
ex03_happy_00343,ex03::OKAY ENOUGH OF THE SPEECHES,asr_3408,emotion_3408,40,13,37,26,24,13,13
ex03_happy_00343,ex03::OKAY ENOUGH OF THE SPEECHES,asr_3408,intent_3408_last,0,14,42,28,24,18,14
ex03_happy_00343,ex03::OKAY ENOUGH OF THE SPEECHES,asr_3408,intent_3408_last,20,18,42,36,24,18,18
ex03_happy_00343,ex03::OKAY ENOUGH OF THE SPEECHES,asr_3408,intent_3408_last,40,18,42,36,24,18,18
ex03_happy_00343,ex03::OKAY ENOUGH OF THE SPEECHES,asr_3408,speaker_count_3408_last,0,3,32,6,24,8,3
ex03_happy_00343,ex03::OKAY ENOUGH OF THE SPEECHES,asr_3408,speaker_count_3408_last,20,6,32,12,24,8,6
ex03_happy_00343,ex03::OKAY ENOUGH OF THE SPEECHES,asr_3408,speaker_count_3408_last,40,7,32,14,24,8,7
ex03_happy_00343,ex03::OKAY ENOUGH OF THE SPEECHES,emotion_3408,intent_3408_last,0,9,31,18,13,18,9
ex03_happy_00343,ex03::OKAY ENOUGH OF THE SPEECHES,emotion_3408,intent_3408_last,20,12,31,24,13,18,12
ex03_happy_00343,ex03::OKAY ENOUGH OF THE SPEECHES,emotion_3408,intent_3408_last,40,12,31,24,13,18,14
ex03_happy_00343,ex03::OKAY ENOUGH OF THE SPEECHES,emotion_3408,speaker_count_3408_last,0,3,21,6,13,8,3
ex03_happy_00343,ex03::OKAY ENOUGH OF THE SPEECHES,emotion_3408,speaker_count_3408_last,20,6,21,12,13,8,6
ex03_happy_00343,ex03::OKAY ENOUGH OF THE SPEECHES,emotion_3408,speaker_count_3408_last,40,7,21,14,13,8,7
ex03_happy_00343,ex03::OKAY ENOUGH OF THE SPEECHES,intent_3408_last,speaker_count_3408_last,0,3,26,6,18,8,3
ex03_happy_00343,ex03::OKAY ENOUGH OF THE SPEECHES,intent_3408_last,speaker_count_3408_last,20,6,26,12,18,8,6
ex03_happy_00343,ex03::OKAY ENOUGH OF THE SPEECHES,intent_3408_last,speaker_count_3408_last,40,6,26,12,18,8,6
ex03_happy_00376,ex03::HIS NAME IS ADAM BRODY,asr_3408,emotion_3408,0,4,27,8,20,7,4
ex03_happy_00376,ex03::HIS NAME IS ADAM BRODY,asr_3408,emotion_3408,20,6,27,12,20,7,6
ex03_happy_00376,ex03::HIS NAME IS ADAM BRODY,asr_3408,emotion_3408,40,7,27,14,20,7,7
ex03_happy_00376,ex03::HIS NAME IS ADAM BRODY,asr_3408,intent_3408_last,0,10,33,20,20,13,10
ex03_happy_00376,ex03::HIS NAME IS ADAM BRODY,asr_3408,intent_3408_last,20,13,33,26,20,13,13
ex03_happy_00376,ex03::HIS NAME IS ADAM BRODY,asr_3408,intent_3408_last,40,13,33,26,20,13,13
ex03_happy_00376,ex03::HIS NAME IS ADAM BRODY,asr_3408,speaker_count_3408_last,0,4,25,8,20,5,4
ex03_happy_00376,ex03::HIS NAME IS ADAM BRODY,asr_3408,speaker_count_3408_last,20,5,25,10,20,5,5
ex03_happy_00376,ex03::HIS NAME IS ADAM BRODY,asr_3408,speaker_count_3408_last,40,5,25,10,20,5,5
ex03_happy_00376,ex03::HIS NAME IS ADAM BRODY,emotion_3408,intent_3408_last,0,5,20,10,7,13,5
ex03_happy_00376,ex03::HIS NAME IS ADAM BRODY,emotion_3408,intent_3408_last,20,5,20,10,7,13,5
ex03_happy_00376,ex03::HIS NAME IS ADAM BRODY,emotion_3408,intent_3408_last,40,6,20,12,7,13,6
ex03_happy_00376,ex03::HIS NAME IS ADAM BRODY,emotion_3408,speaker_count_3408_last,0,3,12,6,7,5,3
ex03_happy_00376,ex03::HIS NAME IS ADAM BRODY,emotion_3408,speaker_count_3408_last,20,4,12,8,7,5,4
ex03_happy_00376,ex03::HIS NAME IS ADAM BRODY,emotion_3408,speaker_count_3408_last,40,4,12,8,7,5,4
ex03_happy_00376,ex03::HIS NAME IS ADAM BRODY,intent_3408_last,speaker_count_3408_last,0,3,18,6,13,5,3
ex03_happy_00376,ex03::HIS NAME IS ADAM BRODY,intent_3408_last,speaker_count_3408_last,20,4,18,8,13,5,4
ex03_happy_00376,ex03::HIS NAME IS ADAM BRODY,intent_3408_last,speaker_count_3408_last,40,5,18,10,13,5,5
ex03_laughing_00010,ex03::IS THAT SUCCESS,asr_3408,emotion_3408,0,8,33,16,24,9,8
ex03_laughing_00010,ex03::IS THAT SUCCESS,asr_3408,emotion_3408,20,9,33,18,24,9,9
ex03_laughing_00010,ex03::IS THAT SUCCESS,asr_3408,emotion_3408,40,9,33,18,24,9,9
ex03_laughing_00010,ex03::IS THAT SUCCESS,asr_3408,intent_3408_last,0,12,39,24,24,15,12
ex03_laughing_00010,ex03::IS THAT SUCCESS,asr_3408,intent_3408_last,20,15,39,30,24,15,15
ex03_laughing_00010,ex03::IS THAT SUCCESS,asr_3408,intent_3408_last,40,15,39,30,24,15,15
ex03_laughing_00010,ex03::IS THAT SUCCESS,asr_3408,speaker_count_3408_last,0,1,30,2,24,6,1
ex03_laughing_00010,ex03::IS THAT SUCCESS,asr_3408,speaker_count_3408_last,20,4,30,8,24,6,4
ex03_laughing_00010,ex03::IS THAT SUCCESS,asr_3408,speaker_count_3408_last,40,6,30,12,24,6,6
ex03_laughing_00010,ex03::IS THAT SUCCESS,emotion_3408,intent_3408_last,0,6,24,12,9,15,6
ex03_laughing_00010,ex03::IS THAT SUCCESS,emotion_3408,intent_3408_last,20,9,24,18,9,15,9
ex03_laughing_00010,ex03::IS THAT SUCCESS,emotion_3408,intent_3408_last,40,9,24,18,9,15,10
ex03_laughing_00010,ex03::IS THAT SUCCESS,emotion_3408,speaker_count_3408_last,0,1,15,2,9,6,1
ex03_laughing_00010,ex03::IS THAT SUCCESS,emotion_3408,speaker_count_3408_last,20,5,15,10,9,6,5
ex03_laughing_00010,ex03::IS THAT SUCCESS,emotion_3408,speaker_count_3408_last,40,6,15,12,9,6,6
ex03_laughing_00010,ex03::IS THAT SUCCESS,intent_3408_last,speaker_count_3408_last,0,2,21,4,15,6,2
ex03_laughing_00010,ex03::IS THAT SUCCESS,intent_3408_last,speaker_count_3408_last,20,4,21,8,15,6,4
ex03_laughing_00010,ex03::IS THAT SUCCESS,intent_3408_last,speaker_count_3408_last,40,6,21,12,15,6,6
ex03_laughing_00014,ex03::IS IT THE SHAPE OF THINGS TO COME,asr_3408,emotion_3408,0,10,53,20,36,17,10
ex03_laughing_00014,ex03::IS IT THE SHAPE OF THINGS TO COME,asr_3408,emotion_3408,20,17,53,34,36,17,17
ex03_laughing_00014,ex03::IS IT THE SHAPE OF THINGS TO COME,asr_3408,emotion_3408,40,17,53,34,36,17,17
ex03_laughing_00014,ex03::IS IT THE SHAPE OF THINGS TO COME,asr_3408,intent_3408_last,0,16,60,32,36,24,16
ex03_laughing_00014,ex03::IS IT THE SHAPE OF THINGS TO COME,asr_3408,intent_3408_last,20,24,60,48,36,24,24
ex03_laughing_00014,ex03::IS IT THE SHAPE OF THINGS TO COME,asr_3408,intent_3408_last,40,24,60,48,36,24,24
ex03_laughing_00014,ex03::IS IT THE SHAPE OF THINGS TO COME,asr_3408,speaker_count_3408_last,0,4,44,8,36,8,4
ex03_laughing_00014,ex03::IS IT THE SHAPE OF THINGS TO COME,asr_3408,speaker_count_3408_last,20,8,44,16,36,8,8
ex03_laughing_00014,ex03::IS IT THE SHAPE OF THINGS TO COME,asr_3408,speaker_count_3408_last,40,8,44,16,36,8,8
ex03_laughing_00014,ex03::IS IT THE SHAPE OF THINGS TO COME,emotion_3408,intent_3408_last,0,13,41,26,17,24,13
ex03_laughing_00014,ex03::IS IT THE SHAPE OF THINGS TO COME,emotion_3408,intent_3408_last,20,16,41,32,17,24,17
ex03_laughing_00014,ex03::IS IT THE SHAPE OF THINGS TO COME,emotion_3408,intent_3408_last,40,17,41,34,17,24,19
ex03_laughing_00014,ex03::IS IT THE SHAPE OF THINGS TO COME,emotion_3408,speaker_count_3408_last,0,4,25,8,17,8,4
ex03_laughing_00014,ex03::IS IT THE SHAPE OF THINGS TO COME,emotion_3408,speaker_count_3408_last,20,7,25,14,17,8,7
ex03_laughing_00014,ex03::IS IT THE SHAPE OF THINGS TO COME,emotion_3408,speaker_count_3408_last,40,7,25,14,17,8,7
ex03_laughing_00014,ex03::IS IT THE SHAPE OF THINGS TO COME,intent_3408_last,speaker_count_3408_last,0,4,32,8,24,8,4
ex03_laughing_00014,ex03::IS IT THE SHAPE OF THINGS TO COME,intent_3408_last,speaker_count_3408_last,20,8,32,16,24,8,8
ex03_laughing_00014,ex03::IS IT THE SHAPE OF THINGS TO COME,intent_3408_last,speaker_count_3408_last,40,8,32,16,24,8,8
ex03_laughing_00037,ex03::THE VACANCIES ARE IN SUPPORT SERVICES AND ARTS,asr_3408,emotion_3408,0,15,68,30,46,22,15
ex03_laughing_00037,ex03::THE VACANCIES ARE IN SUPPORT SERVICES AND ARTS,asr_3408,emotion_3408,20,18,68,36,46,22,18
ex03_laughing_00037,ex03::THE VACANCIES ARE IN SUPPORT SERVICES AND ARTS,asr_3408,emotion_3408,40,21,68,42,46,22,21
ex03_laughing_00037,ex03::THE VACANCIES ARE IN SUPPORT SERVICES AND ARTS,asr_3408,intent_3408_last,0,19,74,38,46,28,19
ex03_laughing_00037,ex03::THE VACANCIES ARE IN SUPPORT SERVICES AND ARTS,asr_3408,intent_3408_last,20,27,74,54,46,28,27
ex03_laughing_00037,ex03::THE VACANCIES ARE IN SUPPORT SERVICES AND ARTS,asr_3408,intent_3408_last,40,28,74,56,46,28,28
ex03_laughing_00037,ex03::THE VACANCIES ARE IN SUPPORT SERVICES AND ARTS,asr_3408,speaker_count_3408_last,0,5,59,10,46,13,5
ex03_laughing_00037,ex03::THE VACANCIES ARE IN SUPPORT SERVICES AND ARTS,asr_3408,speaker_count_3408_last,20,10,59,20,46,13,10
ex03_laughing_00037,ex03::THE VACANCIES ARE IN SUPPORT SERVICES AND ARTS,asr_3408,speaker_count_3408_last,40,11,59,22,46,13,11
ex03_laughing_00037,ex03::THE VACANCIES ARE IN SUPPORT SERVICES AND ARTS,emotion_3408,intent_3408_last,0,15,50,30,22,28,15
ex03_laughing_00037,ex03::THE VACANCIES ARE IN SUPPORT SERVICES AND ARTS,emotion_3408,intent_3408_last,20,19,50,38,22,28,19
ex03_laughing_00037,ex03::THE VACANCIES ARE IN SUPPORT SERVICES AND ARTS,emotion_3408,intent_3408_last,40,22,50,44,22,28,22
ex03_laughing_00037,ex03::THE VACANCIES ARE IN SUPPORT SERVICES AND ARTS,emotion_3408,speaker_count_3408_last,0,3,35,6,22,13,3
ex03_laughing_00037,ex03::THE VACANCIES ARE IN SUPPORT SERVICES AND ARTS,emotion_3408,speaker_count_3408_last,20,9,35,18,22,13,9
ex03_laughing_00037,ex03::THE VACANCIES ARE IN SUPPORT SERVICES AND ARTS,emotion_3408,speaker_count_3408_last,40,10,35,20,22,13,10
ex03_laughing_00037,ex03::THE VACANCIES ARE IN SUPPORT SERVICES AND ARTS,intent_3408_last,speaker_count_3408_last,0,6,41,12,28,13,6
ex03_laughing_00037,ex03::THE VACANCIES ARE IN SUPPORT SERVICES AND ARTS,intent_3408_last,speaker_count_3408_last,20,10,41,20,28,13,10
ex03_laughing_00037,ex03::THE VACANCIES ARE IN SUPPORT SERVICES AND ARTS,intent_3408_last,speaker_count_3408_last,40,13,41,26,28,13,13
ex03_laughing_00040,ex03::HOW ARE YOU SIR,asr_3408,emotion_3408,0,4,21,8,16,5,4
ex03_laughing_00040,ex03::HOW ARE YOU SIR,asr_3408,emotion_3408,20,5,21,10,16,5,5
ex03_laughing_00040,ex03::HOW ARE YOU SIR,asr_3408,emotion_3408,40,5,21,10,16,5,5
ex03_laughing_00040,ex03::HOW ARE YOU SIR,asr_3408,intent_3408_last,0,7,27,14,16,11,7
ex03_laughing_00040,ex03::HOW ARE YOU SIR,asr_3408,intent_3408_last,20,11,27,22,16,11,11
ex03_laughing_00040,ex03::HOW ARE YOU SIR,asr_3408,intent_3408_last,40,11,27,22,16,11,11
ex03_laughing_00040,ex03::HOW ARE YOU SIR,asr_3408,speaker_count_3408_last,0,2,19,4,16,3,2
ex03_laughing_00040,ex03::HOW ARE YOU SIR,asr_3408,speaker_count_3408_last,20,3,19,6,16,3,3
ex03_laughing_00040,ex03::HOW ARE YOU SIR,asr_3408,speaker_count_3408_last,40,3,19,6,16,3,3
ex03_laughing_00040,ex03::HOW ARE YOU SIR,emotion_3408,intent_3408_last,0,4,16,8,5,11,4
ex03_laughing_00040,ex03::HOW ARE YOU SIR,emotion_3408,intent_3408_last,20,5,16,10,5,11,5
ex03_laughing_00040,ex03::HOW ARE YOU SIR,emotion_3408,intent_3408_last,40,5,16,10,5,11,5
ex03_laughing_00040,ex03::HOW ARE YOU SIR,emotion_3408,speaker_count_3408_last,0,2,8,4,5,3,2
ex03_laughing_00040,ex03::HOW ARE YOU SIR,emotion_3408,speaker_count_3408_last,20,3,8,6,5,3,3
ex03_laughing_00040,ex03::HOW ARE YOU SIR,emotion_3408,speaker_count_3408_last,40,3,8,6,5,3,3
ex03_laughing_00040,ex03::HOW ARE YOU SIR,intent_3408_last,speaker_count_3408_last,0,2,14,4,11,3,2
ex03_laughing_00040,ex03::HOW ARE YOU SIR,intent_3408_last,speaker_count_3408_last,20,3,14,6,11,3,3
ex03_laughing_00040,ex03::HOW ARE YOU SIR,intent_3408_last,speaker_count_3408_last,40,3,14,6,11,3,3
ex03_laughing_00104,ex03::GRANNY SMITH APPLES YOUR FAVORITE,asr_3408,emotion_3408,0,7,44,14,31,13,7
ex03_laughing_00104,ex03::GRANNY SMITH APPLES YOUR FAVORITE,asr_3408,emotion_3408,20,11,44,22,31,13,11
ex03_laughing_00104,ex03::GRANNY SMITH APPLES YOUR FAVORITE,asr_3408,emotion_3408,40,12,44,24,31,13,12
ex03_laughing_00104,ex03::GRANNY SMITH APPLES YOUR FAVORITE,asr_3408,intent_3408_last,0,12,51,24,31,20,12
ex03_laughing_00104,ex03::GRANNY SMITH APPLES YOUR FAVORITE,asr_3408,intent_3408_last,20,19,51,38,31,20,19
ex03_laughing_00104,ex03::GRANNY SMITH APPLES YOUR FAVORITE,asr_3408,intent_3408_last,40,20,51,40,31,20,20
ex03_laughing_00104,ex03::GRANNY SMITH APPLES YOUR FAVORITE,asr_3408,speaker_count_3408_last,0,0,40,0,31,9,0
ex03_laughing_00104,ex03::GRANNY SMITH APPLES YOUR FAVORITE,asr_3408,speaker_count_3408_last,20,8,40,16,31,9,8
ex03_laughing_00104,ex03::GRANNY SMITH APPLES YOUR FAVORITE,asr_3408,speaker_count_3408_last,40,9,40,18,31,9,9
ex03_laughing_00104,ex03::GRANNY SMITH APPLES YOUR FAVORITE,emotion_3408,intent_3408_last,0,6,33,12,13,20,6
ex03_laughing_00104,ex03::GRANNY SMITH APPLES YOUR FAVORITE,emotion_3408,intent_3408_last,20,12,33,24,13,20,12
ex03_laughing_00104,ex03::GRANNY SMITH APPLES YOUR FAVORITE,emotion_3408,intent_3408_last,40,13,33,26,13,20,13
ex03_laughing_00104,ex03::GRANNY SMITH APPLES YOUR FAVORITE,emotion_3408,speaker_count_3408_last,0,0,22,0,13,9,0
ex03_laughing_00104,ex03::GRANNY SMITH APPLES YOUR FAVORITE,emotion_3408,speaker_count_3408_last,20,6,22,12,13,9,6
ex03_laughing_00104,ex03::GRANNY SMITH APPLES YOUR FAVORITE,emotion_3408,speaker_count_3408_last,40,6,22,12,13,9,6
ex03_laughing_00104,ex03::GRANNY SMITH APPLES YOUR FAVORITE,intent_3408_last,speaker_count_3408_last,0,1,29,2,20,9,1
ex03_laughing_00104,ex03::GRANNY SMITH APPLES YOUR FAVORITE,intent_3408_last,speaker_count_3408_last,20,8,29,16,20,9,8
ex03_laughing_00104,ex03::GRANNY SMITH APPLES YOUR FAVORITE,intent_3408_last,speaker_count_3408_last,40,9,29,18,20,9,9
ex03_laughing_00134,ex03::WHO STARS IN THE NUTTY PROFESSOR,asr_3408,emotion_3408,0,8,43,16,31,12,8
ex03_laughing_00134,ex03::WHO STARS IN THE NUTTY PROFESSOR,asr_3408,emotion_3408,20,12,43,24,31,12,12
ex03_laughing_00134,ex03::WHO STARS IN THE NUTTY PROFESSOR,asr_3408,emotion_3408,40,12,43,24,31,12,12
ex03_laughing_00134,ex03::WHO STARS IN THE NUTTY PROFESSOR,asr_3408,intent_3408_last,0,13,50,26,31,19,13
ex03_laughing_00134,ex03::WHO STARS IN THE NUTTY PROFESSOR,asr_3408,intent_3408_last,20,19,50,38,31,19,19
ex03_laughing_00134,ex03::WHO STARS IN THE NUTTY PROFESSOR,asr_3408,intent_3408_last,40,19,50,38,31,19,19
ex03_laughing_00134,ex03::WHO STARS IN THE NUTTY PROFESSOR,asr_3408,speaker_count_3408_last,0,5,41,10,31,10,5
ex03_laughing_00134,ex03::WHO STARS IN THE NUTTY PROFESSOR,asr_3408,speaker_count_3408_last,20,10,41,20,31,10,10
ex03_laughing_00134,ex03::WHO STARS IN THE NUTTY PROFESSOR,asr_3408,speaker_count_3408_last,40,10,41,20,31,10,10
ex03_laughing_00134,ex03::WHO STARS IN THE NUTTY PROFESSOR,emotion_3408,intent_3408_last,0,8,31,16,12,19,8
ex03_laughing_00134,ex03::WHO STARS IN THE NUTTY PROFESSOR,emotion_3408,intent_3408_last,20,11,31,22,12,19,12
ex03_laughing_00134,ex03::WHO STARS IN THE NUTTY PROFESSOR,emotion_3408,intent_3408_last,40,12,31,24,12,19,13
ex03_laughing_00134,ex03::WHO STARS IN THE NUTTY PROFESSOR,emotion_3408,speaker_count_3408_last,0,3,22,6,12,10,3
ex03_laughing_00134,ex03::WHO STARS IN THE NUTTY PROFESSOR,emotion_3408,speaker_count_3408_last,20,6,22,12,12,10,6
ex03_laughing_00134,ex03::WHO STARS IN THE NUTTY PROFESSOR,emotion_3408,speaker_count_3408_last,40,7,22,14,12,10,7
ex03_laughing_00134,ex03::WHO STARS IN THE NUTTY PROFESSOR,intent_3408_last,speaker_count_3408_last,0,4,29,8,19,10,4
ex03_laughing_00134,ex03::WHO STARS IN THE NUTTY PROFESSOR,intent_3408_last,speaker_count_3408_last,20,8,29,16,19,10,8
ex03_laughing_00134,ex03::WHO STARS IN THE NUTTY PROFESSOR,intent_3408_last,speaker_count_3408_last,40,9,29,18,19,10,9
ex03_laughing_00143,ex03::OH ME TOO,asr_3408,emotion_3408,0,5,19,10,14,5,5
ex03_laughing_00143,ex03::OH ME TOO,asr_3408,emotion_3408,20,5,19,10,14,5,5
ex03_laughing_00143,ex03::OH ME TOO,asr_3408,emotion_3408,40,5,19,10,14,5,5
ex03_laughing_00143,ex03::OH ME TOO,asr_3408,intent_3408_last,0,9,25,18,14,11,9
ex03_laughing_00143,ex03::OH ME TOO,asr_3408,intent_3408_last,20,11,25,22,14,11,11
ex03_laughing_00143,ex03::OH ME TOO,asr_3408,intent_3408_last,40,11,25,22,14,11,11
ex03_laughing_00143,ex03::OH ME TOO,asr_3408,speaker_count_3408_last,0,2,18,4,14,4,2
ex03_laughing_00143,ex03::OH ME TOO,asr_3408,speaker_count_3408_last,20,4,18,8,14,4,4
ex03_laughing_00143,ex03::OH ME TOO,asr_3408,speaker_count_3408_last,40,4,18,8,14,4,4
ex03_laughing_00143,ex03::OH ME TOO,emotion_3408,intent_3408_last,0,4,16,8,5,11,4
ex03_laughing_00143,ex03::OH ME TOO,emotion_3408,intent_3408_last,20,5,16,10,5,11,5
ex03_laughing_00143,ex03::OH ME TOO,emotion_3408,intent_3408_last,40,5,16,10,5,11,5
ex03_laughing_00143,ex03::OH ME TOO,emotion_3408,speaker_count_3408_last,0,1,9,2,5,4,1
ex03_laughing_00143,ex03::OH ME TOO,emotion_3408,speaker_count_3408_last,20,3,9,6,5,4,3
ex03_laughing_00143,ex03::OH ME TOO,emotion_3408,speaker_count_3408_last,40,3,9,6,5,4,3
ex03_laughing_00143,ex03::OH ME TOO,intent_3408_last,speaker_count_3408_last,0,3,15,6,11,4,3
ex03_laughing_00143,ex03::OH ME TOO,intent_3408_last,speaker_count_3408_last,20,4,15,8,11,4,4
ex03_laughing_00143,ex03::OH ME TOO,intent_3408_last,speaker_count_3408_last,40,4,15,8,11,4,4
ex03_laughing_00175,ex03::WHAT IS TAI CHI,asr_3408,emotion_3408,0,3,24,6,16,8,3
ex03_laughing_00175,ex03::WHAT IS TAI CHI,asr_3408,emotion_3408,20,5,24,10,16,8,5
ex03_laughing_00175,ex03::WHAT IS TAI CHI,asr_3408,emotion_3408,40,7,24,14,16,8,7
ex03_laughing_00175,ex03::WHAT IS TAI CHI,asr_3408,intent_3408_last,0,7,27,14,16,11,7
ex03_laughing_00175,ex03::WHAT IS TAI CHI,asr_3408,intent_3408_last,20,11,27,22,16,11,11
ex03_laughing_00175,ex03::WHAT IS TAI CHI,asr_3408,intent_3408_last,40,11,27,22,16,11,11
ex03_laughing_00175,ex03::WHAT IS TAI CHI,asr_3408,speaker_count_3408_last,0,1,20,2,16,4,1
ex03_laughing_00175,ex03::WHAT IS TAI CHI,asr_3408,speaker_count_3408_last,20,3,20,6,16,4,3
ex03_laughing_00175,ex03::WHAT IS TAI CHI,asr_3408,speaker_count_3408_last,40,4,20,8,16,4,4
ex03_laughing_00175,ex03::WHAT IS TAI CHI,emotion_3408,intent_3408_last,0,2,19,4,8,11,2
ex03_laughing_00175,ex03::WHAT IS TAI CHI,emotion_3408,intent_3408_last,20,5,19,10,8,11,5
ex03_laughing_00175,ex03::WHAT IS TAI CHI,emotion_3408,intent_3408_last,40,7,19,14,8,11,7
ex03_laughing_00175,ex03::WHAT IS TAI CHI,emotion_3408,speaker_count_3408_last,0,2,12,4,8,4,2
ex03_laughing_00175,ex03::WHAT IS TAI CHI,emotion_3408,speaker_count_3408_last,20,4,12,8,8,4,4
ex03_laughing_00175,ex03::WHAT IS TAI CHI,emotion_3408,speaker_count_3408_last,40,4,12,8,8,4,4
ex03_laughing_00175,ex03::WHAT IS TAI CHI,intent_3408_last,speaker_count_3408_last,0,1,15,2,11,4,1
ex03_laughing_00175,ex03::WHAT IS TAI CHI,intent_3408_last,speaker_count_3408_last,20,4,15,8,11,4,4
ex03_laughing_00175,ex03::WHAT IS TAI CHI,intent_3408_last,speaker_count_3408_last,40,4,15,8,11,4,4
ex03_laughing_00198,ex03::OF COURSE HE DOES,asr_3408,emotion_3408,0,5,23,10,16,7,5
ex03_laughing_00198,ex03::OF COURSE HE DOES,asr_3408,emotion_3408,20,6,23,12,16,7,6
ex03_laughing_00198,ex03::OF COURSE HE DOES,asr_3408,emotion_3408,40,7,23,14,16,7,7
ex03_laughing_00198,ex03::OF COURSE HE DOES,asr_3408,intent_3408_last,0,10,27,20,16,11,10
ex03_laughing_00198,ex03::OF COURSE HE DOES,asr_3408,intent_3408_last,20,11,27,22,16,11,11
ex03_laughing_00198,ex03::OF COURSE HE DOES,asr_3408,intent_3408_last,40,11,27,22,16,11,11
ex03_laughing_00198,ex03::OF COURSE HE DOES,asr_3408,speaker_count_3408_last,0,2,20,4,16,4,2
ex03_laughing_00198,ex03::OF COURSE HE DOES,asr_3408,speaker_count_3408_last,20,3,20,6,16,4,3
ex03_laughing_00198,ex03::OF COURSE HE DOES,asr_3408,speaker_count_3408_last,40,4,20,8,16,4,4
ex03_laughing_00198,ex03::OF COURSE HE DOES,emotion_3408,intent_3408_last,0,5,18,10,7,11,5
ex03_laughing_00198,ex03::OF COURSE HE DOES,emotion_3408,intent_3408_last,20,6,18,12,7,11,6
ex03_laughing_00198,ex03::OF COURSE HE DOES,emotion_3408,intent_3408_last,40,7,18,14,7,11,7
ex03_laughing_00198,ex03::OF COURSE HE DOES,emotion_3408,speaker_count_3408_last,0,2,11,4,7,4,2
ex03_laughing_00198,ex03::OF COURSE HE DOES,emotion_3408,speaker_count_3408_last,20,2,11,4,7,4,2
ex03_laughing_00198,ex03::OF COURSE HE DOES,emotion_3408,speaker_count_3408_last,40,3,11,6,7,4,3
ex03_laughing_00198,ex03::OF COURSE HE DOES,intent_3408_last,speaker_count_3408_last,0,3,15,6,11,4,3
ex03_laughing_00198,ex03::OF COURSE HE DOES,intent_3408_last,speaker_count_3408_last,20,3,15,6,11,4,3
ex03_laughing_00198,ex03::OF COURSE HE DOES,intent_3408_last,speaker_count_3408_last,40,4,15,8,11,4,4
ex03_laughing_00205,ex03::MILESTONES FOR ALEX AND THE OTHER TRAVEL ZOO BREAK OUT YOUR SCORECARDS,asr_3408,emotion_3408,0,19,98,38,61,37,19
ex03_laughing_00205,ex03::MILESTONES FOR ALEX AND THE OTHER TRAVEL ZOO BREAK OUT YOUR SCORECARDS,asr_3408,emotion_3408,20,36,98,72,61,37,36
ex03_laughing_00205,ex03::MILESTONES FOR ALEX AND THE OTHER TRAVEL ZOO BREAK OUT YOUR SCORECARDS,asr_3408,emotion_3408,40,37,98,74,61,37,37
ex03_laughing_00205,ex03::MILESTONES FOR ALEX AND THE OTHER TRAVEL ZOO BREAK OUT YOUR SCORECARDS,asr_3408,intent_3408_last,0,28,108,56,61,47,28
ex03_laughing_00205,ex03::MILESTONES FOR ALEX AND THE OTHER TRAVEL ZOO BREAK OUT YOUR SCORECARDS,asr_3408,intent_3408_last,20,45,108,90,61,47,45
ex03_laughing_00205,ex03::MILESTONES FOR ALEX AND THE OTHER TRAVEL ZOO BREAK OUT YOUR SCORECARDS,asr_3408,intent_3408_last,40,46,108,92,61,47,46
ex03_laughing_00205,ex03::MILESTONES FOR ALEX AND THE OTHER TRAVEL ZOO BREAK OUT YOUR SCORECARDS,asr_3408,speaker_count_3408_last,0,5,76,10,61,15,5
ex03_laughing_00205,ex03::MILESTONES FOR ALEX AND THE OTHER TRAVEL ZOO BREAK OUT YOUR SCORECARDS,asr_3408,speaker_count_3408_last,20,13,76,26,61,15,13
ex03_laughing_00205,ex03::MILESTONES FOR ALEX AND THE OTHER TRAVEL ZOO BREAK OUT YOUR SCORECARDS,asr_3408,speaker_count_3408_last,40,15,76,30,61,15,15
ex03_laughing_00205,ex03::MILESTONES FOR ALEX AND THE OTHER TRAVEL ZOO BREAK OUT YOUR SCORECARDS,emotion_3408,intent_3408_last,0,22,84,44,37,47,22
ex03_laughing_00205,ex03::MILESTONES FOR ALEX AND THE OTHER TRAVEL ZOO BREAK OUT YOUR SCORECARDS,emotion_3408,intent_3408_last,20,35,84,70,37,47,35
ex03_laughing_00205,ex03::MILESTONES FOR ALEX AND THE OTHER TRAVEL ZOO BREAK OUT YOUR SCORECARDS,emotion_3408,intent_3408_last,40,37,84,74,37,47,39
ex03_laughing_00205,ex03::MILESTONES FOR ALEX AND THE OTHER TRAVEL ZOO BREAK OUT YOUR SCORECARDS,emotion_3408,speaker_count_3408_last,0,6,52,12,37,15,6
ex03_laughing_00205,ex03::MILESTONES FOR ALEX AND THE OTHER TRAVEL ZOO BREAK OUT YOUR SCORECARDS,emotion_3408,speaker_count_3408_last,20,11,52,22,37,15,11
ex03_laughing_00205,ex03::MILESTONES FOR ALEX AND THE OTHER TRAVEL ZOO BREAK OUT YOUR SCORECARDS,emotion_3408,speaker_count_3408_last,40,15,52,30,37,15,15
ex03_laughing_00205,ex03::MILESTONES FOR ALEX AND THE OTHER TRAVEL ZOO BREAK OUT YOUR SCORECARDS,intent_3408_last,speaker_count_3408_last,0,5,62,10,47,15,5
ex03_laughing_00205,ex03::MILESTONES FOR ALEX AND THE OTHER TRAVEL ZOO BREAK OUT YOUR SCORECARDS,intent_3408_last,speaker_count_3408_last,20,13,62,26,47,15,13
ex03_laughing_00205,ex03::MILESTONES FOR ALEX AND THE OTHER TRAVEL ZOO BREAK OUT YOUR SCORECARDS,intent_3408_last,speaker_count_3408_last,40,15,62,30,47,15,15
ex03_laughing_00226,ex03::IT'S GONNA BE SUNNY WITH TEMPERATURES GOING FROM SIXTY EIGHT TO SEVENTY EIGHT TODAY IN COVINGTON,asr_3408,emotion_3408,0,24,111,48,71,40,24
ex03_laughing_00226,ex03::IT'S GONNA BE SUNNY WITH TEMPERATURES GOING FROM SIXTY EIGHT TO SEVENTY EIGHT TODAY IN COVINGTON,asr_3408,emotion_3408,20,38,111,76,71,40,38
ex03_laughing_00226,ex03::IT'S GONNA BE SUNNY WITH TEMPERATURES GOING FROM SIXTY EIGHT TO SEVENTY EIGHT TODAY IN COVINGTON,asr_3408,emotion_3408,40,39,111,78,71,40,39
ex03_laughing_00226,ex03::IT'S GONNA BE SUNNY WITH TEMPERATURES GOING FROM SIXTY EIGHT TO SEVENTY EIGHT TODAY IN COVINGTON,asr_3408,intent_3408_last,0,34,119,68,71,48,34
ex03_laughing_00226,ex03::IT'S GONNA BE SUNNY WITH TEMPERATURES GOING FROM SIXTY EIGHT TO SEVENTY EIGHT TODAY IN COVINGTON,asr_3408,intent_3408_last,20,47,119,94,71,48,47
ex03_laughing_00226,ex03::IT'S GONNA BE SUNNY WITH TEMPERATURES GOING FROM SIXTY EIGHT TO SEVENTY EIGHT TODAY IN COVINGTON,asr_3408,intent_3408_last,40,47,119,94,71,48,47
ex03_laughing_00226,ex03::IT'S GONNA BE SUNNY WITH TEMPERATURES GOING FROM SIXTY EIGHT TO SEVENTY EIGHT TODAY IN COVINGTON,asr_3408,speaker_count_3408_last,0,14,93,28,71,22,14
ex03_laughing_00226,ex03::IT'S GONNA BE SUNNY WITH TEMPERATURES GOING FROM SIXTY EIGHT TO SEVENTY EIGHT TODAY IN COVINGTON,asr_3408,speaker_count_3408_last,20,22,93,44,71,22,22
ex03_laughing_00226,ex03::IT'S GONNA BE SUNNY WITH TEMPERATURES GOING FROM SIXTY EIGHT TO SEVENTY EIGHT TODAY IN COVINGTON,asr_3408,speaker_count_3408_last,40,22,93,44,71,22,22
ex03_laughing_00226,ex03::IT'S GONNA BE SUNNY WITH TEMPERATURES GOING FROM SIXTY EIGHT TO SEVENTY EIGHT TODAY IN COVINGTON,emotion_3408,intent_3408_last,0,35,88,70,40,48,35
ex03_laughing_00226,ex03::IT'S GONNA BE SUNNY WITH TEMPERATURES GOING FROM SIXTY EIGHT TO SEVENTY EIGHT TODAY IN COVINGTON,emotion_3408,intent_3408_last,20,40,88,80,40,48,40
ex03_laughing_00226,ex03::IT'S GONNA BE SUNNY WITH TEMPERATURES GOING FROM SIXTY EIGHT TO SEVENTY EIGHT TODAY IN COVINGTON,emotion_3408,intent_3408_last,40,40,88,80,40,48,42
ex03_laughing_00226,ex03::IT'S GONNA BE SUNNY WITH TEMPERATURES GOING FROM SIXTY EIGHT TO SEVENTY EIGHT TODAY IN COVINGTON,emotion_3408,speaker_count_3408_last,0,8,62,16,40,22,8
ex03_laughing_00226,ex03::IT'S GONNA BE SUNNY WITH TEMPERATURES GOING FROM SIXTY EIGHT TO SEVENTY EIGHT TODAY IN COVINGTON,emotion_3408,speaker_count_3408_last,20,19,62,38,40,22,19
ex03_laughing_00226,ex03::IT'S GONNA BE SUNNY WITH TEMPERATURES GOING FROM SIXTY EIGHT TO SEVENTY EIGHT TODAY IN COVINGTON,emotion_3408,speaker_count_3408_last,40,21,62,42,40,22,21
ex03_laughing_00226,ex03::IT'S GONNA BE SUNNY WITH TEMPERATURES GOING FROM SIXTY EIGHT TO SEVENTY EIGHT TODAY IN COVINGTON,intent_3408_last,speaker_count_3408_last,0,12,70,24,48,22,12
ex03_laughing_00226,ex03::IT'S GONNA BE SUNNY WITH TEMPERATURES GOING FROM SIXTY EIGHT TO SEVENTY EIGHT TODAY IN COVINGTON,intent_3408_last,speaker_count_3408_last,20,21,70,42,48,22,21
ex03_laughing_00226,ex03::IT'S GONNA BE SUNNY WITH TEMPERATURES GOING FROM SIXTY EIGHT TO SEVENTY EIGHT TODAY IN COVINGTON,intent_3408_last,speaker_count_3408_last,40,22,70,44,48,22,22
ex03_laughing_00269,ex03::DOES THE PROSECUTION HAVE A RECOMMENDATION,asr_3408,emotion_3408,0,13,59,26,39,20,13
ex03_laughing_00269,ex03::DOES THE PROSECUTION HAVE A RECOMMENDATION,asr_3408,emotion_3408,20,19,59,38,39,20,19
ex03_laughing_00269,ex03::DOES THE PROSECUTION HAVE A RECOMMENDATION,asr_3408,emotion_3408,40,20,59,40,39,20,20
ex03_laughing_00269,ex03::DOES THE PROSECUTION HAVE A RECOMMENDATION,asr_3408,intent_3408_last,0,21,64,42,39,25,21
ex03_laughing_00269,ex03::DOES THE PROSECUTION HAVE A RECOMMENDATION,asr_3408,intent_3408_last,20,23,64,46,39,25,23
ex03_laughing_00269,ex03::DOES THE PROSECUTION HAVE A RECOMMENDATION,asr_3408,intent_3408_last,40,25,64,50,39,25,25
ex03_laughing_00269,ex03::DOES THE PROSECUTION HAVE A RECOMMENDATION,asr_3408,speaker_count_3408_last,0,10,52,20,39,13,10
ex03_laughing_00269,ex03::DOES THE PROSECUTION HAVE A RECOMMENDATION,asr_3408,speaker_count_3408_last,20,13,52,26,39,13,13
ex03_laughing_00269,ex03::DOES THE PROSECUTION HAVE A RECOMMENDATION,asr_3408,speaker_count_3408_last,40,13,52,26,39,13,13
ex03_laughing_00269,ex03::DOES THE PROSECUTION HAVE A RECOMMENDATION,emotion_3408,intent_3408_last,0,14,45,28,20,25,14
ex03_laughing_00269,ex03::DOES THE PROSECUTION HAVE A RECOMMENDATION,emotion_3408,intent_3408_last,20,20,45,40,20,25,20
ex03_laughing_00269,ex03::DOES THE PROSECUTION HAVE A RECOMMENDATION,emotion_3408,intent_3408_last,40,20,45,40,20,25,20
ex03_laughing_00269,ex03::DOES THE PROSECUTION HAVE A RECOMMENDATION,emotion_3408,speaker_count_3408_last,0,8,33,16,20,13,8
ex03_laughing_00269,ex03::DOES THE PROSECUTION HAVE A RECOMMENDATION,emotion_3408,speaker_count_3408_last,20,12,33,24,20,13,12
ex03_laughing_00269,ex03::DOES THE PROSECUTION HAVE A RECOMMENDATION,emotion_3408,speaker_count_3408_last,40,12,33,24,20,13,12
ex03_laughing_00269,ex03::DOES THE PROSECUTION HAVE A RECOMMENDATION,intent_3408_last,speaker_count_3408_last,0,10,38,20,25,13,10
ex03_laughing_00269,ex03::DOES THE PROSECUTION HAVE A RECOMMENDATION,intent_3408_last,speaker_count_3408_last,20,13,38,26,25,13,13
ex03_laughing_00269,ex03::DOES THE PROSECUTION HAVE A RECOMMENDATION,intent_3408_last,speaker_count_3408_last,40,13,38,26,25,13,13
ex03_laughing_00285,ex03::DON'T THROW THAT OUT,asr_3408,emotion_3408,0,4,23,8,16,7,4
ex03_laughing_00285,ex03::DON'T THROW THAT OUT,asr_3408,emotion_3408,20,7,23,14,16,7,7
ex03_laughing_00285,ex03::DON'T THROW THAT OUT,asr_3408,emotion_3408,40,7,23,14,16,7,7
ex03_laughing_00285,ex03::DON'T THROW THAT OUT,asr_3408,intent_3408_last,0,7,26,14,16,10,7
ex03_laughing_00285,ex03::DON'T THROW THAT OUT,asr_3408,intent_3408_last,20,9,26,18,16,10,9
ex03_laughing_00285,ex03::DON'T THROW THAT OUT,asr_3408,intent_3408_last,40,10,26,20,16,10,10
ex03_laughing_00285,ex03::DON'T THROW THAT OUT,asr_3408,speaker_count_3408_last,0,1,19,2,16,3,1
ex03_laughing_00285,ex03::DON'T THROW THAT OUT,asr_3408,speaker_count_3408_last,20,2,19,4,16,3,2
ex03_laughing_00285,ex03::DON'T THROW THAT OUT,asr_3408,speaker_count_3408_last,40,3,19,6,16,3,3
ex03_laughing_00285,ex03::DON'T THROW THAT OUT,emotion_3408,intent_3408_last,0,3,17,6,7,10,3
ex03_laughing_00285,ex03::DON'T THROW THAT OUT,emotion_3408,intent_3408_last,20,7,17,14,7,10,8
ex03_laughing_00285,ex03::DON'T THROW THAT OUT,emotion_3408,intent_3408_last,40,7,17,14,7,10,9
ex03_laughing_00285,ex03::DON'T THROW THAT OUT,emotion_3408,speaker_count_3408_last,0,1,10,2,7,3,1
ex03_laughing_00285,ex03::DON'T THROW THAT OUT,emotion_3408,speaker_count_3408_last,20,3,10,6,7,3,3
ex03_laughing_00285,ex03::DON'T THROW THAT OUT,emotion_3408,speaker_count_3408_last,40,3,10,6,7,3,3
ex03_laughing_00285,ex03::DON'T THROW THAT OUT,intent_3408_last,speaker_count_3408_last,0,1,13,2,10,3,1
ex03_laughing_00285,ex03::DON'T THROW THAT OUT,intent_3408_last,speaker_count_3408_last,20,2,13,4,10,3,2
ex03_laughing_00285,ex03::DON'T THROW THAT OUT,intent_3408_last,speaker_count_3408_last,40,3,13,6,10,3,3
ex03_laughing_00343,ex03::OKAY ENOUGH OF THE SPEECHES,asr_3408,emotion_3408,0,10,40,20,25,15,10
ex03_laughing_00343,ex03::OKAY ENOUGH OF THE SPEECHES,asr_3408,emotion_3408,20,15,40,30,25,15,15
ex03_laughing_00343,ex03::OKAY ENOUGH OF THE SPEECHES,asr_3408,emotion_3408,40,15,40,30,25,15,15
ex03_laughing_00343,ex03::OKAY ENOUGH OF THE SPEECHES,asr_3408,intent_3408_last,0,12,42,24,25,17,12
ex03_laughing_00343,ex03::OKAY ENOUGH OF THE SPEECHES,asr_3408,intent_3408_last,20,17,42,34,25,17,17
ex03_laughing_00343,ex03::OKAY ENOUGH OF THE SPEECHES,asr_3408,intent_3408_last,40,17,42,34,25,17,17
ex03_laughing_00343,ex03::OKAY ENOUGH OF THE SPEECHES,asr_3408,speaker_count_3408_last,0,3,33,6,25,8,3
ex03_laughing_00343,ex03::OKAY ENOUGH OF THE SPEECHES,asr_3408,speaker_count_3408_last,20,6,33,12,25,8,6
ex03_laughing_00343,ex03::OKAY ENOUGH OF THE SPEECHES,asr_3408,speaker_count_3408_last,40,6,33,12,25,8,6
ex03_laughing_00343,ex03::OKAY ENOUGH OF THE SPEECHES,emotion_3408,intent_3408_last,0,10,32,20,15,17,10
ex03_laughing_00343,ex03::OKAY ENOUGH OF THE SPEECHES,emotion_3408,intent_3408_last,20,14,32,28,15,17,14
ex03_laughing_00343,ex03::OKAY ENOUGH OF THE SPEECHES,emotion_3408,intent_3408_last,40,14,32,28,15,17,14
ex03_laughing_00343,ex03::OKAY ENOUGH OF THE SPEECHES,emotion_3408,speaker_count_3408_last,0,2,23,4,15,8,2
ex03_laughing_00343,ex03::OKAY ENOUGH OF THE SPEECHES,emotion_3408,speaker_count_3408_last,20,6,23,12,15,8,6
ex03_laughing_00343,ex03::OKAY ENOUGH OF THE SPEECHES,emotion_3408,speaker_count_3408_last,40,6,23,12,15,8,6
ex03_laughing_00343,ex03::OKAY ENOUGH OF THE SPEECHES,intent_3408_last,speaker_count_3408_last,0,3,25,6,17,8,3
ex03_laughing_00343,ex03::OKAY ENOUGH OF THE SPEECHES,intent_3408_last,speaker_count_3408_last,20,6,25,12,17,8,6
ex03_laughing_00343,ex03::OKAY ENOUGH OF THE SPEECHES,intent_3408_last,speaker_count_3408_last,40,6,25,12,17,8,6
ex03_laughing_00376,ex03::HIS NAME IS ADAM BRODY,asr_3408,emotion_3408,0,6,30,12,23,7,6
ex03_laughing_00376,ex03::HIS NAME IS ADAM BRODY,asr_3408,emotion_3408,20,6,30,12,23,7,6
ex03_laughing_00376,ex03::HIS NAME IS ADAM BRODY,asr_3408,emotion_3408,40,7,30,14,23,7,7
ex03_laughing_00376,ex03::HIS NAME IS ADAM BRODY,asr_3408,intent_3408_last,0,11,39,22,23,16,11
ex03_laughing_00376,ex03::HIS NAME IS ADAM BRODY,asr_3408,intent_3408_last,20,14,39,28,23,16,14
ex03_laughing_00376,ex03::HIS NAME IS ADAM BRODY,asr_3408,intent_3408_last,40,16,39,32,23,16,16
ex03_laughing_00376,ex03::HIS NAME IS ADAM BRODY,asr_3408,speaker_count_3408_last,0,1,29,2,23,6,1
ex03_laughing_00376,ex03::HIS NAME IS ADAM BRODY,asr_3408,speaker_count_3408_last,20,5,29,10,23,6,5
ex03_laughing_00376,ex03::HIS NAME IS ADAM BRODY,asr_3408,speaker_count_3408_last,40,5,29,10,23,6,5
ex03_laughing_00376,ex03::HIS NAME IS ADAM BRODY,emotion_3408,intent_3408_last,0,5,23,10,7,16,5
ex03_laughing_00376,ex03::HIS NAME IS ADAM BRODY,emotion_3408,intent_3408_last,20,7,23,14,7,16,7
ex03_laughing_00376,ex03::HIS NAME IS ADAM BRODY,emotion_3408,intent_3408_last,40,7,23,14,7,16,8
ex03_laughing_00376,ex03::HIS NAME IS ADAM BRODY,emotion_3408,speaker_count_3408_last,0,1,13,2,7,6,1
ex03_laughing_00376,ex03::HIS NAME IS ADAM BRODY,emotion_3408,speaker_count_3408_last,20,2,13,4,7,6,2
ex03_laughing_00376,ex03::HIS NAME IS ADAM BRODY,emotion_3408,speaker_count_3408_last,40,2,13,4,7,6,2
ex03_laughing_00376,ex03::HIS NAME IS ADAM BRODY,intent_3408_last,speaker_count_3408_last,0,1,22,2,16,6,1
ex03_laughing_00376,ex03::HIS NAME IS ADAM BRODY,intent_3408_last,speaker_count_3408_last,20,5,22,10,16,6,5
ex03_laughing_00376,ex03::HIS NAME IS ADAM BRODY,intent_3408_last,speaker_count_3408_last,40,5,22,10,16,6,5
ex03_sad_00010,ex03::IS THAT SUCCESS,asr_3408,emotion_3408,0,3,21,6,15,6,3
ex03_sad_00010,ex03::IS THAT SUCCESS,asr_3408,emotion_3408,20,5,21,10,15,6,5
ex03_sad_00010,ex03::IS THAT SUCCESS,asr_3408,emotion_3408,40,6,21,12,15,6,6
ex03_sad_00010,ex03::IS THAT SUCCESS,asr_3408,intent_3408_last,0,6,26,12,15,11,6
ex03_sad_00010,ex03::IS THAT SUCCESS,asr_3408,intent_3408_last,20,11,26,22,15,11,11
ex03_sad_00010,ex03::IS THAT SUCCESS,asr_3408,intent_3408_last,40,11,26,22,15,11,11
ex03_sad_00010,ex03::IS THAT SUCCESS,asr_3408,speaker_count_3408_last,0,2,19,4,15,4,2
ex03_sad_00010,ex03::IS THAT SUCCESS,asr_3408,speaker_count_3408_last,20,4,19,8,15,4,4
ex03_sad_00010,ex03::IS THAT SUCCESS,asr_3408,speaker_count_3408_last,40,4,19,8,15,4,4
ex03_sad_00010,ex03::IS THAT SUCCESS,emotion_3408,intent_3408_last,0,2,17,4,6,11,2
ex03_sad_00010,ex03::IS THAT SUCCESS,emotion_3408,intent_3408_last,20,5,17,10,6,11,5
ex03_sad_00010,ex03::IS THAT SUCCESS,emotion_3408,intent_3408_last,40,6,17,12,6,11,6
ex03_sad_00010,ex03::IS THAT SUCCESS,emotion_3408,speaker_count_3408_last,0,1,10,2,6,4,1
ex03_sad_00010,ex03::IS THAT SUCCESS,emotion_3408,speaker_count_3408_last,20,3,10,6,6,4,3
ex03_sad_00010,ex03::IS THAT SUCCESS,emotion_3408,speaker_count_3408_last,40,3,10,6,6,4,3
ex03_sad_00010,ex03::IS THAT SUCCESS,intent_3408_last,speaker_count_3408_last,0,3,15,6,11,4,3
ex03_sad_00010,ex03::IS THAT SUCCESS,intent_3408_last,speaker_count_3408_last,20,4,15,8,11,4,4
ex03_sad_00010,ex03::IS THAT SUCCESS,intent_3408_last,speaker_count_3408_last,40,4,15,8,11,4,4
ex03_sad_00014,ex03::IS IT THE SHAPE OF THINGS TO COME,asr_3408,emotion_3408,0,5,38,10,27,11,5
ex03_sad_00014,ex03::IS IT THE SHAPE OF THINGS TO COME,asr_3408,emotion_3408,20,9,38,18,27,11,9
ex03_sad_00014,ex03::IS IT THE SHAPE OF THINGS TO COME,asr_3408,emotion_3408,40,11,38,22,27,11,11
ex03_sad_00014,ex03::IS IT THE SHAPE OF THINGS TO COME,asr_3408,intent_3408_last,0,11,44,22,27,17,11
ex03_sad_00014,ex03::IS IT THE SHAPE OF THINGS TO COME,asr_3408,intent_3408_last,20,17,44,34,27,17,17
ex03_sad_00014,ex03::IS IT THE SHAPE OF THINGS TO COME,asr_3408,intent_3408_last,40,17,44,34,27,17,17
ex03_sad_00014,ex03::IS IT THE SHAPE OF THINGS TO COME,asr_3408,speaker_count_3408_last,0,4,34,8,27,7,4
ex03_sad_00014,ex03::IS IT THE SHAPE OF THINGS TO COME,asr_3408,speaker_count_3408_last,20,7,34,14,27,7,7
ex03_sad_00014,ex03::IS IT THE SHAPE OF THINGS TO COME,asr_3408,speaker_count_3408_last,40,7,34,14,27,7,7
ex03_sad_00014,ex03::IS IT THE SHAPE OF THINGS TO COME,emotion_3408,intent_3408_last,0,7,28,14,11,17,7
ex03_sad_00014,ex03::IS IT THE SHAPE OF THINGS TO COME,emotion_3408,intent_3408_last,20,10,28,20,11,17,10
ex03_sad_00014,ex03::IS IT THE SHAPE OF THINGS TO COME,emotion_3408,intent_3408_last,40,11,28,22,11,17,14
ex03_sad_00014,ex03::IS IT THE SHAPE OF THINGS TO COME,emotion_3408,speaker_count_3408_last,0,3,18,6,11,7,3
ex03_sad_00014,ex03::IS IT THE SHAPE OF THINGS TO COME,emotion_3408,speaker_count_3408_last,20,5,18,10,11,7,5
ex03_sad_00014,ex03::IS IT THE SHAPE OF THINGS TO COME,emotion_3408,speaker_count_3408_last,40,5,18,10,11,7,5
ex03_sad_00014,ex03::IS IT THE SHAPE OF THINGS TO COME,intent_3408_last,speaker_count_3408_last,0,4,24,8,17,7,4
ex03_sad_00014,ex03::IS IT THE SHAPE OF THINGS TO COME,intent_3408_last,speaker_count_3408_last,20,6,24,12,17,7,6
ex03_sad_00014,ex03::IS IT THE SHAPE OF THINGS TO COME,intent_3408_last,speaker_count_3408_last,40,7,24,14,17,7,7
ex03_sad_00037,ex03::THE VACANCIES ARE IN SUPPORT SERVICES AND ARTS,asr_3408,emotion_3408,0,12,60,24,41,19,12
ex03_sad_00037,ex03::THE VACANCIES ARE IN SUPPORT SERVICES AND ARTS,asr_3408,emotion_3408,20,19,60,38,41,19,19
ex03_sad_00037,ex03::THE VACANCIES ARE IN SUPPORT SERVICES AND ARTS,asr_3408,emotion_3408,40,19,60,38,41,19,19
ex03_sad_00037,ex03::THE VACANCIES ARE IN SUPPORT SERVICES AND ARTS,asr_3408,intent_3408_last,0,20,67,40,41,26,20
ex03_sad_00037,ex03::THE VACANCIES ARE IN SUPPORT SERVICES AND ARTS,asr_3408,intent_3408_last,20,26,67,52,41,26,26
ex03_sad_00037,ex03::THE VACANCIES ARE IN SUPPORT SERVICES AND ARTS,asr_3408,intent_3408_last,40,26,67,52,41,26,26
ex03_sad_00037,ex03::THE VACANCIES ARE IN SUPPORT SERVICES AND ARTS,asr_3408,speaker_count_3408_last,0,9,53,18,41,12,9
ex03_sad_00037,ex03::THE VACANCIES ARE IN SUPPORT SERVICES AND ARTS,asr_3408,speaker_count_3408_last,20,11,53,22,41,12,11
ex03_sad_00037,ex03::THE VACANCIES ARE IN SUPPORT SERVICES AND ARTS,asr_3408,speaker_count_3408_last,40,11,53,22,41,12,11
ex03_sad_00037,ex03::THE VACANCIES ARE IN SUPPORT SERVICES AND ARTS,emotion_3408,intent_3408_last,0,9,45,18,19,26,9
ex03_sad_00037,ex03::THE VACANCIES ARE IN SUPPORT SERVICES AND ARTS,emotion_3408,intent_3408_last,20,17,45,34,19,26,17
ex03_sad_00037,ex03::THE VACANCIES ARE IN SUPPORT SERVICES AND ARTS,emotion_3408,intent_3408_last,40,19,45,38,19,26,20
ex03_sad_00037,ex03::THE VACANCIES ARE IN SUPPORT SERVICES AND ARTS,emotion_3408,speaker_count_3408_last,0,5,31,10,19,12,5
ex03_sad_00037,ex03::THE VACANCIES ARE IN SUPPORT SERVICES AND ARTS,emotion_3408,speaker_count_3408_last,20,8,31,16,19,12,8
ex03_sad_00037,ex03::THE VACANCIES ARE IN SUPPORT SERVICES AND ARTS,emotion_3408,speaker_count_3408_last,40,8,31,16,19,12,8
ex03_sad_00037,ex03::THE VACANCIES ARE IN SUPPORT SERVICES AND ARTS,intent_3408_last,speaker_count_3408_last,0,7,38,14,26,12,7
ex03_sad_00037,ex03::THE VACANCIES ARE IN SUPPORT SERVICES AND ARTS,intent_3408_last,speaker_count_3408_last,20,11,38,22,26,12,11
ex03_sad_00037,ex03::THE VACANCIES ARE IN SUPPORT SERVICES AND ARTS,intent_3408_last,speaker_count_3408_last,40,11,38,22,26,12,11
ex03_sad_00040,ex03::HOW ARE YOU SIR,asr_3408,emotion_3408,0,2,13,4,10,3,2
ex03_sad_00040,ex03::HOW ARE YOU SIR,asr_3408,emotion_3408,20,2,13,4,10,3,2
ex03_sad_00040,ex03::HOW ARE YOU SIR,asr_3408,emotion_3408,40,2,13,4,10,3,2
ex03_sad_00040,ex03::HOW ARE YOU SIR,asr_3408,intent_3408_last,0,7,19,14,10,9,7
ex03_sad_00040,ex03::HOW ARE YOU SIR,asr_3408,intent_3408_last,20,9,19,18,10,9,9
ex03_sad_00040,ex03::HOW ARE YOU SIR,asr_3408,intent_3408_last,40,9,19,18,10,9,9
ex03_sad_00040,ex03::HOW ARE YOU SIR,asr_3408,speaker_count_3408_last,0,0,13,0,10,3,0
ex03_sad_00040,ex03::HOW ARE YOU SIR,asr_3408,speaker_count_3408_last,20,3,13,6,10,3,3
ex03_sad_00040,ex03::HOW ARE YOU SIR,asr_3408,speaker_count_3408_last,40,3,13,6,10,3,3
ex03_sad_00040,ex03::HOW ARE YOU SIR,emotion_3408,intent_3408_last,0,2,12,4,3,9,2
ex03_sad_00040,ex03::HOW ARE YOU SIR,emotion_3408,intent_3408_last,20,2,12,4,3,9,2
ex03_sad_00040,ex03::HOW ARE YOU SIR,emotion_3408,intent_3408_last,40,2,12,4,3,9,2
ex03_sad_00040,ex03::HOW ARE YOU SIR,emotion_3408,speaker_count_3408_last,0,0,6,0,3,3,0
ex03_sad_00040,ex03::HOW ARE YOU SIR,emotion_3408,speaker_count_3408_last,20,2,6,4,3,3,2
ex03_sad_00040,ex03::HOW ARE YOU SIR,emotion_3408,speaker_count_3408_last,40,2,6,4,3,3,2
ex03_sad_00040,ex03::HOW ARE YOU SIR,intent_3408_last,speaker_count_3408_last,0,0,12,0,9,3,0
ex03_sad_00040,ex03::HOW ARE YOU SIR,intent_3408_last,speaker_count_3408_last,20,3,12,6,9,3,3
ex03_sad_00040,ex03::HOW ARE YOU SIR,intent_3408_last,speaker_count_3408_last,40,3,12,6,9,3,3
ex03_sad_00104,ex03::GRANNY SMITH APPLES YOUR FAVORITE,asr_3408,emotion_3408,0,9,42,18,27,15,9
ex03_sad_00104,ex03::GRANNY SMITH APPLES YOUR FAVORITE,asr_3408,emotion_3408,20,14,42,28,27,15,14
ex03_sad_00104,ex03::GRANNY SMITH APPLES YOUR FAVORITE,asr_3408,emotion_3408,40,15,42,30,27,15,15
ex03_sad_00104,ex03::GRANNY SMITH APPLES YOUR FAVORITE,asr_3408,intent_3408_last,0,9,43,18,27,16,9
ex03_sad_00104,ex03::GRANNY SMITH APPLES YOUR FAVORITE,asr_3408,intent_3408_last,20,14,43,28,27,16,14
ex03_sad_00104,ex03::GRANNY SMITH APPLES YOUR FAVORITE,asr_3408,intent_3408_last,40,16,43,32,27,16,16
ex03_sad_00104,ex03::GRANNY SMITH APPLES YOUR FAVORITE,asr_3408,speaker_count_3408_last,0,2,33,4,27,6,2
ex03_sad_00104,ex03::GRANNY SMITH APPLES YOUR FAVORITE,asr_3408,speaker_count_3408_last,20,5,33,10,27,6,5
ex03_sad_00104,ex03::GRANNY SMITH APPLES YOUR FAVORITE,asr_3408,speaker_count_3408_last,40,5,33,10,27,6,5
ex03_sad_00104,ex03::GRANNY SMITH APPLES YOUR FAVORITE,emotion_3408,intent_3408_last,0,9,31,18,15,16,9
ex03_sad_00104,ex03::GRANNY SMITH APPLES YOUR FAVORITE,emotion_3408,intent_3408_last,20,13,31,26,15,16,13
ex03_sad_00104,ex03::GRANNY SMITH APPLES YOUR FAVORITE,emotion_3408,intent_3408_last,40,13,31,26,15,16,13
ex03_sad_00104,ex03::GRANNY SMITH APPLES YOUR FAVORITE,emotion_3408,speaker_count_3408_last,0,3,21,6,15,6,3
ex03_sad_00104,ex03::GRANNY SMITH APPLES YOUR FAVORITE,emotion_3408,speaker_count_3408_last,20,5,21,10,15,6,5
ex03_sad_00104,ex03::GRANNY SMITH APPLES YOUR FAVORITE,emotion_3408,speaker_count_3408_last,40,6,21,12,15,6,6
ex03_sad_00104,ex03::GRANNY SMITH APPLES YOUR FAVORITE,intent_3408_last,speaker_count_3408_last,0,3,22,6,16,6,3
ex03_sad_00104,ex03::GRANNY SMITH APPLES YOUR FAVORITE,intent_3408_last,speaker_count_3408_last,20,6,22,12,16,6,6
ex03_sad_00104,ex03::GRANNY SMITH APPLES YOUR FAVORITE,intent_3408_last,speaker_count_3408_last,40,6,22,12,16,6,6
ex03_sad_00134,ex03::WHO STARS IN THE NUTTY PROFESSOR,asr_3408,emotion_3408,0,10,38,20,26,12,10
ex03_sad_00134,ex03::WHO STARS IN THE NUTTY PROFESSOR,asr_3408,emotion_3408,20,12,38,24,26,12,12
ex03_sad_00134,ex03::WHO STARS IN THE NUTTY PROFESSOR,asr_3408,emotion_3408,40,12,38,24,26,12,12
ex03_sad_00134,ex03::WHO STARS IN THE NUTTY PROFESSOR,asr_3408,intent_3408_last,0,16,44,32,26,18,16
ex03_sad_00134,ex03::WHO STARS IN THE NUTTY PROFESSOR,asr_3408,intent_3408_last,20,18,44,36,26,18,18
ex03_sad_00134,ex03::WHO STARS IN THE NUTTY PROFESSOR,asr_3408,intent_3408_last,40,18,44,36,26,18,18
ex03_sad_00134,ex03::WHO STARS IN THE NUTTY PROFESSOR,asr_3408,speaker_count_3408_last,0,4,33,8,26,7,4
ex03_sad_00134,ex03::WHO STARS IN THE NUTTY PROFESSOR,asr_3408,speaker_count_3408_last,20,6,33,12,26,7,6
ex03_sad_00134,ex03::WHO STARS IN THE NUTTY PROFESSOR,asr_3408,speaker_count_3408_last,40,7,33,14,26,7,7
ex03_sad_00134,ex03::WHO STARS IN THE NUTTY PROFESSOR,emotion_3408,intent_3408_last,0,10,30,20,12,18,10
ex03_sad_00134,ex03::WHO STARS IN THE NUTTY PROFESSOR,emotion_3408,intent_3408_last,20,12,30,24,12,18,12
ex03_sad_00134,ex03::WHO STARS IN THE NUTTY PROFESSOR,emotion_3408,intent_3408_last,40,12,30,24,12,18,12
ex03_sad_00134,ex03::WHO STARS IN THE NUTTY PROFESSOR,emotion_3408,speaker_count_3408_last,0,3,19,6,12,7,3
ex03_sad_00134,ex03::WHO STARS IN THE NUTTY PROFESSOR,emotion_3408,speaker_count_3408_last,20,6,19,12,12,7,6
ex03_sad_00134,ex03::WHO STARS IN THE NUTTY PROFESSOR,emotion_3408,speaker_count_3408_last,40,6,19,12,12,7,6
ex03_sad_00134,ex03::WHO STARS IN THE NUTTY PROFESSOR,intent_3408_last,speaker_count_3408_last,0,4,25,8,18,7,4
ex03_sad_00134,ex03::WHO STARS IN THE NUTTY PROFESSOR,intent_3408_last,speaker_count_3408_last,20,6,25,12,18,7,6
ex03_sad_00134,ex03::WHO STARS IN THE NUTTY PROFESSOR,intent_3408_last,speaker_count_3408_last,40,7,25,14,18,7,7
ex03_sad_00143,ex03::OH ME TOO,asr_3408,emotion_3408,0,3,12,6,9,3,3
ex03_sad_00143,ex03::OH ME TOO,asr_3408,emotion_3408,20,3,12,6,9,3,3
ex03_sad_00143,ex03::OH ME TOO,asr_3408,emotion_3408,40,3,12,6,9,3,3
ex03_sad_00143,ex03::OH ME TOO,asr_3408,intent_3408_last,0,5,16,10,9,7,5
ex03_sad_00143,ex03::OH ME TOO,asr_3408,intent_3408_last,20,7,16,14,9,7,7
ex03_sad_00143,ex03::OH ME TOO,asr_3408,intent_3408_last,40,7,16,14,9,7,7
ex03_sad_00143,ex03::OH ME TOO,asr_3408,speaker_count_3408_last,0,1,12,2,9,3,1
ex03_sad_00143,ex03::OH ME TOO,asr_3408,speaker_count_3408_last,20,2,12,4,9,3,2
ex03_sad_00143,ex03::OH ME TOO,asr_3408,speaker_count_3408_last,40,2,12,4,9,3,2
ex03_sad_00143,ex03::OH ME TOO,emotion_3408,intent_3408_last,0,2,10,4,3,7,2
ex03_sad_00143,ex03::OH ME TOO,emotion_3408,intent_3408_last,20,3,10,6,3,7,3
ex03_sad_00143,ex03::OH ME TOO,emotion_3408,intent_3408_last,40,3,10,6,3,7,3
ex03_sad_00143,ex03::OH ME TOO,emotion_3408,speaker_count_3408_last,0,1,6,2,3,3,1
ex03_sad_00143,ex03::OH ME TOO,emotion_3408,speaker_count_3408_last,20,2,6,4,3,3,2
ex03_sad_00143,ex03::OH ME TOO,emotion_3408,speaker_count_3408_last,40,2,6,4,3,3,2
ex03_sad_00143,ex03::OH ME TOO,intent_3408_last,speaker_count_3408_last,0,2,10,4,7,3,2
ex03_sad_00143,ex03::OH ME TOO,intent_3408_last,speaker_count_3408_last,20,2,10,4,7,3,2
ex03_sad_00143,ex03::OH ME TOO,intent_3408_last,speaker_count_3408_last,40,2,10,4,7,3,2
ex03_sad_00175,ex03::WHAT IS TAI CHI,asr_3408,emotion_3408,0,5,22,10,15,7,5
ex03_sad_00175,ex03::WHAT IS TAI CHI,asr_3408,emotion_3408,20,6,22,12,15,7,6
ex03_sad_00175,ex03::WHAT IS TAI CHI,asr_3408,emotion_3408,40,7,22,14,15,7,7
ex03_sad_00175,ex03::WHAT IS TAI CHI,asr_3408,intent_3408_last,0,9,26,18,15,11,9
ex03_sad_00175,ex03::WHAT IS TAI CHI,asr_3408,intent_3408_last,20,10,26,20,15,11,10
ex03_sad_00175,ex03::WHAT IS TAI CHI,asr_3408,intent_3408_last,40,10,26,20,15,11,11
ex03_sad_00175,ex03::WHAT IS TAI CHI,asr_3408,speaker_count_3408_last,0,2,17,4,15,2,2
ex03_sad_00175,ex03::WHAT IS TAI CHI,asr_3408,speaker_count_3408_last,20,2,17,4,15,2,2
ex03_sad_00175,ex03::WHAT IS TAI CHI,asr_3408,speaker_count_3408_last,40,2,17,4,15,2,2
ex03_sad_00175,ex03::WHAT IS TAI CHI,emotion_3408,intent_3408_last,0,4,18,8,7,11,4
ex03_sad_00175,ex03::WHAT IS TAI CHI,emotion_3408,intent_3408_last,20,5,18,10,7,11,6
ex03_sad_00175,ex03::WHAT IS TAI CHI,emotion_3408,intent_3408_last,40,6,18,12,7,11,7
ex03_sad_00175,ex03::WHAT IS TAI CHI,emotion_3408,speaker_count_3408_last,0,2,9,4,7,2,2
ex03_sad_00175,ex03::WHAT IS TAI CHI,emotion_3408,speaker_count_3408_last,20,2,9,4,7,2,2
ex03_sad_00175,ex03::WHAT IS TAI CHI,emotion_3408,speaker_count_3408_last,40,2,9,4,7,2,2
ex03_sad_00175,ex03::WHAT IS TAI CHI,intent_3408_last,speaker_count_3408_last,0,2,13,4,11,2,2
ex03_sad_00175,ex03::WHAT IS TAI CHI,intent_3408_last,speaker_count_3408_last,20,2,13,4,11,2,2
ex03_sad_00175,ex03::WHAT IS TAI CHI,intent_3408_last,speaker_count_3408_last,40,2,13,4,11,2,2
ex03_sad_00198,ex03::OF COURSE HE DOES,asr_3408,emotion_3408,0,2,19,4,15,4,2
ex03_sad_00198,ex03::OF COURSE HE DOES,asr_3408,emotion_3408,20,3,19,6,15,4,3
ex03_sad_00198,ex03::OF COURSE HE DOES,asr_3408,emotion_3408,40,4,19,8,15,4,4
ex03_sad_00198,ex03::OF COURSE HE DOES,asr_3408,intent_3408_last,0,7,26,14,15,11,7
ex03_sad_00198,ex03::OF COURSE HE DOES,asr_3408,intent_3408_last,20,10,26,20,15,11,10
ex03_sad_00198,ex03::OF COURSE HE DOES,asr_3408,intent_3408_last,40,11,26,22,15,11,11
ex03_sad_00198,ex03::OF COURSE HE DOES,asr_3408,speaker_count_3408_last,0,3,19,6,15,4,3
ex03_sad_00198,ex03::OF COURSE HE DOES,asr_3408,speaker_count_3408_last,20,4,19,8,15,4,4
ex03_sad_00198,ex03::OF COURSE HE DOES,asr_3408,speaker_count_3408_last,40,4,19,8,15,4,4
ex03_sad_00198,ex03::OF COURSE HE DOES,emotion_3408,intent_3408_last,0,2,15,4,4,11,2
ex03_sad_00198,ex03::OF COURSE HE DOES,emotion_3408,intent_3408_last,20,4,15,8,4,11,4
ex03_sad_00198,ex03::OF COURSE HE DOES,emotion_3408,intent_3408_last,40,4,15,8,4,11,4
ex03_sad_00198,ex03::OF COURSE HE DOES,emotion_3408,speaker_count_3408_last,0,1,8,2,4,4,1
ex03_sad_00198,ex03::OF COURSE HE DOES,emotion_3408,speaker_count_3408_last,20,2,8,4,4,4,2
ex03_sad_00198,ex03::OF COURSE HE DOES,emotion_3408,speaker_count_3408_last,40,2,8,4,4,4,2
ex03_sad_00198,ex03::OF COURSE HE DOES,intent_3408_last,speaker_count_3408_last,0,2,15,4,11,4,2
ex03_sad_00198,ex03::OF COURSE HE DOES,intent_3408_last,speaker_count_3408_last,20,3,15,6,11,4,3
ex03_sad_00198,ex03::OF COURSE HE DOES,intent_3408_last,speaker_count_3408_last,40,4,15,8,11,4,4
ex03_sad_00205,ex03::MILESTONES FOR ALEX AND THE OTHER TRAVEL ZOO BREAK OUT YOUR SCORECARDS,asr_3408,emotion_3408,0,20,91,40,60,31,20
ex03_sad_00205,ex03::MILESTONES FOR ALEX AND THE OTHER TRAVEL ZOO BREAK OUT YOUR SCORECARDS,asr_3408,emotion_3408,20,30,91,60,60,31,30
ex03_sad_00205,ex03::MILESTONES FOR ALEX AND THE OTHER TRAVEL ZOO BREAK OUT YOUR SCORECARDS,asr_3408,emotion_3408,40,30,91,60,60,31,31
ex03_sad_00205,ex03::MILESTONES FOR ALEX AND THE OTHER TRAVEL ZOO BREAK OUT YOUR SCORECARDS,asr_3408,intent_3408_last,0,32,103,64,60,43,32
ex03_sad_00205,ex03::MILESTONES FOR ALEX AND THE OTHER TRAVEL ZOO BREAK OUT YOUR SCORECARDS,asr_3408,intent_3408_last,20,43,103,86,60,43,43
ex03_sad_00205,ex03::MILESTONES FOR ALEX AND THE OTHER TRAVEL ZOO BREAK OUT YOUR SCORECARDS,asr_3408,intent_3408_last,40,43,103,86,60,43,43
ex03_sad_00205,ex03::MILESTONES FOR ALEX AND THE OTHER TRAVEL ZOO BREAK OUT YOUR SCORECARDS,asr_3408,speaker_count_3408_last,0,10,76,20,60,16,10
ex03_sad_00205,ex03::MILESTONES FOR ALEX AND THE OTHER TRAVEL ZOO BREAK OUT YOUR SCORECARDS,asr_3408,speaker_count_3408_last,20,16,76,32,60,16,16
ex03_sad_00205,ex03::MILESTONES FOR ALEX AND THE OTHER TRAVEL ZOO BREAK OUT YOUR SCORECARDS,asr_3408,speaker_count_3408_last,40,16,76,32,60,16,16
ex03_sad_00205,ex03::MILESTONES FOR ALEX AND THE OTHER TRAVEL ZOO BREAK OUT YOUR SCORECARDS,emotion_3408,intent_3408_last,0,21,74,42,31,43,21
ex03_sad_00205,ex03::MILESTONES FOR ALEX AND THE OTHER TRAVEL ZOO BREAK OUT YOUR SCORECARDS,emotion_3408,intent_3408_last,20,27,74,54,31,43,27
ex03_sad_00205,ex03::MILESTONES FOR ALEX AND THE OTHER TRAVEL ZOO BREAK OUT YOUR SCORECARDS,emotion_3408,intent_3408_last,40,29,74,58,31,43,30
ex03_sad_00205,ex03::MILESTONES FOR ALEX AND THE OTHER TRAVEL ZOO BREAK OUT YOUR SCORECARDS,emotion_3408,speaker_count_3408_last,0,7,47,14,31,16,7
ex03_sad_00205,ex03::MILESTONES FOR ALEX AND THE OTHER TRAVEL ZOO BREAK OUT YOUR SCORECARDS,emotion_3408,speaker_count_3408_last,20,14,47,28,31,16,14
ex03_sad_00205,ex03::MILESTONES FOR ALEX AND THE OTHER TRAVEL ZOO BREAK OUT YOUR SCORECARDS,emotion_3408,speaker_count_3408_last,40,15,47,30,31,16,15
ex03_sad_00205,ex03::MILESTONES FOR ALEX AND THE OTHER TRAVEL ZOO BREAK OUT YOUR SCORECARDS,intent_3408_last,speaker_count_3408_last,0,12,59,24,43,16,12
ex03_sad_00205,ex03::MILESTONES FOR ALEX AND THE OTHER TRAVEL ZOO BREAK OUT YOUR SCORECARDS,intent_3408_last,speaker_count_3408_last,20,16,59,32,43,16,16
ex03_sad_00205,ex03::MILESTONES FOR ALEX AND THE OTHER TRAVEL ZOO BREAK OUT YOUR SCORECARDS,intent_3408_last,speaker_count_3408_last,40,16,59,32,43,16,16
ex03_sad_00226,ex03::IT'S GONNA BE SUNNY WITH TEMPERATURES GOING FROM SIXTY EIGHT TO SEVENTY EIGHT TODAY IN COVINGTON,asr_3408,emotion_3408,0,32,121,64,81,40,32
ex03_sad_00226,ex03::IT'S GONNA BE SUNNY WITH TEMPERATURES GOING FROM SIXTY EIGHT TO SEVENTY EIGHT TODAY IN COVINGTON,asr_3408,emotion_3408,20,39,121,78,81,40,39
ex03_sad_00226,ex03::IT'S GONNA BE SUNNY WITH TEMPERATURES GOING FROM SIXTY EIGHT TO SEVENTY EIGHT TODAY IN COVINGTON,asr_3408,emotion_3408,40,40,121,80,81,40,40
ex03_sad_00226,ex03::IT'S GONNA BE SUNNY WITH TEMPERATURES GOING FROM SIXTY EIGHT TO SEVENTY EIGHT TODAY IN COVINGTON,asr_3408,intent_3408_last,0,31,131,62,81,50,31
ex03_sad_00226,ex03::IT'S GONNA BE SUNNY WITH TEMPERATURES GOING FROM SIXTY EIGHT TO SEVENTY EIGHT TODAY IN COVINGTON,asr_3408,intent_3408_last,20,49,131,98,81,50,49
ex03_sad_00226,ex03::IT'S GONNA BE SUNNY WITH TEMPERATURES GOING FROM SIXTY EIGHT TO SEVENTY EIGHT TODAY IN COVINGTON,asr_3408,intent_3408_last,40,50,131,100,81,50,50
ex03_sad_00226,ex03::IT'S GONNA BE SUNNY WITH TEMPERATURES GOING FROM SIXTY EIGHT TO SEVENTY EIGHT TODAY IN COVINGTON,asr_3408,speaker_count_3408_last,0,9,105,18,81,24,9
ex03_sad_00226,ex03::IT'S GONNA BE SUNNY WITH TEMPERATURES GOING FROM SIXTY EIGHT TO SEVENTY EIGHT TODAY IN COVINGTON,asr_3408,speaker_count_3408_last,20,22,105,44,81,24,22
ex03_sad_00226,ex03::IT'S GONNA BE SUNNY WITH TEMPERATURES GOING FROM SIXTY EIGHT TO SEVENTY EIGHT TODAY IN COVINGTON,asr_3408,speaker_count_3408_last,40,24,105,48,81,24,24
ex03_sad_00226,ex03::IT'S GONNA BE SUNNY WITH TEMPERATURES GOING FROM SIXTY EIGHT TO SEVENTY EIGHT TODAY IN COVINGTON,emotion_3408,intent_3408_last,0,26,90,52,40,50,26
ex03_sad_00226,ex03::IT'S GONNA BE SUNNY WITH TEMPERATURES GOING FROM SIXTY EIGHT TO SEVENTY EIGHT TODAY IN COVINGTON,emotion_3408,intent_3408_last,20,37,90,74,40,50,37
ex03_sad_00226,ex03::IT'S GONNA BE SUNNY WITH TEMPERATURES GOING FROM SIXTY EIGHT TO SEVENTY EIGHT TODAY IN COVINGTON,emotion_3408,intent_3408_last,40,38,90,76,40,50,39
ex03_sad_00226,ex03::IT'S GONNA BE SUNNY WITH TEMPERATURES GOING FROM SIXTY EIGHT TO SEVENTY EIGHT TODAY IN COVINGTON,emotion_3408,speaker_count_3408_last,0,7,64,14,40,24,7
ex03_sad_00226,ex03::IT'S GONNA BE SUNNY WITH TEMPERATURES GOING FROM SIXTY EIGHT TO SEVENTY EIGHT TODAY IN COVINGTON,emotion_3408,speaker_count_3408_last,20,19,64,38,40,24,19
ex03_sad_00226,ex03::IT'S GONNA BE SUNNY WITH TEMPERATURES GOING FROM SIXTY EIGHT TO SEVENTY EIGHT TODAY IN COVINGTON,emotion_3408,speaker_count_3408_last,40,19,64,38,40,24,19
ex03_sad_00226,ex03::IT'S GONNA BE SUNNY WITH TEMPERATURES GOING FROM SIXTY EIGHT TO SEVENTY EIGHT TODAY IN COVINGTON,intent_3408_last,speaker_count_3408_last,0,10,74,20,50,24,10
ex03_sad_00226,ex03::IT'S GONNA BE SUNNY WITH TEMPERATURES GOING FROM SIXTY EIGHT TO SEVENTY EIGHT TODAY IN COVINGTON,intent_3408_last,speaker_count_3408_last,20,20,74,40,50,24,20
ex03_sad_00226,ex03::IT'S GONNA BE SUNNY WITH TEMPERATURES GOING FROM SIXTY EIGHT TO SEVENTY EIGHT TODAY IN COVINGTON,intent_3408_last,speaker_count_3408_last,40,22,74,44,50,24,22
ex03_sad_00269,ex03::DOES THE PROSECUTION HAVE A RECOMMENDATION,asr_3408,emotion_3408,0,14,51,28,33,18,14
ex03_sad_00269,ex03::DOES THE PROSECUTION HAVE A RECOMMENDATION,asr_3408,emotion_3408,20,18,51,36,33,18,18
ex03_sad_00269,ex03::DOES THE PROSECUTION HAVE A RECOMMENDATION,asr_3408,emotion_3408,40,18,51,36,33,18,18
ex03_sad_00269,ex03::DOES THE PROSECUTION HAVE A RECOMMENDATION,asr_3408,intent_3408_last,0,13,56,26,33,23,13
ex03_sad_00269,ex03::DOES THE PROSECUTION HAVE A RECOMMENDATION,asr_3408,intent_3408_last,20,23,56,46,33,23,23
ex03_sad_00269,ex03::DOES THE PROSECUTION HAVE A RECOMMENDATION,asr_3408,intent_3408_last,40,23,56,46,33,23,23
ex03_sad_00269,ex03::DOES THE PROSECUTION HAVE A RECOMMENDATION,asr_3408,speaker_count_3408_last,0,6,44,12,33,11,6
ex03_sad_00269,ex03::DOES THE PROSECUTION HAVE A RECOMMENDATION,asr_3408,speaker_count_3408_last,20,11,44,22,33,11,11
ex03_sad_00269,ex03::DOES THE PROSECUTION HAVE A RECOMMENDATION,asr_3408,speaker_count_3408_last,40,11,44,22,33,11,11
ex03_sad_00269,ex03::DOES THE PROSECUTION HAVE A RECOMMENDATION,emotion_3408,intent_3408_last,0,13,41,26,18,23,13
ex03_sad_00269,ex03::DOES THE PROSECUTION HAVE A RECOMMENDATION,emotion_3408,intent_3408_last,20,18,41,36,18,23,18
ex03_sad_00269,ex03::DOES THE PROSECUTION HAVE A RECOMMENDATION,emotion_3408,intent_3408_last,40,18,41,36,18,23,18
ex03_sad_00269,ex03::DOES THE PROSECUTION HAVE A RECOMMENDATION,emotion_3408,speaker_count_3408_last,0,7,29,14,18,11,7
ex03_sad_00269,ex03::DOES THE PROSECUTION HAVE A RECOMMENDATION,emotion_3408,speaker_count_3408_last,20,11,29,22,18,11,11
ex03_sad_00269,ex03::DOES THE PROSECUTION HAVE A RECOMMENDATION,emotion_3408,speaker_count_3408_last,40,11,29,22,18,11,11
ex03_sad_00269,ex03::DOES THE PROSECUTION HAVE A RECOMMENDATION,intent_3408_last,speaker_count_3408_last,0,7,34,14,23,11,7
ex03_sad_00269,ex03::DOES THE PROSECUTION HAVE A RECOMMENDATION,intent_3408_last,speaker_count_3408_last,20,11,34,22,23,11,11
ex03_sad_00269,ex03::DOES THE PROSECUTION HAVE A RECOMMENDATION,intent_3408_last,speaker_count_3408_last,40,11,34,22,23,11,11
ex03_sad_00285,ex03::DON'T THROW THAT OUT,asr_3408,emotion_3408,0,4,21,8,15,6,4
ex03_sad_00285,ex03::DON'T THROW THAT OUT,asr_3408,emotion_3408,20,6,21,12,15,6,6
ex03_sad_00285,ex03::DON'T THROW THAT OUT,asr_3408,emotion_3408,40,6,21,12,15,6,6
ex03_sad_00285,ex03::DON'T THROW THAT OUT,asr_3408,intent_3408_last,0,5,26,10,15,11,5
ex03_sad_00285,ex03::DON'T THROW THAT OUT,asr_3408,intent_3408_last,20,10,26,20,15,11,10
ex03_sad_00285,ex03::DON'T THROW THAT OUT,asr_3408,intent_3408_last,40,10,26,20,15,11,11
ex03_sad_00285,ex03::DON'T THROW THAT OUT,asr_3408,speaker_count_3408_last,0,2,18,4,15,3,2
ex03_sad_00285,ex03::DON'T THROW THAT OUT,asr_3408,speaker_count_3408_last,20,3,18,6,15,3,3
ex03_sad_00285,ex03::DON'T THROW THAT OUT,asr_3408,speaker_count_3408_last,40,3,18,6,15,3,3
ex03_sad_00285,ex03::DON'T THROW THAT OUT,emotion_3408,intent_3408_last,0,6,17,12,6,11,6
ex03_sad_00285,ex03::DON'T THROW THAT OUT,emotion_3408,intent_3408_last,20,6,17,12,6,11,6
ex03_sad_00285,ex03::DON'T THROW THAT OUT,emotion_3408,intent_3408_last,40,6,17,12,6,11,7
ex03_sad_00285,ex03::DON'T THROW THAT OUT,emotion_3408,speaker_count_3408_last,0,2,9,4,6,3,2
ex03_sad_00285,ex03::DON'T THROW THAT OUT,emotion_3408,speaker_count_3408_last,20,2,9,4,6,3,2
ex03_sad_00285,ex03::DON'T THROW THAT OUT,emotion_3408,speaker_count_3408_last,40,3,9,6,6,3,3
ex03_sad_00285,ex03::DON'T THROW THAT OUT,intent_3408_last,speaker_count_3408_last,0,2,14,4,11,3,2
ex03_sad_00285,ex03::DON'T THROW THAT OUT,intent_3408_last,speaker_count_3408_last,20,2,14,4,11,3,2
ex03_sad_00285,ex03::DON'T THROW THAT OUT,intent_3408_last,speaker_count_3408_last,40,3,14,6,11,3,3
ex03_sad_00343,ex03::OKAY ENOUGH OF THE SPEECHES,asr_3408,emotion_3408,0,5,36,10,24,12,5
ex03_sad_00343,ex03::OKAY ENOUGH OF THE SPEECHES,asr_3408,emotion_3408,20,11,36,22,24,12,11
ex03_sad_00343,ex03::OKAY ENOUGH OF THE SPEECHES,asr_3408,emotion_3408,40,12,36,24,24,12,12
ex03_sad_00343,ex03::OKAY ENOUGH OF THE SPEECHES,asr_3408,intent_3408_last,0,12,43,24,24,19,12
ex03_sad_00343,ex03::OKAY ENOUGH OF THE SPEECHES,asr_3408,intent_3408_last,20,18,43,36,24,19,18
ex03_sad_00343,ex03::OKAY ENOUGH OF THE SPEECHES,asr_3408,intent_3408_last,40,19,43,38,24,19,19
ex03_sad_00343,ex03::OKAY ENOUGH OF THE SPEECHES,asr_3408,speaker_count_3408_last,0,1,30,2,24,6,1
ex03_sad_00343,ex03::OKAY ENOUGH OF THE SPEECHES,asr_3408,speaker_count_3408_last,20,5,30,10,24,6,5
ex03_sad_00343,ex03::OKAY ENOUGH OF THE SPEECHES,asr_3408,speaker_count_3408_last,40,5,30,10,24,6,5
ex03_sad_00343,ex03::OKAY ENOUGH OF THE SPEECHES,emotion_3408,intent_3408_last,0,10,31,20,12,19,10
ex03_sad_00343,ex03::OKAY ENOUGH OF THE SPEECHES,emotion_3408,intent_3408_last,20,12,31,24,12,19,12
ex03_sad_00343,ex03::OKAY ENOUGH OF THE SPEECHES,emotion_3408,intent_3408_last,40,12,31,24,12,19,13
ex03_sad_00343,ex03::OKAY ENOUGH OF THE SPEECHES,emotion_3408,speaker_count_3408_last,0,1,18,2,12,6,1
ex03_sad_00343,ex03::OKAY ENOUGH OF THE SPEECHES,emotion_3408,speaker_count_3408_last,20,4,18,8,12,6,4
ex03_sad_00343,ex03::OKAY ENOUGH OF THE SPEECHES,emotion_3408,speaker_count_3408_last,40,4,18,8,12,6,4
ex03_sad_00343,ex03::OKAY ENOUGH OF THE SPEECHES,intent_3408_last,speaker_count_3408_last,0,1,25,2,19,6,1
ex03_sad_00343,ex03::OKAY ENOUGH OF THE SPEECHES,intent_3408_last,speaker_count_3408_last,20,5,25,10,19,6,5
ex03_sad_00343,ex03::OKAY ENOUGH OF THE SPEECHES,intent_3408_last,speaker_count_3408_last,40,5,25,10,19,6,5
ex03_sad_00376,ex03::HIS NAME IS ADAM BRODY,asr_3408,emotion_3408,0,2,34,4,24,10,2
ex03_sad_00376,ex03::HIS NAME IS ADAM BRODY,asr_3408,emotion_3408,20,8,34,16,24,10,8
ex03_sad_00376,ex03::HIS NAME IS ADAM BRODY,asr_3408,emotion_3408,40,10,34,20,24,10,10
ex03_sad_00376,ex03::HIS NAME IS ADAM BRODY,asr_3408,intent_3408_last,0,10,41,20,24,17,10
ex03_sad_00376,ex03::HIS NAME IS ADAM BRODY,asr_3408,intent_3408_last,20,17,41,34,24,17,17
ex03_sad_00376,ex03::HIS NAME IS ADAM BRODY,asr_3408,intent_3408_last,40,17,41,34,24,17,17
ex03_sad_00376,ex03::HIS NAME IS ADAM BRODY,asr_3408,speaker_count_3408_last,0,2,30,4,24,6,2
ex03_sad_00376,ex03::HIS NAME IS ADAM BRODY,asr_3408,speaker_count_3408_last,20,6,30,12,24,6,6
ex03_sad_00376,ex03::HIS NAME IS ADAM BRODY,asr_3408,speaker_count_3408_last,40,6,30,12,24,6,6
ex03_sad_00376,ex03::HIS NAME IS ADAM BRODY,emotion_3408,intent_3408_last,0,4,27,8,10,17,4
ex03_sad_00376,ex03::HIS NAME IS ADAM BRODY,emotion_3408,intent_3408_last,20,10,27,20,10,17,10
ex03_sad_00376,ex03::HIS NAME IS ADAM BRODY,emotion_3408,intent_3408_last,40,10,27,20,10,17,12
ex03_sad_00376,ex03::HIS NAME IS ADAM BRODY,emotion_3408,speaker_count_3408_last,0,2,16,4,10,6,2
ex03_sad_00376,ex03::HIS NAME IS ADAM BRODY,emotion_3408,speaker_count_3408_last,20,4,16,8,10,6,4
ex03_sad_00376,ex03::HIS NAME IS ADAM BRODY,emotion_3408,speaker_count_3408_last,40,4,16,8,10,6,4
ex03_sad_00376,ex03::HIS NAME IS ADAM BRODY,intent_3408_last,speaker_count_3408_last,0,3,23,6,17,6,3
ex03_sad_00376,ex03::HIS NAME IS ADAM BRODY,intent_3408_last,speaker_count_3408_last,20,6,23,12,17,6,6
ex03_sad_00376,ex03::HIS NAME IS ADAM BRODY,intent_3408_last,speaker_count_3408_last,40,6,23,12,17,6,6
ex03_whisper_00010,ex03::IS THAT SUCCESS,asr_3408,emotion_3408,0,3,23,6,16,7,3
ex03_whisper_00010,ex03::IS THAT SUCCESS,asr_3408,emotion_3408,20,7,23,14,16,7,7
ex03_whisper_00010,ex03::IS THAT SUCCESS,asr_3408,emotion_3408,40,7,23,14,16,7,7
ex03_whisper_00010,ex03::IS THAT SUCCESS,asr_3408,intent_3408_last,0,7,24,14,16,8,7
ex03_whisper_00010,ex03::IS THAT SUCCESS,asr_3408,intent_3408_last,20,8,24,16,16,8,8
ex03_whisper_00010,ex03::IS THAT SUCCESS,asr_3408,intent_3408_last,40,8,24,16,16,8,8
ex03_whisper_00010,ex03::IS THAT SUCCESS,asr_3408,speaker_count_3408_last,0,4,20,8,16,4,4
ex03_whisper_00010,ex03::IS THAT SUCCESS,asr_3408,speaker_count_3408_last,20,4,20,8,16,4,4
ex03_whisper_00010,ex03::IS THAT SUCCESS,asr_3408,speaker_count_3408_last,40,4,20,8,16,4,4
ex03_whisper_00010,ex03::IS THAT SUCCESS,emotion_3408,intent_3408_last,0,3,15,6,7,8,3
ex03_whisper_00010,ex03::IS THAT SUCCESS,emotion_3408,intent_3408_last,20,6,15,12,7,8,6
ex03_whisper_00010,ex03::IS THAT SUCCESS,emotion_3408,intent_3408_last,40,6,15,12,7,8,6
ex03_whisper_00010,ex03::IS THAT SUCCESS,emotion_3408,speaker_count_3408_last,0,3,11,6,7,4,3
ex03_whisper_00010,ex03::IS THAT SUCCESS,emotion_3408,speaker_count_3408_last,20,4,11,8,7,4,4
ex03_whisper_00010,ex03::IS THAT SUCCESS,emotion_3408,speaker_count_3408_last,40,4,11,8,7,4,4
ex03_whisper_00010,ex03::IS THAT SUCCESS,intent_3408_last,speaker_count_3408_last,0,4,12,8,8,4,4
ex03_whisper_00010,ex03::IS THAT SUCCESS,intent_3408_last,speaker_count_3408_last,20,4,12,8,8,4,4
ex03_whisper_00010,ex03::IS THAT SUCCESS,intent_3408_last,speaker_count_3408_last,40,4,12,8,8,4,4
ex03_whisper_00014,ex03::IS IT THE SHAPE OF THINGS TO COME,asr_3408,emotion_3408,0,7,36,14,25,11,7
ex03_whisper_00014,ex03::IS IT THE SHAPE OF THINGS TO COME,asr_3408,emotion_3408,20,10,36,20,25,11,10
ex03_whisper_00014,ex03::IS IT THE SHAPE OF THINGS TO COME,asr_3408,emotion_3408,40,11,36,22,25,11,11
ex03_whisper_00014,ex03::IS IT THE SHAPE OF THINGS TO COME,asr_3408,intent_3408_last,0,12,40,24,25,15,12
ex03_whisper_00014,ex03::IS IT THE SHAPE OF THINGS TO COME,asr_3408,intent_3408_last,20,15,40,30,25,15,15
ex03_whisper_00014,ex03::IS IT THE SHAPE OF THINGS TO COME,asr_3408,intent_3408_last,40,15,40,30,25,15,15
ex03_whisper_00014,ex03::IS IT THE SHAPE OF THINGS TO COME,asr_3408,speaker_count_3408_last,0,3,31,6,25,6,3
ex03_whisper_00014,ex03::IS IT THE SHAPE OF THINGS TO COME,asr_3408,speaker_count_3408_last,20,6,31,12,25,6,6
ex03_whisper_00014,ex03::IS IT THE SHAPE OF THINGS TO COME,asr_3408,speaker_count_3408_last,40,6,31,12,25,6,6
ex03_whisper_00014,ex03::IS IT THE SHAPE OF THINGS TO COME,emotion_3408,intent_3408_last,0,7,26,14,11,15,7
ex03_whisper_00014,ex03::IS IT THE SHAPE OF THINGS TO COME,emotion_3408,intent_3408_last,20,9,26,18,11,15,9
ex03_whisper_00014,ex03::IS IT THE SHAPE OF THINGS TO COME,emotion_3408,intent_3408_last,40,10,26,20,11,15,12
ex03_whisper_00014,ex03::IS IT THE SHAPE OF THINGS TO COME,emotion_3408,speaker_count_3408_last,0,3,17,6,11,6,3
ex03_whisper_00014,ex03::IS IT THE SHAPE OF THINGS TO COME,emotion_3408,speaker_count_3408_last,20,5,17,10,11,6,5
ex03_whisper_00014,ex03::IS IT THE SHAPE OF THINGS TO COME,emotion_3408,speaker_count_3408_last,40,5,17,10,11,6,5
ex03_whisper_00014,ex03::IS IT THE SHAPE OF THINGS TO COME,intent_3408_last,speaker_count_3408_last,0,3,21,6,15,6,3
ex03_whisper_00014,ex03::IS IT THE SHAPE OF THINGS TO COME,intent_3408_last,speaker_count_3408_last,20,6,21,12,15,6,6
ex03_whisper_00014,ex03::IS IT THE SHAPE OF THINGS TO COME,intent_3408_last,speaker_count_3408_last,40,6,21,12,15,6,6
ex03_whisper_00037,ex03::THE VACANCIES ARE IN SUPPORT SERVICES AND ARTS,asr_3408,emotion_3408,0,13,53,26,36,17,13
ex03_whisper_00037,ex03::THE VACANCIES ARE IN SUPPORT SERVICES AND ARTS,asr_3408,emotion_3408,20,17,53,34,36,17,17
ex03_whisper_00037,ex03::THE VACANCIES ARE IN SUPPORT SERVICES AND ARTS,asr_3408,emotion_3408,40,17,53,34,36,17,17
ex03_whisper_00037,ex03::THE VACANCIES ARE IN SUPPORT SERVICES AND ARTS,asr_3408,intent_3408_last,0,21,58,42,36,22,21
ex03_whisper_00037,ex03::THE VACANCIES ARE IN SUPPORT SERVICES AND ARTS,asr_3408,intent_3408_last,20,22,58,44,36,22,22
ex03_whisper_00037,ex03::THE VACANCIES ARE IN SUPPORT SERVICES AND ARTS,asr_3408,intent_3408_last,40,22,58,44,36,22,22
ex03_whisper_00037,ex03::THE VACANCIES ARE IN SUPPORT SERVICES AND ARTS,asr_3408,speaker_count_3408_last,0,6,48,12,36,12,6
ex03_whisper_00037,ex03::THE VACANCIES ARE IN SUPPORT SERVICES AND ARTS,asr_3408,speaker_count_3408_last,20,10,48,20,36,12,10
ex03_whisper_00037,ex03::THE VACANCIES ARE IN SUPPORT SERVICES AND ARTS,asr_3408,speaker_count_3408_last,40,11,48,22,36,12,11
ex03_whisper_00037,ex03::THE VACANCIES ARE IN SUPPORT SERVICES AND ARTS,emotion_3408,intent_3408_last,0,13,39,26,17,22,13
ex03_whisper_00037,ex03::THE VACANCIES ARE IN SUPPORT SERVICES AND ARTS,emotion_3408,intent_3408_last,20,16,39,32,17,22,17
ex03_whisper_00037,ex03::THE VACANCIES ARE IN SUPPORT SERVICES AND ARTS,emotion_3408,intent_3408_last,40,16,39,32,17,22,17
ex03_whisper_00037,ex03::THE VACANCIES ARE IN SUPPORT SERVICES AND ARTS,emotion_3408,speaker_count_3408_last,0,5,29,10,17,12,5
ex03_whisper_00037,ex03::THE VACANCIES ARE IN SUPPORT SERVICES AND ARTS,emotion_3408,speaker_count_3408_last,20,10,29,20,17,12,10
ex03_whisper_00037,ex03::THE VACANCIES ARE IN SUPPORT SERVICES AND ARTS,emotion_3408,speaker_count_3408_last,40,10,29,20,17,12,10
ex03_whisper_00037,ex03::THE VACANCIES ARE IN SUPPORT SERVICES AND ARTS,intent_3408_last,speaker_count_3408_last,0,6,34,12,22,12,6
ex03_whisper_00037,ex03::THE VACANCIES ARE IN SUPPORT SERVICES AND ARTS,intent_3408_last,speaker_count_3408_last,20,10,34,20,22,12,10
ex03_whisper_00037,ex03::THE VACANCIES ARE IN SUPPORT SERVICES AND ARTS,intent_3408_last,speaker_count_3408_last,40,10,34,20,22,12,10
ex03_whisper_00040,ex03::HOW ARE YOU SIR,asr_3408,emotion_3408,0,1,15,2,13,2,1
ex03_whisper_00040,ex03::HOW ARE YOU SIR,asr_3408,emotion_3408,20,2,15,4,13,2,2
ex03_whisper_00040,ex03::HOW ARE YOU SIR,asr_3408,emotion_3408,40,2,15,4,13,2,2
ex03_whisper_00040,ex03::HOW ARE YOU SIR,asr_3408,intent_3408_last,0,8,23,16,13,10,8
ex03_whisper_00040,ex03::HOW ARE YOU SIR,asr_3408,intent_3408_last,20,10,23,20,13,10,10
ex03_whisper_00040,ex03::HOW ARE YOU SIR,asr_3408,intent_3408_last,40,10,23,20,13,10,10
ex03_whisper_00040,ex03::HOW ARE YOU SIR,asr_3408,speaker_count_3408_last,0,0,15,0,13,2,0
ex03_whisper_00040,ex03::HOW ARE YOU SIR,asr_3408,speaker_count_3408_last,20,2,15,4,13,2,2
ex03_whisper_00040,ex03::HOW ARE YOU SIR,asr_3408,speaker_count_3408_last,40,2,15,4,13,2,2
ex03_whisper_00040,ex03::HOW ARE YOU SIR,emotion_3408,intent_3408_last,0,1,12,2,2,10,1
ex03_whisper_00040,ex03::HOW ARE YOU SIR,emotion_3408,intent_3408_last,20,1,12,2,2,10,1
ex03_whisper_00040,ex03::HOW ARE YOU SIR,emotion_3408,intent_3408_last,40,1,12,2,2,10,1
ex03_whisper_00040,ex03::HOW ARE YOU SIR,emotion_3408,speaker_count_3408_last,0,0,4,0,2,2,0
ex03_whisper_00040,ex03::HOW ARE YOU SIR,emotion_3408,speaker_count_3408_last,20,1,4,2,2,2,1
ex03_whisper_00040,ex03::HOW ARE YOU SIR,emotion_3408,speaker_count_3408_last,40,1,4,2,2,2,1
ex03_whisper_00040,ex03::HOW ARE YOU SIR,intent_3408_last,speaker_count_3408_last,0,0,12,0,10,2,0
ex03_whisper_00040,ex03::HOW ARE YOU SIR,intent_3408_last,speaker_count_3408_last,20,2,12,4,10,2,2
ex03_whisper_00040,ex03::HOW ARE YOU SIR,intent_3408_last,speaker_count_3408_last,40,2,12,4,10,2,2
ex03_whisper_00104,ex03::GRANNY SMITH APPLES YOUR FAVORITE,asr_3408,emotion_3408,0,6,38,12,25,13,6
ex03_whisper_00104,ex03::GRANNY SMITH APPLES YOUR FAVORITE,asr_3408,emotion_3408,20,10,38,20,25,13,10
ex03_whisper_00104,ex03::GRANNY SMITH APPLES YOUR FAVORITE,asr_3408,emotion_3408,40,13,38,26,25,13,13
ex03_whisper_00104,ex03::GRANNY SMITH APPLES YOUR FAVORITE,asr_3408,intent_3408_last,0,11,43,22,25,18,11
ex03_whisper_00104,ex03::GRANNY SMITH APPLES YOUR FAVORITE,asr_3408,intent_3408_last,20,18,43,36,25,18,18
ex03_whisper_00104,ex03::GRANNY SMITH APPLES YOUR FAVORITE,asr_3408,intent_3408_last,40,18,43,36,25,18,18
ex03_whisper_00104,ex03::GRANNY SMITH APPLES YOUR FAVORITE,asr_3408,speaker_count_3408_last,0,3,32,6,25,7,3
ex03_whisper_00104,ex03::GRANNY SMITH APPLES YOUR FAVORITE,asr_3408,speaker_count_3408_last,20,5,32,10,25,7,5
ex03_whisper_00104,ex03::GRANNY SMITH APPLES YOUR FAVORITE,asr_3408,speaker_count_3408_last,40,7,32,14,25,7,7
ex03_whisper_00104,ex03::GRANNY SMITH APPLES YOUR FAVORITE,emotion_3408,intent_3408_last,0,7,31,14,13,18,7
ex03_whisper_00104,ex03::GRANNY SMITH APPLES YOUR FAVORITE,emotion_3408,intent_3408_last,20,11,31,22,13,18,11
ex03_whisper_00104,ex03::GRANNY SMITH APPLES YOUR FAVORITE,emotion_3408,intent_3408_last,40,11,31,22,13,18,11
ex03_whisper_00104,ex03::GRANNY SMITH APPLES YOUR FAVORITE,emotion_3408,speaker_count_3408_last,0,4,20,8,13,7,4
ex03_whisper_00104,ex03::GRANNY SMITH APPLES YOUR FAVORITE,emotion_3408,speaker_count_3408_last,20,5,20,10,13,7,5
ex03_whisper_00104,ex03::GRANNY SMITH APPLES YOUR FAVORITE,emotion_3408,speaker_count_3408_last,40,5,20,10,13,7,5
ex03_whisper_00104,ex03::GRANNY SMITH APPLES YOUR FAVORITE,intent_3408_last,speaker_count_3408_last,0,4,25,8,18,7,4
ex03_whisper_00104,ex03::GRANNY SMITH APPLES YOUR FAVORITE,intent_3408_last,speaker_count_3408_last,20,6,25,12,18,7,6
ex03_whisper_00104,ex03::GRANNY SMITH APPLES YOUR FAVORITE,intent_3408_last,speaker_count_3408_last,40,7,25,14,18,7,7
ex03_whisper_00134,ex03::WHO STARS IN THE NUTTY PROFESSOR,asr_3408,emotion_3408,0,6,40,12,28,12,6
ex03_whisper_00134,ex03::WHO STARS IN THE NUTTY PROFESSOR,asr_3408,emotion_3408,20,10,40,20,28,12,10
ex03_whisper_00134,ex03::WHO STARS IN THE NUTTY PROFESSOR,asr_3408,emotion_3408,40,12,40,24,28,12,12
ex03_whisper_00134,ex03::WHO STARS IN THE NUTTY PROFESSOR,asr_3408,intent_3408_last,0,9,47,18,28,19,9
ex03_whisper_00134,ex03::WHO STARS IN THE NUTTY PROFESSOR,asr_3408,intent_3408_last,20,19,47,38,28,19,19
ex03_whisper_00134,ex03::WHO STARS IN THE NUTTY PROFESSOR,asr_3408,intent_3408_last,40,19,47,38,28,19,19
ex03_whisper_00134,ex03::WHO STARS IN THE NUTTY PROFESSOR,asr_3408,speaker_count_3408_last,0,0,35,0,28,7,0
ex03_whisper_00134,ex03::WHO STARS IN THE NUTTY PROFESSOR,asr_3408,speaker_count_3408_last,20,6,35,12,28,7,6
ex03_whisper_00134,ex03::WHO STARS IN THE NUTTY PROFESSOR,asr_3408,speaker_count_3408_last,40,7,35,14,28,7,7
ex03_whisper_00134,ex03::WHO STARS IN THE NUTTY PROFESSOR,emotion_3408,intent_3408_last,0,9,31,18,12,19,9
ex03_whisper_00134,ex03::WHO STARS IN THE NUTTY PROFESSOR,emotion_3408,intent_3408_last,20,11,31,22,12,19,12
ex03_whisper_00134,ex03::WHO STARS IN THE NUTTY PROFESSOR,emotion_3408,intent_3408_last,40,12,31,24,12,19,13
ex03_whisper_00134,ex03::WHO STARS IN THE NUTTY PROFESSOR,emotion_3408,speaker_count_3408_last,0,1,19,2,12,7,1
ex03_whisper_00134,ex03::WHO STARS IN THE NUTTY PROFESSOR,emotion_3408,speaker_count_3408_last,20,6,19,12,12,7,6
ex03_whisper_00134,ex03::WHO STARS IN THE NUTTY PROFESSOR,emotion_3408,speaker_count_3408_last,40,6,19,12,12,7,6
ex03_whisper_00134,ex03::WHO STARS IN THE NUTTY PROFESSOR,intent_3408_last,speaker_count_3408_last,0,2,26,4,19,7,2
ex03_whisper_00134,ex03::WHO STARS IN THE NUTTY PROFESSOR,intent_3408_last,speaker_count_3408_last,20,7,26,14,19,7,7
ex03_whisper_00134,ex03::WHO STARS IN THE NUTTY PROFESSOR,intent_3408_last,speaker_count_3408_last,40,7,26,14,19,7,7
ex03_whisper_00143,ex03::OH ME TOO,asr_3408,emotion_3408,0,4,14,8,9,5,4
ex03_whisper_00143,ex03::OH ME TOO,asr_3408,emotion_3408,20,5,14,10,9,5,5
ex03_whisper_00143,ex03::OH ME TOO,asr_3408,emotion_3408,40,5,14,10,9,5,5
ex03_whisper_00143,ex03::OH ME TOO,asr_3408,intent_3408_last,0,7,16,14,9,7,7
ex03_whisper_00143,ex03::OH ME TOO,asr_3408,intent_3408_last,20,7,16,14,9,7,7
ex03_whisper_00143,ex03::OH ME TOO,asr_3408,intent_3408_last,40,7,16,14,9,7,7
ex03_whisper_00143,ex03::OH ME TOO,asr_3408,speaker_count_3408_last,0,3,12,6,9,3,3
ex03_whisper_00143,ex03::OH ME TOO,asr_3408,speaker_count_3408_last,20,3,12,6,9,3,3
ex03_whisper_00143,ex03::OH ME TOO,asr_3408,speaker_count_3408_last,40,3,12,6,9,3,3
ex03_whisper_00143,ex03::OH ME TOO,emotion_3408,intent_3408_last,0,4,12,8,5,7,4
ex03_whisper_00143,ex03::OH ME TOO,emotion_3408,intent_3408_last,20,5,12,10,5,7,5
ex03_whisper_00143,ex03::OH ME TOO,emotion_3408,intent_3408_last,40,5,12,10,5,7,5
ex03_whisper_00143,ex03::OH ME TOO,emotion_3408,speaker_count_3408_last,0,3,8,6,5,3,3
ex03_whisper_00143,ex03::OH ME TOO,emotion_3408,speaker_count_3408_last,20,3,8,6,5,3,3
ex03_whisper_00143,ex03::OH ME TOO,emotion_3408,speaker_count_3408_last,40,3,8,6,5,3,3
ex03_whisper_00143,ex03::OH ME TOO,intent_3408_last,speaker_count_3408_last,0,3,10,6,7,3,3
ex03_whisper_00143,ex03::OH ME TOO,intent_3408_last,speaker_count_3408_last,20,3,10,6,7,3,3
ex03_whisper_00143,ex03::OH ME TOO,intent_3408_last,speaker_count_3408_last,40,3,10,6,7,3,3
ex03_whisper_00175,ex03::WHAT IS TAI CHI,asr_3408,emotion_3408,0,4,19,8,14,5,4
ex03_whisper_00175,ex03::WHAT IS TAI CHI,asr_3408,emotion_3408,20,4,19,8,14,5,4
ex03_whisper_00175,ex03::WHAT IS TAI CHI,asr_3408,emotion_3408,40,5,19,10,14,5,5
ex03_whisper_00175,ex03::WHAT IS TAI CHI,asr_3408,intent_3408_last,0,7,25,14,14,11,7
ex03_whisper_00175,ex03::WHAT IS TAI CHI,asr_3408,intent_3408_last,20,11,25,22,14,11,11
ex03_whisper_00175,ex03::WHAT IS TAI CHI,asr_3408,intent_3408_last,40,11,25,22,14,11,11
ex03_whisper_00175,ex03::WHAT IS TAI CHI,asr_3408,speaker_count_3408_last,0,0,16,0,14,2,0
ex03_whisper_00175,ex03::WHAT IS TAI CHI,asr_3408,speaker_count_3408_last,20,2,16,4,14,2,2
ex03_whisper_00175,ex03::WHAT IS TAI CHI,asr_3408,speaker_count_3408_last,40,2,16,4,14,2,2
ex03_whisper_00175,ex03::WHAT IS TAI CHI,emotion_3408,intent_3408_last,0,4,16,8,5,11,4
ex03_whisper_00175,ex03::WHAT IS TAI CHI,emotion_3408,intent_3408_last,20,5,16,10,5,11,5
ex03_whisper_00175,ex03::WHAT IS TAI CHI,emotion_3408,intent_3408_last,40,5,16,10,5,11,5
ex03_whisper_00175,ex03::WHAT IS TAI CHI,emotion_3408,speaker_count_3408_last,0,0,7,0,5,2,0
ex03_whisper_00175,ex03::WHAT IS TAI CHI,emotion_3408,speaker_count_3408_last,20,2,7,4,5,2,2
ex03_whisper_00175,ex03::WHAT IS TAI CHI,emotion_3408,speaker_count_3408_last,40,2,7,4,5,2,2
ex03_whisper_00175,ex03::WHAT IS TAI CHI,intent_3408_last,speaker_count_3408_last,0,0,13,0,11,2,0
ex03_whisper_00175,ex03::WHAT IS TAI CHI,intent_3408_last,speaker_count_3408_last,20,2,13,4,11,2,2
ex03_whisper_00175,ex03::WHAT IS TAI CHI,intent_3408_last,speaker_count_3408_last,40,2,13,4,11,2,2
ex03_whisper_00198,ex03::OF COURSE HE DOES,asr_3408,emotion_3408,0,4,20,8,15,5,4
ex03_whisper_00198,ex03::OF COURSE HE DOES,asr_3408,emotion_3408,20,5,20,10,15,5,5
ex03_whisper_00198,ex03::OF COURSE HE DOES,asr_3408,emotion_3408,40,5,20,10,15,5,5
ex03_whisper_00198,ex03::OF COURSE HE DOES,asr_3408,intent_3408_last,0,8,26,16,15,11,8
ex03_whisper_00198,ex03::OF COURSE HE DOES,asr_3408,intent_3408_last,20,10,26,20,15,11,10
ex03_whisper_00198,ex03::OF COURSE HE DOES,asr_3408,intent_3408_last,40,11,26,22,15,11,11
ex03_whisper_00198,ex03::OF COURSE HE DOES,asr_3408,speaker_count_3408_last,0,2,19,4,15,4,2
ex03_whisper_00198,ex03::OF COURSE HE DOES,asr_3408,speaker_count_3408_last,20,3,19,6,15,4,3
ex03_whisper_00198,ex03::OF COURSE HE DOES,asr_3408,speaker_count_3408_last,40,4,19,8,15,4,4
ex03_whisper_00198,ex03::OF COURSE HE DOES,emotion_3408,intent_3408_last,0,3,16,6,5,11,3
ex03_whisper_00198,ex03::OF COURSE HE DOES,emotion_3408,intent_3408_last,20,4,16,8,5,11,4
ex03_whisper_00198,ex03::OF COURSE HE DOES,emotion_3408,intent_3408_last,40,5,16,10,5,11,7
ex03_whisper_00198,ex03::OF COURSE HE DOES,emotion_3408,speaker_count_3408_last,0,1,9,2,5,4,1
ex03_whisper_00198,ex03::OF COURSE HE DOES,emotion_3408,speaker_count_3408_last,20,2,9,4,5,4,2
ex03_whisper_00198,ex03::OF COURSE HE DOES,emotion_3408,speaker_count_3408_last,40,3,9,6,5,4,3
ex03_whisper_00198,ex03::OF COURSE HE DOES,intent_3408_last,speaker_count_3408_last,0,3,15,6,11,4,3
ex03_whisper_00198,ex03::OF COURSE HE DOES,intent_3408_last,speaker_count_3408_last,20,4,15,8,11,4,4
ex03_whisper_00198,ex03::OF COURSE HE DOES,intent_3408_last,speaker_count_3408_last,40,4,15,8,11,4,4
ex03_whisper_00205,ex03::MILESTONES FOR ALEX AND THE OTHER TRAVEL ZOO BREAK OUT YOUR SCORECARDS,asr_3408,emotion_3408,0,16,80,32,52,28,16
ex03_whisper_00205,ex03::MILESTONES FOR ALEX AND THE OTHER TRAVEL ZOO BREAK OUT YOUR SCORECARDS,asr_3408,emotion_3408,20,24,80,48,52,28,24
ex03_whisper_00205,ex03::MILESTONES FOR ALEX AND THE OTHER TRAVEL ZOO BREAK OUT YOUR SCORECARDS,asr_3408,emotion_3408,40,26,80,52,52,28,26
ex03_whisper_00205,ex03::MILESTONES FOR ALEX AND THE OTHER TRAVEL ZOO BREAK OUT YOUR SCORECARDS,asr_3408,intent_3408_last,0,25,89,50,52,37,25
ex03_whisper_00205,ex03::MILESTONES FOR ALEX AND THE OTHER TRAVEL ZOO BREAK OUT YOUR SCORECARDS,asr_3408,intent_3408_last,20,37,89,74,52,37,37
ex03_whisper_00205,ex03::MILESTONES FOR ALEX AND THE OTHER TRAVEL ZOO BREAK OUT YOUR SCORECARDS,asr_3408,intent_3408_last,40,37,89,74,52,37,37
ex03_whisper_00205,ex03::MILESTONES FOR ALEX AND THE OTHER TRAVEL ZOO BREAK OUT YOUR SCORECARDS,asr_3408,speaker_count_3408_last,0,11,70,22,52,18,11
ex03_whisper_00205,ex03::MILESTONES FOR ALEX AND THE OTHER TRAVEL ZOO BREAK OUT YOUR SCORECARDS,asr_3408,speaker_count_3408_last,20,17,70,34,52,18,17
ex03_whisper_00205,ex03::MILESTONES FOR ALEX AND THE OTHER TRAVEL ZOO BREAK OUT YOUR SCORECARDS,asr_3408,speaker_count_3408_last,40,18,70,36,52,18,18
ex03_whisper_00205,ex03::MILESTONES FOR ALEX AND THE OTHER TRAVEL ZOO BREAK OUT YOUR SCORECARDS,emotion_3408,intent_3408_last,0,15,65,30,28,37,15
ex03_whisper_00205,ex03::MILESTONES FOR ALEX AND THE OTHER TRAVEL ZOO BREAK OUT YOUR SCORECARDS,emotion_3408,intent_3408_last,20,23,65,46,28,37,23
ex03_whisper_00205,ex03::MILESTONES FOR ALEX AND THE OTHER TRAVEL ZOO BREAK OUT YOUR SCORECARDS,emotion_3408,intent_3408_last,40,24,65,48,28,37,25
ex03_whisper_00205,ex03::MILESTONES FOR ALEX AND THE OTHER TRAVEL ZOO BREAK OUT YOUR SCORECARDS,emotion_3408,speaker_count_3408_last,0,9,46,18,28,18,9
ex03_whisper_00205,ex03::MILESTONES FOR ALEX AND THE OTHER TRAVEL ZOO BREAK OUT YOUR SCORECARDS,emotion_3408,speaker_count_3408_last,20,14,46,28,28,18,14
ex03_whisper_00205,ex03::MILESTONES FOR ALEX AND THE OTHER TRAVEL ZOO BREAK OUT YOUR SCORECARDS,emotion_3408,speaker_count_3408_last,40,16,46,32,28,18,16
ex03_whisper_00205,ex03::MILESTONES FOR ALEX AND THE OTHER TRAVEL ZOO BREAK OUT YOUR SCORECARDS,intent_3408_last,speaker_count_3408_last,0,9,55,18,37,18,9
ex03_whisper_00205,ex03::MILESTONES FOR ALEX AND THE OTHER TRAVEL ZOO BREAK OUT YOUR SCORECARDS,intent_3408_last,speaker_count_3408_last,20,17,55,34,37,18,17
ex03_whisper_00205,ex03::MILESTONES FOR ALEX AND THE OTHER TRAVEL ZOO BREAK OUT YOUR SCORECARDS,intent_3408_last,speaker_count_3408_last,40,18,55,36,37,18,18
ex03_whisper_00226,ex03::IT'S GONNA BE SUNNY WITH TEMPERATURES GOING FROM SIXTY EIGHT TO SEVENTY EIGHT TODAY IN COVINGTON,asr_3408,emotion_3408,0,22,100,44,66,34,22
ex03_whisper_00226,ex03::IT'S GONNA BE SUNNY WITH TEMPERATURES GOING FROM SIXTY EIGHT TO SEVENTY EIGHT TODAY IN COVINGTON,asr_3408,emotion_3408,20,33,100,66,66,34,33
ex03_whisper_00226,ex03::IT'S GONNA BE SUNNY WITH TEMPERATURES GOING FROM SIXTY EIGHT TO SEVENTY EIGHT TODAY IN COVINGTON,asr_3408,emotion_3408,40,34,100,68,66,34,34
ex03_whisper_00226,ex03::IT'S GONNA BE SUNNY WITH TEMPERATURES GOING FROM SIXTY EIGHT TO SEVENTY EIGHT TODAY IN COVINGTON,asr_3408,intent_3408_last,0,30,108,60,66,42,30
ex03_whisper_00226,ex03::IT'S GONNA BE SUNNY WITH TEMPERATURES GOING FROM SIXTY EIGHT TO SEVENTY EIGHT TODAY IN COVINGTON,asr_3408,intent_3408_last,20,42,108,84,66,42,42
ex03_whisper_00226,ex03::IT'S GONNA BE SUNNY WITH TEMPERATURES GOING FROM SIXTY EIGHT TO SEVENTY EIGHT TODAY IN COVINGTON,asr_3408,intent_3408_last,40,42,108,84,66,42,42
ex03_whisper_00226,ex03::IT'S GONNA BE SUNNY WITH TEMPERATURES GOING FROM SIXTY EIGHT TO SEVENTY EIGHT TODAY IN COVINGTON,asr_3408,speaker_count_3408_last,0,12,88,24,66,22,12
ex03_whisper_00226,ex03::IT'S GONNA BE SUNNY WITH TEMPERATURES GOING FROM SIXTY EIGHT TO SEVENTY EIGHT TODAY IN COVINGTON,asr_3408,speaker_count_3408_last,20,21,88,42,66,22,21
ex03_whisper_00226,ex03::IT'S GONNA BE SUNNY WITH TEMPERATURES GOING FROM SIXTY EIGHT TO SEVENTY EIGHT TODAY IN COVINGTON,asr_3408,speaker_count_3408_last,40,22,88,44,66,22,22
ex03_whisper_00226,ex03::IT'S GONNA BE SUNNY WITH TEMPERATURES GOING FROM SIXTY EIGHT TO SEVENTY EIGHT TODAY IN COVINGTON,emotion_3408,intent_3408_last,0,23,76,46,34,42,23
ex03_whisper_00226,ex03::IT'S GONNA BE SUNNY WITH TEMPERATURES GOING FROM SIXTY EIGHT TO SEVENTY EIGHT TODAY IN COVINGTON,emotion_3408,intent_3408_last,20,33,76,66,34,42,34
ex03_whisper_00226,ex03::IT'S GONNA BE SUNNY WITH TEMPERATURES GOING FROM SIXTY EIGHT TO SEVENTY EIGHT TODAY IN COVINGTON,emotion_3408,intent_3408_last,40,34,76,68,34,42,37
ex03_whisper_00226,ex03::IT'S GONNA BE SUNNY WITH TEMPERATURES GOING FROM SIXTY EIGHT TO SEVENTY EIGHT TODAY IN COVINGTON,emotion_3408,speaker_count_3408_last,0,9,56,18,34,22,9
ex03_whisper_00226,ex03::IT'S GONNA BE SUNNY WITH TEMPERATURES GOING FROM SIXTY EIGHT TO SEVENTY EIGHT TODAY IN COVINGTON,emotion_3408,speaker_count_3408_last,20,19,56,38,34,22,19
ex03_whisper_00226,ex03::IT'S GONNA BE SUNNY WITH TEMPERATURES GOING FROM SIXTY EIGHT TO SEVENTY EIGHT TODAY IN COVINGTON,emotion_3408,speaker_count_3408_last,40,21,56,42,34,22,21
ex03_whisper_00226,ex03::IT'S GONNA BE SUNNY WITH TEMPERATURES GOING FROM SIXTY EIGHT TO SEVENTY EIGHT TODAY IN COVINGTON,intent_3408_last,speaker_count_3408_last,0,11,64,22,42,22,11
ex03_whisper_00226,ex03::IT'S GONNA BE SUNNY WITH TEMPERATURES GOING FROM SIXTY EIGHT TO SEVENTY EIGHT TODAY IN COVINGTON,intent_3408_last,speaker_count_3408_last,20,19,64,38,42,22,19
ex03_whisper_00226,ex03::IT'S GONNA BE SUNNY WITH TEMPERATURES GOING FROM SIXTY EIGHT TO SEVENTY EIGHT TODAY IN COVINGTON,intent_3408_last,speaker_count_3408_last,40,20,64,40,42,22,20
ex03_whisper_00269,ex03::DOES THE PROSECUTION HAVE A RECOMMENDATION,asr_3408,emotion_3408,0,11,46,22,32,14,11
ex03_whisper_00269,ex03::DOES THE PROSECUTION HAVE A RECOMMENDATION,asr_3408,emotion_3408,20,14,46,28,32,14,14
ex03_whisper_00269,ex03::DOES THE PROSECUTION HAVE A RECOMMENDATION,asr_3408,emotion_3408,40,14,46,28,32,14,14
ex03_whisper_00269,ex03::DOES THE PROSECUTION HAVE A RECOMMENDATION,asr_3408,intent_3408_last,0,16,54,32,32,22,16
ex03_whisper_00269,ex03::DOES THE PROSECUTION HAVE A RECOMMENDATION,asr_3408,intent_3408_last,20,22,54,44,32,22,22
ex03_whisper_00269,ex03::DOES THE PROSECUTION HAVE A RECOMMENDATION,asr_3408,intent_3408_last,40,22,54,44,32,22,22
ex03_whisper_00269,ex03::DOES THE PROSECUTION HAVE A RECOMMENDATION,asr_3408,speaker_count_3408_last,0,6,42,12,32,10,6
ex03_whisper_00269,ex03::DOES THE PROSECUTION HAVE A RECOMMENDATION,asr_3408,speaker_count_3408_last,20,10,42,20,32,10,10
ex03_whisper_00269,ex03::DOES THE PROSECUTION HAVE A RECOMMENDATION,asr_3408,speaker_count_3408_last,40,10,42,20,32,10,10
ex03_whisper_00269,ex03::DOES THE PROSECUTION HAVE A RECOMMENDATION,emotion_3408,intent_3408_last,0,9,36,18,14,22,9
ex03_whisper_00269,ex03::DOES THE PROSECUTION HAVE A RECOMMENDATION,emotion_3408,intent_3408_last,20,14,36,28,14,22,15
ex03_whisper_00269,ex03::DOES THE PROSECUTION HAVE A RECOMMENDATION,emotion_3408,intent_3408_last,40,14,36,28,14,22,16
ex03_whisper_00269,ex03::DOES THE PROSECUTION HAVE A RECOMMENDATION,emotion_3408,speaker_count_3408_last,0,4,24,8,14,10,4
ex03_whisper_00269,ex03::DOES THE PROSECUTION HAVE A RECOMMENDATION,emotion_3408,speaker_count_3408_last,20,9,24,18,14,10,9
ex03_whisper_00269,ex03::DOES THE PROSECUTION HAVE A RECOMMENDATION,emotion_3408,speaker_count_3408_last,40,9,24,18,14,10,9
ex03_whisper_00269,ex03::DOES THE PROSECUTION HAVE A RECOMMENDATION,intent_3408_last,speaker_count_3408_last,0,6,32,12,22,10,6
ex03_whisper_00269,ex03::DOES THE PROSECUTION HAVE A RECOMMENDATION,intent_3408_last,speaker_count_3408_last,20,10,32,20,22,10,10
ex03_whisper_00269,ex03::DOES THE PROSECUTION HAVE A RECOMMENDATION,intent_3408_last,speaker_count_3408_last,40,10,32,20,22,10,10
ex03_whisper_00285,ex03::DON'T THROW THAT OUT,asr_3408,emotion_3408,0,4,19,8,14,5,4
ex03_whisper_00285,ex03::DON'T THROW THAT OUT,asr_3408,emotion_3408,20,5,19,10,14,5,5
ex03_whisper_00285,ex03::DON'T THROW THAT OUT,asr_3408,emotion_3408,40,5,19,10,14,5,5
ex03_whisper_00285,ex03::DON'T THROW THAT OUT,asr_3408,intent_3408_last,0,5,21,10,14,7,5
ex03_whisper_00285,ex03::DON'T THROW THAT OUT,asr_3408,intent_3408_last,20,7,21,14,14,7,7
ex03_whisper_00285,ex03::DON'T THROW THAT OUT,asr_3408,intent_3408_last,40,7,21,14,14,7,7
ex03_whisper_00285,ex03::DON'T THROW THAT OUT,asr_3408,speaker_count_3408_last,0,2,17,4,14,3,2
ex03_whisper_00285,ex03::DON'T THROW THAT OUT,asr_3408,speaker_count_3408_last,20,2,17,4,14,3,2
ex03_whisper_00285,ex03::DON'T THROW THAT OUT,asr_3408,speaker_count_3408_last,40,2,17,4,14,3,2
ex03_whisper_00285,ex03::DON'T THROW THAT OUT,emotion_3408,intent_3408_last,0,4,12,8,5,7,4
ex03_whisper_00285,ex03::DON'T THROW THAT OUT,emotion_3408,intent_3408_last,20,5,12,10,5,7,5
ex03_whisper_00285,ex03::DON'T THROW THAT OUT,emotion_3408,intent_3408_last,40,5,12,10,5,7,5
ex03_whisper_00285,ex03::DON'T THROW THAT OUT,emotion_3408,speaker_count_3408_last,0,2,8,4,5,3,2
ex03_whisper_00285,ex03::DON'T THROW THAT OUT,emotion_3408,speaker_count_3408_last,20,2,8,4,5,3,2
ex03_whisper_00285,ex03::DON'T THROW THAT OUT,emotion_3408,speaker_count_3408_last,40,2,8,4,5,3,2
ex03_whisper_00285,ex03::DON'T THROW THAT OUT,intent_3408_last,speaker_count_3408_last,0,2,10,4,7,3,2
ex03_whisper_00285,ex03::DON'T THROW THAT OUT,intent_3408_last,speaker_count_3408_last,20,2,10,4,7,3,2
ex03_whisper_00285,ex03::DON'T THROW THAT OUT,intent_3408_last,speaker_count_3408_last,40,2,10,4,7,3,2
ex03_whisper_00343,ex03::OKAY ENOUGH OF THE SPEECHES,asr_3408,emotion_3408,0,4,31,8,22,9,4
ex03_whisper_00343,ex03::OKAY ENOUGH OF THE SPEECHES,asr_3408,emotion_3408,20,7,31,14,22,9,7
ex03_whisper_00343,ex03::OKAY ENOUGH OF THE SPEECHES,asr_3408,emotion_3408,40,9,31,18,22,9,9
ex03_whisper_00343,ex03::OKAY ENOUGH OF THE SPEECHES,asr_3408,intent_3408_last,0,12,38,24,22,16,12
ex03_whisper_00343,ex03::OKAY ENOUGH OF THE SPEECHES,asr_3408,intent_3408_last,20,16,38,32,22,16,16
ex03_whisper_00343,ex03::OKAY ENOUGH OF THE SPEECHES,asr_3408,intent_3408_last,40,16,38,32,22,16,16
ex03_whisper_00343,ex03::OKAY ENOUGH OF THE SPEECHES,asr_3408,speaker_count_3408_last,0,3,29,6,22,7,3
ex03_whisper_00343,ex03::OKAY ENOUGH OF THE SPEECHES,asr_3408,speaker_count_3408_last,20,6,29,12,22,7,6
ex03_whisper_00343,ex03::OKAY ENOUGH OF THE SPEECHES,asr_3408,speaker_count_3408_last,40,7,29,14,22,7,7
ex03_whisper_00343,ex03::OKAY ENOUGH OF THE SPEECHES,emotion_3408,intent_3408_last,0,5,25,10,9,16,5
ex03_whisper_00343,ex03::OKAY ENOUGH OF THE SPEECHES,emotion_3408,intent_3408_last,20,8,25,16,9,16,8
ex03_whisper_00343,ex03::OKAY ENOUGH OF THE SPEECHES,emotion_3408,intent_3408_last,40,9,25,18,9,16,10
ex03_whisper_00343,ex03::OKAY ENOUGH OF THE SPEECHES,emotion_3408,speaker_count_3408_last,0,3,16,6,9,7,3
ex03_whisper_00343,ex03::OKAY ENOUGH OF THE SPEECHES,emotion_3408,speaker_count_3408_last,20,5,16,10,9,7,5
ex03_whisper_00343,ex03::OKAY ENOUGH OF THE SPEECHES,emotion_3408,speaker_count_3408_last,40,6,16,12,9,7,6
ex03_whisper_00343,ex03::OKAY ENOUGH OF THE SPEECHES,intent_3408_last,speaker_count_3408_last,0,4,23,8,16,7,4
ex03_whisper_00343,ex03::OKAY ENOUGH OF THE SPEECHES,intent_3408_last,speaker_count_3408_last,20,6,23,12,16,7,6
ex03_whisper_00343,ex03::OKAY ENOUGH OF THE SPEECHES,intent_3408_last,speaker_count_3408_last,40,7,23,14,16,7,7
ex03_whisper_00376,ex03::HIS NAME IS ADAM BRODY,asr_3408,emotion_3408,0,7,32,14,22,10,7
ex03_whisper_00376,ex03::HIS NAME IS ADAM BRODY,asr_3408,emotion_3408,20,10,32,20,22,10,10
ex03_whisper_00376,ex03::HIS NAME IS ADAM BRODY,asr_3408,emotion_3408,40,10,32,20,22,10,10
ex03_whisper_00376,ex03::HIS NAME IS ADAM BRODY,asr_3408,intent_3408_last,0,11,39,22,22,17,11
ex03_whisper_00376,ex03::HIS NAME IS ADAM BRODY,asr_3408,intent_3408_last,20,16,39,32,22,17,16
ex03_whisper_00376,ex03::HIS NAME IS ADAM BRODY,asr_3408,intent_3408_last,40,17,39,34,22,17,17
ex03_whisper_00376,ex03::HIS NAME IS ADAM BRODY,asr_3408,speaker_count_3408_last,0,3,28,6,22,6,3
ex03_whisper_00376,ex03::HIS NAME IS ADAM BRODY,asr_3408,speaker_count_3408_last,20,5,28,10,22,6,5
ex03_whisper_00376,ex03::HIS NAME IS ADAM BRODY,asr_3408,speaker_count_3408_last,40,5,28,10,22,6,5
ex03_whisper_00376,ex03::HIS NAME IS ADAM BRODY,emotion_3408,intent_3408_last,0,7,27,14,10,17,7
ex03_whisper_00376,ex03::HIS NAME IS ADAM BRODY,emotion_3408,intent_3408_last,20,10,27,20,10,17,10
ex03_whisper_00376,ex03::HIS NAME IS ADAM BRODY,emotion_3408,intent_3408_last,40,10,27,20,10,17,12
ex03_whisper_00376,ex03::HIS NAME IS ADAM BRODY,emotion_3408,speaker_count_3408_last,0,2,16,4,10,6,2
ex03_whisper_00376,ex03::HIS NAME IS ADAM BRODY,emotion_3408,speaker_count_3408_last,20,4,16,8,10,6,4
ex03_whisper_00376,ex03::HIS NAME IS ADAM BRODY,emotion_3408,speaker_count_3408_last,40,4,16,8,10,6,4
ex03_whisper_00376,ex03::HIS NAME IS ADAM BRODY,intent_3408_last,speaker_count_3408_last,0,2,23,4,17,6,2
ex03_whisper_00376,ex03::HIS NAME IS ADAM BRODY,intent_3408_last,speaker_count_3408_last,20,5,23,10,17,6,5
ex03_whisper_00376,ex03::HIS NAME IS ADAM BRODY,intent_3408_last,speaker_count_3408_last,40,5,23,10,17,6,5
ex04_confused_00004,ex04::HEAVIER THAN YOU THOUGHT IT WOULD BE,asr_3408,emotion_3408,0,8,36,16,25,11,8
ex04_confused_00004,ex04::HEAVIER THAN YOU THOUGHT IT WOULD BE,asr_3408,emotion_3408,20,11,36,22,25,11,11
ex04_confused_00004,ex04::HEAVIER THAN YOU THOUGHT IT WOULD BE,asr_3408,emotion_3408,40,11,36,22,25,11,11
ex04_confused_00004,ex04::HEAVIER THAN YOU THOUGHT IT WOULD BE,asr_3408,intent_3408_last,0,9,43,18,25,18,9
ex04_confused_00004,ex04::HEAVIER THAN YOU THOUGHT IT WOULD BE,asr_3408,intent_3408_last,20,18,43,36,25,18,18
ex04_confused_00004,ex04::HEAVIER THAN YOU THOUGHT IT WOULD BE,asr_3408,intent_3408_last,40,18,43,36,25,18,18
ex04_confused_00004,ex04::HEAVIER THAN YOU THOUGHT IT WOULD BE,asr_3408,speaker_count_3408_last,0,2,31,4,25,6,2
ex04_confused_00004,ex04::HEAVIER THAN YOU THOUGHT IT WOULD BE,asr_3408,speaker_count_3408_last,20,6,31,12,25,6,6
ex04_confused_00004,ex04::HEAVIER THAN YOU THOUGHT IT WOULD BE,asr_3408,speaker_count_3408_last,40,6,31,12,25,6,6
ex04_confused_00004,ex04::HEAVIER THAN YOU THOUGHT IT WOULD BE,emotion_3408,intent_3408_last,0,8,29,16,11,18,8
ex04_confused_00004,ex04::HEAVIER THAN YOU THOUGHT IT WOULD BE,emotion_3408,intent_3408_last,20,11,29,22,11,18,11
ex04_confused_00004,ex04::HEAVIER THAN YOU THOUGHT IT WOULD BE,emotion_3408,intent_3408_last,40,11,29,22,11,18,13
ex04_confused_00004,ex04::HEAVIER THAN YOU THOUGHT IT WOULD BE,emotion_3408,speaker_count_3408_last,0,1,17,2,11,6,1
ex04_confused_00004,ex04::HEAVIER THAN YOU THOUGHT IT WOULD BE,emotion_3408,speaker_count_3408_last,20,5,17,10,11,6,5
ex04_confused_00004,ex04::HEAVIER THAN YOU THOUGHT IT WOULD BE,emotion_3408,speaker_count_3408_last,40,6,17,12,11,6,6
ex04_confused_00004,ex04::HEAVIER THAN YOU THOUGHT IT WOULD BE,intent_3408_last,speaker_count_3408_last,0,2,24,4,18,6,2
ex04_confused_00004,ex04::HEAVIER THAN YOU THOUGHT IT WOULD BE,intent_3408_last,speaker_count_3408_last,20,6,24,12,18,6,6
ex04_confused_00004,ex04::HEAVIER THAN YOU THOUGHT IT WOULD BE,intent_3408_last,speaker_count_3408_last,40,6,24,12,18,6,6
ex04_confused_00015,ex04::FENNEL IS A BULB VEGETABLE WITH A LICORICE ANISE FLAVOR TO IT,asr_3408,emotion_3408,0,20,90,40,56,34,20
ex04_confused_00015,ex04::FENNEL IS A BULB VEGETABLE WITH A LICORICE ANISE FLAVOR TO IT,asr_3408,emotion_3408,20,33,90,66,56,34,33
ex04_confused_00015,ex04::FENNEL IS A BULB VEGETABLE WITH A LICORICE ANISE FLAVOR TO IT,asr_3408,emotion_3408,40,34,90,68,56,34,34
ex04_confused_00015,ex04::FENNEL IS A BULB VEGETABLE WITH A LICORICE ANISE FLAVOR TO IT,asr_3408,intent_3408_last,0,22,101,44,56,45,22
ex04_confused_00015,ex04::FENNEL IS A BULB VEGETABLE WITH A LICORICE ANISE FLAVOR TO IT,asr_3408,intent_3408_last,20,41,101,82,56,45,42
ex04_confused_00015,ex04::FENNEL IS A BULB VEGETABLE WITH A LICORICE ANISE FLAVOR TO IT,asr_3408,intent_3408_last,40,45,101,90,56,45,45
ex04_confused_00015,ex04::FENNEL IS A BULB VEGETABLE WITH A LICORICE ANISE FLAVOR TO IT,asr_3408,speaker_count_3408_last,0,9,76,18,56,20,9
ex04_confused_00015,ex04::FENNEL IS A BULB VEGETABLE WITH A LICORICE ANISE FLAVOR TO IT,asr_3408,speaker_count_3408_last,20,18,76,36,56,20,18
ex04_confused_00015,ex04::FENNEL IS A BULB VEGETABLE WITH A LICORICE ANISE FLAVOR TO IT,asr_3408,speaker_count_3408_last,40,20,76,40,56,20,20
ex04_confused_00015,ex04::FENNEL IS A BULB VEGETABLE WITH A LICORICE ANISE FLAVOR TO IT,emotion_3408,intent_3408_last,0,22,79,44,34,45,22
ex04_confused_00015,ex04::FENNEL IS A BULB VEGETABLE WITH A LICORICE ANISE FLAVOR TO IT,emotion_3408,intent_3408_last,20,32,79,64,34,45,32
ex04_confused_00015,ex04::FENNEL IS A BULB VEGETABLE WITH A LICORICE ANISE FLAVOR TO IT,emotion_3408,intent_3408_last,40,34,79,68,34,45,36
ex04_confused_00015,ex04::FENNEL IS A BULB VEGETABLE WITH A LICORICE ANISE FLAVOR TO IT,emotion_3408,speaker_count_3408_last,0,7,54,14,34,20,7
ex04_confused_00015,ex04::FENNEL IS A BULB VEGETABLE WITH A LICORICE ANISE FLAVOR TO IT,emotion_3408,speaker_count_3408_last,20,15,54,30,34,20,15
ex04_confused_00015,ex04::FENNEL IS A BULB VEGETABLE WITH A LICORICE ANISE FLAVOR TO IT,emotion_3408,speaker_count_3408_last,40,16,54,32,34,20,16
ex04_confused_00015,ex04::FENNEL IS A BULB VEGETABLE WITH A LICORICE ANISE FLAVOR TO IT,intent_3408_last,speaker_count_3408_last,0,9,65,18,45,20,9
ex04_confused_00015,ex04::FENNEL IS A BULB VEGETABLE WITH A LICORICE ANISE FLAVOR TO IT,intent_3408_last,speaker_count_3408_last,20,18,65,36,45,20,18
ex04_confused_00015,ex04::FENNEL IS A BULB VEGETABLE WITH A LICORICE ANISE FLAVOR TO IT,intent_3408_last,speaker_count_3408_last,40,19,65,38,45,20,19
ex04_confused_00080,ex04::I'M DOING SOCIETY A FAVOR,asr_3408,emotion_3408,0,6,38,12,25,13,6
ex04_confused_00080,ex04::I'M DOING SOCIETY A FAVOR,asr_3408,emotion_3408,20,9,38,18,25,13,9
ex04_confused_00080,ex04::I'M DOING SOCIETY A FAVOR,asr_3408,emotion_3408,40,12,38,24,25,13,12
ex04_confused_00080,ex04::I'M DOING SOCIETY A FAVOR,asr_3408,intent_3408_last,0,14,44,28,25,19,14
ex04_confused_00080,ex04::I'M DOING SOCIETY A FAVOR,asr_3408,intent_3408_last,20,19,44,38,25,19,19
ex04_confused_00080,ex04::I'M DOING SOCIETY A FAVOR,asr_3408,intent_3408_last,40,19,44,38,25,19,19
ex04_confused_00080,ex04::I'M DOING SOCIETY A FAVOR,asr_3408,speaker_count_3408_last,0,2,33,4,25,8,2
ex04_confused_00080,ex04::I'M DOING SOCIETY A FAVOR,asr_3408,speaker_count_3408_last,20,7,33,14,25,8,7
ex04_confused_00080,ex04::I'M DOING SOCIETY A FAVOR,asr_3408,speaker_count_3408_last,40,7,33,14,25,8,7
ex04_confused_00080,ex04::I'M DOING SOCIETY A FAVOR,emotion_3408,intent_3408_last,0,5,32,10,13,19,5
ex04_confused_00080,ex04::I'M DOING SOCIETY A FAVOR,emotion_3408,intent_3408_last,20,10,32,20,13,19,10
ex04_confused_00080,ex04::I'M DOING SOCIETY A FAVOR,emotion_3408,intent_3408_last,40,12,32,24,13,19,12
ex04_confused_00080,ex04::I'M DOING SOCIETY A FAVOR,emotion_3408,speaker_count_3408_last,0,2,21,4,13,8,2
ex04_confused_00080,ex04::I'M DOING SOCIETY A FAVOR,emotion_3408,speaker_count_3408_last,20,5,21,10,13,8,5
ex04_confused_00080,ex04::I'M DOING SOCIETY A FAVOR,emotion_3408,speaker_count_3408_last,40,5,21,10,13,8,5
ex04_confused_00080,ex04::I'M DOING SOCIETY A FAVOR,intent_3408_last,speaker_count_3408_last,0,2,27,4,19,8,2
ex04_confused_00080,ex04::I'M DOING SOCIETY A FAVOR,intent_3408_last,speaker_count_3408_last,20,7,27,14,19,8,7
ex04_confused_00080,ex04::I'M DOING SOCIETY A FAVOR,intent_3408_last,speaker_count_3408_last,40,7,27,14,19,8,7
ex04_confused_00099,ex04::DOES WEBMD HAVE A WEBPAGE ON DECODING CODE,asr_3408,emotion_3408,0,18,66,36,43,23,18
ex04_confused_00099,ex04::DOES WEBMD HAVE A WEBPAGE ON DECODING CODE,asr_3408,emotion_3408,20,22,66,44,43,23,22
ex04_confused_00099,ex04::DOES WEBMD HAVE A WEBPAGE ON DECODING CODE,asr_3408,emotion_3408,40,23,66,46,43,23,23
ex04_confused_00099,ex04::DOES WEBMD HAVE A WEBPAGE ON DECODING CODE,asr_3408,intent_3408_last,0,24,74,48,43,31,24
ex04_confused_00099,ex04::DOES WEBMD HAVE A WEBPAGE ON DECODING CODE,asr_3408,intent_3408_last,20,30,74,60,43,31,30
ex04_confused_00099,ex04::DOES WEBMD HAVE A WEBPAGE ON DECODING CODE,asr_3408,intent_3408_last,40,31,74,62,43,31,31
ex04_confused_00099,ex04::DOES WEBMD HAVE A WEBPAGE ON DECODING CODE,asr_3408,speaker_count_3408_last,0,7,55,14,43,12,7
ex04_confused_00099,ex04::DOES WEBMD HAVE A WEBPAGE ON DECODING CODE,asr_3408,speaker_count_3408_last,20,12,55,24,43,12,12
ex04_confused_00099,ex04::DOES WEBMD HAVE A WEBPAGE ON DECODING CODE,asr_3408,speaker_count_3408_last,40,12,55,24,43,12,12
ex04_confused_00099,ex04::DOES WEBMD HAVE A WEBPAGE ON DECODING CODE,emotion_3408,intent_3408_last,0,16,54,32,23,31,16
ex04_confused_00099,ex04::DOES WEBMD HAVE A WEBPAGE ON DECODING CODE,emotion_3408,intent_3408_last,20,20,54,40,23,31,20
ex04_confused_00099,ex04::DOES WEBMD HAVE A WEBPAGE ON DECODING CODE,emotion_3408,intent_3408_last,40,22,54,44,23,31,24
ex04_confused_00099,ex04::DOES WEBMD HAVE A WEBPAGE ON DECODING CODE,emotion_3408,speaker_count_3408_last,0,7,35,14,23,12,7
ex04_confused_00099,ex04::DOES WEBMD HAVE A WEBPAGE ON DECODING CODE,emotion_3408,speaker_count_3408_last,20,12,35,24,23,12,12
ex04_confused_00099,ex04::DOES WEBMD HAVE A WEBPAGE ON DECODING CODE,emotion_3408,speaker_count_3408_last,40,12,35,24,23,12,12
ex04_confused_00099,ex04::DOES WEBMD HAVE A WEBPAGE ON DECODING CODE,intent_3408_last,speaker_count_3408_last,0,7,43,14,31,12,7
ex04_confused_00099,ex04::DOES WEBMD HAVE A WEBPAGE ON DECODING CODE,intent_3408_last,speaker_count_3408_last,20,12,43,24,31,12,12
ex04_confused_00099,ex04::DOES WEBMD HAVE A WEBPAGE ON DECODING CODE,intent_3408_last,speaker_count_3408_last,40,12,43,24,31,12,12
ex04_confused_00147,ex04::YOU'RE ANGRY ON THE TIN ROOF,asr_3408,emotion_3408,0,7,34,14,23,11,7
ex04_confused_00147,ex04::YOU'RE ANGRY ON THE TIN ROOF,asr_3408,emotion_3408,20,10,34,20,23,11,10
ex04_confused_00147,ex04::YOU'RE ANGRY ON THE TIN ROOF,asr_3408,emotion_3408,40,11,34,22,23,11,11
ex04_confused_00147,ex04::YOU'RE ANGRY ON THE TIN ROOF,asr_3408,intent_3408_last,0,8,41,16,23,18,8
ex04_confused_00147,ex04::YOU'RE ANGRY ON THE TIN ROOF,asr_3408,intent_3408_last,20,16,41,32,23,18,16
ex04_confused_00147,ex04::YOU'RE ANGRY ON THE TIN ROOF,asr_3408,intent_3408_last,40,18,41,36,23,18,18
ex04_confused_00147,ex04::YOU'RE ANGRY ON THE TIN ROOF,asr_3408,speaker_count_3408_last,0,2,29,4,23,6,2
ex04_confused_00147,ex04::YOU'RE ANGRY ON THE TIN ROOF,asr_3408,speaker_count_3408_last,20,4,29,8,23,6,4
ex04_confused_00147,ex04::YOU'RE ANGRY ON THE TIN ROOF,asr_3408,speaker_count_3408_last,40,5,29,10,23,6,5
ex04_confused_00147,ex04::YOU'RE ANGRY ON THE TIN ROOF,emotion_3408,intent_3408_last,0,4,29,8,11,18,4
ex04_confused_00147,ex04::YOU'RE ANGRY ON THE TIN ROOF,emotion_3408,intent_3408_last,20,11,29,22,11,18,11
ex04_confused_00147,ex04::YOU'RE ANGRY ON THE TIN ROOF,emotion_3408,intent_3408_last,40,11,29,22,11,18,11
ex04_confused_00147,ex04::YOU'RE ANGRY ON THE TIN ROOF,emotion_3408,speaker_count_3408_last,0,2,17,4,11,6,2
ex04_confused_00147,ex04::YOU'RE ANGRY ON THE TIN ROOF,emotion_3408,speaker_count_3408_last,20,3,17,6,11,6,3
ex04_confused_00147,ex04::YOU'RE ANGRY ON THE TIN ROOF,emotion_3408,speaker_count_3408_last,40,3,17,6,11,6,3
ex04_confused_00147,ex04::YOU'RE ANGRY ON THE TIN ROOF,intent_3408_last,speaker_count_3408_last,0,3,24,6,18,6,3
ex04_confused_00147,ex04::YOU'RE ANGRY ON THE TIN ROOF,intent_3408_last,speaker_count_3408_last,20,3,24,6,18,6,3
ex04_confused_00147,ex04::YOU'RE ANGRY ON THE TIN ROOF,intent_3408_last,speaker_count_3408_last,40,3,24,6,18,6,3
ex04_confused_00158,ex04::AND THEN HE WOULD COME OVER TO OUR SET AND FILM THROUGHOUT THE NIGHT,asr_3408,emotion_3408,0,12,70,24,49,21,12
ex04_confused_00158,ex04::AND THEN HE WOULD COME OVER TO OUR SET AND FILM THROUGHOUT THE NIGHT,asr_3408,emotion_3408,20,21,70,42,49,21,21
ex04_confused_00158,ex04::AND THEN HE WOULD COME OVER TO OUR SET AND FILM THROUGHOUT THE NIGHT,asr_3408,emotion_3408,40,21,70,42,49,21,21
ex04_confused_00158,ex04::AND THEN HE WOULD COME OVER TO OUR SET AND FILM THROUGHOUT THE NIGHT,asr_3408,intent_3408_last,0,20,82,40,49,33,20
ex04_confused_00158,ex04::AND THEN HE WOULD COME OVER TO OUR SET AND FILM THROUGHOUT THE NIGHT,asr_3408,intent_3408_last,20,33,82,66,49,33,33
ex04_confused_00158,ex04::AND THEN HE WOULD COME OVER TO OUR SET AND FILM THROUGHOUT THE NIGHT,asr_3408,intent_3408_last,40,33,82,66,49,33,33
ex04_confused_00158,ex04::AND THEN HE WOULD COME OVER TO OUR SET AND FILM THROUGHOUT THE NIGHT,asr_3408,speaker_count_3408_last,0,9,65,18,49,16,9
ex04_confused_00158,ex04::AND THEN HE WOULD COME OVER TO OUR SET AND FILM THROUGHOUT THE NIGHT,asr_3408,speaker_count_3408_last,20,15,65,30,49,16,15
ex04_confused_00158,ex04::AND THEN HE WOULD COME OVER TO OUR SET AND FILM THROUGHOUT THE NIGHT,asr_3408,speaker_count_3408_last,40,16,65,32,49,16,16
ex04_confused_00158,ex04::AND THEN HE WOULD COME OVER TO OUR SET AND FILM THROUGHOUT THE NIGHT,emotion_3408,intent_3408_last,0,16,54,32,21,33,16
ex04_confused_00158,ex04::AND THEN HE WOULD COME OVER TO OUR SET AND FILM THROUGHOUT THE NIGHT,emotion_3408,intent_3408_last,20,21,54,42,21,33,21
ex04_confused_00158,ex04::AND THEN HE WOULD COME OVER TO OUR SET AND FILM THROUGHOUT THE NIGHT,emotion_3408,intent_3408_last,40,21,54,42,21,33,22
ex04_confused_00158,ex04::AND THEN HE WOULD COME OVER TO OUR SET AND FILM THROUGHOUT THE NIGHT,emotion_3408,speaker_count_3408_last,0,3,37,6,21,16,3
ex04_confused_00158,ex04::AND THEN HE WOULD COME OVER TO OUR SET AND FILM THROUGHOUT THE NIGHT,emotion_3408,speaker_count_3408_last,20,12,37,24,21,16,12
ex04_confused_00158,ex04::AND THEN HE WOULD COME OVER TO OUR SET AND FILM THROUGHOUT THE NIGHT,emotion_3408,speaker_count_3408_last,40,12,37,24,21,16,12
ex04_confused_00158,ex04::AND THEN HE WOULD COME OVER TO OUR SET AND FILM THROUGHOUT THE NIGHT,intent_3408_last,speaker_count_3408_last,0,3,49,6,33,16,3
ex04_confused_00158,ex04::AND THEN HE WOULD COME OVER TO OUR SET AND FILM THROUGHOUT THE NIGHT,intent_3408_last,speaker_count_3408_last,20,12,49,24,33,16,12
ex04_confused_00158,ex04::AND THEN HE WOULD COME OVER TO OUR SET AND FILM THROUGHOUT THE NIGHT,intent_3408_last,speaker_count_3408_last,40,13,49,26,33,16,14
ex04_confused_00183,ex04::THE SON ALLEGIANT AND WALK TWO MOONS ARE SIMILAR,asr_3408,emotion_3408,0,13,60,26,40,20,13
ex04_confused_00183,ex04::THE SON ALLEGIANT AND WALK TWO MOONS ARE SIMILAR,asr_3408,emotion_3408,20,18,60,36,40,20,18
ex04_confused_00183,ex04::THE SON ALLEGIANT AND WALK TWO MOONS ARE SIMILAR,asr_3408,emotion_3408,40,20,60,40,40,20,20
ex04_confused_00183,ex04::THE SON ALLEGIANT AND WALK TWO MOONS ARE SIMILAR,asr_3408,intent_3408_last,0,19,69,38,40,29,19
ex04_confused_00183,ex04::THE SON ALLEGIANT AND WALK TWO MOONS ARE SIMILAR,asr_3408,intent_3408_last,20,29,69,58,40,29,29
ex04_confused_00183,ex04::THE SON ALLEGIANT AND WALK TWO MOONS ARE SIMILAR,asr_3408,intent_3408_last,40,29,69,58,40,29,29
ex04_confused_00183,ex04::THE SON ALLEGIANT AND WALK TWO MOONS ARE SIMILAR,asr_3408,speaker_count_3408_last,0,5,52,10,40,12,5
ex04_confused_00183,ex04::THE SON ALLEGIANT AND WALK TWO MOONS ARE SIMILAR,asr_3408,speaker_count_3408_last,20,10,52,20,40,12,10
ex04_confused_00183,ex04::THE SON ALLEGIANT AND WALK TWO MOONS ARE SIMILAR,asr_3408,speaker_count_3408_last,40,10,52,20,40,12,10
ex04_confused_00183,ex04::THE SON ALLEGIANT AND WALK TWO MOONS ARE SIMILAR,emotion_3408,intent_3408_last,0,15,49,30,20,29,15
ex04_confused_00183,ex04::THE SON ALLEGIANT AND WALK TWO MOONS ARE SIMILAR,emotion_3408,intent_3408_last,20,18,49,36,20,29,18
ex04_confused_00183,ex04::THE SON ALLEGIANT AND WALK TWO MOONS ARE SIMILAR,emotion_3408,intent_3408_last,40,19,49,38,20,29,19
ex04_confused_00183,ex04::THE SON ALLEGIANT AND WALK TWO MOONS ARE SIMILAR,emotion_3408,speaker_count_3408_last,0,4,32,8,20,12,4
ex04_confused_00183,ex04::THE SON ALLEGIANT AND WALK TWO MOONS ARE SIMILAR,emotion_3408,speaker_count_3408_last,20,9,32,18,20,12,9
ex04_confused_00183,ex04::THE SON ALLEGIANT AND WALK TWO MOONS ARE SIMILAR,emotion_3408,speaker_count_3408_last,40,10,32,20,20,12,10
ex04_confused_00183,ex04::THE SON ALLEGIANT AND WALK TWO MOONS ARE SIMILAR,intent_3408_last,speaker_count_3408_last,0,4,41,8,29,12,4
ex04_confused_00183,ex04::THE SON ALLEGIANT AND WALK TWO MOONS ARE SIMILAR,intent_3408_last,speaker_count_3408_last,20,9,41,18,29,12,9
ex04_confused_00183,ex04::THE SON ALLEGIANT AND WALK TWO MOONS ARE SIMILAR,intent_3408_last,speaker_count_3408_last,40,10,41,20,29,12,10
ex04_confused_00206,ex04::ENJOY THE MOVIE,asr_3408,emotion_3408,0,4,18,8,13,5,4
ex04_confused_00206,ex04::ENJOY THE MOVIE,asr_3408,emotion_3408,20,4,18,8,13,5,4
ex04_confused_00206,ex04::ENJOY THE MOVIE,asr_3408,emotion_3408,40,5,18,10,13,5,5
ex04_confused_00206,ex04::ENJOY THE MOVIE,asr_3408,intent_3408_last,0,6,21,12,13,8,6
ex04_confused_00206,ex04::ENJOY THE MOVIE,asr_3408,intent_3408_last,20,8,21,16,13,8,8
ex04_confused_00206,ex04::ENJOY THE MOVIE,asr_3408,intent_3408_last,40,8,21,16,13,8,8
ex04_confused_00206,ex04::ENJOY THE MOVIE,asr_3408,speaker_count_3408_last,0,3,17,6,13,4,3
ex04_confused_00206,ex04::ENJOY THE MOVIE,asr_3408,speaker_count_3408_last,20,3,17,6,13,4,3
ex04_confused_00206,ex04::ENJOY THE MOVIE,asr_3408,speaker_count_3408_last,40,3,17,6,13,4,3
ex04_confused_00206,ex04::ENJOY THE MOVIE,emotion_3408,intent_3408_last,0,4,13,8,5,8,4
ex04_confused_00206,ex04::ENJOY THE MOVIE,emotion_3408,intent_3408_last,20,5,13,10,5,8,5
ex04_confused_00206,ex04::ENJOY THE MOVIE,emotion_3408,intent_3408_last,40,5,13,10,5,8,5
ex04_confused_00206,ex04::ENJOY THE MOVIE,emotion_3408,speaker_count_3408_last,0,3,9,6,5,4,3
ex04_confused_00206,ex04::ENJOY THE MOVIE,emotion_3408,speaker_count_3408_last,20,3,9,6,5,4,3
ex04_confused_00206,ex04::ENJOY THE MOVIE,emotion_3408,speaker_count_3408_last,40,3,9,6,5,4,3
ex04_confused_00206,ex04::ENJOY THE MOVIE,intent_3408_last,speaker_count_3408_last,0,3,12,6,8,4,3
ex04_confused_00206,ex04::ENJOY THE MOVIE,intent_3408_last,speaker_count_3408_last,20,3,12,6,8,4,3
ex04_confused_00206,ex04::ENJOY THE MOVIE,intent_3408_last,speaker_count_3408_last,40,3,12,6,8,4,3
ex04_confused_00209,ex04::ANY TRIPLE DIGIT TEMPS THIS WEEK IN TEXAS,asr_3408,emotion_3408,0,10,47,20,32,15,10
ex04_confused_00209,ex04::ANY TRIPLE DIGIT TEMPS THIS WEEK IN TEXAS,asr_3408,emotion_3408,20,14,47,28,32,15,14
ex04_confused_00209,ex04::ANY TRIPLE DIGIT TEMPS THIS WEEK IN TEXAS,asr_3408,emotion_3408,40,15,47,30,32,15,15
ex04_confused_00209,ex04::ANY TRIPLE DIGIT TEMPS THIS WEEK IN TEXAS,asr_3408,intent_3408_last,0,11,51,22,32,19,11
ex04_confused_00209,ex04::ANY TRIPLE DIGIT TEMPS THIS WEEK IN TEXAS,asr_3408,intent_3408_last,20,19,51,38,32,19,19
ex04_confused_00209,ex04::ANY TRIPLE DIGIT TEMPS THIS WEEK IN TEXAS,asr_3408,intent_3408_last,40,19,51,38,32,19,19
ex04_confused_00209,ex04::ANY TRIPLE DIGIT TEMPS THIS WEEK IN TEXAS,asr_3408,speaker_count_3408_last,0,4,41,8,32,9,4
ex04_confused_00209,ex04::ANY TRIPLE DIGIT TEMPS THIS WEEK IN TEXAS,asr_3408,speaker_count_3408_last,20,8,41,16,32,9,8
ex04_confused_00209,ex04::ANY TRIPLE DIGIT TEMPS THIS WEEK IN TEXAS,asr_3408,speaker_count_3408_last,40,8,41,16,32,9,8
ex04_confused_00209,ex04::ANY TRIPLE DIGIT TEMPS THIS WEEK IN TEXAS,emotion_3408,intent_3408_last,0,11,34,22,15,19,11
ex04_confused_00209,ex04::ANY TRIPLE DIGIT TEMPS THIS WEEK IN TEXAS,emotion_3408,intent_3408_last,20,15,34,30,15,19,15
ex04_confused_00209,ex04::ANY TRIPLE DIGIT TEMPS THIS WEEK IN TEXAS,emotion_3408,intent_3408_last,40,15,34,30,15,19,15
ex04_confused_00209,ex04::ANY TRIPLE DIGIT TEMPS THIS WEEK IN TEXAS,emotion_3408,speaker_count_3408_last,0,4,24,8,15,9,4
ex04_confused_00209,ex04::ANY TRIPLE DIGIT TEMPS THIS WEEK IN TEXAS,emotion_3408,speaker_count_3408_last,20,9,24,18,15,9,9
ex04_confused_00209,ex04::ANY TRIPLE DIGIT TEMPS THIS WEEK IN TEXAS,emotion_3408,speaker_count_3408_last,40,9,24,18,15,9,9
ex04_confused_00209,ex04::ANY TRIPLE DIGIT TEMPS THIS WEEK IN TEXAS,intent_3408_last,speaker_count_3408_last,0,4,28,8,19,9,4
ex04_confused_00209,ex04::ANY TRIPLE DIGIT TEMPS THIS WEEK IN TEXAS,intent_3408_last,speaker_count_3408_last,20,8,28,16,19,9,8
ex04_confused_00209,ex04::ANY TRIPLE DIGIT TEMPS THIS WEEK IN TEXAS,intent_3408_last,speaker_count_3408_last,40,9,28,18,19,9,9
ex04_confused_00254,ex04::ANY INDICATION ON HOW HE'S LEANING,asr_3408,emotion_3408,0,10,46,20,30,16,10
ex04_confused_00254,ex04::ANY INDICATION ON HOW HE'S LEANING,asr_3408,emotion_3408,20,16,46,32,30,16,16
ex04_confused_00254,ex04::ANY INDICATION ON HOW HE'S LEANING,asr_3408,emotion_3408,40,16,46,32,30,16,16
ex04_confused_00254,ex04::ANY INDICATION ON HOW HE'S LEANING,asr_3408,intent_3408_last,0,15,52,30,30,22,15
ex04_confused_00254,ex04::ANY INDICATION ON HOW HE'S LEANING,asr_3408,intent_3408_last,20,21,52,42,30,22,21
ex04_confused_00254,ex04::ANY INDICATION ON HOW HE'S LEANING,asr_3408,intent_3408_last,40,22,52,44,30,22,22
ex04_confused_00254,ex04::ANY INDICATION ON HOW HE'S LEANING,asr_3408,speaker_count_3408_last,0,5,39,10,30,9,5
ex04_confused_00254,ex04::ANY INDICATION ON HOW HE'S LEANING,asr_3408,speaker_count_3408_last,20,7,39,14,30,9,7
ex04_confused_00254,ex04::ANY INDICATION ON HOW HE'S LEANING,asr_3408,speaker_count_3408_last,40,7,39,14,30,9,7
ex04_confused_00254,ex04::ANY INDICATION ON HOW HE'S LEANING,emotion_3408,intent_3408_last,0,10,38,20,16,22,10
ex04_confused_00254,ex04::ANY INDICATION ON HOW HE'S LEANING,emotion_3408,intent_3408_last,20,14,38,28,16,22,14
ex04_confused_00254,ex04::ANY INDICATION ON HOW HE'S LEANING,emotion_3408,intent_3408_last,40,16,38,32,16,22,17
ex04_confused_00254,ex04::ANY INDICATION ON HOW HE'S LEANING,emotion_3408,speaker_count_3408_last,0,4,25,8,16,9,4
ex04_confused_00254,ex04::ANY INDICATION ON HOW HE'S LEANING,emotion_3408,speaker_count_3408_last,20,7,25,14,16,9,7
ex04_confused_00254,ex04::ANY INDICATION ON HOW HE'S LEANING,emotion_3408,speaker_count_3408_last,40,7,25,14,16,9,7
ex04_confused_00254,ex04::ANY INDICATION ON HOW HE'S LEANING,intent_3408_last,speaker_count_3408_last,0,5,31,10,22,9,5
ex04_confused_00254,ex04::ANY INDICATION ON HOW HE'S LEANING,intent_3408_last,speaker_count_3408_last,20,7,31,14,22,9,7
ex04_confused_00254,ex04::ANY INDICATION ON HOW HE'S LEANING,intent_3408_last,speaker_count_3408_last,40,7,31,14,22,9,7
ex04_confused_00278,ex04::HEY GAGA HOW'S IT GOING IN THERE,asr_3408,emotion_3408,0,9,40,18,25,15,9
ex04_confused_00278,ex04::HEY GAGA HOW'S IT GOING IN THERE,asr_3408,emotion_3408,20,14,40,28,25,15,15
ex04_confused_00278,ex04::HEY GAGA HOW'S IT GOING IN THERE,asr_3408,emotion_3408,40,15,40,30,25,15,15
ex04_confused_00278,ex04::HEY GAGA HOW'S IT GOING IN THERE,asr_3408,intent_3408_last,0,16,46,32,25,21,16
ex04_confused_00278,ex04::HEY GAGA HOW'S IT GOING IN THERE,asr_3408,intent_3408_last,20,21,46,42,25,21,21
ex04_confused_00278,ex04::HEY GAGA HOW'S IT GOING IN THERE,asr_3408,intent_3408_last,40,21,46,42,25,21,21
ex04_confused_00278,ex04::HEY GAGA HOW'S IT GOING IN THERE,asr_3408,speaker_count_3408_last,0,4,34,8,25,9,4
ex04_confused_00278,ex04::HEY GAGA HOW'S IT GOING IN THERE,asr_3408,speaker_count_3408_last,20,8,34,16,25,9,8
ex04_confused_00278,ex04::HEY GAGA HOW'S IT GOING IN THERE,asr_3408,speaker_count_3408_last,40,9,34,18,25,9,9
ex04_confused_00278,ex04::HEY GAGA HOW'S IT GOING IN THERE,emotion_3408,intent_3408_last,0,11,36,22,15,21,11
ex04_confused_00278,ex04::HEY GAGA HOW'S IT GOING IN THERE,emotion_3408,intent_3408_last,20,13,36,26,15,21,13
ex04_confused_00278,ex04::HEY GAGA HOW'S IT GOING IN THERE,emotion_3408,intent_3408_last,40,14,36,28,15,21,16
ex04_confused_00278,ex04::HEY GAGA HOW'S IT GOING IN THERE,emotion_3408,speaker_count_3408_last,0,5,24,10,15,9,5
ex04_confused_00278,ex04::HEY GAGA HOW'S IT GOING IN THERE,emotion_3408,speaker_count_3408_last,20,8,24,16,15,9,8
ex04_confused_00278,ex04::HEY GAGA HOW'S IT GOING IN THERE,emotion_3408,speaker_count_3408_last,40,8,24,16,15,9,8
ex04_confused_00278,ex04::HEY GAGA HOW'S IT GOING IN THERE,intent_3408_last,speaker_count_3408_last,0,5,30,10,21,9,5
ex04_confused_00278,ex04::HEY GAGA HOW'S IT GOING IN THERE,intent_3408_last,speaker_count_3408_last,20,8,30,16,21,9,8
ex04_confused_00278,ex04::HEY GAGA HOW'S IT GOING IN THERE,intent_3408_last,speaker_count_3408_last,40,9,30,18,21,9,9
ex04_confused_00284,ex04::YOU COULD HAVE WRECKED HIS LIFE,asr_3408,emotion_3408,0,10,37,20,25,12,10
ex04_confused_00284,ex04::YOU COULD HAVE WRECKED HIS LIFE,asr_3408,emotion_3408,20,11,37,22,25,12,11
ex04_confused_00284,ex04::YOU COULD HAVE WRECKED HIS LIFE,asr_3408,emotion_3408,40,11,37,22,25,12,11
ex04_confused_00284,ex04::YOU COULD HAVE WRECKED HIS LIFE,asr_3408,intent_3408_last,0,11,43,22,25,18,11
ex04_confused_00284,ex04::YOU COULD HAVE WRECKED HIS LIFE,asr_3408,intent_3408_last,20,17,43,34,25,18,17
ex04_confused_00284,ex04::YOU COULD HAVE WRECKED HIS LIFE,asr_3408,intent_3408_last,40,18,43,36,25,18,18
ex04_confused_00284,ex04::YOU COULD HAVE WRECKED HIS LIFE,asr_3408,speaker_count_3408_last,0,1,32,2,25,7,1
ex04_confused_00284,ex04::YOU COULD HAVE WRECKED HIS LIFE,asr_3408,speaker_count_3408_last,20,5,32,10,25,7,5
ex04_confused_00284,ex04::YOU COULD HAVE WRECKED HIS LIFE,asr_3408,speaker_count_3408_last,40,5,32,10,25,7,5
ex04_confused_00284,ex04::YOU COULD HAVE WRECKED HIS LIFE,emotion_3408,intent_3408_last,0,4,30,8,12,18,4
ex04_confused_00284,ex04::YOU COULD HAVE WRECKED HIS LIFE,emotion_3408,intent_3408_last,20,10,30,20,12,18,11
ex04_confused_00284,ex04::YOU COULD HAVE WRECKED HIS LIFE,emotion_3408,intent_3408_last,40,11,30,22,12,18,12
ex04_confused_00284,ex04::YOU COULD HAVE WRECKED HIS LIFE,emotion_3408,speaker_count_3408_last,0,1,19,2,12,7,1
ex04_confused_00284,ex04::YOU COULD HAVE WRECKED HIS LIFE,emotion_3408,speaker_count_3408_last,20,5,19,10,12,7,5
ex04_confused_00284,ex04::YOU COULD HAVE WRECKED HIS LIFE,emotion_3408,speaker_count_3408_last,40,5,19,10,12,7,5
ex04_confused_00284,ex04::YOU COULD HAVE WRECKED HIS LIFE,intent_3408_last,speaker_count_3408_last,0,2,25,4,18,7,2
ex04_confused_00284,ex04::YOU COULD HAVE WRECKED HIS LIFE,intent_3408_last,speaker_count_3408_last,20,5,25,10,18,7,5
ex04_confused_00284,ex04::YOU COULD HAVE WRECKED HIS LIFE,intent_3408_last,speaker_count_3408_last,40,5,25,10,18,7,5
ex04_confused_00295,ex04::AND FEE AND STEFFY THEY'RE TEENAGERS,asr_3408,emotion_3408,0,7,41,14,28,13,7
ex04_confused_00295,ex04::AND FEE AND STEFFY THEY'RE TEENAGERS,asr_3408,emotion_3408,20,11,41,22,28,13,11
ex04_confused_00295,ex04::AND FEE AND STEFFY THEY'RE TEENAGERS,asr_3408,emotion_3408,40,12,41,24,28,13,12
ex04_confused_00295,ex04::AND FEE AND STEFFY THEY'RE TEENAGERS,asr_3408,intent_3408_last,0,14,48,28,28,20,14
ex04_confused_00295,ex04::AND FEE AND STEFFY THEY'RE TEENAGERS,asr_3408,intent_3408_last,20,20,48,40,28,20,20
ex04_confused_00295,ex04::AND FEE AND STEFFY THEY'RE TEENAGERS,asr_3408,intent_3408_last,40,20,48,40,28,20,20
ex04_confused_00295,ex04::AND FEE AND STEFFY THEY'RE TEENAGERS,asr_3408,speaker_count_3408_last,0,3,37,6,28,9,3
ex04_confused_00295,ex04::AND FEE AND STEFFY THEY'RE TEENAGERS,asr_3408,speaker_count_3408_last,20,8,37,16,28,9,8
ex04_confused_00295,ex04::AND FEE AND STEFFY THEY'RE TEENAGERS,asr_3408,speaker_count_3408_last,40,8,37,16,28,9,8
ex04_confused_00295,ex04::AND FEE AND STEFFY THEY'RE TEENAGERS,emotion_3408,intent_3408_last,0,8,33,16,13,20,8
ex04_confused_00295,ex04::AND FEE AND STEFFY THEY'RE TEENAGERS,emotion_3408,intent_3408_last,20,10,33,20,13,20,10
ex04_confused_00295,ex04::AND FEE AND STEFFY THEY'RE TEENAGERS,emotion_3408,intent_3408_last,40,11,33,22,13,20,11
ex04_confused_00295,ex04::AND FEE AND STEFFY THEY'RE TEENAGERS,emotion_3408,speaker_count_3408_last,0,3,22,6,13,9,3
ex04_confused_00295,ex04::AND FEE AND STEFFY THEY'RE TEENAGERS,emotion_3408,speaker_count_3408_last,20,6,22,12,13,9,6
ex04_confused_00295,ex04::AND FEE AND STEFFY THEY'RE TEENAGERS,emotion_3408,speaker_count_3408_last,40,6,22,12,13,9,6
ex04_confused_00295,ex04::AND FEE AND STEFFY THEY'RE TEENAGERS,intent_3408_last,speaker_count_3408_last,0,2,29,4,20,9,2
ex04_confused_00295,ex04::AND FEE AND STEFFY THEY'RE TEENAGERS,intent_3408_last,speaker_count_3408_last,20,7,29,14,20,9,7
ex04_confused_00295,ex04::AND FEE AND STEFFY THEY'RE TEENAGERS,intent_3408_last,speaker_count_3408_last,40,7,29,14,20,9,7
ex04_confused_00327,ex04::NOT SO FAST,asr_3408,emotion_3408,0,4,17,8,11,6,4
ex04_confused_00327,ex04::NOT SO FAST,asr_3408,emotion_3408,20,4,17,8,11,6,4
ex04_confused_00327,ex04::NOT SO FAST,asr_3408,emotion_3408,40,5,17,10,11,6,5
ex04_confused_00327,ex04::NOT SO FAST,asr_3408,intent_3408_last,0,6,20,12,11,9,6
ex04_confused_00327,ex04::NOT SO FAST,asr_3408,intent_3408_last,20,8,20,16,11,9,8
ex04_confused_00327,ex04::NOT SO FAST,asr_3408,intent_3408_last,40,9,20,18,11,9,9
ex04_confused_00327,ex04::NOT SO FAST,asr_3408,speaker_count_3408_last,0,1,15,2,11,4,1
ex04_confused_00327,ex04::NOT SO FAST,asr_3408,speaker_count_3408_last,20,2,15,4,11,4,2
ex04_confused_00327,ex04::NOT SO FAST,asr_3408,speaker_count_3408_last,40,2,15,4,11,4,2
ex04_confused_00327,ex04::NOT SO FAST,emotion_3408,intent_3408_last,0,3,15,6,6,9,3
ex04_confused_00327,ex04::NOT SO FAST,emotion_3408,intent_3408_last,20,5,15,10,6,9,5
ex04_confused_00327,ex04::NOT SO FAST,emotion_3408,intent_3408_last,40,6,15,12,6,9,6
ex04_confused_00327,ex04::NOT SO FAST,emotion_3408,speaker_count_3408_last,0,1,10,2,6,4,1
ex04_confused_00327,ex04::NOT SO FAST,emotion_3408,speaker_count_3408_last,20,2,10,4,6,4,2
ex04_confused_00327,ex04::NOT SO FAST,emotion_3408,speaker_count_3408_last,40,2,10,4,6,4,2
ex04_confused_00327,ex04::NOT SO FAST,intent_3408_last,speaker_count_3408_last,0,1,13,2,9,4,1
ex04_confused_00327,ex04::NOT SO FAST,intent_3408_last,speaker_count_3408_last,20,2,13,4,9,4,2
ex04_confused_00327,ex04::NOT SO FAST,intent_3408_last,speaker_count_3408_last,40,2,13,4,9,4,2
ex04_confused_00334,ex04::OKAY SINCE WE'RE TALKING ABOUT WILL SMITH WHAT OTHER MOVIES DID HE ACT IN,asr_3408,emotion_3408,0,17,86,34,57,29,17
ex04_confused_00334,ex04::OKAY SINCE WE'RE TALKING ABOUT WILL SMITH WHAT OTHER MOVIES DID HE ACT IN,asr_3408,emotion_3408,20,26,86,52,57,29,26
ex04_confused_00334,ex04::OKAY SINCE WE'RE TALKING ABOUT WILL SMITH WHAT OTHER MOVIES DID HE ACT IN,asr_3408,emotion_3408,40,29,86,58,57,29,29
ex04_confused_00334,ex04::OKAY SINCE WE'RE TALKING ABOUT WILL SMITH WHAT OTHER MOVIES DID HE ACT IN,asr_3408,intent_3408_last,0,26,96,52,57,39,26
ex04_confused_00334,ex04::OKAY SINCE WE'RE TALKING ABOUT WILL SMITH WHAT OTHER MOVIES DID HE ACT IN,asr_3408,intent_3408_last,20,39,96,78,57,39,39
ex04_confused_00334,ex04::OKAY SINCE WE'RE TALKING ABOUT WILL SMITH WHAT OTHER MOVIES DID HE ACT IN,asr_3408,intent_3408_last,40,39,96,78,57,39,39
ex04_confused_00334,ex04::OKAY SINCE WE'RE TALKING ABOUT WILL SMITH WHAT OTHER MOVIES DID HE ACT IN,asr_3408,speaker_count_3408_last,0,10,74,20,57,17,10
ex04_confused_00334,ex04::OKAY SINCE WE'RE TALKING ABOUT WILL SMITH WHAT OTHER MOVIES DID HE ACT IN,asr_3408,speaker_count_3408_last,20,14,74,28,57,17,14
ex04_confused_00334,ex04::OKAY SINCE WE'RE TALKING ABOUT WILL SMITH WHAT OTHER MOVIES DID HE ACT IN,asr_3408,speaker_count_3408_last,40,16,74,32,57,17,16
ex04_confused_00334,ex04::OKAY SINCE WE'RE TALKING ABOUT WILL SMITH WHAT OTHER MOVIES DID HE ACT IN,emotion_3408,intent_3408_last,0,20,68,40,29,39,20
ex04_confused_00334,ex04::OKAY SINCE WE'RE TALKING ABOUT WILL SMITH WHAT OTHER MOVIES DID HE ACT IN,emotion_3408,intent_3408_last,20,28,68,56,29,39,29
ex04_confused_00334,ex04::OKAY SINCE WE'RE TALKING ABOUT WILL SMITH WHAT OTHER MOVIES DID HE ACT IN,emotion_3408,intent_3408_last,40,29,68,58,29,39,31
ex04_confused_00334,ex04::OKAY SINCE WE'RE TALKING ABOUT WILL SMITH WHAT OTHER MOVIES DID HE ACT IN,emotion_3408,speaker_count_3408_last,0,9,46,18,29,17,9
ex04_confused_00334,ex04::OKAY SINCE WE'RE TALKING ABOUT WILL SMITH WHAT OTHER MOVIES DID HE ACT IN,emotion_3408,speaker_count_3408_last,20,15,46,30,29,17,15
ex04_confused_00334,ex04::OKAY SINCE WE'RE TALKING ABOUT WILL SMITH WHAT OTHER MOVIES DID HE ACT IN,emotion_3408,speaker_count_3408_last,40,15,46,30,29,17,15
ex04_confused_00334,ex04::OKAY SINCE WE'RE TALKING ABOUT WILL SMITH WHAT OTHER MOVIES DID HE ACT IN,intent_3408_last,speaker_count_3408_last,0,10,56,20,39,17,10
ex04_confused_00334,ex04::OKAY SINCE WE'RE TALKING ABOUT WILL SMITH WHAT OTHER MOVIES DID HE ACT IN,intent_3408_last,speaker_count_3408_last,20,14,56,28,39,17,14
ex04_confused_00334,ex04::OKAY SINCE WE'RE TALKING ABOUT WILL SMITH WHAT OTHER MOVIES DID HE ACT IN,intent_3408_last,speaker_count_3408_last,40,15,56,30,39,17,15
ex04_default_00004,ex04::HEAVIER THAN YOU THOUGHT IT WOULD BE,asr_3408,emotion_3408,0,8,34,16,24,10,8
ex04_default_00004,ex04::HEAVIER THAN YOU THOUGHT IT WOULD BE,asr_3408,emotion_3408,20,10,34,20,24,10,10
ex04_default_00004,ex04::HEAVIER THAN YOU THOUGHT IT WOULD BE,asr_3408,emotion_3408,40,10,34,20,24,10,10
ex04_default_00004,ex04::HEAVIER THAN YOU THOUGHT IT WOULD BE,asr_3408,intent_3408_last,0,9,38,18,24,14,9
ex04_default_00004,ex04::HEAVIER THAN YOU THOUGHT IT WOULD BE,asr_3408,intent_3408_last,20,14,38,28,24,14,14
ex04_default_00004,ex04::HEAVIER THAN YOU THOUGHT IT WOULD BE,asr_3408,intent_3408_last,40,14,38,28,24,14,14
ex04_default_00004,ex04::HEAVIER THAN YOU THOUGHT IT WOULD BE,asr_3408,speaker_count_3408_last,0,3,31,6,24,7,3
ex04_default_00004,ex04::HEAVIER THAN YOU THOUGHT IT WOULD BE,asr_3408,speaker_count_3408_last,20,6,31,12,24,7,6
ex04_default_00004,ex04::HEAVIER THAN YOU THOUGHT IT WOULD BE,asr_3408,speaker_count_3408_last,40,7,31,14,24,7,7
ex04_default_00004,ex04::HEAVIER THAN YOU THOUGHT IT WOULD BE,emotion_3408,intent_3408_last,0,9,24,18,10,14,9
ex04_default_00004,ex04::HEAVIER THAN YOU THOUGHT IT WOULD BE,emotion_3408,intent_3408_last,20,10,24,20,10,14,10
ex04_default_00004,ex04::HEAVIER THAN YOU THOUGHT IT WOULD BE,emotion_3408,intent_3408_last,40,10,24,20,10,14,11
ex04_default_00004,ex04::HEAVIER THAN YOU THOUGHT IT WOULD BE,emotion_3408,speaker_count_3408_last,0,2,17,4,10,7,2
ex04_default_00004,ex04::HEAVIER THAN YOU THOUGHT IT WOULD BE,emotion_3408,speaker_count_3408_last,20,5,17,10,10,7,5
ex04_default_00004,ex04::HEAVIER THAN YOU THOUGHT IT WOULD BE,emotion_3408,speaker_count_3408_last,40,6,17,12,10,7,6
ex04_default_00004,ex04::HEAVIER THAN YOU THOUGHT IT WOULD BE,intent_3408_last,speaker_count_3408_last,0,2,21,4,14,7,2
ex04_default_00004,ex04::HEAVIER THAN YOU THOUGHT IT WOULD BE,intent_3408_last,speaker_count_3408_last,20,6,21,12,14,7,6
ex04_default_00004,ex04::HEAVIER THAN YOU THOUGHT IT WOULD BE,intent_3408_last,speaker_count_3408_last,40,6,21,12,14,7,6
ex04_default_00015,ex04::FENNEL IS A BULB VEGETABLE WITH A LICORICE ANISE FLAVOR TO IT,asr_3408,emotion_3408,0,17,74,34,51,23,17
ex04_default_00015,ex04::FENNEL IS A BULB VEGETABLE WITH A LICORICE ANISE FLAVOR TO IT,asr_3408,emotion_3408,20,23,74,46,51,23,23
ex04_default_00015,ex04::FENNEL IS A BULB VEGETABLE WITH A LICORICE ANISE FLAVOR TO IT,asr_3408,emotion_3408,40,23,74,46,51,23,23
ex04_default_00015,ex04::FENNEL IS A BULB VEGETABLE WITH A LICORICE ANISE FLAVOR TO IT,asr_3408,intent_3408_last,0,27,85,54,51,34,27
ex04_default_00015,ex04::FENNEL IS A BULB VEGETABLE WITH A LICORICE ANISE FLAVOR TO IT,asr_3408,intent_3408_last,20,34,85,68,51,34,34
ex04_default_00015,ex04::FENNEL IS A BULB VEGETABLE WITH A LICORICE ANISE FLAVOR TO IT,asr_3408,intent_3408_last,40,34,85,68,51,34,34
ex04_default_00015,ex04::FENNEL IS A BULB VEGETABLE WITH A LICORICE ANISE FLAVOR TO IT,asr_3408,speaker_count_3408_last,0,7,67,14,51,16,7
ex04_default_00015,ex04::FENNEL IS A BULB VEGETABLE WITH A LICORICE ANISE FLAVOR TO IT,asr_3408,speaker_count_3408_last,20,13,67,26,51,16,13
ex04_default_00015,ex04::FENNEL IS A BULB VEGETABLE WITH A LICORICE ANISE FLAVOR TO IT,asr_3408,speaker_count_3408_last,40,14,67,28,51,16,14
ex04_default_00015,ex04::FENNEL IS A BULB VEGETABLE WITH A LICORICE ANISE FLAVOR TO IT,emotion_3408,intent_3408_last,0,15,57,30,23,34,15
ex04_default_00015,ex04::FENNEL IS A BULB VEGETABLE WITH A LICORICE ANISE FLAVOR TO IT,emotion_3408,intent_3408_last,20,22,57,44,23,34,22
ex04_default_00015,ex04::FENNEL IS A BULB VEGETABLE WITH A LICORICE ANISE FLAVOR TO IT,emotion_3408,intent_3408_last,40,23,57,46,23,34,25
ex04_default_00015,ex04::FENNEL IS A BULB VEGETABLE WITH A LICORICE ANISE FLAVOR TO IT,emotion_3408,speaker_count_3408_last,0,6,39,12,23,16,6
ex04_default_00015,ex04::FENNEL IS A BULB VEGETABLE WITH A LICORICE ANISE FLAVOR TO IT,emotion_3408,speaker_count_3408_last,20,11,39,22,23,16,11
ex04_default_00015,ex04::FENNEL IS A BULB VEGETABLE WITH A LICORICE ANISE FLAVOR TO IT,emotion_3408,speaker_count_3408_last,40,12,39,24,23,16,12
ex04_default_00015,ex04::FENNEL IS A BULB VEGETABLE WITH A LICORICE ANISE FLAVOR TO IT,intent_3408_last,speaker_count_3408_last,0,8,50,16,34,16,8
ex04_default_00015,ex04::FENNEL IS A BULB VEGETABLE WITH A LICORICE ANISE FLAVOR TO IT,intent_3408_last,speaker_count_3408_last,20,13,50,26,34,16,13
ex04_default_00015,ex04::FENNEL IS A BULB VEGETABLE WITH A LICORICE ANISE FLAVOR TO IT,intent_3408_last,speaker_count_3408_last,40,14,50,28,34,16,14
ex04_default_00080,ex04::I'M DOING SOCIETY A FAVOR,asr_3408,emotion_3408,0,4,30,8,22,8,4
ex04_default_00080,ex04::I'M DOING SOCIETY A FAVOR,asr_3408,emotion_3408,20,7,30,14,22,8,7
ex04_default_00080,ex04::I'M DOING SOCIETY A FAVOR,asr_3408,emotion_3408,40,8,30,16,22,8,8
ex04_default_00080,ex04::I'M DOING SOCIETY A FAVOR,asr_3408,intent_3408_last,0,8,36,16,22,14,8
ex04_default_00080,ex04::I'M DOING SOCIETY A FAVOR,asr_3408,intent_3408_last,20,14,36,28,22,14,14
ex04_default_00080,ex04::I'M DOING SOCIETY A FAVOR,asr_3408,intent_3408_last,40,14,36,28,22,14,14
ex04_default_00080,ex04::I'M DOING SOCIETY A FAVOR,asr_3408,speaker_count_3408_last,0,4,28,8,22,6,4
ex04_default_00080,ex04::I'M DOING SOCIETY A FAVOR,asr_3408,speaker_count_3408_last,20,5,28,10,22,6,5
ex04_default_00080,ex04::I'M DOING SOCIETY A FAVOR,asr_3408,speaker_count_3408_last,40,6,28,12,22,6,6
ex04_default_00080,ex04::I'M DOING SOCIETY A FAVOR,emotion_3408,intent_3408_last,0,5,22,10,8,14,5
ex04_default_00080,ex04::I'M DOING SOCIETY A FAVOR,emotion_3408,intent_3408_last,20,6,22,12,8,14,6
ex04_default_00080,ex04::I'M DOING SOCIETY A FAVOR,emotion_3408,intent_3408_last,40,7,22,14,8,14,8
ex04_default_00080,ex04::I'M DOING SOCIETY A FAVOR,emotion_3408,speaker_count_3408_last,0,3,14,6,8,6,3
ex04_default_00080,ex04::I'M DOING SOCIETY A FAVOR,emotion_3408,speaker_count_3408_last,20,4,14,8,8,6,4
ex04_default_00080,ex04::I'M DOING SOCIETY A FAVOR,emotion_3408,speaker_count_3408_last,40,4,14,8,8,6,4
ex04_default_00080,ex04::I'M DOING SOCIETY A FAVOR,intent_3408_last,speaker_count_3408_last,0,4,20,8,14,6,4
ex04_default_00080,ex04::I'M DOING SOCIETY A FAVOR,intent_3408_last,speaker_count_3408_last,20,6,20,12,14,6,6
ex04_default_00080,ex04::I'M DOING SOCIETY A FAVOR,intent_3408_last,speaker_count_3408_last,40,6,20,12,14,6,6
ex04_default_00099,ex04::DOES WEBMD HAVE A WEBPAGE ON DECODING CODE,asr_3408,emotion_3408,0,11,54,22,36,18,11
ex04_default_00099,ex04::DOES WEBMD HAVE A WEBPAGE ON DECODING CODE,asr_3408,emotion_3408,20,17,54,34,36,18,17
ex04_default_00099,ex04::DOES WEBMD HAVE A WEBPAGE ON DECODING CODE,asr_3408,emotion_3408,40,18,54,36,36,18,18
ex04_default_00099,ex04::DOES WEBMD HAVE A WEBPAGE ON DECODING CODE,asr_3408,intent_3408_last,0,17,61,34,36,25,17
ex04_default_00099,ex04::DOES WEBMD HAVE A WEBPAGE ON DECODING CODE,asr_3408,intent_3408_last,20,24,61,48,36,25,24
ex04_default_00099,ex04::DOES WEBMD HAVE A WEBPAGE ON DECODING CODE,asr_3408,intent_3408_last,40,25,61,50,36,25,25
ex04_default_00099,ex04::DOES WEBMD HAVE A WEBPAGE ON DECODING CODE,asr_3408,speaker_count_3408_last,0,6,48,12,36,12,6
ex04_default_00099,ex04::DOES WEBMD HAVE A WEBPAGE ON DECODING CODE,asr_3408,speaker_count_3408_last,20,12,48,24,36,12,12
ex04_default_00099,ex04::DOES WEBMD HAVE A WEBPAGE ON DECODING CODE,asr_3408,speaker_count_3408_last,40,12,48,24,36,12,12
ex04_default_00099,ex04::DOES WEBMD HAVE A WEBPAGE ON DECODING CODE,emotion_3408,intent_3408_last,0,12,43,24,18,25,12
ex04_default_00099,ex04::DOES WEBMD HAVE A WEBPAGE ON DECODING CODE,emotion_3408,intent_3408_last,20,16,43,32,18,25,17
ex04_default_00099,ex04::DOES WEBMD HAVE A WEBPAGE ON DECODING CODE,emotion_3408,intent_3408_last,40,18,43,36,18,25,20
ex04_default_00099,ex04::DOES WEBMD HAVE A WEBPAGE ON DECODING CODE,emotion_3408,speaker_count_3408_last,0,4,30,8,18,12,4
ex04_default_00099,ex04::DOES WEBMD HAVE A WEBPAGE ON DECODING CODE,emotion_3408,speaker_count_3408_last,20,9,30,18,18,12,9
ex04_default_00099,ex04::DOES WEBMD HAVE A WEBPAGE ON DECODING CODE,emotion_3408,speaker_count_3408_last,40,10,30,20,18,12,10
ex04_default_00099,ex04::DOES WEBMD HAVE A WEBPAGE ON DECODING CODE,intent_3408_last,speaker_count_3408_last,0,5,37,10,25,12,5
ex04_default_00099,ex04::DOES WEBMD HAVE A WEBPAGE ON DECODING CODE,intent_3408_last,speaker_count_3408_last,20,11,37,22,25,12,11
ex04_default_00099,ex04::DOES WEBMD HAVE A WEBPAGE ON DECODING CODE,intent_3408_last,speaker_count_3408_last,40,11,37,22,25,12,11
ex04_default_00147,ex04::YOU'RE ANGRY ON THE TIN ROOF,asr_3408,emotion_3408,0,3,32,6,23,9,3
ex04_default_00147,ex04::YOU'RE ANGRY ON THE TIN ROOF,asr_3408,emotion_3408,20,9,32,18,23,9,9
ex04_default_00147,ex04::YOU'RE ANGRY ON THE TIN ROOF,asr_3408,emotion_3408,40,9,32,18,23,9,9
ex04_default_00147,ex04::YOU'RE ANGRY ON THE TIN ROOF,asr_3408,intent_3408_last,0,9,38,18,23,15,9
ex04_default_00147,ex04::YOU'RE ANGRY ON THE TIN ROOF,asr_3408,intent_3408_last,20,15,38,30,23,15,15
ex04_default_00147,ex04::YOU'RE ANGRY ON THE TIN ROOF,asr_3408,intent_3408_last,40,15,38,30,23,15,15
ex04_default_00147,ex04::YOU'RE ANGRY ON THE TIN ROOF,asr_3408,speaker_count_3408_last,0,2,30,4,23,7,2
ex04_default_00147,ex04::YOU'RE ANGRY ON THE TIN ROOF,asr_3408,speaker_count_3408_last,20,5,30,10,23,7,5
ex04_default_00147,ex04::YOU'RE ANGRY ON THE TIN ROOF,asr_3408,speaker_count_3408_last,40,6,30,12,23,7,6
ex04_default_00147,ex04::YOU'RE ANGRY ON THE TIN ROOF,emotion_3408,intent_3408_last,0,5,24,10,9,15,5
ex04_default_00147,ex04::YOU'RE ANGRY ON THE TIN ROOF,emotion_3408,intent_3408_last,20,9,24,18,9,15,9
ex04_default_00147,ex04::YOU'RE ANGRY ON THE TIN ROOF,emotion_3408,intent_3408_last,40,9,24,18,9,15,9
ex04_default_00147,ex04::YOU'RE ANGRY ON THE TIN ROOF,emotion_3408,speaker_count_3408_last,0,5,16,10,9,7,5
ex04_default_00147,ex04::YOU'RE ANGRY ON THE TIN ROOF,emotion_3408,speaker_count_3408_last,20,5,16,10,9,7,5
ex04_default_00147,ex04::YOU'RE ANGRY ON THE TIN ROOF,emotion_3408,speaker_count_3408_last,40,6,16,12,9,7,6
ex04_default_00147,ex04::YOU'RE ANGRY ON THE TIN ROOF,intent_3408_last,speaker_count_3408_last,0,5,22,10,15,7,5
ex04_default_00147,ex04::YOU'RE ANGRY ON THE TIN ROOF,intent_3408_last,speaker_count_3408_last,20,6,22,12,15,7,6
ex04_default_00147,ex04::YOU'RE ANGRY ON THE TIN ROOF,intent_3408_last,speaker_count_3408_last,40,6,22,12,15,7,6
ex04_default_00158,ex04::AND THEN HE WOULD COME OVER TO OUR SET AND FILM THROUGHOUT THE NIGHT,asr_3408,emotion_3408,0,17,65,34,45,20,17
ex04_default_00158,ex04::AND THEN HE WOULD COME OVER TO OUR SET AND FILM THROUGHOUT THE NIGHT,asr_3408,emotion_3408,20,20,65,40,45,20,20
ex04_default_00158,ex04::AND THEN HE WOULD COME OVER TO OUR SET AND FILM THROUGHOUT THE NIGHT,asr_3408,emotion_3408,40,20,65,40,45,20,20
ex04_default_00158,ex04::AND THEN HE WOULD COME OVER TO OUR SET AND FILM THROUGHOUT THE NIGHT,asr_3408,intent_3408_last,0,22,72,44,45,27,22
ex04_default_00158,ex04::AND THEN HE WOULD COME OVER TO OUR SET AND FILM THROUGHOUT THE NIGHT,asr_3408,intent_3408_last,20,27,72,54,45,27,27
ex04_default_00158,ex04::AND THEN HE WOULD COME OVER TO OUR SET AND FILM THROUGHOUT THE NIGHT,asr_3408,intent_3408_last,40,27,72,54,45,27,27
ex04_default_00158,ex04::AND THEN HE WOULD COME OVER TO OUR SET AND FILM THROUGHOUT THE NIGHT,asr_3408,speaker_count_3408_last,0,7,58,14,45,13,7
ex04_default_00158,ex04::AND THEN HE WOULD COME OVER TO OUR SET AND FILM THROUGHOUT THE NIGHT,asr_3408,speaker_count_3408_last,20,13,58,26,45,13,13
ex04_default_00158,ex04::AND THEN HE WOULD COME OVER TO OUR SET AND FILM THROUGHOUT THE NIGHT,asr_3408,speaker_count_3408_last,40,13,58,26,45,13,13
ex04_default_00158,ex04::AND THEN HE WOULD COME OVER TO OUR SET AND FILM THROUGHOUT THE NIGHT,emotion_3408,intent_3408_last,0,14,47,28,20,27,14
ex04_default_00158,ex04::AND THEN HE WOULD COME OVER TO OUR SET AND FILM THROUGHOUT THE NIGHT,emotion_3408,intent_3408_last,20,17,47,34,20,27,17
ex04_default_00158,ex04::AND THEN HE WOULD COME OVER TO OUR SET AND FILM THROUGHOUT THE NIGHT,emotion_3408,intent_3408_last,40,18,47,36,20,27,19
ex04_default_00158,ex04::AND THEN HE WOULD COME OVER TO OUR SET AND FILM THROUGHOUT THE NIGHT,emotion_3408,speaker_count_3408_last,0,4,33,8,20,13,4
ex04_default_00158,ex04::AND THEN HE WOULD COME OVER TO OUR SET AND FILM THROUGHOUT THE NIGHT,emotion_3408,speaker_count_3408_last,20,10,33,20,20,13,10
ex04_default_00158,ex04::AND THEN HE WOULD COME OVER TO OUR SET AND FILM THROUGHOUT THE NIGHT,emotion_3408,speaker_count_3408_last,40,10,33,20,20,13,10
ex04_default_00158,ex04::AND THEN HE WOULD COME OVER TO OUR SET AND FILM THROUGHOUT THE NIGHT,intent_3408_last,speaker_count_3408_last,0,6,40,12,27,13,6
ex04_default_00158,ex04::AND THEN HE WOULD COME OVER TO OUR SET AND FILM THROUGHOUT THE NIGHT,intent_3408_last,speaker_count_3408_last,20,12,40,24,27,13,12
ex04_default_00158,ex04::AND THEN HE WOULD COME OVER TO OUR SET AND FILM THROUGHOUT THE NIGHT,intent_3408_last,speaker_count_3408_last,40,12,40,24,27,13,12
ex04_default_00183,ex04::THE SON ALLEGIANT AND WALK TWO MOONS ARE SIMILAR,asr_3408,emotion_3408,0,11,55,22,38,17,11
ex04_default_00183,ex04::THE SON ALLEGIANT AND WALK TWO MOONS ARE SIMILAR,asr_3408,emotion_3408,20,17,55,34,38,17,17
ex04_default_00183,ex04::THE SON ALLEGIANT AND WALK TWO MOONS ARE SIMILAR,asr_3408,emotion_3408,40,17,55,34,38,17,17
ex04_default_00183,ex04::THE SON ALLEGIANT AND WALK TWO MOONS ARE SIMILAR,asr_3408,intent_3408_last,0,22,64,44,38,26,22
ex04_default_00183,ex04::THE SON ALLEGIANT AND WALK TWO MOONS ARE SIMILAR,asr_3408,intent_3408_last,20,25,64,50,38,26,25
ex04_default_00183,ex04::THE SON ALLEGIANT AND WALK TWO MOONS ARE SIMILAR,asr_3408,intent_3408_last,40,26,64,52,38,26,26
ex04_default_00183,ex04::THE SON ALLEGIANT AND WALK TWO MOONS ARE SIMILAR,asr_3408,speaker_count_3408_last,0,7,51,14,38,13,7
ex04_default_00183,ex04::THE SON ALLEGIANT AND WALK TWO MOONS ARE SIMILAR,asr_3408,speaker_count_3408_last,20,12,51,24,38,13,12
ex04_default_00183,ex04::THE SON ALLEGIANT AND WALK TWO MOONS ARE SIMILAR,asr_3408,speaker_count_3408_last,40,12,51,24,38,13,12
ex04_default_00183,ex04::THE SON ALLEGIANT AND WALK TWO MOONS ARE SIMILAR,emotion_3408,intent_3408_last,0,13,43,26,17,26,13
ex04_default_00183,ex04::THE SON ALLEGIANT AND WALK TWO MOONS ARE SIMILAR,emotion_3408,intent_3408_last,20,16,43,32,17,26,17
ex04_default_00183,ex04::THE SON ALLEGIANT AND WALK TWO MOONS ARE SIMILAR,emotion_3408,intent_3408_last,40,16,43,32,17,26,18
ex04_default_00183,ex04::THE SON ALLEGIANT AND WALK TWO MOONS ARE SIMILAR,emotion_3408,speaker_count_3408_last,0,6,30,12,17,13,6
ex04_default_00183,ex04::THE SON ALLEGIANT AND WALK TWO MOONS ARE SIMILAR,emotion_3408,speaker_count_3408_last,20,9,30,18,17,13,9
ex04_default_00183,ex04::THE SON ALLEGIANT AND WALK TWO MOONS ARE SIMILAR,emotion_3408,speaker_count_3408_last,40,10,30,20,17,13,10
ex04_default_00183,ex04::THE SON ALLEGIANT AND WALK TWO MOONS ARE SIMILAR,intent_3408_last,speaker_count_3408_last,0,6,39,12,26,13,6
ex04_default_00183,ex04::THE SON ALLEGIANT AND WALK TWO MOONS ARE SIMILAR,intent_3408_last,speaker_count_3408_last,20,10,39,20,26,13,10
ex04_default_00183,ex04::THE SON ALLEGIANT AND WALK TWO MOONS ARE SIMILAR,intent_3408_last,speaker_count_3408_last,40,10,39,20,26,13,10
ex04_default_00206,ex04::ENJOY THE MOVIE,asr_3408,emotion_3408,0,2,18,4,13,5,2
ex04_default_00206,ex04::ENJOY THE MOVIE,asr_3408,emotion_3408,20,4,18,8,13,5,4
ex04_default_00206,ex04::ENJOY THE MOVIE,asr_3408,emotion_3408,40,4,18,8,13,5,4
ex04_default_00206,ex04::ENJOY THE MOVIE,asr_3408,intent_3408_last,0,3,20,6,13,7,3
ex04_default_00206,ex04::ENJOY THE MOVIE,asr_3408,intent_3408_last,20,7,20,14,13,7,7
ex04_default_00206,ex04::ENJOY THE MOVIE,asr_3408,intent_3408_last,40,7,20,14,13,7,7
ex04_default_00206,ex04::ENJOY THE MOVIE,asr_3408,speaker_count_3408_last,0,0,17,0,13,4,0
ex04_default_00206,ex04::ENJOY THE MOVIE,asr_3408,speaker_count_3408_last,20,4,17,8,13,4,4
ex04_default_00206,ex04::ENJOY THE MOVIE,asr_3408,speaker_count_3408_last,40,4,17,8,13,4,4
ex04_default_00206,ex04::ENJOY THE MOVIE,emotion_3408,intent_3408_last,0,4,12,8,5,7,4
ex04_default_00206,ex04::ENJOY THE MOVIE,emotion_3408,intent_3408_last,20,4,12,8,5,7,4
ex04_default_00206,ex04::ENJOY THE MOVIE,emotion_3408,intent_3408_last,40,4,12,8,5,7,4
ex04_default_00206,ex04::ENJOY THE MOVIE,emotion_3408,speaker_count_3408_last,0,1,9,2,5,4,1
ex04_default_00206,ex04::ENJOY THE MOVIE,emotion_3408,speaker_count_3408_last,20,3,9,6,5,4,3
ex04_default_00206,ex04::ENJOY THE MOVIE,emotion_3408,speaker_count_3408_last,40,3,9,6,5,4,3
ex04_default_00206,ex04::ENJOY THE MOVIE,intent_3408_last,speaker_count_3408_last,0,1,11,2,7,4,1
ex04_default_00206,ex04::ENJOY THE MOVIE,intent_3408_last,speaker_count_3408_last,20,3,11,6,7,4,3
ex04_default_00206,ex04::ENJOY THE MOVIE,intent_3408_last,speaker_count_3408_last,40,3,11,6,7,4,3
ex04_default_00209,ex04::ANY TRIPLE DIGIT TEMPS THIS WEEK IN TEXAS,asr_3408,emotion_3408,0,12,44,24,29,15,12
ex04_default_00209,ex04::ANY TRIPLE DIGIT TEMPS THIS WEEK IN TEXAS,asr_3408,emotion_3408,20,13,44,26,29,15,13
ex04_default_00209,ex04::ANY TRIPLE DIGIT TEMPS THIS WEEK IN TEXAS,asr_3408,emotion_3408,40,15,44,30,29,15,15
ex04_default_00209,ex04::ANY TRIPLE DIGIT TEMPS THIS WEEK IN TEXAS,asr_3408,intent_3408_last,0,11,47,22,29,18,11
ex04_default_00209,ex04::ANY TRIPLE DIGIT TEMPS THIS WEEK IN TEXAS,asr_3408,intent_3408_last,20,17,47,34,29,18,17
ex04_default_00209,ex04::ANY TRIPLE DIGIT TEMPS THIS WEEK IN TEXAS,asr_3408,intent_3408_last,40,18,47,36,29,18,18
ex04_default_00209,ex04::ANY TRIPLE DIGIT TEMPS THIS WEEK IN TEXAS,asr_3408,speaker_count_3408_last,0,6,39,12,29,10,6
ex04_default_00209,ex04::ANY TRIPLE DIGIT TEMPS THIS WEEK IN TEXAS,asr_3408,speaker_count_3408_last,20,9,39,18,29,10,9
ex04_default_00209,ex04::ANY TRIPLE DIGIT TEMPS THIS WEEK IN TEXAS,asr_3408,speaker_count_3408_last,40,9,39,18,29,10,9
ex04_default_00209,ex04::ANY TRIPLE DIGIT TEMPS THIS WEEK IN TEXAS,emotion_3408,intent_3408_last,0,11,33,22,15,18,11
ex04_default_00209,ex04::ANY TRIPLE DIGIT TEMPS THIS WEEK IN TEXAS,emotion_3408,intent_3408_last,20,15,33,30,15,18,15
ex04_default_00209,ex04::ANY TRIPLE DIGIT TEMPS THIS WEEK IN TEXAS,emotion_3408,intent_3408_last,40,15,33,30,15,18,15
ex04_default_00209,ex04::ANY TRIPLE DIGIT TEMPS THIS WEEK IN TEXAS,emotion_3408,speaker_count_3408_last,0,6,25,12,15,10,6
ex04_default_00209,ex04::ANY TRIPLE DIGIT TEMPS THIS WEEK IN TEXAS,emotion_3408,speaker_count_3408_last,20,10,25,20,15,10,10
ex04_default_00209,ex04::ANY TRIPLE DIGIT TEMPS THIS WEEK IN TEXAS,emotion_3408,speaker_count_3408_last,40,10,25,20,15,10,10
ex04_default_00209,ex04::ANY TRIPLE DIGIT TEMPS THIS WEEK IN TEXAS,intent_3408_last,speaker_count_3408_last,0,6,28,12,18,10,6
ex04_default_00209,ex04::ANY TRIPLE DIGIT TEMPS THIS WEEK IN TEXAS,intent_3408_last,speaker_count_3408_last,20,9,28,18,18,10,9
ex04_default_00209,ex04::ANY TRIPLE DIGIT TEMPS THIS WEEK IN TEXAS,intent_3408_last,speaker_count_3408_last,40,10,28,20,18,10,10
ex04_default_00254,ex04::ANY INDICATION ON HOW HE'S LEANING,asr_3408,emotion_3408,0,5,34,10,25,9,5
ex04_default_00254,ex04::ANY INDICATION ON HOW HE'S LEANING,asr_3408,emotion_3408,20,9,34,18,25,9,9
ex04_default_00254,ex04::ANY INDICATION ON HOW HE'S LEANING,asr_3408,emotion_3408,40,9,34,18,25,9,9
ex04_default_00254,ex04::ANY INDICATION ON HOW HE'S LEANING,asr_3408,intent_3408_last,0,15,41,30,25,16,15
ex04_default_00254,ex04::ANY INDICATION ON HOW HE'S LEANING,asr_3408,intent_3408_last,20,16,41,32,25,16,16
ex04_default_00254,ex04::ANY INDICATION ON HOW HE'S LEANING,asr_3408,intent_3408_last,40,16,41,32,25,16,16
ex04_default_00254,ex04::ANY INDICATION ON HOW HE'S LEANING,asr_3408,speaker_count_3408_last,0,5,33,10,25,8,5
ex04_default_00254,ex04::ANY INDICATION ON HOW HE'S LEANING,asr_3408,speaker_count_3408_last,20,8,33,16,25,8,8
ex04_default_00254,ex04::ANY INDICATION ON HOW HE'S LEANING,asr_3408,speaker_count_3408_last,40,8,33,16,25,8,8
ex04_default_00254,ex04::ANY INDICATION ON HOW HE'S LEANING,emotion_3408,intent_3408_last,0,5,25,10,9,16,5
ex04_default_00254,ex04::ANY INDICATION ON HOW HE'S LEANING,emotion_3408,intent_3408_last,20,7,25,14,9,16,7
ex04_default_00254,ex04::ANY INDICATION ON HOW HE'S LEANING,emotion_3408,intent_3408_last,40,7,25,14,9,16,7
ex04_default_00254,ex04::ANY INDICATION ON HOW HE'S LEANING,emotion_3408,speaker_count_3408_last,0,2,17,4,9,8,2
ex04_default_00254,ex04::ANY INDICATION ON HOW HE'S LEANING,emotion_3408,speaker_count_3408_last,20,5,17,10,9,8,5
ex04_default_00254,ex04::ANY INDICATION ON HOW HE'S LEANING,emotion_3408,speaker_count_3408_last,40,5,17,10,9,8,5
ex04_default_00254,ex04::ANY INDICATION ON HOW HE'S LEANING,intent_3408_last,speaker_count_3408_last,0,5,24,10,16,8,5
ex04_default_00254,ex04::ANY INDICATION ON HOW HE'S LEANING,intent_3408_last,speaker_count_3408_last,20,7,24,14,16,8,7
ex04_default_00254,ex04::ANY INDICATION ON HOW HE'S LEANING,intent_3408_last,speaker_count_3408_last,40,7,24,14,16,8,7
ex04_default_00278,ex04::HEY GAGA HOW'S IT GOING IN THERE,asr_3408,emotion_3408,0,6,32,12,23,9,6
ex04_default_00278,ex04::HEY GAGA HOW'S IT GOING IN THERE,asr_3408,emotion_3408,20,9,32,18,23,9,9
ex04_default_00278,ex04::HEY GAGA HOW'S IT GOING IN THERE,asr_3408,emotion_3408,40,9,32,18,23,9,9
ex04_default_00278,ex04::HEY GAGA HOW'S IT GOING IN THERE,asr_3408,intent_3408_last,0,10,36,20,23,13,10
ex04_default_00278,ex04::HEY GAGA HOW'S IT GOING IN THERE,asr_3408,intent_3408_last,20,13,36,26,23,13,13
ex04_default_00278,ex04::HEY GAGA HOW'S IT GOING IN THERE,asr_3408,intent_3408_last,40,13,36,26,23,13,13
ex04_default_00278,ex04::HEY GAGA HOW'S IT GOING IN THERE,asr_3408,speaker_count_3408_last,0,3,30,6,23,7,3
ex04_default_00278,ex04::HEY GAGA HOW'S IT GOING IN THERE,asr_3408,speaker_count_3408_last,20,6,30,12,23,7,6
ex04_default_00278,ex04::HEY GAGA HOW'S IT GOING IN THERE,asr_3408,speaker_count_3408_last,40,7,30,14,23,7,7
ex04_default_00278,ex04::HEY GAGA HOW'S IT GOING IN THERE,emotion_3408,intent_3408_last,0,7,22,14,9,13,7
ex04_default_00278,ex04::HEY GAGA HOW'S IT GOING IN THERE,emotion_3408,intent_3408_last,20,8,22,16,9,13,8
ex04_default_00278,ex04::HEY GAGA HOW'S IT GOING IN THERE,emotion_3408,intent_3408_last,40,8,22,16,9,13,10
ex04_default_00278,ex04::HEY GAGA HOW'S IT GOING IN THERE,emotion_3408,speaker_count_3408_last,0,1,16,2,9,7,1
ex04_default_00278,ex04::HEY GAGA HOW'S IT GOING IN THERE,emotion_3408,speaker_count_3408_last,20,3,16,6,9,7,3
ex04_default_00278,ex04::HEY GAGA HOW'S IT GOING IN THERE,emotion_3408,speaker_count_3408_last,40,4,16,8,9,7,4
ex04_default_00278,ex04::HEY GAGA HOW'S IT GOING IN THERE,intent_3408_last,speaker_count_3408_last,0,2,20,4,13,7,2
ex04_default_00278,ex04::HEY GAGA HOW'S IT GOING IN THERE,intent_3408_last,speaker_count_3408_last,20,5,20,10,13,7,5
ex04_default_00278,ex04::HEY GAGA HOW'S IT GOING IN THERE,intent_3408_last,speaker_count_3408_last,40,5,20,10,13,7,5
ex04_default_00284,ex04::YOU COULD HAVE WRECKED HIS LIFE,asr_3408,emotion_3408,0,4,28,8,19,9,4
ex04_default_00284,ex04::YOU COULD HAVE WRECKED HIS LIFE,asr_3408,emotion_3408,20,9,28,18,19,9,9
ex04_default_00284,ex04::YOU COULD HAVE WRECKED HIS LIFE,asr_3408,emotion_3408,40,9,28,18,19,9,9
ex04_default_00284,ex04::YOU COULD HAVE WRECKED HIS LIFE,asr_3408,intent_3408_last,0,6,31,12,19,12,6
ex04_default_00284,ex04::YOU COULD HAVE WRECKED HIS LIFE,asr_3408,intent_3408_last,20,11,31,22,19,12,11
ex04_default_00284,ex04::YOU COULD HAVE WRECKED HIS LIFE,asr_3408,intent_3408_last,40,12,31,24,19,12,12
ex04_default_00284,ex04::YOU COULD HAVE WRECKED HIS LIFE,asr_3408,speaker_count_3408_last,0,3,24,6,19,5,3
ex04_default_00284,ex04::YOU COULD HAVE WRECKED HIS LIFE,asr_3408,speaker_count_3408_last,20,4,24,8,19,5,4
ex04_default_00284,ex04::YOU COULD HAVE WRECKED HIS LIFE,asr_3408,speaker_count_3408_last,40,4,24,8,19,5,4
ex04_default_00284,ex04::YOU COULD HAVE WRECKED HIS LIFE,emotion_3408,intent_3408_last,0,5,21,10,9,12,5
ex04_default_00284,ex04::YOU COULD HAVE WRECKED HIS LIFE,emotion_3408,intent_3408_last,20,9,21,18,9,12,9
ex04_default_00284,ex04::YOU COULD HAVE WRECKED HIS LIFE,emotion_3408,intent_3408_last,40,9,21,18,9,12,10
ex04_default_00284,ex04::YOU COULD HAVE WRECKED HIS LIFE,emotion_3408,speaker_count_3408_last,0,2,14,4,9,5,2
ex04_default_00284,ex04::YOU COULD HAVE WRECKED HIS LIFE,emotion_3408,speaker_count_3408_last,20,4,14,8,9,5,4
ex04_default_00284,ex04::YOU COULD HAVE WRECKED HIS LIFE,emotion_3408,speaker_count_3408_last,40,4,14,8,9,5,4
ex04_default_00284,ex04::YOU COULD HAVE WRECKED HIS LIFE,intent_3408_last,speaker_count_3408_last,0,2,17,4,12,5,2
ex04_default_00284,ex04::YOU COULD HAVE WRECKED HIS LIFE,intent_3408_last,speaker_count_3408_last,20,4,17,8,12,5,4
ex04_default_00284,ex04::YOU COULD HAVE WRECKED HIS LIFE,intent_3408_last,speaker_count_3408_last,40,4,17,8,12,5,4
ex04_default_00295,ex04::AND FEE AND STEFFY THEY'RE TEENAGERS,asr_3408,emotion_3408,0,6,36,12,24,12,6
ex04_default_00295,ex04::AND FEE AND STEFFY THEY'RE TEENAGERS,asr_3408,emotion_3408,20,8,36,16,24,12,8
ex04_default_00295,ex04::AND FEE AND STEFFY THEY'RE TEENAGERS,asr_3408,emotion_3408,40,11,36,22,24,12,11
ex04_default_00295,ex04::AND FEE AND STEFFY THEY'RE TEENAGERS,asr_3408,intent_3408_last,0,10,41,20,24,17,10
ex04_default_00295,ex04::AND FEE AND STEFFY THEY'RE TEENAGERS,asr_3408,intent_3408_last,20,16,41,32,24,17,16
ex04_default_00295,ex04::AND FEE AND STEFFY THEY'RE TEENAGERS,asr_3408,intent_3408_last,40,17,41,34,24,17,17
ex04_default_00295,ex04::AND FEE AND STEFFY THEY'RE TEENAGERS,asr_3408,speaker_count_3408_last,0,4,32,8,24,8,4
ex04_default_00295,ex04::AND FEE AND STEFFY THEY'RE TEENAGERS,asr_3408,speaker_count_3408_last,20,7,32,14,24,8,7
ex04_default_00295,ex04::AND FEE AND STEFFY THEY'RE TEENAGERS,asr_3408,speaker_count_3408_last,40,7,32,14,24,8,7
ex04_default_00295,ex04::AND FEE AND STEFFY THEY'RE TEENAGERS,emotion_3408,intent_3408_last,0,6,29,12,12,17,6
ex04_default_00295,ex04::AND FEE AND STEFFY THEY'RE TEENAGERS,emotion_3408,intent_3408_last,20,7,29,14,12,17,7
ex04_default_00295,ex04::AND FEE AND STEFFY THEY'RE TEENAGERS,emotion_3408,intent_3408_last,40,11,29,22,12,17,11
ex04_default_00295,ex04::AND FEE AND STEFFY THEY'RE TEENAGERS,emotion_3408,speaker_count_3408_last,0,5,20,10,12,8,5
ex04_default_00295,ex04::AND FEE AND STEFFY THEY'RE TEENAGERS,emotion_3408,speaker_count_3408_last,20,6,20,12,12,8,6
ex04_default_00295,ex04::AND FEE AND STEFFY THEY'RE TEENAGERS,emotion_3408,speaker_count_3408_last,40,6,20,12,12,8,6
ex04_default_00295,ex04::AND FEE AND STEFFY THEY'RE TEENAGERS,intent_3408_last,speaker_count_3408_last,0,5,25,10,17,8,5
ex04_default_00295,ex04::AND FEE AND STEFFY THEY'RE TEENAGERS,intent_3408_last,speaker_count_3408_last,20,7,25,14,17,8,7
ex04_default_00295,ex04::AND FEE AND STEFFY THEY'RE TEENAGERS,intent_3408_last,speaker_count_3408_last,40,7,25,14,17,8,7
ex04_default_00327,ex04::NOT SO FAST,asr_3408,emotion_3408,0,3,13,6,9,4,3
ex04_default_00327,ex04::NOT SO FAST,asr_3408,emotion_3408,20,4,13,8,9,4,4
ex04_default_00327,ex04::NOT SO FAST,asr_3408,emotion_3408,40,4,13,8,9,4,4
ex04_default_00327,ex04::NOT SO FAST,asr_3408,intent_3408_last,0,6,16,12,9,7,6
ex04_default_00327,ex04::NOT SO FAST,asr_3408,intent_3408_last,20,7,16,14,9,7,7
ex04_default_00327,ex04::NOT SO FAST,asr_3408,intent_3408_last,40,7,16,14,9,7,7
ex04_default_00327,ex04::NOT SO FAST,asr_3408,speaker_count_3408_last,0,0,11,0,9,2,0
ex04_default_00327,ex04::NOT SO FAST,asr_3408,speaker_count_3408_last,20,1,11,2,9,2,1
ex04_default_00327,ex04::NOT SO FAST,asr_3408,speaker_count_3408_last,40,1,11,2,9,2,1
ex04_default_00327,ex04::NOT SO FAST,emotion_3408,intent_3408_last,0,3,11,6,4,7,3
ex04_default_00327,ex04::NOT SO FAST,emotion_3408,intent_3408_last,20,4,11,8,4,7,4
ex04_default_00327,ex04::NOT SO FAST,emotion_3408,intent_3408_last,40,4,11,8,4,7,4
ex04_default_00327,ex04::NOT SO FAST,emotion_3408,speaker_count_3408_last,0,0,6,0,4,2,0
ex04_default_00327,ex04::NOT SO FAST,emotion_3408,speaker_count_3408_last,20,1,6,2,4,2,1
ex04_default_00327,ex04::NOT SO FAST,emotion_3408,speaker_count_3408_last,40,1,6,2,4,2,1
ex04_default_00327,ex04::NOT SO FAST,intent_3408_last,speaker_count_3408_last,0,0,9,0,7,2,0
ex04_default_00327,ex04::NOT SO FAST,intent_3408_last,speaker_count_3408_last,20,1,9,2,7,2,1
ex04_default_00327,ex04::NOT SO FAST,intent_3408_last,speaker_count_3408_last,40,1,9,2,7,2,1
ex04_default_00334,ex04::OKAY SINCE WE'RE TALKING ABOUT WILL SMITH WHAT OTHER MOVIES DID HE ACT IN,asr_3408,emotion_3408,0,18,71,36,49,22,18
ex04_default_00334,ex04::OKAY SINCE WE'RE TALKING ABOUT WILL SMITH WHAT OTHER MOVIES DID HE ACT IN,asr_3408,emotion_3408,20,21,71,42,49,22,21
ex04_default_00334,ex04::OKAY SINCE WE'RE TALKING ABOUT WILL SMITH WHAT OTHER MOVIES DID HE ACT IN,asr_3408,emotion_3408,40,22,71,44,49,22,22
ex04_default_00334,ex04::OKAY SINCE WE'RE TALKING ABOUT WILL SMITH WHAT OTHER MOVIES DID HE ACT IN,asr_3408,intent_3408_last,0,22,83,44,49,34,22
ex04_default_00334,ex04::OKAY SINCE WE'RE TALKING ABOUT WILL SMITH WHAT OTHER MOVIES DID HE ACT IN,asr_3408,intent_3408_last,20,33,83,66,49,34,33
ex04_default_00334,ex04::OKAY SINCE WE'RE TALKING ABOUT WILL SMITH WHAT OTHER MOVIES DID HE ACT IN,asr_3408,intent_3408_last,40,34,83,68,49,34,34
ex04_default_00334,ex04::OKAY SINCE WE'RE TALKING ABOUT WILL SMITH WHAT OTHER MOVIES DID HE ACT IN,asr_3408,speaker_count_3408_last,0,10,63,20,49,14,10
ex04_default_00334,ex04::OKAY SINCE WE'RE TALKING ABOUT WILL SMITH WHAT OTHER MOVIES DID HE ACT IN,asr_3408,speaker_count_3408_last,20,13,63,26,49,14,13
ex04_default_00334,ex04::OKAY SINCE WE'RE TALKING ABOUT WILL SMITH WHAT OTHER MOVIES DID HE ACT IN,asr_3408,speaker_count_3408_last,40,14,63,28,49,14,14
ex04_default_00334,ex04::OKAY SINCE WE'RE TALKING ABOUT WILL SMITH WHAT OTHER MOVIES DID HE ACT IN,emotion_3408,intent_3408_last,0,14,56,28,22,34,14
ex04_default_00334,ex04::OKAY SINCE WE'RE TALKING ABOUT WILL SMITH WHAT OTHER MOVIES DID HE ACT IN,emotion_3408,intent_3408_last,20,20,56,40,22,34,21
ex04_default_00334,ex04::OKAY SINCE WE'RE TALKING ABOUT WILL SMITH WHAT OTHER MOVIES DID HE ACT IN,emotion_3408,intent_3408_last,40,21,56,42,22,34,25
ex04_default_00334,ex04::OKAY SINCE WE'RE TALKING ABOUT WILL SMITH WHAT OTHER MOVIES DID HE ACT IN,emotion_3408,speaker_count_3408_last,0,9,36,18,22,14,9
ex04_default_00334,ex04::OKAY SINCE WE'RE TALKING ABOUT WILL SMITH WHAT OTHER MOVIES DID HE ACT IN,emotion_3408,speaker_count_3408_last,20,12,36,24,22,14,12
ex04_default_00334,ex04::OKAY SINCE WE'RE TALKING ABOUT WILL SMITH WHAT OTHER MOVIES DID HE ACT IN,emotion_3408,speaker_count_3408_last,40,13,36,26,22,14,13
ex04_default_00334,ex04::OKAY SINCE WE'RE TALKING ABOUT WILL SMITH WHAT OTHER MOVIES DID HE ACT IN,intent_3408_last,speaker_count_3408_last,0,9,48,18,34,14,9
ex04_default_00334,ex04::OKAY SINCE WE'RE TALKING ABOUT WILL SMITH WHAT OTHER MOVIES DID HE ACT IN,intent_3408_last,speaker_count_3408_last,20,13,48,26,34,14,13
ex04_default_00334,ex04::OKAY SINCE WE'RE TALKING ABOUT WILL SMITH WHAT OTHER MOVIES DID HE ACT IN,intent_3408_last,speaker_count_3408_last,40,13,48,26,34,14,13
ex04_enunciated_00004,ex04::HEAVIER THAN YOU THOUGHT IT WOULD BE,asr_3408,emotion_3408,0,7,38,14,25,13,7
ex04_enunciated_00004,ex04::HEAVIER THAN YOU THOUGHT IT WOULD BE,asr_3408,emotion_3408,20,12,38,24,25,13,12
ex04_enunciated_00004,ex04::HEAVIER THAN YOU THOUGHT IT WOULD BE,asr_3408,emotion_3408,40,13,38,26,25,13,13
ex04_enunciated_00004,ex04::HEAVIER THAN YOU THOUGHT IT WOULD BE,asr_3408,intent_3408_last,0,13,42,26,25,17,13
ex04_enunciated_00004,ex04::HEAVIER THAN YOU THOUGHT IT WOULD BE,asr_3408,intent_3408_last,20,17,42,34,25,17,17
ex04_enunciated_00004,ex04::HEAVIER THAN YOU THOUGHT IT WOULD BE,asr_3408,intent_3408_last,40,17,42,34,25,17,17
ex04_enunciated_00004,ex04::HEAVIER THAN YOU THOUGHT IT WOULD BE,asr_3408,speaker_count_3408_last,0,3,32,6,25,7,3
ex04_enunciated_00004,ex04::HEAVIER THAN YOU THOUGHT IT WOULD BE,asr_3408,speaker_count_3408_last,20,7,32,14,25,7,7
ex04_enunciated_00004,ex04::HEAVIER THAN YOU THOUGHT IT WOULD BE,asr_3408,speaker_count_3408_last,40,7,32,14,25,7,7
ex04_enunciated_00004,ex04::HEAVIER THAN YOU THOUGHT IT WOULD BE,emotion_3408,intent_3408_last,0,9,30,18,13,17,9
ex04_enunciated_00004,ex04::HEAVIER THAN YOU THOUGHT IT WOULD BE,emotion_3408,intent_3408_last,20,12,30,24,13,17,12
ex04_enunciated_00004,ex04::HEAVIER THAN YOU THOUGHT IT WOULD BE,emotion_3408,intent_3408_last,40,13,30,26,13,17,14
ex04_enunciated_00004,ex04::HEAVIER THAN YOU THOUGHT IT WOULD BE,emotion_3408,speaker_count_3408_last,0,4,20,8,13,7,4
ex04_enunciated_00004,ex04::HEAVIER THAN YOU THOUGHT IT WOULD BE,emotion_3408,speaker_count_3408_last,20,5,20,10,13,7,5
ex04_enunciated_00004,ex04::HEAVIER THAN YOU THOUGHT IT WOULD BE,emotion_3408,speaker_count_3408_last,40,5,20,10,13,7,5
ex04_enunciated_00004,ex04::HEAVIER THAN YOU THOUGHT IT WOULD BE,intent_3408_last,speaker_count_3408_last,0,4,24,8,17,7,4
ex04_enunciated_00004,ex04::HEAVIER THAN YOU THOUGHT IT WOULD BE,intent_3408_last,speaker_count_3408_last,20,7,24,14,17,7,7
ex04_enunciated_00004,ex04::HEAVIER THAN YOU THOUGHT IT WOULD BE,intent_3408_last,speaker_count_3408_last,40,7,24,14,17,7,7
ex04_enunciated_00015,ex04::FENNEL IS A BULB VEGETABLE WITH A LICORICE ANISE FLAVOR TO IT,asr_3408,emotion_3408,0,25,93,50,58,35,25
ex04_enunciated_00015,ex04::FENNEL IS A BULB VEGETABLE WITH A LICORICE ANISE FLAVOR TO IT,asr_3408,emotion_3408,20,35,93,70,58,35,35
ex04_enunciated_00015,ex04::FENNEL IS A BULB VEGETABLE WITH A LICORICE ANISE FLAVOR TO IT,asr_3408,emotion_3408,40,35,93,70,58,35,35
ex04_enunciated_00015,ex04::FENNEL IS A BULB VEGETABLE WITH A LICORICE ANISE FLAVOR TO IT,asr_3408,intent_3408_last,0,33,102,66,58,44,33
ex04_enunciated_00015,ex04::FENNEL IS A BULB VEGETABLE WITH A LICORICE ANISE FLAVOR TO IT,asr_3408,intent_3408_last,20,43,102,86,58,44,43
ex04_enunciated_00015,ex04::FENNEL IS A BULB VEGETABLE WITH A LICORICE ANISE FLAVOR TO IT,asr_3408,intent_3408_last,40,44,102,88,58,44,44
ex04_enunciated_00015,ex04::FENNEL IS A BULB VEGETABLE WITH A LICORICE ANISE FLAVOR TO IT,asr_3408,speaker_count_3408_last,0,7,75,14,58,17,7
ex04_enunciated_00015,ex04::FENNEL IS A BULB VEGETABLE WITH A LICORICE ANISE FLAVOR TO IT,asr_3408,speaker_count_3408_last,20,16,75,32,58,17,16
ex04_enunciated_00015,ex04::FENNEL IS A BULB VEGETABLE WITH A LICORICE ANISE FLAVOR TO IT,asr_3408,speaker_count_3408_last,40,16,75,32,58,17,16
ex04_enunciated_00015,ex04::FENNEL IS A BULB VEGETABLE WITH A LICORICE ANISE FLAVOR TO IT,emotion_3408,intent_3408_last,0,26,79,52,35,44,26
ex04_enunciated_00015,ex04::FENNEL IS A BULB VEGETABLE WITH A LICORICE ANISE FLAVOR TO IT,emotion_3408,intent_3408_last,20,34,79,68,35,44,34
ex04_enunciated_00015,ex04::FENNEL IS A BULB VEGETABLE WITH A LICORICE ANISE FLAVOR TO IT,emotion_3408,intent_3408_last,40,35,79,70,35,44,39
ex04_enunciated_00015,ex04::FENNEL IS A BULB VEGETABLE WITH A LICORICE ANISE FLAVOR TO IT,emotion_3408,speaker_count_3408_last,0,6,52,12,35,17,6
ex04_enunciated_00015,ex04::FENNEL IS A BULB VEGETABLE WITH A LICORICE ANISE FLAVOR TO IT,emotion_3408,speaker_count_3408_last,20,14,52,28,35,17,14
ex04_enunciated_00015,ex04::FENNEL IS A BULB VEGETABLE WITH A LICORICE ANISE FLAVOR TO IT,emotion_3408,speaker_count_3408_last,40,16,52,32,35,17,16
ex04_enunciated_00015,ex04::FENNEL IS A BULB VEGETABLE WITH A LICORICE ANISE FLAVOR TO IT,intent_3408_last,speaker_count_3408_last,0,8,61,16,44,17,8
ex04_enunciated_00015,ex04::FENNEL IS A BULB VEGETABLE WITH A LICORICE ANISE FLAVOR TO IT,intent_3408_last,speaker_count_3408_last,20,15,61,30,44,17,15
ex04_enunciated_00015,ex04::FENNEL IS A BULB VEGETABLE WITH A LICORICE ANISE FLAVOR TO IT,intent_3408_last,speaker_count_3408_last,40,16,61,32,44,17,16
ex04_enunciated_00080,ex04::I'M DOING SOCIETY A FAVOR,asr_3408,emotion_3408,0,5,39,10,25,14,5
ex04_enunciated_00080,ex04::I'M DOING SOCIETY A FAVOR,asr_3408,emotion_3408,20,11,39,22,25,14,11
ex04_enunciated_00080,ex04::I'M DOING SOCIETY A FAVOR,asr_3408,emotion_3408,40,13,39,26,25,14,13
ex04_enunciated_00080,ex04::I'M DOING SOCIETY A FAVOR,asr_3408,intent_3408_last,0,12,44,24,25,19,12
ex04_enunciated_00080,ex04::I'M DOING SOCIETY A FAVOR,asr_3408,intent_3408_last,20,17,44,34,25,19,17
ex04_enunciated_00080,ex04::I'M DOING SOCIETY A FAVOR,asr_3408,intent_3408_last,40,18,44,36,25,19,18
ex04_enunciated_00080,ex04::I'M DOING SOCIETY A FAVOR,asr_3408,speaker_count_3408_last,0,1,32,2,25,7,1
ex04_enunciated_00080,ex04::I'M DOING SOCIETY A FAVOR,asr_3408,speaker_count_3408_last,20,6,32,12,25,7,6
ex04_enunciated_00080,ex04::I'M DOING SOCIETY A FAVOR,asr_3408,speaker_count_3408_last,40,6,32,12,25,7,6
ex04_enunciated_00080,ex04::I'M DOING SOCIETY A FAVOR,emotion_3408,intent_3408_last,0,7,33,14,14,19,7
ex04_enunciated_00080,ex04::I'M DOING SOCIETY A FAVOR,emotion_3408,intent_3408_last,20,12,33,24,14,19,13
ex04_enunciated_00080,ex04::I'M DOING SOCIETY A FAVOR,emotion_3408,intent_3408_last,40,12,33,24,14,19,13
ex04_enunciated_00080,ex04::I'M DOING SOCIETY A FAVOR,emotion_3408,speaker_count_3408_last,0,2,21,4,14,7,2
ex04_enunciated_00080,ex04::I'M DOING SOCIETY A FAVOR,emotion_3408,speaker_count_3408_last,20,6,21,12,14,7,6
ex04_enunciated_00080,ex04::I'M DOING SOCIETY A FAVOR,emotion_3408,speaker_count_3408_last,40,6,21,12,14,7,6
ex04_enunciated_00080,ex04::I'M DOING SOCIETY A FAVOR,intent_3408_last,speaker_count_3408_last,0,2,26,4,19,7,2
ex04_enunciated_00080,ex04::I'M DOING SOCIETY A FAVOR,intent_3408_last,speaker_count_3408_last,20,6,26,12,19,7,6
ex04_enunciated_00080,ex04::I'M DOING SOCIETY A FAVOR,intent_3408_last,speaker_count_3408_last,40,6,26,12,19,7,6
ex04_enunciated_00099,ex04::DOES WEBMD HAVE A WEBPAGE ON DECODING CODE,asr_3408,emotion_3408,0,14,71,28,46,25,14
ex04_enunciated_00099,ex04::DOES WEBMD HAVE A WEBPAGE ON DECODING CODE,asr_3408,emotion_3408,20,22,71,44,46,25,22
ex04_enunciated_00099,ex04::DOES WEBMD HAVE A WEBPAGE ON DECODING CODE,asr_3408,emotion_3408,40,25,71,50,46,25,25
ex04_enunciated_00099,ex04::DOES WEBMD HAVE A WEBPAGE ON DECODING CODE,asr_3408,intent_3408_last,0,20,79,40,46,33,20
ex04_enunciated_00099,ex04::DOES WEBMD HAVE A WEBPAGE ON DECODING CODE,asr_3408,intent_3408_last,20,31,79,62,46,33,31
ex04_enunciated_00099,ex04::DOES WEBMD HAVE A WEBPAGE ON DECODING CODE,asr_3408,intent_3408_last,40,33,79,66,46,33,33
ex04_enunciated_00099,ex04::DOES WEBMD HAVE A WEBPAGE ON DECODING CODE,asr_3408,speaker_count_3408_last,0,4,57,8,46,11,4
ex04_enunciated_00099,ex04::DOES WEBMD HAVE A WEBPAGE ON DECODING CODE,asr_3408,speaker_count_3408_last,20,9,57,18,46,11,9
ex04_enunciated_00099,ex04::DOES WEBMD HAVE A WEBPAGE ON DECODING CODE,asr_3408,speaker_count_3408_last,40,10,57,20,46,11,10
ex04_enunciated_00099,ex04::DOES WEBMD HAVE A WEBPAGE ON DECODING CODE,emotion_3408,intent_3408_last,0,15,58,30,25,33,15
ex04_enunciated_00099,ex04::DOES WEBMD HAVE A WEBPAGE ON DECODING CODE,emotion_3408,intent_3408_last,20,22,58,44,25,33,22
ex04_enunciated_00099,ex04::DOES WEBMD HAVE A WEBPAGE ON DECODING CODE,emotion_3408,intent_3408_last,40,24,58,48,25,33,25
ex04_enunciated_00099,ex04::DOES WEBMD HAVE A WEBPAGE ON DECODING CODE,emotion_3408,speaker_count_3408_last,0,5,36,10,25,11,5
ex04_enunciated_00099,ex04::DOES WEBMD HAVE A WEBPAGE ON DECODING CODE,emotion_3408,speaker_count_3408_last,20,10,36,20,25,11,10
ex04_enunciated_00099,ex04::DOES WEBMD HAVE A WEBPAGE ON DECODING CODE,emotion_3408,speaker_count_3408_last,40,10,36,20,25,11,10
ex04_enunciated_00099,ex04::DOES WEBMD HAVE A WEBPAGE ON DECODING CODE,intent_3408_last,speaker_count_3408_last,0,5,44,10,33,11,5
ex04_enunciated_00099,ex04::DOES WEBMD HAVE A WEBPAGE ON DECODING CODE,intent_3408_last,speaker_count_3408_last,20,10,44,20,33,11,10
ex04_enunciated_00099,ex04::DOES WEBMD HAVE A WEBPAGE ON DECODING CODE,intent_3408_last,speaker_count_3408_last,40,10,44,20,33,11,10
ex04_enunciated_00147,ex04::YOU'RE ANGRY ON THE TIN ROOF,asr_3408,emotion_3408,0,9,40,18,26,14,9
ex04_enunciated_00147,ex04::YOU'RE ANGRY ON THE TIN ROOF,asr_3408,emotion_3408,20,13,40,26,26,14,13
ex04_enunciated_00147,ex04::YOU'RE ANGRY ON THE TIN ROOF,asr_3408,emotion_3408,40,14,40,28,26,14,14
ex04_enunciated_00147,ex04::YOU'RE ANGRY ON THE TIN ROOF,asr_3408,intent_3408_last,0,11,48,22,26,22,11
ex04_enunciated_00147,ex04::YOU'RE ANGRY ON THE TIN ROOF,asr_3408,intent_3408_last,20,20,48,40,26,22,20
ex04_enunciated_00147,ex04::YOU'RE ANGRY ON THE TIN ROOF,asr_3408,intent_3408_last,40,22,48,44,26,22,22
ex04_enunciated_00147,ex04::YOU'RE ANGRY ON THE TIN ROOF,asr_3408,speaker_count_3408_last,0,4,33,8,26,7,4
ex04_enunciated_00147,ex04::YOU'RE ANGRY ON THE TIN ROOF,asr_3408,speaker_count_3408_last,20,6,33,12,26,7,6
ex04_enunciated_00147,ex04::YOU'RE ANGRY ON THE TIN ROOF,asr_3408,speaker_count_3408_last,40,6,33,12,26,7,6
ex04_enunciated_00147,ex04::YOU'RE ANGRY ON THE TIN ROOF,emotion_3408,intent_3408_last,0,7,36,14,14,22,7
ex04_enunciated_00147,ex04::YOU'RE ANGRY ON THE TIN ROOF,emotion_3408,intent_3408_last,20,13,36,26,14,22,13
ex04_enunciated_00147,ex04::YOU'RE ANGRY ON THE TIN ROOF,emotion_3408,intent_3408_last,40,13,36,26,14,22,15
ex04_enunciated_00147,ex04::YOU'RE ANGRY ON THE TIN ROOF,emotion_3408,speaker_count_3408_last,0,3,21,6,14,7,3
ex04_enunciated_00147,ex04::YOU'RE ANGRY ON THE TIN ROOF,emotion_3408,speaker_count_3408_last,20,5,21,10,14,7,5
ex04_enunciated_00147,ex04::YOU'RE ANGRY ON THE TIN ROOF,emotion_3408,speaker_count_3408_last,40,5,21,10,14,7,5
ex04_enunciated_00147,ex04::YOU'RE ANGRY ON THE TIN ROOF,intent_3408_last,speaker_count_3408_last,0,3,29,6,22,7,3
ex04_enunciated_00147,ex04::YOU'RE ANGRY ON THE TIN ROOF,intent_3408_last,speaker_count_3408_last,20,5,29,10,22,7,5
ex04_enunciated_00147,ex04::YOU'RE ANGRY ON THE TIN ROOF,intent_3408_last,speaker_count_3408_last,40,5,29,10,22,7,5
ex04_enunciated_00158,ex04::AND THEN HE WOULD COME OVER TO OUR SET AND FILM THROUGHOUT THE NIGHT,asr_3408,emotion_3408,0,20,95,40,60,35,20
ex04_enunciated_00158,ex04::AND THEN HE WOULD COME OVER TO OUR SET AND FILM THROUGHOUT THE NIGHT,asr_3408,emotion_3408,20,33,95,66,60,35,33
ex04_enunciated_00158,ex04::AND THEN HE WOULD COME OVER TO OUR SET AND FILM THROUGHOUT THE NIGHT,asr_3408,emotion_3408,40,34,95,68,60,35,34
ex04_enunciated_00158,ex04::AND THEN HE WOULD COME OVER TO OUR SET AND FILM THROUGHOUT THE NIGHT,asr_3408,intent_3408_last,0,32,102,64,60,42,32
ex04_enunciated_00158,ex04::AND THEN HE WOULD COME OVER TO OUR SET AND FILM THROUGHOUT THE NIGHT,asr_3408,intent_3408_last,20,41,102,82,60,42,41
ex04_enunciated_00158,ex04::AND THEN HE WOULD COME OVER TO OUR SET AND FILM THROUGHOUT THE NIGHT,asr_3408,intent_3408_last,40,42,102,84,60,42,42
ex04_enunciated_00158,ex04::AND THEN HE WOULD COME OVER TO OUR SET AND FILM THROUGHOUT THE NIGHT,asr_3408,speaker_count_3408_last,0,9,78,18,60,18,9
ex04_enunciated_00158,ex04::AND THEN HE WOULD COME OVER TO OUR SET AND FILM THROUGHOUT THE NIGHT,asr_3408,speaker_count_3408_last,20,17,78,34,60,18,17
ex04_enunciated_00158,ex04::AND THEN HE WOULD COME OVER TO OUR SET AND FILM THROUGHOUT THE NIGHT,asr_3408,speaker_count_3408_last,40,18,78,36,60,18,18
ex04_enunciated_00158,ex04::AND THEN HE WOULD COME OVER TO OUR SET AND FILM THROUGHOUT THE NIGHT,emotion_3408,intent_3408_last,0,23,77,46,35,42,23
ex04_enunciated_00158,ex04::AND THEN HE WOULD COME OVER TO OUR SET AND FILM THROUGHOUT THE NIGHT,emotion_3408,intent_3408_last,20,29,77,58,35,42,29
ex04_enunciated_00158,ex04::AND THEN HE WOULD COME OVER TO OUR SET AND FILM THROUGHOUT THE NIGHT,emotion_3408,intent_3408_last,40,32,77,64,35,42,36
ex04_enunciated_00158,ex04::AND THEN HE WOULD COME OVER TO OUR SET AND FILM THROUGHOUT THE NIGHT,emotion_3408,speaker_count_3408_last,0,6,53,12,35,18,6
ex04_enunciated_00158,ex04::AND THEN HE WOULD COME OVER TO OUR SET AND FILM THROUGHOUT THE NIGHT,emotion_3408,speaker_count_3408_last,20,14,53,28,35,18,14
ex04_enunciated_00158,ex04::AND THEN HE WOULD COME OVER TO OUR SET AND FILM THROUGHOUT THE NIGHT,emotion_3408,speaker_count_3408_last,40,16,53,32,35,18,16
ex04_enunciated_00158,ex04::AND THEN HE WOULD COME OVER TO OUR SET AND FILM THROUGHOUT THE NIGHT,intent_3408_last,speaker_count_3408_last,0,9,60,18,42,18,9
ex04_enunciated_00158,ex04::AND THEN HE WOULD COME OVER TO OUR SET AND FILM THROUGHOUT THE NIGHT,intent_3408_last,speaker_count_3408_last,20,16,60,32,42,18,16
ex04_enunciated_00158,ex04::AND THEN HE WOULD COME OVER TO OUR SET AND FILM THROUGHOUT THE NIGHT,intent_3408_last,speaker_count_3408_last,40,17,60,34,42,18,17
ex04_enunciated_00183,ex04::THE SON ALLEGIANT AND WALK TWO MOONS ARE SIMILAR,asr_3408,emotion_3408,0,12,70,24,46,24,12
ex04_enunciated_00183,ex04::THE SON ALLEGIANT AND WALK TWO MOONS ARE SIMILAR,asr_3408,emotion_3408,20,19,70,38,46,24,19
ex04_enunciated_00183,ex04::THE SON ALLEGIANT AND WALK TWO MOONS ARE SIMILAR,asr_3408,emotion_3408,40,24,70,48,46,24,24
ex04_enunciated_00183,ex04::THE SON ALLEGIANT AND WALK TWO MOONS ARE SIMILAR,asr_3408,intent_3408_last,0,24,80,48,46,34,24
ex04_enunciated_00183,ex04::THE SON ALLEGIANT AND WALK TWO MOONS ARE SIMILAR,asr_3408,intent_3408_last,20,34,80,68,46,34,34
ex04_enunciated_00183,ex04::THE SON ALLEGIANT AND WALK TWO MOONS ARE SIMILAR,asr_3408,intent_3408_last,40,34,80,68,46,34,34
ex04_enunciated_00183,ex04::THE SON ALLEGIANT AND WALK TWO MOONS ARE SIMILAR,asr_3408,speaker_count_3408_last,0,2,62,4,46,16,2
ex04_enunciated_00183,ex04::THE SON ALLEGIANT AND WALK TWO MOONS ARE SIMILAR,asr_3408,speaker_count_3408_last,20,13,62,26,46,16,13
ex04_enunciated_00183,ex04::THE SON ALLEGIANT AND WALK TWO MOONS ARE SIMILAR,asr_3408,speaker_count_3408_last,40,16,62,32,46,16,16
ex04_enunciated_00183,ex04::THE SON ALLEGIANT AND WALK TWO MOONS ARE SIMILAR,emotion_3408,intent_3408_last,0,13,58,26,24,34,13
ex04_enunciated_00183,ex04::THE SON ALLEGIANT AND WALK TWO MOONS ARE SIMILAR,emotion_3408,intent_3408_last,20,21,58,42,24,34,21
ex04_enunciated_00183,ex04::THE SON ALLEGIANT AND WALK TWO MOONS ARE SIMILAR,emotion_3408,intent_3408_last,40,23,58,46,24,34,24
ex04_enunciated_00183,ex04::THE SON ALLEGIANT AND WALK TWO MOONS ARE SIMILAR,emotion_3408,speaker_count_3408_last,0,2,40,4,24,16,2
ex04_enunciated_00183,ex04::THE SON ALLEGIANT AND WALK TWO MOONS ARE SIMILAR,emotion_3408,speaker_count_3408_last,20,9,40,18,24,16,9
ex04_enunciated_00183,ex04::THE SON ALLEGIANT AND WALK TWO MOONS ARE SIMILAR,emotion_3408,speaker_count_3408_last,40,9,40,18,24,16,9
ex04_enunciated_00183,ex04::THE SON ALLEGIANT AND WALK TWO MOONS ARE SIMILAR,intent_3408_last,speaker_count_3408_last,0,2,50,4,34,16,2
ex04_enunciated_00183,ex04::THE SON ALLEGIANT AND WALK TWO MOONS ARE SIMILAR,intent_3408_last,speaker_count_3408_last,20,11,50,22,34,16,11
ex04_enunciated_00183,ex04::THE SON ALLEGIANT AND WALK TWO MOONS ARE SIMILAR,intent_3408_last,speaker_count_3408_last,40,11,50,22,34,16,11
ex04_enunciated_00206,ex04::ENJOY THE MOVIE,asr_3408,emotion_3408,0,5,22,10,16,6,5
ex04_enunciated_00206,ex04::ENJOY THE MOVIE,asr_3408,emotion_3408,20,6,22,12,16,6,6
ex04_enunciated_00206,ex04::ENJOY THE MOVIE,asr_3408,emotion_3408,40,6,22,12,16,6,6
ex04_enunciated_00206,ex04::ENJOY THE MOVIE,asr_3408,intent_3408_last,0,7,27,14,16,11,7
ex04_enunciated_00206,ex04::ENJOY THE MOVIE,asr_3408,intent_3408_last,20,11,27,22,16,11,11
ex04_enunciated_00206,ex04::ENJOY THE MOVIE,asr_3408,intent_3408_last,40,11,27,22,16,11,11
ex04_enunciated_00206,ex04::ENJOY THE MOVIE,asr_3408,speaker_count_3408_last,0,1,20,2,16,4,1
ex04_enunciated_00206,ex04::ENJOY THE MOVIE,asr_3408,speaker_count_3408_last,20,4,20,8,16,4,4
ex04_enunciated_00206,ex04::ENJOY THE MOVIE,asr_3408,speaker_count_3408_last,40,4,20,8,16,4,4
ex04_enunciated_00206,ex04::ENJOY THE MOVIE,emotion_3408,intent_3408_last,0,5,17,10,6,11,5
ex04_enunciated_00206,ex04::ENJOY THE MOVIE,emotion_3408,intent_3408_last,20,5,17,10,6,11,5
ex04_enunciated_00206,ex04::ENJOY THE MOVIE,emotion_3408,intent_3408_last,40,6,17,12,6,11,6
ex04_enunciated_00206,ex04::ENJOY THE MOVIE,emotion_3408,speaker_count_3408_last,0,1,10,2,6,4,1
ex04_enunciated_00206,ex04::ENJOY THE MOVIE,emotion_3408,speaker_count_3408_last,20,4,10,8,6,4,4
ex04_enunciated_00206,ex04::ENJOY THE MOVIE,emotion_3408,speaker_count_3408_last,40,4,10,8,6,4,4
ex04_enunciated_00206,ex04::ENJOY THE MOVIE,intent_3408_last,speaker_count_3408_last,0,1,15,2,11,4,1
ex04_enunciated_00206,ex04::ENJOY THE MOVIE,intent_3408_last,speaker_count_3408_last,20,4,15,8,11,4,4
ex04_enunciated_00206,ex04::ENJOY THE MOVIE,intent_3408_last,speaker_count_3408_last,40,4,15,8,11,4,4
ex04_enunciated_00209,ex04::ANY TRIPLE DIGIT TEMPS THIS WEEK IN TEXAS,asr_3408,emotion_3408,0,16,59,32,37,22,16
ex04_enunciated_00209,ex04::ANY TRIPLE DIGIT TEMPS THIS WEEK IN TEXAS,asr_3408,emotion_3408,20,22,59,44,37,22,22
ex04_enunciated_00209,ex04::ANY TRIPLE DIGIT TEMPS THIS WEEK IN TEXAS,asr_3408,emotion_3408,40,22,59,44,37,22,22
ex04_enunciated_00209,ex04::ANY TRIPLE DIGIT TEMPS THIS WEEK IN TEXAS,asr_3408,intent_3408_last,0,21,65,42,37,28,21
ex04_enunciated_00209,ex04::ANY TRIPLE DIGIT TEMPS THIS WEEK IN TEXAS,asr_3408,intent_3408_last,20,28,65,56,37,28,28
ex04_enunciated_00209,ex04::ANY TRIPLE DIGIT TEMPS THIS WEEK IN TEXAS,asr_3408,intent_3408_last,40,28,65,56,37,28,28
ex04_enunciated_00209,ex04::ANY TRIPLE DIGIT TEMPS THIS WEEK IN TEXAS,asr_3408,speaker_count_3408_last,0,2,49,4,37,12,2
ex04_enunciated_00209,ex04::ANY TRIPLE DIGIT TEMPS THIS WEEK IN TEXAS,asr_3408,speaker_count_3408_last,20,10,49,20,37,12,10
ex04_enunciated_00209,ex04::ANY TRIPLE DIGIT TEMPS THIS WEEK IN TEXAS,asr_3408,speaker_count_3408_last,40,11,49,22,37,12,11
ex04_enunciated_00209,ex04::ANY TRIPLE DIGIT TEMPS THIS WEEK IN TEXAS,emotion_3408,intent_3408_last,0,18,50,36,22,28,18
ex04_enunciated_00209,ex04::ANY TRIPLE DIGIT TEMPS THIS WEEK IN TEXAS,emotion_3408,intent_3408_last,20,22,50,44,22,28,22
ex04_enunciated_00209,ex04::ANY TRIPLE DIGIT TEMPS THIS WEEK IN TEXAS,emotion_3408,intent_3408_last,40,22,50,44,22,28,25
ex04_enunciated_00209,ex04::ANY TRIPLE DIGIT TEMPS THIS WEEK IN TEXAS,emotion_3408,speaker_count_3408_last,0,1,34,2,22,12,1
ex04_enunciated_00209,ex04::ANY TRIPLE DIGIT TEMPS THIS WEEK IN TEXAS,emotion_3408,speaker_count_3408_last,20,9,34,18,22,12,9
ex04_enunciated_00209,ex04::ANY TRIPLE DIGIT TEMPS THIS WEEK IN TEXAS,emotion_3408,speaker_count_3408_last,40,10,34,20,22,12,10
ex04_enunciated_00209,ex04::ANY TRIPLE DIGIT TEMPS THIS WEEK IN TEXAS,intent_3408_last,speaker_count_3408_last,0,2,40,4,28,12,2
ex04_enunciated_00209,ex04::ANY TRIPLE DIGIT TEMPS THIS WEEK IN TEXAS,intent_3408_last,speaker_count_3408_last,20,9,40,18,28,12,9
ex04_enunciated_00209,ex04::ANY TRIPLE DIGIT TEMPS THIS WEEK IN TEXAS,intent_3408_last,speaker_count_3408_last,40,10,40,20,28,12,10
ex04_enunciated_00254,ex04::ANY INDICATION ON HOW HE'S LEANING,asr_3408,emotion_3408,0,8,49,16,34,15,8
ex04_enunciated_00254,ex04::ANY INDICATION ON HOW HE'S LEANING,asr_3408,emotion_3408,20,14,49,28,34,15,14
ex04_enunciated_00254,ex04::ANY INDICATION ON HOW HE'S LEANING,asr_3408,emotion_3408,40,14,49,28,34,15,14
ex04_enunciated_00254,ex04::ANY INDICATION ON HOW HE'S LEANING,asr_3408,intent_3408_last,0,15,59,30,34,25,15
ex04_enunciated_00254,ex04::ANY INDICATION ON HOW HE'S LEANING,asr_3408,intent_3408_last,20,25,59,50,34,25,25
ex04_enunciated_00254,ex04::ANY INDICATION ON HOW HE'S LEANING,asr_3408,intent_3408_last,40,25,59,50,34,25,25
ex04_enunciated_00254,ex04::ANY INDICATION ON HOW HE'S LEANING,asr_3408,speaker_count_3408_last,0,4,43,8,34,9,4
ex04_enunciated_00254,ex04::ANY INDICATION ON HOW HE'S LEANING,asr_3408,speaker_count_3408_last,20,8,43,16,34,9,8
ex04_enunciated_00254,ex04::ANY INDICATION ON HOW HE'S LEANING,asr_3408,speaker_count_3408_last,40,9,43,18,34,9,9
ex04_enunciated_00254,ex04::ANY INDICATION ON HOW HE'S LEANING,emotion_3408,intent_3408_last,0,7,40,14,15,25,7
ex04_enunciated_00254,ex04::ANY INDICATION ON HOW HE'S LEANING,emotion_3408,intent_3408_last,20,12,40,24,15,25,12
ex04_enunciated_00254,ex04::ANY INDICATION ON HOW HE'S LEANING,emotion_3408,intent_3408_last,40,14,40,28,15,25,16
ex04_enunciated_00254,ex04::ANY INDICATION ON HOW HE'S LEANING,emotion_3408,speaker_count_3408_last,0,3,24,6,15,9,3
ex04_enunciated_00254,ex04::ANY INDICATION ON HOW HE'S LEANING,emotion_3408,speaker_count_3408_last,20,8,24,16,15,9,8
ex04_enunciated_00254,ex04::ANY INDICATION ON HOW HE'S LEANING,emotion_3408,speaker_count_3408_last,40,8,24,16,15,9,8
ex04_enunciated_00254,ex04::ANY INDICATION ON HOW HE'S LEANING,intent_3408_last,speaker_count_3408_last,0,4,34,8,25,9,4
ex04_enunciated_00254,ex04::ANY INDICATION ON HOW HE'S LEANING,intent_3408_last,speaker_count_3408_last,20,7,34,14,25,9,7
ex04_enunciated_00254,ex04::ANY INDICATION ON HOW HE'S LEANING,intent_3408_last,speaker_count_3408_last,40,7,34,14,25,9,7
ex04_enunciated_00278,ex04::HEY GAGA HOW'S IT GOING IN THERE,asr_3408,emotion_3408,0,11,42,22,29,13,11
ex04_enunciated_00278,ex04::HEY GAGA HOW'S IT GOING IN THERE,asr_3408,emotion_3408,20,13,42,26,29,13,13
ex04_enunciated_00278,ex04::HEY GAGA HOW'S IT GOING IN THERE,asr_3408,emotion_3408,40,13,42,26,29,13,13
ex04_enunciated_00278,ex04::HEY GAGA HOW'S IT GOING IN THERE,asr_3408,intent_3408_last,0,18,51,36,29,22,18
ex04_enunciated_00278,ex04::HEY GAGA HOW'S IT GOING IN THERE,asr_3408,intent_3408_last,20,22,51,44,29,22,22
ex04_enunciated_00278,ex04::HEY GAGA HOW'S IT GOING IN THERE,asr_3408,intent_3408_last,40,22,51,44,29,22,22
ex04_enunciated_00278,ex04::HEY GAGA HOW'S IT GOING IN THERE,asr_3408,speaker_count_3408_last,0,4,39,8,29,10,4
ex04_enunciated_00278,ex04::HEY GAGA HOW'S IT GOING IN THERE,asr_3408,speaker_count_3408_last,20,9,39,18,29,10,9
ex04_enunciated_00278,ex04::HEY GAGA HOW'S IT GOING IN THERE,asr_3408,speaker_count_3408_last,40,10,39,20,29,10,10
ex04_enunciated_00278,ex04::HEY GAGA HOW'S IT GOING IN THERE,emotion_3408,intent_3408_last,0,11,35,22,13,22,11
ex04_enunciated_00278,ex04::HEY GAGA HOW'S IT GOING IN THERE,emotion_3408,intent_3408_last,20,12,35,24,13,22,12
ex04_enunciated_00278,ex04::HEY GAGA HOW'S IT GOING IN THERE,emotion_3408,intent_3408_last,40,12,35,24,13,22,13
ex04_enunciated_00278,ex04::HEY GAGA HOW'S IT GOING IN THERE,emotion_3408,speaker_count_3408_last,0,4,23,8,13,10,4
ex04_enunciated_00278,ex04::HEY GAGA HOW'S IT GOING IN THERE,emotion_3408,speaker_count_3408_last,20,7,23,14,13,10,7
ex04_enunciated_00278,ex04::HEY GAGA HOW'S IT GOING IN THERE,emotion_3408,speaker_count_3408_last,40,7,23,14,13,10,7
ex04_enunciated_00278,ex04::HEY GAGA HOW'S IT GOING IN THERE,intent_3408_last,speaker_count_3408_last,0,4,32,8,22,10,4
ex04_enunciated_00278,ex04::HEY GAGA HOW'S IT GOING IN THERE,intent_3408_last,speaker_count_3408_last,20,8,32,16,22,10,8
ex04_enunciated_00278,ex04::HEY GAGA HOW'S IT GOING IN THERE,intent_3408_last,speaker_count_3408_last,40,8,32,16,22,10,8
ex04_enunciated_00284,ex04::YOU COULD HAVE WRECKED HIS LIFE,asr_3408,emotion_3408,0,6,46,12,29,17,6
ex04_enunciated_00284,ex04::YOU COULD HAVE WRECKED HIS LIFE,asr_3408,emotion_3408,20,16,46,32,29,17,16
ex04_enunciated_00284,ex04::YOU COULD HAVE WRECKED HIS LIFE,asr_3408,emotion_3408,40,16,46,32,29,17,16
ex04_enunciated_00284,ex04::YOU COULD HAVE WRECKED HIS LIFE,asr_3408,intent_3408_last,0,16,50,32,29,21,16
ex04_enunciated_00284,ex04::YOU COULD HAVE WRECKED HIS LIFE,asr_3408,intent_3408_last,20,19,50,38,29,21,19
ex04_enunciated_00284,ex04::YOU COULD HAVE WRECKED HIS LIFE,asr_3408,intent_3408_last,40,21,50,42,29,21,21
ex04_enunciated_00284,ex04::YOU COULD HAVE WRECKED HIS LIFE,asr_3408,speaker_count_3408_last,0,2,36,4,29,7,2
ex04_enunciated_00284,ex04::YOU COULD HAVE WRECKED HIS LIFE,asr_3408,speaker_count_3408_last,20,6,36,12,29,7,6
ex04_enunciated_00284,ex04::YOU COULD HAVE WRECKED HIS LIFE,asr_3408,speaker_count_3408_last,40,7,36,14,29,7,7
ex04_enunciated_00284,ex04::YOU COULD HAVE WRECKED HIS LIFE,emotion_3408,intent_3408_last,0,7,38,14,17,21,7
ex04_enunciated_00284,ex04::YOU COULD HAVE WRECKED HIS LIFE,emotion_3408,intent_3408_last,20,15,38,30,17,21,15
ex04_enunciated_00284,ex04::YOU COULD HAVE WRECKED HIS LIFE,emotion_3408,intent_3408_last,40,15,38,30,17,21,15
ex04_enunciated_00284,ex04::YOU COULD HAVE WRECKED HIS LIFE,emotion_3408,speaker_count_3408_last,0,0,24,0,17,7,0
ex04_enunciated_00284,ex04::YOU COULD HAVE WRECKED HIS LIFE,emotion_3408,speaker_count_3408_last,20,6,24,12,17,7,6
ex04_enunciated_00284,ex04::YOU COULD HAVE WRECKED HIS LIFE,emotion_3408,speaker_count_3408_last,40,6,24,12,17,7,6
ex04_enunciated_00284,ex04::YOU COULD HAVE WRECKED HIS LIFE,intent_3408_last,speaker_count_3408_last,0,2,28,4,21,7,2
ex04_enunciated_00284,ex04::YOU COULD HAVE WRECKED HIS LIFE,intent_3408_last,speaker_count_3408_last,20,6,28,12,21,7,6
ex04_enunciated_00284,ex04::YOU COULD HAVE WRECKED HIS LIFE,intent_3408_last,speaker_count_3408_last,40,6,28,12,21,7,6
ex04_enunciated_00295,ex04::AND FEE AND STEFFY THEY'RE TEENAGERS,asr_3408,emotion_3408,0,11,47,22,31,16,11
ex04_enunciated_00295,ex04::AND FEE AND STEFFY THEY'RE TEENAGERS,asr_3408,emotion_3408,20,15,47,30,31,16,15
ex04_enunciated_00295,ex04::AND FEE AND STEFFY THEY'RE TEENAGERS,asr_3408,emotion_3408,40,16,47,32,31,16,16
ex04_enunciated_00295,ex04::AND FEE AND STEFFY THEY'RE TEENAGERS,asr_3408,intent_3408_last,0,16,54,32,31,23,16
ex04_enunciated_00295,ex04::AND FEE AND STEFFY THEY'RE TEENAGERS,asr_3408,intent_3408_last,20,22,54,44,31,23,22
ex04_enunciated_00295,ex04::AND FEE AND STEFFY THEY'RE TEENAGERS,asr_3408,intent_3408_last,40,23,54,46,31,23,23
ex04_enunciated_00295,ex04::AND FEE AND STEFFY THEY'RE TEENAGERS,asr_3408,speaker_count_3408_last,0,5,42,10,31,11,5
ex04_enunciated_00295,ex04::AND FEE AND STEFFY THEY'RE TEENAGERS,asr_3408,speaker_count_3408_last,20,10,42,20,31,11,10
ex04_enunciated_00295,ex04::AND FEE AND STEFFY THEY'RE TEENAGERS,asr_3408,speaker_count_3408_last,40,10,42,20,31,11,10
ex04_enunciated_00295,ex04::AND FEE AND STEFFY THEY'RE TEENAGERS,emotion_3408,intent_3408_last,0,12,39,24,16,23,12
ex04_enunciated_00295,ex04::AND FEE AND STEFFY THEY'RE TEENAGERS,emotion_3408,intent_3408_last,20,15,39,30,16,23,15
ex04_enunciated_00295,ex04::AND FEE AND STEFFY THEY'RE TEENAGERS,emotion_3408,intent_3408_last,40,15,39,30,16,23,16
ex04_enunciated_00295,ex04::AND FEE AND STEFFY THEY'RE TEENAGERS,emotion_3408,speaker_count_3408_last,0,4,27,8,16,11,4
ex04_enunciated_00295,ex04::AND FEE AND STEFFY THEY'RE TEENAGERS,emotion_3408,speaker_count_3408_last,20,7,27,14,16,11,7
ex04_enunciated_00295,ex04::AND FEE AND STEFFY THEY'RE TEENAGERS,emotion_3408,speaker_count_3408_last,40,7,27,14,16,11,7
ex04_enunciated_00295,ex04::AND FEE AND STEFFY THEY'RE TEENAGERS,intent_3408_last,speaker_count_3408_last,0,5,34,10,23,11,5
ex04_enunciated_00295,ex04::AND FEE AND STEFFY THEY'RE TEENAGERS,intent_3408_last,speaker_count_3408_last,20,7,34,14,23,11,7
ex04_enunciated_00295,ex04::AND FEE AND STEFFY THEY'RE TEENAGERS,intent_3408_last,speaker_count_3408_last,40,7,34,14,23,11,7
ex04_enunciated_00327,ex04::NOT SO FAST,asr_3408,emotion_3408,0,3,18,6,13,5,3
ex04_enunciated_00327,ex04::NOT SO FAST,asr_3408,emotion_3408,20,4,18,8,13,5,4
ex04_enunciated_00327,ex04::NOT SO FAST,asr_3408,emotion_3408,40,5,18,10,13,5,5
ex04_enunciated_00327,ex04::NOT SO FAST,asr_3408,intent_3408_last,0,11,24,22,13,11,11
ex04_enunciated_00327,ex04::NOT SO FAST,asr_3408,intent_3408_last,20,11,24,22,13,11,11
ex04_enunciated_00327,ex04::NOT SO FAST,asr_3408,intent_3408_last,40,11,24,22,13,11,11
ex04_enunciated_00327,ex04::NOT SO FAST,asr_3408,speaker_count_3408_last,0,0,16,0,13,3,0
ex04_enunciated_00327,ex04::NOT SO FAST,asr_3408,speaker_count_3408_last,20,2,16,4,13,3,2
ex04_enunciated_00327,ex04::NOT SO FAST,asr_3408,speaker_count_3408_last,40,2,16,4,13,3,2
ex04_enunciated_00327,ex04::NOT SO FAST,emotion_3408,intent_3408_last,0,3,16,6,5,11,3
ex04_enunciated_00327,ex04::NOT SO FAST,emotion_3408,intent_3408_last,20,4,16,8,5,11,4
ex04_enunciated_00327,ex04::NOT SO FAST,emotion_3408,intent_3408_last,40,4,16,8,5,11,4
ex04_enunciated_00327,ex04::NOT SO FAST,emotion_3408,speaker_count_3408_last,0,0,8,0,5,3,0
ex04_enunciated_00327,ex04::NOT SO FAST,emotion_3408,speaker_count_3408_last,20,2,8,4,5,3,2
ex04_enunciated_00327,ex04::NOT SO FAST,emotion_3408,speaker_count_3408_last,40,2,8,4,5,3,2
ex04_enunciated_00327,ex04::NOT SO FAST,intent_3408_last,speaker_count_3408_last,0,0,14,0,11,3,0
ex04_enunciated_00327,ex04::NOT SO FAST,intent_3408_last,speaker_count_3408_last,20,2,14,4,11,3,2
ex04_enunciated_00327,ex04::NOT SO FAST,intent_3408_last,speaker_count_3408_last,40,2,14,4,11,3,2
ex04_enunciated_00334,ex04::OKAY SINCE WE'RE TALKING ABOUT WILL SMITH WHAT OTHER MOVIES DID HE ACT IN,asr_3408,emotion_3408,0,20,109,40,68,41,20
ex04_enunciated_00334,ex04::OKAY SINCE WE'RE TALKING ABOUT WILL SMITH WHAT OTHER MOVIES DID HE ACT IN,asr_3408,emotion_3408,20,34,109,68,68,41,34
ex04_enunciated_00334,ex04::OKAY SINCE WE'RE TALKING ABOUT WILL SMITH WHAT OTHER MOVIES DID HE ACT IN,asr_3408,emotion_3408,40,38,109,76,68,41,38
ex04_enunciated_00334,ex04::OKAY SINCE WE'RE TALKING ABOUT WILL SMITH WHAT OTHER MOVIES DID HE ACT IN,asr_3408,intent_3408_last,0,34,122,68,68,54,34
ex04_enunciated_00334,ex04::OKAY SINCE WE'RE TALKING ABOUT WILL SMITH WHAT OTHER MOVIES DID HE ACT IN,asr_3408,intent_3408_last,20,51,122,102,68,54,51
ex04_enunciated_00334,ex04::OKAY SINCE WE'RE TALKING ABOUT WILL SMITH WHAT OTHER MOVIES DID HE ACT IN,asr_3408,intent_3408_last,40,53,122,106,68,54,53
ex04_enunciated_00334,ex04::OKAY SINCE WE'RE TALKING ABOUT WILL SMITH WHAT OTHER MOVIES DID HE ACT IN,asr_3408,speaker_count_3408_last,0,10,89,20,68,21,10
ex04_enunciated_00334,ex04::OKAY SINCE WE'RE TALKING ABOUT WILL SMITH WHAT OTHER MOVIES DID HE ACT IN,asr_3408,speaker_count_3408_last,20,20,89,40,68,21,20
ex04_enunciated_00334,ex04::OKAY SINCE WE'RE TALKING ABOUT WILL SMITH WHAT OTHER MOVIES DID HE ACT IN,asr_3408,speaker_count_3408_last,40,20,89,40,68,21,20
ex04_enunciated_00334,ex04::OKAY SINCE WE'RE TALKING ABOUT WILL SMITH WHAT OTHER MOVIES DID HE ACT IN,emotion_3408,intent_3408_last,0,23,95,46,41,54,23
ex04_enunciated_00334,ex04::OKAY SINCE WE'RE TALKING ABOUT WILL SMITH WHAT OTHER MOVIES DID HE ACT IN,emotion_3408,intent_3408_last,20,32,95,64,41,54,33
ex04_enunciated_00334,ex04::OKAY SINCE WE'RE TALKING ABOUT WILL SMITH WHAT OTHER MOVIES DID HE ACT IN,emotion_3408,intent_3408_last,40,38,95,76,41,54,45
ex04_enunciated_00334,ex04::OKAY SINCE WE'RE TALKING ABOUT WILL SMITH WHAT OTHER MOVIES DID HE ACT IN,emotion_3408,speaker_count_3408_last,0,10,62,20,41,21,10
ex04_enunciated_00334,ex04::OKAY SINCE WE'RE TALKING ABOUT WILL SMITH WHAT OTHER MOVIES DID HE ACT IN,emotion_3408,speaker_count_3408_last,20,15,62,30,41,21,15
ex04_enunciated_00334,ex04::OKAY SINCE WE'RE TALKING ABOUT WILL SMITH WHAT OTHER MOVIES DID HE ACT IN,emotion_3408,speaker_count_3408_last,40,15,62,30,41,21,15
ex04_enunciated_00334,ex04::OKAY SINCE WE'RE TALKING ABOUT WILL SMITH WHAT OTHER MOVIES DID HE ACT IN,intent_3408_last,speaker_count_3408_last,0,15,75,30,54,21,15
ex04_enunciated_00334,ex04::OKAY SINCE WE'RE TALKING ABOUT WILL SMITH WHAT OTHER MOVIES DID HE ACT IN,intent_3408_last,speaker_count_3408_last,20,20,75,40,54,21,20
ex04_enunciated_00334,ex04::OKAY SINCE WE'RE TALKING ABOUT WILL SMITH WHAT OTHER MOVIES DID HE ACT IN,intent_3408_last,speaker_count_3408_last,40,20,75,40,54,21,20
ex04_happy_00004,ex04::HEAVIER THAN YOU THOUGHT IT WOULD BE,asr_3408,emotion_3408,0,6,30,12,21,9,6
ex04_happy_00004,ex04::HEAVIER THAN YOU THOUGHT IT WOULD BE,asr_3408,emotion_3408,20,9,30,18,21,9,9
ex04_happy_00004,ex04::HEAVIER THAN YOU THOUGHT IT WOULD BE,asr_3408,emotion_3408,40,9,30,18,21,9,9
ex04_happy_00004,ex04::HEAVIER THAN YOU THOUGHT IT WOULD BE,asr_3408,intent_3408_last,0,9,34,18,21,13,9
ex04_happy_00004,ex04::HEAVIER THAN YOU THOUGHT IT WOULD BE,asr_3408,intent_3408_last,20,13,34,26,21,13,13
ex04_happy_00004,ex04::HEAVIER THAN YOU THOUGHT IT WOULD BE,asr_3408,intent_3408_last,40,13,34,26,21,13,13
ex04_happy_00004,ex04::HEAVIER THAN YOU THOUGHT IT WOULD BE,asr_3408,speaker_count_3408_last,0,4,27,8,21,6,4
ex04_happy_00004,ex04::HEAVIER THAN YOU THOUGHT IT WOULD BE,asr_3408,speaker_count_3408_last,20,5,27,10,21,6,5
ex04_happy_00004,ex04::HEAVIER THAN YOU THOUGHT IT WOULD BE,asr_3408,speaker_count_3408_last,40,5,27,10,21,6,5
ex04_happy_00004,ex04::HEAVIER THAN YOU THOUGHT IT WOULD BE,emotion_3408,intent_3408_last,0,8,22,16,9,13,8
ex04_happy_00004,ex04::HEAVIER THAN YOU THOUGHT IT WOULD BE,emotion_3408,intent_3408_last,20,9,22,18,9,13,9
ex04_happy_00004,ex04::HEAVIER THAN YOU THOUGHT IT WOULD BE,emotion_3408,intent_3408_last,40,9,22,18,9,13,9
ex04_happy_00004,ex04::HEAVIER THAN YOU THOUGHT IT WOULD BE,emotion_3408,speaker_count_3408_last,0,3,15,6,9,6,3
ex04_happy_00004,ex04::HEAVIER THAN YOU THOUGHT IT WOULD BE,emotion_3408,speaker_count_3408_last,20,5,15,10,9,6,5
ex04_happy_00004,ex04::HEAVIER THAN YOU THOUGHT IT WOULD BE,emotion_3408,speaker_count_3408_last,40,6,15,12,9,6,6
ex04_happy_00004,ex04::HEAVIER THAN YOU THOUGHT IT WOULD BE,intent_3408_last,speaker_count_3408_last,0,4,19,8,13,6,4
ex04_happy_00004,ex04::HEAVIER THAN YOU THOUGHT IT WOULD BE,intent_3408_last,speaker_count_3408_last,20,5,19,10,13,6,5
ex04_happy_00004,ex04::HEAVIER THAN YOU THOUGHT IT WOULD BE,intent_3408_last,speaker_count_3408_last,40,6,19,12,13,6,6
ex04_happy_00015,ex04::FENNEL IS A BULB VEGETABLE WITH A LICORICE ANISE FLAVOR TO IT,asr_3408,emotion_3408,0,15,72,30,49,23,15
ex04_happy_00015,ex04::FENNEL IS A BULB VEGETABLE WITH A LICORICE ANISE FLAVOR TO IT,asr_3408,emotion_3408,20,22,72,44,49,23,22
ex04_happy_00015,ex04::FENNEL IS A BULB VEGETABLE WITH A LICORICE ANISE FLAVOR TO IT,asr_3408,emotion_3408,40,23,72,46,49,23,23
ex04_happy_00015,ex04::FENNEL IS A BULB VEGETABLE WITH A LICORICE ANISE FLAVOR TO IT,asr_3408,intent_3408_last,0,21,80,42,49,31,21
ex04_happy_00015,ex04::FENNEL IS A BULB VEGETABLE WITH A LICORICE ANISE FLAVOR TO IT,asr_3408,intent_3408_last,20,30,80,60,49,31,30
ex04_happy_00015,ex04::FENNEL IS A BULB VEGETABLE WITH A LICORICE ANISE FLAVOR TO IT,asr_3408,intent_3408_last,40,30,80,60,49,31,30
ex04_happy_00015,ex04::FENNEL IS A BULB VEGETABLE WITH A LICORICE ANISE FLAVOR TO IT,asr_3408,speaker_count_3408_last,0,4,64,8,49,15,4
ex04_happy_00015,ex04::FENNEL IS A BULB VEGETABLE WITH A LICORICE ANISE FLAVOR TO IT,asr_3408,speaker_count_3408_last,20,12,64,24,49,15,12
ex04_happy_00015,ex04::FENNEL IS A BULB VEGETABLE WITH A LICORICE ANISE FLAVOR TO IT,asr_3408,speaker_count_3408_last,40,14,64,28,49,15,14
ex04_happy_00015,ex04::FENNEL IS A BULB VEGETABLE WITH A LICORICE ANISE FLAVOR TO IT,emotion_3408,intent_3408_last,0,16,54,32,23,31,16
ex04_happy_00015,ex04::FENNEL IS A BULB VEGETABLE WITH A LICORICE ANISE FLAVOR TO IT,emotion_3408,intent_3408_last,20,21,54,42,23,31,21
ex04_happy_00015,ex04::FENNEL IS A BULB VEGETABLE WITH A LICORICE ANISE FLAVOR TO IT,emotion_3408,intent_3408_last,40,23,54,46,23,31,23
ex04_happy_00015,ex04::FENNEL IS A BULB VEGETABLE WITH A LICORICE ANISE FLAVOR TO IT,emotion_3408,speaker_count_3408_last,0,5,38,10,23,15,5
ex04_happy_00015,ex04::FENNEL IS A BULB VEGETABLE WITH A LICORICE ANISE FLAVOR TO IT,emotion_3408,speaker_count_3408_last,20,12,38,24,23,15,12
ex04_happy_00015,ex04::FENNEL IS A BULB VEGETABLE WITH A LICORICE ANISE FLAVOR TO IT,emotion_3408,speaker_count_3408_last,40,13,38,26,23,15,13
ex04_happy_00015,ex04::FENNEL IS A BULB VEGETABLE WITH A LICORICE ANISE FLAVOR TO IT,intent_3408_last,speaker_count_3408_last,0,4,46,8,31,15,4
ex04_happy_00015,ex04::FENNEL IS A BULB VEGETABLE WITH A LICORICE ANISE FLAVOR TO IT,intent_3408_last,speaker_count_3408_last,20,11,46,22,31,15,11
ex04_happy_00015,ex04::FENNEL IS A BULB VEGETABLE WITH A LICORICE ANISE FLAVOR TO IT,intent_3408_last,speaker_count_3408_last,40,14,46,28,31,15,14
ex04_happy_00080,ex04::I'M DOING SOCIETY A FAVOR,asr_3408,emotion_3408,0,4,28,8,21,7,4
ex04_happy_00080,ex04::I'M DOING SOCIETY A FAVOR,asr_3408,emotion_3408,20,6,28,12,21,7,6
ex04_happy_00080,ex04::I'M DOING SOCIETY A FAVOR,asr_3408,emotion_3408,40,7,28,14,21,7,7
ex04_happy_00080,ex04::I'M DOING SOCIETY A FAVOR,asr_3408,intent_3408_last,0,9,34,18,21,13,9
ex04_happy_00080,ex04::I'M DOING SOCIETY A FAVOR,asr_3408,intent_3408_last,20,11,34,22,21,13,11
ex04_happy_00080,ex04::I'M DOING SOCIETY A FAVOR,asr_3408,intent_3408_last,40,13,34,26,21,13,13
ex04_happy_00080,ex04::I'M DOING SOCIETY A FAVOR,asr_3408,speaker_count_3408_last,0,3,29,6,21,8,3
ex04_happy_00080,ex04::I'M DOING SOCIETY A FAVOR,asr_3408,speaker_count_3408_last,20,7,29,14,21,8,7
ex04_happy_00080,ex04::I'M DOING SOCIETY A FAVOR,asr_3408,speaker_count_3408_last,40,8,29,16,21,8,8
ex04_happy_00080,ex04::I'M DOING SOCIETY A FAVOR,emotion_3408,intent_3408_last,0,5,20,10,7,13,5
ex04_happy_00080,ex04::I'M DOING SOCIETY A FAVOR,emotion_3408,intent_3408_last,20,7,20,14,7,13,7
ex04_happy_00080,ex04::I'M DOING SOCIETY A FAVOR,emotion_3408,intent_3408_last,40,7,20,14,7,13,7
ex04_happy_00080,ex04::I'M DOING SOCIETY A FAVOR,emotion_3408,speaker_count_3408_last,0,3,15,6,7,8,3
ex04_happy_00080,ex04::I'M DOING SOCIETY A FAVOR,emotion_3408,speaker_count_3408_last,20,5,15,10,7,8,5
ex04_happy_00080,ex04::I'M DOING SOCIETY A FAVOR,emotion_3408,speaker_count_3408_last,40,5,15,10,7,8,5
ex04_happy_00080,ex04::I'M DOING SOCIETY A FAVOR,intent_3408_last,speaker_count_3408_last,0,4,21,8,13,8,4
ex04_happy_00080,ex04::I'M DOING SOCIETY A FAVOR,intent_3408_last,speaker_count_3408_last,20,7,21,14,13,8,7
ex04_happy_00080,ex04::I'M DOING SOCIETY A FAVOR,intent_3408_last,speaker_count_3408_last,40,7,21,14,13,8,7
ex04_happy_00099,ex04::DOES WEBMD HAVE A WEBPAGE ON DECODING CODE,asr_3408,emotion_3408,0,15,57,30,37,20,15
ex04_happy_00099,ex04::DOES WEBMD HAVE A WEBPAGE ON DECODING CODE,asr_3408,emotion_3408,20,19,57,38,37,20,19
ex04_happy_00099,ex04::DOES WEBMD HAVE A WEBPAGE ON DECODING CODE,asr_3408,emotion_3408,40,20,57,40,37,20,20
ex04_happy_00099,ex04::DOES WEBMD HAVE A WEBPAGE ON DECODING CODE,asr_3408,intent_3408_last,0,18,62,36,37,25,18
ex04_happy_00099,ex04::DOES WEBMD HAVE A WEBPAGE ON DECODING CODE,asr_3408,intent_3408_last,20,24,62,48,37,25,24
ex04_happy_00099,ex04::DOES WEBMD HAVE A WEBPAGE ON DECODING CODE,asr_3408,intent_3408_last,40,25,62,50,37,25,25
ex04_happy_00099,ex04::DOES WEBMD HAVE A WEBPAGE ON DECODING CODE,asr_3408,speaker_count_3408_last,0,8,49,16,37,12,8
ex04_happy_00099,ex04::DOES WEBMD HAVE A WEBPAGE ON DECODING CODE,asr_3408,speaker_count_3408_last,20,12,49,24,37,12,12
ex04_happy_00099,ex04::DOES WEBMD HAVE A WEBPAGE ON DECODING CODE,asr_3408,speaker_count_3408_last,40,12,49,24,37,12,12
ex04_happy_00099,ex04::DOES WEBMD HAVE A WEBPAGE ON DECODING CODE,emotion_3408,intent_3408_last,0,17,45,34,20,25,17
ex04_happy_00099,ex04::DOES WEBMD HAVE A WEBPAGE ON DECODING CODE,emotion_3408,intent_3408_last,20,19,45,38,20,25,19
ex04_happy_00099,ex04::DOES WEBMD HAVE A WEBPAGE ON DECODING CODE,emotion_3408,intent_3408_last,40,20,45,40,20,25,21
ex04_happy_00099,ex04::DOES WEBMD HAVE A WEBPAGE ON DECODING CODE,emotion_3408,speaker_count_3408_last,0,6,32,12,20,12,6
ex04_happy_00099,ex04::DOES WEBMD HAVE A WEBPAGE ON DECODING CODE,emotion_3408,speaker_count_3408_last,20,11,32,22,20,12,11
ex04_happy_00099,ex04::DOES WEBMD HAVE A WEBPAGE ON DECODING CODE,emotion_3408,speaker_count_3408_last,40,12,32,24,20,12,12
ex04_happy_00099,ex04::DOES WEBMD HAVE A WEBPAGE ON DECODING CODE,intent_3408_last,speaker_count_3408_last,0,7,37,14,25,12,7
ex04_happy_00099,ex04::DOES WEBMD HAVE A WEBPAGE ON DECODING CODE,intent_3408_last,speaker_count_3408_last,20,12,37,24,25,12,12
ex04_happy_00099,ex04::DOES WEBMD HAVE A WEBPAGE ON DECODING CODE,intent_3408_last,speaker_count_3408_last,40,12,37,24,25,12,12
ex04_happy_00147,ex04::YOU'RE ANGRY ON THE TIN ROOF,asr_3408,emotion_3408,0,6,32,12,21,11,6
ex04_happy_00147,ex04::YOU'RE ANGRY ON THE TIN ROOF,asr_3408,emotion_3408,20,10,32,20,21,11,10
ex04_happy_00147,ex04::YOU'RE ANGRY ON THE TIN ROOF,asr_3408,emotion_3408,40,11,32,22,21,11,11
ex04_happy_00147,ex04::YOU'RE ANGRY ON THE TIN ROOF,asr_3408,intent_3408_last,0,10,39,20,21,18,10
ex04_happy_00147,ex04::YOU'RE ANGRY ON THE TIN ROOF,asr_3408,intent_3408_last,20,17,39,34,21,18,17
ex04_happy_00147,ex04::YOU'RE ANGRY ON THE TIN ROOF,asr_3408,intent_3408_last,40,18,39,36,21,18,18
ex04_happy_00147,ex04::YOU'RE ANGRY ON THE TIN ROOF,asr_3408,speaker_count_3408_last,0,1,26,2,21,5,1
ex04_happy_00147,ex04::YOU'RE ANGRY ON THE TIN ROOF,asr_3408,speaker_count_3408_last,20,4,26,8,21,5,4
ex04_happy_00147,ex04::YOU'RE ANGRY ON THE TIN ROOF,asr_3408,speaker_count_3408_last,40,5,26,10,21,5,5
ex04_happy_00147,ex04::YOU'RE ANGRY ON THE TIN ROOF,emotion_3408,intent_3408_last,0,8,29,16,11,18,8
ex04_happy_00147,ex04::YOU'RE ANGRY ON THE TIN ROOF,emotion_3408,intent_3408_last,20,10,29,20,11,18,10
ex04_happy_00147,ex04::YOU'RE ANGRY ON THE TIN ROOF,emotion_3408,intent_3408_last,40,11,29,22,11,18,12
ex04_happy_00147,ex04::YOU'RE ANGRY ON THE TIN ROOF,emotion_3408,speaker_count_3408_last,0,1,16,2,11,5,1
ex04_happy_00147,ex04::YOU'RE ANGRY ON THE TIN ROOF,emotion_3408,speaker_count_3408_last,20,3,16,6,11,5,3
ex04_happy_00147,ex04::YOU'RE ANGRY ON THE TIN ROOF,emotion_3408,speaker_count_3408_last,40,4,16,8,11,5,4
ex04_happy_00147,ex04::YOU'RE ANGRY ON THE TIN ROOF,intent_3408_last,speaker_count_3408_last,0,2,23,4,18,5,2
ex04_happy_00147,ex04::YOU'RE ANGRY ON THE TIN ROOF,intent_3408_last,speaker_count_3408_last,20,4,23,8,18,5,4
ex04_happy_00147,ex04::YOU'RE ANGRY ON THE TIN ROOF,intent_3408_last,speaker_count_3408_last,40,5,23,10,18,5,5
ex04_happy_00158,ex04::AND THEN HE WOULD COME OVER TO OUR SET AND FILM THROUGHOUT THE NIGHT,asr_3408,emotion_3408,0,12,63,24,44,19,12
ex04_happy_00158,ex04::AND THEN HE WOULD COME OVER TO OUR SET AND FILM THROUGHOUT THE NIGHT,asr_3408,emotion_3408,20,16,63,32,44,19,16
ex04_happy_00158,ex04::AND THEN HE WOULD COME OVER TO OUR SET AND FILM THROUGHOUT THE NIGHT,asr_3408,emotion_3408,40,19,63,38,44,19,19
ex04_happy_00158,ex04::AND THEN HE WOULD COME OVER TO OUR SET AND FILM THROUGHOUT THE NIGHT,asr_3408,intent_3408_last,0,21,71,42,44,27,21
ex04_happy_00158,ex04::AND THEN HE WOULD COME OVER TO OUR SET AND FILM THROUGHOUT THE NIGHT,asr_3408,intent_3408_last,20,27,71,54,44,27,27
ex04_happy_00158,ex04::AND THEN HE WOULD COME OVER TO OUR SET AND FILM THROUGHOUT THE NIGHT,asr_3408,intent_3408_last,40,27,71,54,44,27,27
ex04_happy_00158,ex04::AND THEN HE WOULD COME OVER TO OUR SET AND FILM THROUGHOUT THE NIGHT,asr_3408,speaker_count_3408_last,0,7,60,14,44,16,7
ex04_happy_00158,ex04::AND THEN HE WOULD COME OVER TO OUR SET AND FILM THROUGHOUT THE NIGHT,asr_3408,speaker_count_3408_last,20,15,60,30,44,16,15
ex04_happy_00158,ex04::AND THEN HE WOULD COME OVER TO OUR SET AND FILM THROUGHOUT THE NIGHT,asr_3408,speaker_count_3408_last,40,16,60,32,44,16,16
ex04_happy_00158,ex04::AND THEN HE WOULD COME OVER TO OUR SET AND FILM THROUGHOUT THE NIGHT,emotion_3408,intent_3408_last,0,11,46,22,19,27,11
ex04_happy_00158,ex04::AND THEN HE WOULD COME OVER TO OUR SET AND FILM THROUGHOUT THE NIGHT,emotion_3408,intent_3408_last,20,17,46,34,19,27,17
ex04_happy_00158,ex04::AND THEN HE WOULD COME OVER TO OUR SET AND FILM THROUGHOUT THE NIGHT,emotion_3408,intent_3408_last,40,18,46,36,19,27,19
ex04_happy_00158,ex04::AND THEN HE WOULD COME OVER TO OUR SET AND FILM THROUGHOUT THE NIGHT,emotion_3408,speaker_count_3408_last,0,6,35,12,19,16,6
ex04_happy_00158,ex04::AND THEN HE WOULD COME OVER TO OUR SET AND FILM THROUGHOUT THE NIGHT,emotion_3408,speaker_count_3408_last,20,12,35,24,19,16,12
ex04_happy_00158,ex04::AND THEN HE WOULD COME OVER TO OUR SET AND FILM THROUGHOUT THE NIGHT,emotion_3408,speaker_count_3408_last,40,12,35,24,19,16,12
ex04_happy_00158,ex04::AND THEN HE WOULD COME OVER TO OUR SET AND FILM THROUGHOUT THE NIGHT,intent_3408_last,speaker_count_3408_last,0,8,43,16,27,16,8
ex04_happy_00158,ex04::AND THEN HE WOULD COME OVER TO OUR SET AND FILM THROUGHOUT THE NIGHT,intent_3408_last,speaker_count_3408_last,20,14,43,28,27,16,14
ex04_happy_00158,ex04::AND THEN HE WOULD COME OVER TO OUR SET AND FILM THROUGHOUT THE NIGHT,intent_3408_last,speaker_count_3408_last,40,15,43,30,27,16,15
ex04_happy_00183,ex04::THE SON ALLEGIANT AND WALK TWO MOONS ARE SIMILAR,asr_3408,emotion_3408,0,12,55,24,39,16,12
ex04_happy_00183,ex04::THE SON ALLEGIANT AND WALK TWO MOONS ARE SIMILAR,asr_3408,emotion_3408,20,15,55,30,39,16,15
ex04_happy_00183,ex04::THE SON ALLEGIANT AND WALK TWO MOONS ARE SIMILAR,asr_3408,emotion_3408,40,16,55,32,39,16,16
ex04_happy_00183,ex04::THE SON ALLEGIANT AND WALK TWO MOONS ARE SIMILAR,asr_3408,intent_3408_last,0,20,64,40,39,25,20
ex04_happy_00183,ex04::THE SON ALLEGIANT AND WALK TWO MOONS ARE SIMILAR,asr_3408,intent_3408_last,20,25,64,50,39,25,25
ex04_happy_00183,ex04::THE SON ALLEGIANT AND WALK TWO MOONS ARE SIMILAR,asr_3408,intent_3408_last,40,25,64,50,39,25,25
ex04_happy_00183,ex04::THE SON ALLEGIANT AND WALK TWO MOONS ARE SIMILAR,asr_3408,speaker_count_3408_last,0,9,52,18,39,13,9
ex04_happy_00183,ex04::THE SON ALLEGIANT AND WALK TWO MOONS ARE SIMILAR,asr_3408,speaker_count_3408_last,20,12,52,24,39,13,12
ex04_happy_00183,ex04::THE SON ALLEGIANT AND WALK TWO MOONS ARE SIMILAR,asr_3408,speaker_count_3408_last,40,13,52,26,39,13,13
ex04_happy_00183,ex04::THE SON ALLEGIANT AND WALK TWO MOONS ARE SIMILAR,emotion_3408,intent_3408_last,0,13,41,26,16,25,13
ex04_happy_00183,ex04::THE SON ALLEGIANT AND WALK TWO MOONS ARE SIMILAR,emotion_3408,intent_3408_last,20,15,41,30,16,25,15
ex04_happy_00183,ex04::THE SON ALLEGIANT AND WALK TWO MOONS ARE SIMILAR,emotion_3408,intent_3408_last,40,16,41,32,16,25,16
ex04_happy_00183,ex04::THE SON ALLEGIANT AND WALK TWO MOONS ARE SIMILAR,emotion_3408,speaker_count_3408_last,0,6,29,12,16,13,6
ex04_happy_00183,ex04::THE SON ALLEGIANT AND WALK TWO MOONS ARE SIMILAR,emotion_3408,speaker_count_3408_last,20,9,29,18,16,13,9
ex04_happy_00183,ex04::THE SON ALLEGIANT AND WALK TWO MOONS ARE SIMILAR,emotion_3408,speaker_count_3408_last,40,10,29,20,16,13,10
ex04_happy_00183,ex04::THE SON ALLEGIANT AND WALK TWO MOONS ARE SIMILAR,intent_3408_last,speaker_count_3408_last,0,7,38,14,25,13,7
ex04_happy_00183,ex04::THE SON ALLEGIANT AND WALK TWO MOONS ARE SIMILAR,intent_3408_last,speaker_count_3408_last,20,10,38,20,25,13,10
ex04_happy_00183,ex04::THE SON ALLEGIANT AND WALK TWO MOONS ARE SIMILAR,intent_3408_last,speaker_count_3408_last,40,10,38,20,25,13,10
ex04_happy_00206,ex04::ENJOY THE MOVIE,asr_3408,emotion_3408,0,4,19,8,14,5,4
ex04_happy_00206,ex04::ENJOY THE MOVIE,asr_3408,emotion_3408,20,4,19,8,14,5,4
ex04_happy_00206,ex04::ENJOY THE MOVIE,asr_3408,emotion_3408,40,5,19,10,14,5,5
ex04_happy_00206,ex04::ENJOY THE MOVIE,asr_3408,intent_3408_last,0,6,22,12,14,8,6
ex04_happy_00206,ex04::ENJOY THE MOVIE,asr_3408,intent_3408_last,20,8,22,16,14,8,8
ex04_happy_00206,ex04::ENJOY THE MOVIE,asr_3408,intent_3408_last,40,8,22,16,14,8,8
ex04_happy_00206,ex04::ENJOY THE MOVIE,asr_3408,speaker_count_3408_last,0,2,18,4,14,4,2
ex04_happy_00206,ex04::ENJOY THE MOVIE,asr_3408,speaker_count_3408_last,20,3,18,6,14,4,3
ex04_happy_00206,ex04::ENJOY THE MOVIE,asr_3408,speaker_count_3408_last,40,3,18,6,14,4,3
ex04_happy_00206,ex04::ENJOY THE MOVIE,emotion_3408,intent_3408_last,0,4,13,8,5,8,4
ex04_happy_00206,ex04::ENJOY THE MOVIE,emotion_3408,intent_3408_last,20,4,13,8,5,8,4
ex04_happy_00206,ex04::ENJOY THE MOVIE,emotion_3408,intent_3408_last,40,5,13,10,5,8,5
ex04_happy_00206,ex04::ENJOY THE MOVIE,emotion_3408,speaker_count_3408_last,0,2,9,4,5,4,2
ex04_happy_00206,ex04::ENJOY THE MOVIE,emotion_3408,speaker_count_3408_last,20,3,9,6,5,4,3
ex04_happy_00206,ex04::ENJOY THE MOVIE,emotion_3408,speaker_count_3408_last,40,3,9,6,5,4,3
ex04_happy_00206,ex04::ENJOY THE MOVIE,intent_3408_last,speaker_count_3408_last,0,2,12,4,8,4,2
ex04_happy_00206,ex04::ENJOY THE MOVIE,intent_3408_last,speaker_count_3408_last,20,3,12,6,8,4,3
ex04_happy_00206,ex04::ENJOY THE MOVIE,intent_3408_last,speaker_count_3408_last,40,3,12,6,8,4,3
ex04_happy_00209,ex04::ANY TRIPLE DIGIT TEMPS THIS WEEK IN TEXAS,asr_3408,emotion_3408,0,10,46,20,31,15,10
ex04_happy_00209,ex04::ANY TRIPLE DIGIT TEMPS THIS WEEK IN TEXAS,asr_3408,emotion_3408,20,15,46,30,31,15,15
ex04_happy_00209,ex04::ANY TRIPLE DIGIT TEMPS THIS WEEK IN TEXAS,asr_3408,emotion_3408,40,15,46,30,31,15,15
ex04_happy_00209,ex04::ANY TRIPLE DIGIT TEMPS THIS WEEK IN TEXAS,asr_3408,intent_3408_last,0,13,51,26,31,20,13
ex04_happy_00209,ex04::ANY TRIPLE DIGIT TEMPS THIS WEEK IN TEXAS,asr_3408,intent_3408_last,20,20,51,40,31,20,20
ex04_happy_00209,ex04::ANY TRIPLE DIGIT TEMPS THIS WEEK IN TEXAS,asr_3408,intent_3408_last,40,20,51,40,31,20,20
ex04_happy_00209,ex04::ANY TRIPLE DIGIT TEMPS THIS WEEK IN TEXAS,asr_3408,speaker_count_3408_last,0,5,39,10,31,8,5
ex04_happy_00209,ex04::ANY TRIPLE DIGIT TEMPS THIS WEEK IN TEXAS,asr_3408,speaker_count_3408_last,20,8,39,16,31,8,8
ex04_happy_00209,ex04::ANY TRIPLE DIGIT TEMPS THIS WEEK IN TEXAS,asr_3408,speaker_count_3408_last,40,8,39,16,31,8,8
ex04_happy_00209,ex04::ANY TRIPLE DIGIT TEMPS THIS WEEK IN TEXAS,emotion_3408,intent_3408_last,0,14,35,28,15,20,14
ex04_happy_00209,ex04::ANY TRIPLE DIGIT TEMPS THIS WEEK IN TEXAS,emotion_3408,intent_3408_last,20,15,35,30,15,20,15
ex04_happy_00209,ex04::ANY TRIPLE DIGIT TEMPS THIS WEEK IN TEXAS,emotion_3408,intent_3408_last,40,15,35,30,15,20,15
ex04_happy_00209,ex04::ANY TRIPLE DIGIT TEMPS THIS WEEK IN TEXAS,emotion_3408,speaker_count_3408_last,0,4,23,8,15,8,4
ex04_happy_00209,ex04::ANY TRIPLE DIGIT TEMPS THIS WEEK IN TEXAS,emotion_3408,speaker_count_3408_last,20,8,23,16,15,8,8
ex04_happy_00209,ex04::ANY TRIPLE DIGIT TEMPS THIS WEEK IN TEXAS,emotion_3408,speaker_count_3408_last,40,8,23,16,15,8,8
ex04_happy_00209,ex04::ANY TRIPLE DIGIT TEMPS THIS WEEK IN TEXAS,intent_3408_last,speaker_count_3408_last,0,4,28,8,20,8,4
ex04_happy_00209,ex04::ANY TRIPLE DIGIT TEMPS THIS WEEK IN TEXAS,intent_3408_last,speaker_count_3408_last,20,8,28,16,20,8,8
ex04_happy_00209,ex04::ANY TRIPLE DIGIT TEMPS THIS WEEK IN TEXAS,intent_3408_last,speaker_count_3408_last,40,8,28,16,20,8,8
ex04_happy_00254,ex04::ANY INDICATION ON HOW HE'S LEANING,asr_3408,emotion_3408,0,6,37,12,27,10,6
ex04_happy_00254,ex04::ANY INDICATION ON HOW HE'S LEANING,asr_3408,emotion_3408,20,10,37,20,27,10,10
ex04_happy_00254,ex04::ANY INDICATION ON HOW HE'S LEANING,asr_3408,emotion_3408,40,10,37,20,27,10,10
ex04_happy_00254,ex04::ANY INDICATION ON HOW HE'S LEANING,asr_3408,intent_3408_last,0,12,43,24,27,16,12
ex04_happy_00254,ex04::ANY INDICATION ON HOW HE'S LEANING,asr_3408,intent_3408_last,20,16,43,32,27,16,16
ex04_happy_00254,ex04::ANY INDICATION ON HOW HE'S LEANING,asr_3408,intent_3408_last,40,16,43,32,27,16,16
ex04_happy_00254,ex04::ANY INDICATION ON HOW HE'S LEANING,asr_3408,speaker_count_3408_last,0,5,35,10,27,8,5
ex04_happy_00254,ex04::ANY INDICATION ON HOW HE'S LEANING,asr_3408,speaker_count_3408_last,20,8,35,16,27,8,8
ex04_happy_00254,ex04::ANY INDICATION ON HOW HE'S LEANING,asr_3408,speaker_count_3408_last,40,8,35,16,27,8,8
ex04_happy_00254,ex04::ANY INDICATION ON HOW HE'S LEANING,emotion_3408,intent_3408_last,0,7,26,14,10,16,7
ex04_happy_00254,ex04::ANY INDICATION ON HOW HE'S LEANING,emotion_3408,intent_3408_last,20,9,26,18,10,16,10
ex04_happy_00254,ex04::ANY INDICATION ON HOW HE'S LEANING,emotion_3408,intent_3408_last,40,10,26,20,10,16,11
ex04_happy_00254,ex04::ANY INDICATION ON HOW HE'S LEANING,emotion_3408,speaker_count_3408_last,0,3,18,6,10,8,3
ex04_happy_00254,ex04::ANY INDICATION ON HOW HE'S LEANING,emotion_3408,speaker_count_3408_last,20,6,18,12,10,8,6
ex04_happy_00254,ex04::ANY INDICATION ON HOW HE'S LEANING,emotion_3408,speaker_count_3408_last,40,6,18,12,10,8,6
ex04_happy_00254,ex04::ANY INDICATION ON HOW HE'S LEANING,intent_3408_last,speaker_count_3408_last,0,5,24,10,16,8,5
ex04_happy_00254,ex04::ANY INDICATION ON HOW HE'S LEANING,intent_3408_last,speaker_count_3408_last,20,6,24,12,16,8,6
ex04_happy_00254,ex04::ANY INDICATION ON HOW HE'S LEANING,intent_3408_last,speaker_count_3408_last,40,6,24,12,16,8,6
ex04_happy_00278,ex04::HEY GAGA HOW'S IT GOING IN THERE,asr_3408,emotion_3408,0,9,34,18,23,11,9
ex04_happy_00278,ex04::HEY GAGA HOW'S IT GOING IN THERE,asr_3408,emotion_3408,20,11,34,22,23,11,11
ex04_happy_00278,ex04::HEY GAGA HOW'S IT GOING IN THERE,asr_3408,emotion_3408,40,11,34,22,23,11,11
ex04_happy_00278,ex04::HEY GAGA HOW'S IT GOING IN THERE,asr_3408,intent_3408_last,0,13,39,26,23,16,13
ex04_happy_00278,ex04::HEY GAGA HOW'S IT GOING IN THERE,asr_3408,intent_3408_last,20,16,39,32,23,16,16
ex04_happy_00278,ex04::HEY GAGA HOW'S IT GOING IN THERE,asr_3408,intent_3408_last,40,16,39,32,23,16,16
ex04_happy_00278,ex04::HEY GAGA HOW'S IT GOING IN THERE,asr_3408,speaker_count_3408_last,0,4,32,8,23,9,4
ex04_happy_00278,ex04::HEY GAGA HOW'S IT GOING IN THERE,asr_3408,speaker_count_3408_last,20,9,32,18,23,9,9
ex04_happy_00278,ex04::HEY GAGA HOW'S IT GOING IN THERE,asr_3408,speaker_count_3408_last,40,9,32,18,23,9,9
ex04_happy_00278,ex04::HEY GAGA HOW'S IT GOING IN THERE,emotion_3408,intent_3408_last,0,9,27,18,11,16,9
ex04_happy_00278,ex04::HEY GAGA HOW'S IT GOING IN THERE,emotion_3408,intent_3408_last,20,11,27,22,11,16,12
ex04_happy_00278,ex04::HEY GAGA HOW'S IT GOING IN THERE,emotion_3408,intent_3408_last,40,11,27,22,11,16,13
ex04_happy_00278,ex04::HEY GAGA HOW'S IT GOING IN THERE,emotion_3408,speaker_count_3408_last,0,4,20,8,11,9,4
ex04_happy_00278,ex04::HEY GAGA HOW'S IT GOING IN THERE,emotion_3408,speaker_count_3408_last,20,6,20,12,11,9,6
ex04_happy_00278,ex04::HEY GAGA HOW'S IT GOING IN THERE,emotion_3408,speaker_count_3408_last,40,8,20,16,11,9,8
ex04_happy_00278,ex04::HEY GAGA HOW'S IT GOING IN THERE,intent_3408_last,speaker_count_3408_last,0,5,25,10,16,9,5
ex04_happy_00278,ex04::HEY GAGA HOW'S IT GOING IN THERE,intent_3408_last,speaker_count_3408_last,20,9,25,18,16,9,9
ex04_happy_00278,ex04::HEY GAGA HOW'S IT GOING IN THERE,intent_3408_last,speaker_count_3408_last,40,9,25,18,16,9,9
ex04_happy_00284,ex04::YOU COULD HAVE WRECKED HIS LIFE,asr_3408,emotion_3408,0,6,28,12,19,9,6
ex04_happy_00284,ex04::YOU COULD HAVE WRECKED HIS LIFE,asr_3408,emotion_3408,20,9,28,18,19,9,9
ex04_happy_00284,ex04::YOU COULD HAVE WRECKED HIS LIFE,asr_3408,emotion_3408,40,9,28,18,19,9,9
ex04_happy_00284,ex04::YOU COULD HAVE WRECKED HIS LIFE,asr_3408,intent_3408_last,0,7,31,14,19,12,7
ex04_happy_00284,ex04::YOU COULD HAVE WRECKED HIS LIFE,asr_3408,intent_3408_last,20,12,31,24,19,12,12
ex04_happy_00284,ex04::YOU COULD HAVE WRECKED HIS LIFE,asr_3408,intent_3408_last,40,12,31,24,19,12,12
ex04_happy_00284,ex04::YOU COULD HAVE WRECKED HIS LIFE,asr_3408,speaker_count_3408_last,0,2,24,4,19,5,2
ex04_happy_00284,ex04::YOU COULD HAVE WRECKED HIS LIFE,asr_3408,speaker_count_3408_last,20,4,24,8,19,5,4
ex04_happy_00284,ex04::YOU COULD HAVE WRECKED HIS LIFE,asr_3408,speaker_count_3408_last,40,4,24,8,19,5,4
ex04_happy_00284,ex04::YOU COULD HAVE WRECKED HIS LIFE,emotion_3408,intent_3408_last,0,8,21,16,9,12,8
ex04_happy_00284,ex04::YOU COULD HAVE WRECKED HIS LIFE,emotion_3408,intent_3408_last,20,8,21,16,9,12,8
ex04_happy_00284,ex04::YOU COULD HAVE WRECKED HIS LIFE,emotion_3408,intent_3408_last,40,9,21,18,9,12,10
ex04_happy_00284,ex04::YOU COULD HAVE WRECKED HIS LIFE,emotion_3408,speaker_count_3408_last,0,2,14,4,9,5,2
ex04_happy_00284,ex04::YOU COULD HAVE WRECKED HIS LIFE,emotion_3408,speaker_count_3408_last,20,4,14,8,9,5,4
ex04_happy_00284,ex04::YOU COULD HAVE WRECKED HIS LIFE,emotion_3408,speaker_count_3408_last,40,4,14,8,9,5,4
ex04_happy_00284,ex04::YOU COULD HAVE WRECKED HIS LIFE,intent_3408_last,speaker_count_3408_last,0,2,17,4,12,5,2
ex04_happy_00284,ex04::YOU COULD HAVE WRECKED HIS LIFE,intent_3408_last,speaker_count_3408_last,20,4,17,8,12,5,4
ex04_happy_00284,ex04::YOU COULD HAVE WRECKED HIS LIFE,intent_3408_last,speaker_count_3408_last,40,4,17,8,12,5,4
ex04_happy_00295,ex04::AND FEE AND STEFFY THEY'RE TEENAGERS,asr_3408,emotion_3408,0,4,41,8,28,13,4
ex04_happy_00295,ex04::AND FEE AND STEFFY THEY'RE TEENAGERS,asr_3408,emotion_3408,20,12,41,24,28,13,12
ex04_happy_00295,ex04::AND FEE AND STEFFY THEY'RE TEENAGERS,asr_3408,emotion_3408,40,12,41,24,28,13,12
ex04_happy_00295,ex04::AND FEE AND STEFFY THEY'RE TEENAGERS,asr_3408,intent_3408_last,0,9,46,18,28,18,9
ex04_happy_00295,ex04::AND FEE AND STEFFY THEY'RE TEENAGERS,asr_3408,intent_3408_last,20,18,46,36,28,18,18
ex04_happy_00295,ex04::AND FEE AND STEFFY THEY'RE TEENAGERS,asr_3408,intent_3408_last,40,18,46,36,28,18,18
ex04_happy_00295,ex04::AND FEE AND STEFFY THEY'RE TEENAGERS,asr_3408,speaker_count_3408_last,0,3,36,6,28,8,3
ex04_happy_00295,ex04::AND FEE AND STEFFY THEY'RE TEENAGERS,asr_3408,speaker_count_3408_last,20,8,36,16,28,8,8
ex04_happy_00295,ex04::AND FEE AND STEFFY THEY'RE TEENAGERS,asr_3408,speaker_count_3408_last,40,8,36,16,28,8,8
ex04_happy_00295,ex04::AND FEE AND STEFFY THEY'RE TEENAGERS,emotion_3408,intent_3408_last,0,5,31,10,13,18,5
ex04_happy_00295,ex04::AND FEE AND STEFFY THEY'RE TEENAGERS,emotion_3408,intent_3408_last,20,9,31,18,13,18,9
ex04_happy_00295,ex04::AND FEE AND STEFFY THEY'RE TEENAGERS,emotion_3408,intent_3408_last,40,11,31,22,13,18,11
ex04_happy_00295,ex04::AND FEE AND STEFFY THEY'RE TEENAGERS,emotion_3408,speaker_count_3408_last,0,4,21,8,13,8,4
ex04_happy_00295,ex04::AND FEE AND STEFFY THEY'RE TEENAGERS,emotion_3408,speaker_count_3408_last,20,7,21,14,13,8,7
ex04_happy_00295,ex04::AND FEE AND STEFFY THEY'RE TEENAGERS,emotion_3408,speaker_count_3408_last,40,7,21,14,13,8,7
ex04_happy_00295,ex04::AND FEE AND STEFFY THEY'RE TEENAGERS,intent_3408_last,speaker_count_3408_last,0,5,26,10,18,8,5
ex04_happy_00295,ex04::AND FEE AND STEFFY THEY'RE TEENAGERS,intent_3408_last,speaker_count_3408_last,20,7,26,14,18,8,7
ex04_happy_00295,ex04::AND FEE AND STEFFY THEY'RE TEENAGERS,intent_3408_last,speaker_count_3408_last,40,7,26,14,18,8,7
ex04_happy_00327,ex04::NOT SO FAST,asr_3408,emotion_3408,0,3,11,6,8,3,3
ex04_happy_00327,ex04::NOT SO FAST,asr_3408,emotion_3408,20,3,11,6,8,3,3
ex04_happy_00327,ex04::NOT SO FAST,asr_3408,emotion_3408,40,3,11,6,8,3,3
ex04_happy_00327,ex04::NOT SO FAST,asr_3408,intent_3408_last,0,5,14,10,8,6,5
ex04_happy_00327,ex04::NOT SO FAST,asr_3408,intent_3408_last,20,6,14,12,8,6,6
ex04_happy_00327,ex04::NOT SO FAST,asr_3408,intent_3408_last,40,6,14,12,8,6,6
ex04_happy_00327,ex04::NOT SO FAST,asr_3408,speaker_count_3408_last,0,1,11,2,8,3,1
ex04_happy_00327,ex04::NOT SO FAST,asr_3408,speaker_count_3408_last,20,2,11,4,8,3,2
ex04_happy_00327,ex04::NOT SO FAST,asr_3408,speaker_count_3408_last,40,2,11,4,8,3,2
ex04_happy_00327,ex04::NOT SO FAST,emotion_3408,intent_3408_last,0,3,9,6,3,6,3
ex04_happy_00327,ex04::NOT SO FAST,emotion_3408,intent_3408_last,20,3,9,6,3,6,3
ex04_happy_00327,ex04::NOT SO FAST,emotion_3408,intent_3408_last,40,3,9,6,3,6,3
ex04_happy_00327,ex04::NOT SO FAST,emotion_3408,speaker_count_3408_last,0,1,6,2,3,3,1
ex04_happy_00327,ex04::NOT SO FAST,emotion_3408,speaker_count_3408_last,20,2,6,4,3,3,2
ex04_happy_00327,ex04::NOT SO FAST,emotion_3408,speaker_count_3408_last,40,2,6,4,3,3,2
ex04_happy_00327,ex04::NOT SO FAST,intent_3408_last,speaker_count_3408_last,0,1,9,2,6,3,1
ex04_happy_00327,ex04::NOT SO FAST,intent_3408_last,speaker_count_3408_last,20,2,9,4,6,3,2
ex04_happy_00327,ex04::NOT SO FAST,intent_3408_last,speaker_count_3408_last,40,2,9,4,6,3,2
ex04_happy_00334,ex04::OKAY SINCE WE'RE TALKING ABOUT WILL SMITH WHAT OTHER MOVIES DID HE ACT IN,asr_3408,emotion_3408,0,16,74,32,51,23,16
ex04_happy_00334,ex04::OKAY SINCE WE'RE TALKING ABOUT WILL SMITH WHAT OTHER MOVIES DID HE ACT IN,asr_3408,emotion_3408,20,21,74,42,51,23,21
ex04_happy_00334,ex04::OKAY SINCE WE'RE TALKING ABOUT WILL SMITH WHAT OTHER MOVIES DID HE ACT IN,asr_3408,emotion_3408,40,23,74,46,51,23,23
ex04_happy_00334,ex04::OKAY SINCE WE'RE TALKING ABOUT WILL SMITH WHAT OTHER MOVIES DID HE ACT IN,asr_3408,intent_3408_last,0,21,84,42,51,33,21
ex04_happy_00334,ex04::OKAY SINCE WE'RE TALKING ABOUT WILL SMITH WHAT OTHER MOVIES DID HE ACT IN,asr_3408,intent_3408_last,20,31,84,62,51,33,31
ex04_happy_00334,ex04::OKAY SINCE WE'RE TALKING ABOUT WILL SMITH WHAT OTHER MOVIES DID HE ACT IN,asr_3408,intent_3408_last,40,33,84,66,51,33,33
ex04_happy_00334,ex04::OKAY SINCE WE'RE TALKING ABOUT WILL SMITH WHAT OTHER MOVIES DID HE ACT IN,asr_3408,speaker_count_3408_last,0,4,67,8,51,16,4
ex04_happy_00334,ex04::OKAY SINCE WE'RE TALKING ABOUT WILL SMITH WHAT OTHER MOVIES DID HE ACT IN,asr_3408,speaker_count_3408_last,20,12,67,24,51,16,12
ex04_happy_00334,ex04::OKAY SINCE WE'RE TALKING ABOUT WILL SMITH WHAT OTHER MOVIES DID HE ACT IN,asr_3408,speaker_count_3408_last,40,14,67,28,51,16,14
ex04_happy_00334,ex04::OKAY SINCE WE'RE TALKING ABOUT WILL SMITH WHAT OTHER MOVIES DID HE ACT IN,emotion_3408,intent_3408_last,0,17,56,34,23,33,17
ex04_happy_00334,ex04::OKAY SINCE WE'RE TALKING ABOUT WILL SMITH WHAT OTHER MOVIES DID HE ACT IN,emotion_3408,intent_3408_last,20,21,56,42,23,33,22
ex04_happy_00334,ex04::OKAY SINCE WE'RE TALKING ABOUT WILL SMITH WHAT OTHER MOVIES DID HE ACT IN,emotion_3408,intent_3408_last,40,22,56,44,23,33,25
ex04_happy_00334,ex04::OKAY SINCE WE'RE TALKING ABOUT WILL SMITH WHAT OTHER MOVIES DID HE ACT IN,emotion_3408,speaker_count_3408_last,0,3,39,6,23,16,3
ex04_happy_00334,ex04::OKAY SINCE WE'RE TALKING ABOUT WILL SMITH WHAT OTHER MOVIES DID HE ACT IN,emotion_3408,speaker_count_3408_last,20,11,39,22,23,16,11
ex04_happy_00334,ex04::OKAY SINCE WE'RE TALKING ABOUT WILL SMITH WHAT OTHER MOVIES DID HE ACT IN,emotion_3408,speaker_count_3408_last,40,13,39,26,23,16,13
ex04_happy_00334,ex04::OKAY SINCE WE'RE TALKING ABOUT WILL SMITH WHAT OTHER MOVIES DID HE ACT IN,intent_3408_last,speaker_count_3408_last,0,7,49,14,33,16,7
ex04_happy_00334,ex04::OKAY SINCE WE'RE TALKING ABOUT WILL SMITH WHAT OTHER MOVIES DID HE ACT IN,intent_3408_last,speaker_count_3408_last,20,14,49,28,33,16,14
ex04_happy_00334,ex04::OKAY SINCE WE'RE TALKING ABOUT WILL SMITH WHAT OTHER MOVIES DID HE ACT IN,intent_3408_last,speaker_count_3408_last,40,15,49,30,33,16,15
ex04_laughing_00004,ex04::HEAVIER THAN YOU THOUGHT IT WOULD BE,asr_3408,emotion_3408,0,12,51,24,35,16,12
ex04_laughing_00004,ex04::HEAVIER THAN YOU THOUGHT IT WOULD BE,asr_3408,emotion_3408,20,16,51,32,35,16,16
ex04_laughing_00004,ex04::HEAVIER THAN YOU THOUGHT IT WOULD BE,asr_3408,emotion_3408,40,16,51,32,35,16,16
ex04_laughing_00004,ex04::HEAVIER THAN YOU THOUGHT IT WOULD BE,asr_3408,intent_3408_last,0,15,57,30,35,22,15
ex04_laughing_00004,ex04::HEAVIER THAN YOU THOUGHT IT WOULD BE,asr_3408,intent_3408_last,20,22,57,44,35,22,22
ex04_laughing_00004,ex04::HEAVIER THAN YOU THOUGHT IT WOULD BE,asr_3408,intent_3408_last,40,22,57,44,35,22,22
ex04_laughing_00004,ex04::HEAVIER THAN YOU THOUGHT IT WOULD BE,asr_3408,speaker_count_3408_last,0,8,45,16,35,10,8
ex04_laughing_00004,ex04::HEAVIER THAN YOU THOUGHT IT WOULD BE,asr_3408,speaker_count_3408_last,20,10,45,20,35,10,10
ex04_laughing_00004,ex04::HEAVIER THAN YOU THOUGHT IT WOULD BE,asr_3408,speaker_count_3408_last,40,10,45,20,35,10,10
ex04_laughing_00004,ex04::HEAVIER THAN YOU THOUGHT IT WOULD BE,emotion_3408,intent_3408_last,0,12,38,24,16,22,12
ex04_laughing_00004,ex04::HEAVIER THAN YOU THOUGHT IT WOULD BE,emotion_3408,intent_3408_last,20,15,38,30,16,22,15
ex04_laughing_00004,ex04::HEAVIER THAN YOU THOUGHT IT WOULD BE,emotion_3408,intent_3408_last,40,15,38,30,16,22,17
ex04_laughing_00004,ex04::HEAVIER THAN YOU THOUGHT IT WOULD BE,emotion_3408,speaker_count_3408_last,0,6,26,12,16,10,6
ex04_laughing_00004,ex04::HEAVIER THAN YOU THOUGHT IT WOULD BE,emotion_3408,speaker_count_3408_last,20,8,26,16,16,10,8
ex04_laughing_00004,ex04::HEAVIER THAN YOU THOUGHT IT WOULD BE,emotion_3408,speaker_count_3408_last,40,9,26,18,16,10,9
ex04_laughing_00004,ex04::HEAVIER THAN YOU THOUGHT IT WOULD BE,intent_3408_last,speaker_count_3408_last,0,7,32,14,22,10,7
ex04_laughing_00004,ex04::HEAVIER THAN YOU THOUGHT IT WOULD BE,intent_3408_last,speaker_count_3408_last,20,10,32,20,22,10,10
ex04_laughing_00004,ex04::HEAVIER THAN YOU THOUGHT IT WOULD BE,intent_3408_last,speaker_count_3408_last,40,10,32,20,22,10,10
ex04_laughing_00015,ex04::FENNEL IS A BULB VEGETABLE WITH A LICORICE ANISE FLAVOR TO IT,asr_3408,emotion_3408,0,27,98,54,64,34,27
ex04_laughing_00015,ex04::FENNEL IS A BULB VEGETABLE WITH A LICORICE ANISE FLAVOR TO IT,asr_3408,emotion_3408,20,33,98,66,64,34,33
ex04_laughing_00015,ex04::FENNEL IS A BULB VEGETABLE WITH A LICORICE ANISE FLAVOR TO IT,asr_3408,emotion_3408,40,34,98,68,64,34,34
ex04_laughing_00015,ex04::FENNEL IS A BULB VEGETABLE WITH A LICORICE ANISE FLAVOR TO IT,asr_3408,intent_3408_last,0,32,105,64,64,41,32
ex04_laughing_00015,ex04::FENNEL IS A BULB VEGETABLE WITH A LICORICE ANISE FLAVOR TO IT,asr_3408,intent_3408_last,20,40,105,80,64,41,40
ex04_laughing_00015,ex04::FENNEL IS A BULB VEGETABLE WITH A LICORICE ANISE FLAVOR TO IT,asr_3408,intent_3408_last,40,40,105,80,64,41,40
ex04_laughing_00015,ex04::FENNEL IS A BULB VEGETABLE WITH A LICORICE ANISE FLAVOR TO IT,asr_3408,speaker_count_3408_last,0,9,81,18,64,17,9
ex04_laughing_00015,ex04::FENNEL IS A BULB VEGETABLE WITH A LICORICE ANISE FLAVOR TO IT,asr_3408,speaker_count_3408_last,20,17,81,34,64,17,17
ex04_laughing_00015,ex04::FENNEL IS A BULB VEGETABLE WITH A LICORICE ANISE FLAVOR TO IT,asr_3408,speaker_count_3408_last,40,17,81,34,64,17,17
ex04_laughing_00015,ex04::FENNEL IS A BULB VEGETABLE WITH A LICORICE ANISE FLAVOR TO IT,emotion_3408,intent_3408_last,0,23,75,46,34,41,23
ex04_laughing_00015,ex04::FENNEL IS A BULB VEGETABLE WITH A LICORICE ANISE FLAVOR TO IT,emotion_3408,intent_3408_last,20,31,75,62,34,41,31
ex04_laughing_00015,ex04::FENNEL IS A BULB VEGETABLE WITH A LICORICE ANISE FLAVOR TO IT,emotion_3408,intent_3408_last,40,32,75,64,34,41,36
ex04_laughing_00015,ex04::FENNEL IS A BULB VEGETABLE WITH A LICORICE ANISE FLAVOR TO IT,emotion_3408,speaker_count_3408_last,0,8,51,16,34,17,8
ex04_laughing_00015,ex04::FENNEL IS A BULB VEGETABLE WITH A LICORICE ANISE FLAVOR TO IT,emotion_3408,speaker_count_3408_last,20,13,51,26,34,17,13
ex04_laughing_00015,ex04::FENNEL IS A BULB VEGETABLE WITH A LICORICE ANISE FLAVOR TO IT,emotion_3408,speaker_count_3408_last,40,14,51,28,34,17,14
ex04_laughing_00015,ex04::FENNEL IS A BULB VEGETABLE WITH A LICORICE ANISE FLAVOR TO IT,intent_3408_last,speaker_count_3408_last,0,8,58,16,41,17,8
ex04_laughing_00015,ex04::FENNEL IS A BULB VEGETABLE WITH A LICORICE ANISE FLAVOR TO IT,intent_3408_last,speaker_count_3408_last,20,15,58,30,41,17,15
ex04_laughing_00015,ex04::FENNEL IS A BULB VEGETABLE WITH A LICORICE ANISE FLAVOR TO IT,intent_3408_last,speaker_count_3408_last,40,15,58,30,41,17,15
ex04_laughing_00080,ex04::I'M DOING SOCIETY A FAVOR,asr_3408,emotion_3408,0,7,41,14,28,13,7
ex04_laughing_00080,ex04::I'M DOING SOCIETY A FAVOR,asr_3408,emotion_3408,20,12,41,24,28,13,12
ex04_laughing_00080,ex04::I'M DOING SOCIETY A FAVOR,asr_3408,emotion_3408,40,13,41,26,28,13,13
ex04_laughing_00080,ex04::I'M DOING SOCIETY A FAVOR,asr_3408,intent_3408_last,0,12,47,24,28,19,12
ex04_laughing_00080,ex04::I'M DOING SOCIETY A FAVOR,asr_3408,intent_3408_last,20,18,47,36,28,19,18
ex04_laughing_00080,ex04::I'M DOING SOCIETY A FAVOR,asr_3408,intent_3408_last,40,18,47,36,28,19,18
ex04_laughing_00080,ex04::I'M DOING SOCIETY A FAVOR,asr_3408,speaker_count_3408_last,0,1,36,2,28,8,1
ex04_laughing_00080,ex04::I'M DOING SOCIETY A FAVOR,asr_3408,speaker_count_3408_last,20,5,36,10,28,8,5
ex04_laughing_00080,ex04::I'M DOING SOCIETY A FAVOR,asr_3408,speaker_count_3408_last,40,6,36,12,28,8,6
ex04_laughing_00080,ex04::I'M DOING SOCIETY A FAVOR,emotion_3408,intent_3408_last,0,7,32,14,13,19,7
ex04_laughing_00080,ex04::I'M DOING SOCIETY A FAVOR,emotion_3408,intent_3408_last,20,11,32,22,13,19,11
ex04_laughing_00080,ex04::I'M DOING SOCIETY A FAVOR,emotion_3408,intent_3408_last,40,13,32,26,13,19,14
ex04_laughing_00080,ex04::I'M DOING SOCIETY A FAVOR,emotion_3408,speaker_count_3408_last,0,0,21,0,13,8,0
ex04_laughing_00080,ex04::I'M DOING SOCIETY A FAVOR,emotion_3408,speaker_count_3408_last,20,6,21,12,13,8,6
ex04_laughing_00080,ex04::I'M DOING SOCIETY A FAVOR,emotion_3408,speaker_count_3408_last,40,6,21,12,13,8,6
ex04_laughing_00080,ex04::I'M DOING SOCIETY A FAVOR,intent_3408_last,speaker_count_3408_last,0,3,27,6,19,8,3
ex04_laughing_00080,ex04::I'M DOING SOCIETY A FAVOR,intent_3408_last,speaker_count_3408_last,20,7,27,14,19,8,7
ex04_laughing_00080,ex04::I'M DOING SOCIETY A FAVOR,intent_3408_last,speaker_count_3408_last,40,7,27,14,19,8,7
ex04_laughing_00099,ex04::DOES WEBMD HAVE A WEBPAGE ON DECODING CODE,asr_3408,emotion_3408,0,17,71,34,47,24,17
ex04_laughing_00099,ex04::DOES WEBMD HAVE A WEBPAGE ON DECODING CODE,asr_3408,emotion_3408,20,22,71,44,47,24,22
ex04_laughing_00099,ex04::DOES WEBMD HAVE A WEBPAGE ON DECODING CODE,asr_3408,emotion_3408,40,24,71,48,47,24,24
ex04_laughing_00099,ex04::DOES WEBMD HAVE A WEBPAGE ON DECODING CODE,asr_3408,intent_3408_last,0,20,75,40,47,28,20
ex04_laughing_00099,ex04::DOES WEBMD HAVE A WEBPAGE ON DECODING CODE,asr_3408,intent_3408_last,20,28,75,56,47,28,28
ex04_laughing_00099,ex04::DOES WEBMD HAVE A WEBPAGE ON DECODING CODE,asr_3408,intent_3408_last,40,28,75,56,47,28,28
ex04_laughing_00099,ex04::DOES WEBMD HAVE A WEBPAGE ON DECODING CODE,asr_3408,speaker_count_3408_last,0,5,60,10,47,13,5
ex04_laughing_00099,ex04::DOES WEBMD HAVE A WEBPAGE ON DECODING CODE,asr_3408,speaker_count_3408_last,20,13,60,26,47,13,13
ex04_laughing_00099,ex04::DOES WEBMD HAVE A WEBPAGE ON DECODING CODE,asr_3408,speaker_count_3408_last,40,13,60,26,47,13,13
ex04_laughing_00099,ex04::DOES WEBMD HAVE A WEBPAGE ON DECODING CODE,emotion_3408,intent_3408_last,0,12,52,24,24,28,12
ex04_laughing_00099,ex04::DOES WEBMD HAVE A WEBPAGE ON DECODING CODE,emotion_3408,intent_3408_last,20,22,52,44,24,28,22
ex04_laughing_00099,ex04::DOES WEBMD HAVE A WEBPAGE ON DECODING CODE,emotion_3408,intent_3408_last,40,22,52,44,24,28,22
ex04_laughing_00099,ex04::DOES WEBMD HAVE A WEBPAGE ON DECODING CODE,emotion_3408,speaker_count_3408_last,0,5,37,10,24,13,5
ex04_laughing_00099,ex04::DOES WEBMD HAVE A WEBPAGE ON DECODING CODE,emotion_3408,speaker_count_3408_last,20,11,37,22,24,13,11
ex04_laughing_00099,ex04::DOES WEBMD HAVE A WEBPAGE ON DECODING CODE,emotion_3408,speaker_count_3408_last,40,13,37,26,24,13,13
ex04_laughing_00099,ex04::DOES WEBMD HAVE A WEBPAGE ON DECODING CODE,intent_3408_last,speaker_count_3408_last,0,8,41,16,28,13,8
ex04_laughing_00099,ex04::DOES WEBMD HAVE A WEBPAGE ON DECODING CODE,intent_3408_last,speaker_count_3408_last,20,13,41,26,28,13,13
ex04_laughing_00099,ex04::DOES WEBMD HAVE A WEBPAGE ON DECODING CODE,intent_3408_last,speaker_count_3408_last,40,13,41,26,28,13,13
ex04_laughing_00147,ex04::YOU'RE ANGRY ON THE TIN ROOF,asr_3408,emotion_3408,0,8,40,16,27,13,8
ex04_laughing_00147,ex04::YOU'RE ANGRY ON THE TIN ROOF,asr_3408,emotion_3408,20,12,40,24,27,13,12
ex04_laughing_00147,ex04::YOU'RE ANGRY ON THE TIN ROOF,asr_3408,emotion_3408,40,13,40,26,27,13,13
ex04_laughing_00147,ex04::YOU'RE ANGRY ON THE TIN ROOF,asr_3408,intent_3408_last,0,9,46,18,27,19,9
ex04_laughing_00147,ex04::YOU'RE ANGRY ON THE TIN ROOF,asr_3408,intent_3408_last,20,19,46,38,27,19,19
ex04_laughing_00147,ex04::YOU'RE ANGRY ON THE TIN ROOF,asr_3408,intent_3408_last,40,19,46,38,27,19,19
ex04_laughing_00147,ex04::YOU'RE ANGRY ON THE TIN ROOF,asr_3408,speaker_count_3408_last,0,3,35,6,27,8,3
ex04_laughing_00147,ex04::YOU'RE ANGRY ON THE TIN ROOF,asr_3408,speaker_count_3408_last,20,7,35,14,27,8,7
ex04_laughing_00147,ex04::YOU'RE ANGRY ON THE TIN ROOF,asr_3408,speaker_count_3408_last,40,7,35,14,27,8,7
ex04_laughing_00147,ex04::YOU'RE ANGRY ON THE TIN ROOF,emotion_3408,intent_3408_last,0,7,32,14,13,19,7
ex04_laughing_00147,ex04::YOU'RE ANGRY ON THE TIN ROOF,emotion_3408,intent_3408_last,20,12,32,24,13,19,12
ex04_laughing_00147,ex04::YOU'RE ANGRY ON THE TIN ROOF,emotion_3408,intent_3408_last,40,12,32,24,13,19,14
ex04_laughing_00147,ex04::YOU'RE ANGRY ON THE TIN ROOF,emotion_3408,speaker_count_3408_last,0,1,21,2,13,8,1
ex04_laughing_00147,ex04::YOU'RE ANGRY ON THE TIN ROOF,emotion_3408,speaker_count_3408_last,20,4,21,8,13,8,4
ex04_laughing_00147,ex04::YOU'RE ANGRY ON THE TIN ROOF,emotion_3408,speaker_count_3408_last,40,4,21,8,13,8,4
ex04_laughing_00147,ex04::YOU'RE ANGRY ON THE TIN ROOF,intent_3408_last,speaker_count_3408_last,0,3,27,6,19,8,3
ex04_laughing_00147,ex04::YOU'RE ANGRY ON THE TIN ROOF,intent_3408_last,speaker_count_3408_last,20,5,27,10,19,8,5
ex04_laughing_00147,ex04::YOU'RE ANGRY ON THE TIN ROOF,intent_3408_last,speaker_count_3408_last,40,6,27,12,19,8,6
ex04_laughing_00158,ex04::AND THEN HE WOULD COME OVER TO OUR SET AND FILM THROUGHOUT THE NIGHT,asr_3408,emotion_3408,0,18,75,36,52,23,18
ex04_laughing_00158,ex04::AND THEN HE WOULD COME OVER TO OUR SET AND FILM THROUGHOUT THE NIGHT,asr_3408,emotion_3408,20,22,75,44,52,23,22
ex04_laughing_00158,ex04::AND THEN HE WOULD COME OVER TO OUR SET AND FILM THROUGHOUT THE NIGHT,asr_3408,emotion_3408,40,23,75,46,52,23,23
ex04_laughing_00158,ex04::AND THEN HE WOULD COME OVER TO OUR SET AND FILM THROUGHOUT THE NIGHT,asr_3408,intent_3408_last,0,19,84,38,52,32,19
ex04_laughing_00158,ex04::AND THEN HE WOULD COME OVER TO OUR SET AND FILM THROUGHOUT THE NIGHT,asr_3408,intent_3408_last,20,32,84,64,52,32,32
ex04_laughing_00158,ex04::AND THEN HE WOULD COME OVER TO OUR SET AND FILM THROUGHOUT THE NIGHT,asr_3408,intent_3408_last,40,32,84,64,52,32,32
ex04_laughing_00158,ex04::AND THEN HE WOULD COME OVER TO OUR SET AND FILM THROUGHOUT THE NIGHT,asr_3408,speaker_count_3408_last,0,9,68,18,52,16,9
ex04_laughing_00158,ex04::AND THEN HE WOULD COME OVER TO OUR SET AND FILM THROUGHOUT THE NIGHT,asr_3408,speaker_count_3408_last,20,15,68,30,52,16,15
ex04_laughing_00158,ex04::AND THEN HE WOULD COME OVER TO OUR SET AND FILM THROUGHOUT THE NIGHT,asr_3408,speaker_count_3408_last,40,16,68,32,52,16,16
ex04_laughing_00158,ex04::AND THEN HE WOULD COME OVER TO OUR SET AND FILM THROUGHOUT THE NIGHT,emotion_3408,intent_3408_last,0,13,55,26,23,32,13
ex04_laughing_00158,ex04::AND THEN HE WOULD COME OVER TO OUR SET AND FILM THROUGHOUT THE NIGHT,emotion_3408,intent_3408_last,20,20,55,40,23,32,20
ex04_laughing_00158,ex04::AND THEN HE WOULD COME OVER TO OUR SET AND FILM THROUGHOUT THE NIGHT,emotion_3408,intent_3408_last,40,22,55,44,23,32,24
ex04_laughing_00158,ex04::AND THEN HE WOULD COME OVER TO OUR SET AND FILM THROUGHOUT THE NIGHT,emotion_3408,speaker_count_3408_last,0,7,39,14,23,16,7
ex04_laughing_00158,ex04::AND THEN HE WOULD COME OVER TO OUR SET AND FILM THROUGHOUT THE NIGHT,emotion_3408,speaker_count_3408_last,20,13,39,26,23,16,13
ex04_laughing_00158,ex04::AND THEN HE WOULD COME OVER TO OUR SET AND FILM THROUGHOUT THE NIGHT,emotion_3408,speaker_count_3408_last,40,13,39,26,23,16,13
ex04_laughing_00158,ex04::AND THEN HE WOULD COME OVER TO OUR SET AND FILM THROUGHOUT THE NIGHT,intent_3408_last,speaker_count_3408_last,0,5,48,10,32,16,5
ex04_laughing_00158,ex04::AND THEN HE WOULD COME OVER TO OUR SET AND FILM THROUGHOUT THE NIGHT,intent_3408_last,speaker_count_3408_last,20,12,48,24,32,16,12
ex04_laughing_00158,ex04::AND THEN HE WOULD COME OVER TO OUR SET AND FILM THROUGHOUT THE NIGHT,intent_3408_last,speaker_count_3408_last,40,13,48,26,32,16,13
ex04_laughing_00183,ex04::THE SON ALLEGIANT AND WALK TWO MOONS ARE SIMILAR,asr_3408,emotion_3408,0,21,87,42,60,27,21
ex04_laughing_00183,ex04::THE SON ALLEGIANT AND WALK TWO MOONS ARE SIMILAR,asr_3408,emotion_3408,20,25,87,50,60,27,25
ex04_laughing_00183,ex04::THE SON ALLEGIANT AND WALK TWO MOONS ARE SIMILAR,asr_3408,emotion_3408,40,26,87,52,60,27,26
ex04_laughing_00183,ex04::THE SON ALLEGIANT AND WALK TWO MOONS ARE SIMILAR,asr_3408,intent_3408_last,0,27,100,54,60,40,27
ex04_laughing_00183,ex04::THE SON ALLEGIANT AND WALK TWO MOONS ARE SIMILAR,asr_3408,intent_3408_last,20,39,100,78,60,40,39
ex04_laughing_00183,ex04::THE SON ALLEGIANT AND WALK TWO MOONS ARE SIMILAR,asr_3408,intent_3408_last,40,40,100,80,60,40,40
ex04_laughing_00183,ex04::THE SON ALLEGIANT AND WALK TWO MOONS ARE SIMILAR,asr_3408,speaker_count_3408_last,0,8,81,16,60,21,8
ex04_laughing_00183,ex04::THE SON ALLEGIANT AND WALK TWO MOONS ARE SIMILAR,asr_3408,speaker_count_3408_last,20,19,81,38,60,21,19
ex04_laughing_00183,ex04::THE SON ALLEGIANT AND WALK TWO MOONS ARE SIMILAR,asr_3408,speaker_count_3408_last,40,20,81,40,60,21,20
ex04_laughing_00183,ex04::THE SON ALLEGIANT AND WALK TWO MOONS ARE SIMILAR,emotion_3408,intent_3408_last,0,17,67,34,27,40,17
ex04_laughing_00183,ex04::THE SON ALLEGIANT AND WALK TWO MOONS ARE SIMILAR,emotion_3408,intent_3408_last,20,24,67,48,27,40,24
ex04_laughing_00183,ex04::THE SON ALLEGIANT AND WALK TWO MOONS ARE SIMILAR,emotion_3408,intent_3408_last,40,25,67,50,27,40,28
ex04_laughing_00183,ex04::THE SON ALLEGIANT AND WALK TWO MOONS ARE SIMILAR,emotion_3408,speaker_count_3408_last,0,4,48,8,27,21,4
ex04_laughing_00183,ex04::THE SON ALLEGIANT AND WALK TWO MOONS ARE SIMILAR,emotion_3408,speaker_count_3408_last,20,14,48,28,27,21,14
ex04_laughing_00183,ex04::THE SON ALLEGIANT AND WALK TWO MOONS ARE SIMILAR,emotion_3408,speaker_count_3408_last,40,15,48,30,27,21,15
ex04_laughing_00183,ex04::THE SON ALLEGIANT AND WALK TWO MOONS ARE SIMILAR,intent_3408_last,speaker_count_3408_last,0,8,61,16,40,21,8
ex04_laughing_00183,ex04::THE SON ALLEGIANT AND WALK TWO MOONS ARE SIMILAR,intent_3408_last,speaker_count_3408_last,20,17,61,34,40,21,17
ex04_laughing_00183,ex04::THE SON ALLEGIANT AND WALK TWO MOONS ARE SIMILAR,intent_3408_last,speaker_count_3408_last,40,17,61,34,40,21,18
ex04_laughing_00206,ex04::ENJOY THE MOVIE,asr_3408,emotion_3408,0,6,25,12,18,7,6
ex04_laughing_00206,ex04::ENJOY THE MOVIE,asr_3408,emotion_3408,20,6,25,12,18,7,6
ex04_laughing_00206,ex04::ENJOY THE MOVIE,asr_3408,emotion_3408,40,6,25,12,18,7,6
ex04_laughing_00206,ex04::ENJOY THE MOVIE,asr_3408,intent_3408_last,0,8,30,16,18,12,8
ex04_laughing_00206,ex04::ENJOY THE MOVIE,asr_3408,intent_3408_last,20,12,30,24,18,12,12
ex04_laughing_00206,ex04::ENJOY THE MOVIE,asr_3408,intent_3408_last,40,12,30,24,18,12,12
ex04_laughing_00206,ex04::ENJOY THE MOVIE,asr_3408,speaker_count_3408_last,0,3,24,6,18,6,3
ex04_laughing_00206,ex04::ENJOY THE MOVIE,asr_3408,speaker_count_3408_last,20,5,24,10,18,6,5
ex04_laughing_00206,ex04::ENJOY THE MOVIE,asr_3408,speaker_count_3408_last,40,5,24,10,18,6,5
ex04_laughing_00206,ex04::ENJOY THE MOVIE,emotion_3408,intent_3408_last,0,5,19,10,7,12,5
ex04_laughing_00206,ex04::ENJOY THE MOVIE,emotion_3408,intent_3408_last,20,6,19,12,7,12,6
ex04_laughing_00206,ex04::ENJOY THE MOVIE,emotion_3408,intent_3408_last,40,7,19,14,7,12,7
ex04_laughing_00206,ex04::ENJOY THE MOVIE,emotion_3408,speaker_count_3408_last,0,2,13,4,7,6,2
ex04_laughing_00206,ex04::ENJOY THE MOVIE,emotion_3408,speaker_count_3408_last,20,4,13,8,7,6,4
ex04_laughing_00206,ex04::ENJOY THE MOVIE,emotion_3408,speaker_count_3408_last,40,4,13,8,7,6,4
ex04_laughing_00206,ex04::ENJOY THE MOVIE,intent_3408_last,speaker_count_3408_last,0,3,18,6,12,6,3
ex04_laughing_00206,ex04::ENJOY THE MOVIE,intent_3408_last,speaker_count_3408_last,20,5,18,10,12,6,5
ex04_laughing_00206,ex04::ENJOY THE MOVIE,intent_3408_last,speaker_count_3408_last,40,5,18,10,12,6,5
ex04_laughing_00209,ex04::ANY TRIPLE DIGIT TEMPS THIS WEEK IN TEXAS,asr_3408,emotion_3408,0,17,58,34,37,21,17
ex04_laughing_00209,ex04::ANY TRIPLE DIGIT TEMPS THIS WEEK IN TEXAS,asr_3408,emotion_3408,20,21,58,42,37,21,21
ex04_laughing_00209,ex04::ANY TRIPLE DIGIT TEMPS THIS WEEK IN TEXAS,asr_3408,emotion_3408,40,21,58,42,37,21,21
ex04_laughing_00209,ex04::ANY TRIPLE DIGIT TEMPS THIS WEEK IN TEXAS,asr_3408,intent_3408_last,0,17,61,34,37,24,17
ex04_laughing_00209,ex04::ANY TRIPLE DIGIT TEMPS THIS WEEK IN TEXAS,asr_3408,intent_3408_last,20,24,61,48,37,24,24
ex04_laughing_00209,ex04::ANY TRIPLE DIGIT TEMPS THIS WEEK IN TEXAS,asr_3408,intent_3408_last,40,24,61,48,37,24,24
ex04_laughing_00209,ex04::ANY TRIPLE DIGIT TEMPS THIS WEEK IN TEXAS,asr_3408,speaker_count_3408_last,0,4,47,8,37,10,4
ex04_laughing_00209,ex04::ANY TRIPLE DIGIT TEMPS THIS WEEK IN TEXAS,asr_3408,speaker_count_3408_last,20,9,47,18,37,10,9
ex04_laughing_00209,ex04::ANY TRIPLE DIGIT TEMPS THIS WEEK IN TEXAS,asr_3408,speaker_count_3408_last,40,10,47,20,37,10,10
ex04_laughing_00209,ex04::ANY TRIPLE DIGIT TEMPS THIS WEEK IN TEXAS,emotion_3408,intent_3408_last,0,11,45,22,21,24,11
ex04_laughing_00209,ex04::ANY TRIPLE DIGIT TEMPS THIS WEEK IN TEXAS,emotion_3408,intent_3408_last,20,17,45,34,21,24,18
ex04_laughing_00209,ex04::ANY TRIPLE DIGIT TEMPS THIS WEEK IN TEXAS,emotion_3408,intent_3408_last,40,18,45,36,21,24,19
ex04_laughing_00209,ex04::ANY TRIPLE DIGIT TEMPS THIS WEEK IN TEXAS,emotion_3408,speaker_count_3408_last,0,5,31,10,21,10,5
ex04_laughing_00209,ex04::ANY TRIPLE DIGIT TEMPS THIS WEEK IN TEXAS,emotion_3408,speaker_count_3408_last,20,8,31,16,21,10,8
ex04_laughing_00209,ex04::ANY TRIPLE DIGIT TEMPS THIS WEEK IN TEXAS,emotion_3408,speaker_count_3408_last,40,8,31,16,21,10,8
ex04_laughing_00209,ex04::ANY TRIPLE DIGIT TEMPS THIS WEEK IN TEXAS,intent_3408_last,speaker_count_3408_last,0,3,34,6,24,10,3
ex04_laughing_00209,ex04::ANY TRIPLE DIGIT TEMPS THIS WEEK IN TEXAS,intent_3408_last,speaker_count_3408_last,20,9,34,18,24,10,9
ex04_laughing_00209,ex04::ANY TRIPLE DIGIT TEMPS THIS WEEK IN TEXAS,intent_3408_last,speaker_count_3408_last,40,9,34,18,24,10,9
ex04_laughing_00254,ex04::ANY INDICATION ON HOW HE'S LEANING,asr_3408,emotion_3408,0,6,41,12,30,11,6
ex04_laughing_00254,ex04::ANY INDICATION ON HOW HE'S LEANING,asr_3408,emotion_3408,20,11,41,22,30,11,11
ex04_laughing_00254,ex04::ANY INDICATION ON HOW HE'S LEANING,asr_3408,emotion_3408,40,11,41,22,30,11,11
ex04_laughing_00254,ex04::ANY INDICATION ON HOW HE'S LEANING,asr_3408,intent_3408_last,0,16,52,32,30,22,16
ex04_laughing_00254,ex04::ANY INDICATION ON HOW HE'S LEANING,asr_3408,intent_3408_last,20,22,52,44,30,22,22
ex04_laughing_00254,ex04::ANY INDICATION ON HOW HE'S LEANING,asr_3408,intent_3408_last,40,22,52,44,30,22,22
ex04_laughing_00254,ex04::ANY INDICATION ON HOW HE'S LEANING,asr_3408,speaker_count_3408_last,0,3,37,6,30,7,3
ex04_laughing_00254,ex04::ANY INDICATION ON HOW HE'S LEANING,asr_3408,speaker_count_3408_last,20,7,37,14,30,7,7
ex04_laughing_00254,ex04::ANY INDICATION ON HOW HE'S LEANING,asr_3408,speaker_count_3408_last,40,7,37,14,30,7,7
ex04_laughing_00254,ex04::ANY INDICATION ON HOW HE'S LEANING,emotion_3408,intent_3408_last,0,7,33,14,11,22,7
ex04_laughing_00254,ex04::ANY INDICATION ON HOW HE'S LEANING,emotion_3408,intent_3408_last,20,11,33,22,11,22,13
ex04_laughing_00254,ex04::ANY INDICATION ON HOW HE'S LEANING,emotion_3408,intent_3408_last,40,11,33,22,11,22,13
ex04_laughing_00254,ex04::ANY INDICATION ON HOW HE'S LEANING,emotion_3408,speaker_count_3408_last,0,2,18,4,11,7,2
ex04_laughing_00254,ex04::ANY INDICATION ON HOW HE'S LEANING,emotion_3408,speaker_count_3408_last,20,4,18,8,11,7,4
ex04_laughing_00254,ex04::ANY INDICATION ON HOW HE'S LEANING,emotion_3408,speaker_count_3408_last,40,6,18,12,11,7,6
ex04_laughing_00254,ex04::ANY INDICATION ON HOW HE'S LEANING,intent_3408_last,speaker_count_3408_last,0,2,29,4,22,7,2
ex04_laughing_00254,ex04::ANY INDICATION ON HOW HE'S LEANING,intent_3408_last,speaker_count_3408_last,20,7,29,14,22,7,7
ex04_laughing_00254,ex04::ANY INDICATION ON HOW HE'S LEANING,intent_3408_last,speaker_count_3408_last,40,7,29,14,22,7,7
ex04_laughing_00278,ex04::HEY GAGA HOW'S IT GOING IN THERE,asr_3408,emotion_3408,0,12,52,24,35,17,12
ex04_laughing_00278,ex04::HEY GAGA HOW'S IT GOING IN THERE,asr_3408,emotion_3408,20,16,52,32,35,17,16
ex04_laughing_00278,ex04::HEY GAGA HOW'S IT GOING IN THERE,asr_3408,emotion_3408,40,17,52,34,35,17,17
ex04_laughing_00278,ex04::HEY GAGA HOW'S IT GOING IN THERE,asr_3408,intent_3408_last,0,18,59,36,35,24,18
ex04_laughing_00278,ex04::HEY GAGA HOW'S IT GOING IN THERE,asr_3408,intent_3408_last,20,23,59,46,35,24,23
ex04_laughing_00278,ex04::HEY GAGA HOW'S IT GOING IN THERE,asr_3408,intent_3408_last,40,24,59,48,35,24,24
ex04_laughing_00278,ex04::HEY GAGA HOW'S IT GOING IN THERE,asr_3408,speaker_count_3408_last,0,5,47,10,35,12,5
ex04_laughing_00278,ex04::HEY GAGA HOW'S IT GOING IN THERE,asr_3408,speaker_count_3408_last,20,11,47,22,35,12,11
ex04_laughing_00278,ex04::HEY GAGA HOW'S IT GOING IN THERE,asr_3408,speaker_count_3408_last,40,11,47,22,35,12,11
ex04_laughing_00278,ex04::HEY GAGA HOW'S IT GOING IN THERE,emotion_3408,intent_3408_last,0,11,41,22,17,24,11
ex04_laughing_00278,ex04::HEY GAGA HOW'S IT GOING IN THERE,emotion_3408,intent_3408_last,20,14,41,28,17,24,14
ex04_laughing_00278,ex04::HEY GAGA HOW'S IT GOING IN THERE,emotion_3408,intent_3408_last,40,14,41,28,17,24,16
ex04_laughing_00278,ex04::HEY GAGA HOW'S IT GOING IN THERE,emotion_3408,speaker_count_3408_last,0,4,29,8,17,12,4
ex04_laughing_00278,ex04::HEY GAGA HOW'S IT GOING IN THERE,emotion_3408,speaker_count_3408_last,20,10,29,20,17,12,10
ex04_laughing_00278,ex04::HEY GAGA HOW'S IT GOING IN THERE,emotion_3408,speaker_count_3408_last,40,10,29,20,17,12,10
ex04_laughing_00278,ex04::HEY GAGA HOW'S IT GOING IN THERE,intent_3408_last,speaker_count_3408_last,0,5,36,10,24,12,5
ex04_laughing_00278,ex04::HEY GAGA HOW'S IT GOING IN THERE,intent_3408_last,speaker_count_3408_last,20,10,36,20,24,12,10
ex04_laughing_00278,ex04::HEY GAGA HOW'S IT GOING IN THERE,intent_3408_last,speaker_count_3408_last,40,10,36,20,24,12,10
ex04_laughing_00284,ex04::YOU COULD HAVE WRECKED HIS LIFE,asr_3408,emotion_3408,0,8,48,16,32,16,8
ex04_laughing_00284,ex04::YOU COULD HAVE WRECKED HIS LIFE,asr_3408,emotion_3408,20,13,48,26,32,16,13
ex04_laughing_00284,ex04::YOU COULD HAVE WRECKED HIS LIFE,asr_3408,emotion_3408,40,16,48,32,32,16,16
ex04_laughing_00284,ex04::YOU COULD HAVE WRECKED HIS LIFE,asr_3408,intent_3408_last,0,9,52,18,32,20,9
ex04_laughing_00284,ex04::YOU COULD HAVE WRECKED HIS LIFE,asr_3408,intent_3408_last,20,17,52,34,32,20,17
ex04_laughing_00284,ex04::YOU COULD HAVE WRECKED HIS LIFE,asr_3408,intent_3408_last,40,20,52,40,32,20,20
ex04_laughing_00284,ex04::YOU COULD HAVE WRECKED HIS LIFE,asr_3408,speaker_count_3408_last,0,5,39,10,32,7,5
ex04_laughing_00284,ex04::YOU COULD HAVE WRECKED HIS LIFE,asr_3408,speaker_count_3408_last,20,6,39,12,32,7,6
ex04_laughing_00284,ex04::YOU COULD HAVE WRECKED HIS LIFE,asr_3408,speaker_count_3408_last,40,6,39,12,32,7,6
ex04_laughing_00284,ex04::YOU COULD HAVE WRECKED HIS LIFE,emotion_3408,intent_3408_last,0,12,36,24,16,20,12
ex04_laughing_00284,ex04::YOU COULD HAVE WRECKED HIS LIFE,emotion_3408,intent_3408_last,20,14,36,28,16,20,15
ex04_laughing_00284,ex04::YOU COULD HAVE WRECKED HIS LIFE,emotion_3408,intent_3408_last,40,15,36,30,16,20,16
ex04_laughing_00284,ex04::YOU COULD HAVE WRECKED HIS LIFE,emotion_3408,speaker_count_3408_last,0,3,23,6,16,7,3
ex04_laughing_00284,ex04::YOU COULD HAVE WRECKED HIS LIFE,emotion_3408,speaker_count_3408_last,20,4,23,8,16,7,4
ex04_laughing_00284,ex04::YOU COULD HAVE WRECKED HIS LIFE,emotion_3408,speaker_count_3408_last,40,4,23,8,16,7,4
ex04_laughing_00284,ex04::YOU COULD HAVE WRECKED HIS LIFE,intent_3408_last,speaker_count_3408_last,0,4,27,8,20,7,4
ex04_laughing_00284,ex04::YOU COULD HAVE WRECKED HIS LIFE,intent_3408_last,speaker_count_3408_last,20,5,27,10,20,7,5
ex04_laughing_00284,ex04::YOU COULD HAVE WRECKED HIS LIFE,intent_3408_last,speaker_count_3408_last,40,5,27,10,20,7,5
ex04_laughing_00295,ex04::AND FEE AND STEFFY THEY'RE TEENAGERS,asr_3408,emotion_3408,0,8,48,16,33,15,8
ex04_laughing_00295,ex04::AND FEE AND STEFFY THEY'RE TEENAGERS,asr_3408,emotion_3408,20,12,48,24,33,15,12
ex04_laughing_00295,ex04::AND FEE AND STEFFY THEY'RE TEENAGERS,asr_3408,emotion_3408,40,12,48,24,33,15,12
ex04_laughing_00295,ex04::AND FEE AND STEFFY THEY'RE TEENAGERS,asr_3408,intent_3408_last,0,15,55,30,33,22,15
ex04_laughing_00295,ex04::AND FEE AND STEFFY THEY'RE TEENAGERS,asr_3408,intent_3408_last,20,20,55,40,33,22,20
ex04_laughing_00295,ex04::AND FEE AND STEFFY THEY'RE TEENAGERS,asr_3408,intent_3408_last,40,22,55,44,33,22,22
ex04_laughing_00295,ex04::AND FEE AND STEFFY THEY'RE TEENAGERS,asr_3408,speaker_count_3408_last,0,6,43,12,33,10,6
ex04_laughing_00295,ex04::AND FEE AND STEFFY THEY'RE TEENAGERS,asr_3408,speaker_count_3408_last,20,9,43,18,33,10,9
ex04_laughing_00295,ex04::AND FEE AND STEFFY THEY'RE TEENAGERS,asr_3408,speaker_count_3408_last,40,9,43,18,33,10,9
ex04_laughing_00295,ex04::AND FEE AND STEFFY THEY'RE TEENAGERS,emotion_3408,intent_3408_last,0,9,37,18,15,22,9
ex04_laughing_00295,ex04::AND FEE AND STEFFY THEY'RE TEENAGERS,emotion_3408,intent_3408_last,20,11,37,22,15,22,11
ex04_laughing_00295,ex04::AND FEE AND STEFFY THEY'RE TEENAGERS,emotion_3408,intent_3408_last,40,12,37,24,15,22,12
ex04_laughing_00295,ex04::AND FEE AND STEFFY THEY'RE TEENAGERS,emotion_3408,speaker_count_3408_last,0,4,25,8,15,10,4
ex04_laughing_00295,ex04::AND FEE AND STEFFY THEY'RE TEENAGERS,emotion_3408,speaker_count_3408_last,20,7,25,14,15,10,7
ex04_laughing_00295,ex04::AND FEE AND STEFFY THEY'RE TEENAGERS,emotion_3408,speaker_count_3408_last,40,7,25,14,15,10,7
ex04_laughing_00295,ex04::AND FEE AND STEFFY THEY'RE TEENAGERS,intent_3408_last,speaker_count_3408_last,0,4,32,8,22,10,4
ex04_laughing_00295,ex04::AND FEE AND STEFFY THEY'RE TEENAGERS,intent_3408_last,speaker_count_3408_last,20,7,32,14,22,10,7
ex04_laughing_00295,ex04::AND FEE AND STEFFY THEY'RE TEENAGERS,intent_3408_last,speaker_count_3408_last,40,8,32,16,22,10,8
ex04_laughing_00327,ex04::NOT SO FAST,asr_3408,emotion_3408,0,3,18,6,13,5,3
ex04_laughing_00327,ex04::NOT SO FAST,asr_3408,emotion_3408,20,4,18,8,13,5,4
ex04_laughing_00327,ex04::NOT SO FAST,asr_3408,emotion_3408,40,5,18,10,13,5,5
ex04_laughing_00327,ex04::NOT SO FAST,asr_3408,intent_3408_last,0,7,21,14,13,8,7
ex04_laughing_00327,ex04::NOT SO FAST,asr_3408,intent_3408_last,20,8,21,16,13,8,8
ex04_laughing_00327,ex04::NOT SO FAST,asr_3408,intent_3408_last,40,8,21,16,13,8,8
ex04_laughing_00327,ex04::NOT SO FAST,asr_3408,speaker_count_3408_last,0,1,18,2,13,5,1
ex04_laughing_00327,ex04::NOT SO FAST,asr_3408,speaker_count_3408_last,20,4,18,8,13,5,4
ex04_laughing_00327,ex04::NOT SO FAST,asr_3408,speaker_count_3408_last,40,4,18,8,13,5,4
ex04_laughing_00327,ex04::NOT SO FAST,emotion_3408,intent_3408_last,0,4,13,8,5,8,4
ex04_laughing_00327,ex04::NOT SO FAST,emotion_3408,intent_3408_last,20,4,13,8,5,8,4
ex04_laughing_00327,ex04::NOT SO FAST,emotion_3408,intent_3408_last,40,5,13,10,5,8,5
ex04_laughing_00327,ex04::NOT SO FAST,emotion_3408,speaker_count_3408_last,0,1,10,2,5,5,1
ex04_laughing_00327,ex04::NOT SO FAST,emotion_3408,speaker_count_3408_last,20,3,10,6,5,5,3
ex04_laughing_00327,ex04::NOT SO FAST,emotion_3408,speaker_count_3408_last,40,3,10,6,5,5,3
ex04_laughing_00327,ex04::NOT SO FAST,intent_3408_last,speaker_count_3408_last,0,1,13,2,8,5,1
ex04_laughing_00327,ex04::NOT SO FAST,intent_3408_last,speaker_count_3408_last,20,4,13,8,8,5,4
ex04_laughing_00327,ex04::NOT SO FAST,intent_3408_last,speaker_count_3408_last,40,4,13,8,8,5,4
ex04_laughing_00334,ex04::OKAY SINCE WE'RE TALKING ABOUT WILL SMITH WHAT OTHER MOVIES DID HE ACT IN,asr_3408,emotion_3408,0,20,92,40,62,30,20
ex04_laughing_00334,ex04::OKAY SINCE WE'RE TALKING ABOUT WILL SMITH WHAT OTHER MOVIES DID HE ACT IN,asr_3408,emotion_3408,20,27,92,54,62,30,27
ex04_laughing_00334,ex04::OKAY SINCE WE'RE TALKING ABOUT WILL SMITH WHAT OTHER MOVIES DID HE ACT IN,asr_3408,emotion_3408,40,30,92,60,62,30,30
ex04_laughing_00334,ex04::OKAY SINCE WE'RE TALKING ABOUT WILL SMITH WHAT OTHER MOVIES DID HE ACT IN,asr_3408,intent_3408_last,0,32,102,64,62,40,32
ex04_laughing_00334,ex04::OKAY SINCE WE'RE TALKING ABOUT WILL SMITH WHAT OTHER MOVIES DID HE ACT IN,asr_3408,intent_3408_last,20,40,102,80,62,40,40
ex04_laughing_00334,ex04::OKAY SINCE WE'RE TALKING ABOUT WILL SMITH WHAT OTHER MOVIES DID HE ACT IN,asr_3408,intent_3408_last,40,40,102,80,62,40,40
ex04_laughing_00334,ex04::OKAY SINCE WE'RE TALKING ABOUT WILL SMITH WHAT OTHER MOVIES DID HE ACT IN,asr_3408,speaker_count_3408_last,0,9,80,18,62,18,9
ex04_laughing_00334,ex04::OKAY SINCE WE'RE TALKING ABOUT WILL SMITH WHAT OTHER MOVIES DID HE ACT IN,asr_3408,speaker_count_3408_last,20,16,80,32,62,18,16
ex04_laughing_00334,ex04::OKAY SINCE WE'RE TALKING ABOUT WILL SMITH WHAT OTHER MOVIES DID HE ACT IN,asr_3408,speaker_count_3408_last,40,17,80,34,62,18,17
ex04_laughing_00334,ex04::OKAY SINCE WE'RE TALKING ABOUT WILL SMITH WHAT OTHER MOVIES DID HE ACT IN,emotion_3408,intent_3408_last,0,19,70,38,30,40,19
ex04_laughing_00334,ex04::OKAY SINCE WE'RE TALKING ABOUT WILL SMITH WHAT OTHER MOVIES DID HE ACT IN,emotion_3408,intent_3408_last,20,29,70,58,30,40,29
ex04_laughing_00334,ex04::OKAY SINCE WE'RE TALKING ABOUT WILL SMITH WHAT OTHER MOVIES DID HE ACT IN,emotion_3408,intent_3408_last,40,30,70,60,30,40,33
ex04_laughing_00334,ex04::OKAY SINCE WE'RE TALKING ABOUT WILL SMITH WHAT OTHER MOVIES DID HE ACT IN,emotion_3408,speaker_count_3408_last,0,9,48,18,30,18,9
ex04_laughing_00334,ex04::OKAY SINCE WE'RE TALKING ABOUT WILL SMITH WHAT OTHER MOVIES DID HE ACT IN,emotion_3408,speaker_count_3408_last,20,15,48,30,30,18,15
ex04_laughing_00334,ex04::OKAY SINCE WE'RE TALKING ABOUT WILL SMITH WHAT OTHER MOVIES DID HE ACT IN,emotion_3408,speaker_count_3408_last,40,16,48,32,30,18,16
ex04_laughing_00334,ex04::OKAY SINCE WE'RE TALKING ABOUT WILL SMITH WHAT OTHER MOVIES DID HE ACT IN,intent_3408_last,speaker_count_3408_last,0,9,58,18,40,18,9
ex04_laughing_00334,ex04::OKAY SINCE WE'RE TALKING ABOUT WILL SMITH WHAT OTHER MOVIES DID HE ACT IN,intent_3408_last,speaker_count_3408_last,20,17,58,34,40,18,17
ex04_laughing_00334,ex04::OKAY SINCE WE'RE TALKING ABOUT WILL SMITH WHAT OTHER MOVIES DID HE ACT IN,intent_3408_last,speaker_count_3408_last,40,18,58,36,40,18,18
ex04_sad_00004,ex04::HEAVIER THAN YOU THOUGHT IT WOULD BE,asr_3408,emotion_3408,0,8,33,16,23,10,8
ex04_sad_00004,ex04::HEAVIER THAN YOU THOUGHT IT WOULD BE,asr_3408,emotion_3408,20,10,33,20,23,10,10
ex04_sad_00004,ex04::HEAVIER THAN YOU THOUGHT IT WOULD BE,asr_3408,emotion_3408,40,10,33,20,23,10,10
ex04_sad_00004,ex04::HEAVIER THAN YOU THOUGHT IT WOULD BE,asr_3408,intent_3408_last,0,10,38,20,23,15,10
ex04_sad_00004,ex04::HEAVIER THAN YOU THOUGHT IT WOULD BE,asr_3408,intent_3408_last,20,15,38,30,23,15,15
ex04_sad_00004,ex04::HEAVIER THAN YOU THOUGHT IT WOULD BE,asr_3408,intent_3408_last,40,15,38,30,23,15,15
ex04_sad_00004,ex04::HEAVIER THAN YOU THOUGHT IT WOULD BE,asr_3408,speaker_count_3408_last,0,2,30,4,23,7,2
ex04_sad_00004,ex04::HEAVIER THAN YOU THOUGHT IT WOULD BE,asr_3408,speaker_count_3408_last,20,7,30,14,23,7,7
ex04_sad_00004,ex04::HEAVIER THAN YOU THOUGHT IT WOULD BE,asr_3408,speaker_count_3408_last,40,7,30,14,23,7,7
ex04_sad_00004,ex04::HEAVIER THAN YOU THOUGHT IT WOULD BE,emotion_3408,intent_3408_last,0,9,25,18,10,15,9
ex04_sad_00004,ex04::HEAVIER THAN YOU THOUGHT IT WOULD BE,emotion_3408,intent_3408_last,20,10,25,20,10,15,10
ex04_sad_00004,ex04::HEAVIER THAN YOU THOUGHT IT WOULD BE,emotion_3408,intent_3408_last,40,10,25,20,10,15,11
ex04_sad_00004,ex04::HEAVIER THAN YOU THOUGHT IT WOULD BE,emotion_3408,speaker_count_3408_last,0,1,17,2,10,7,1
ex04_sad_00004,ex04::HEAVIER THAN YOU THOUGHT IT WOULD BE,emotion_3408,speaker_count_3408_last,20,6,17,12,10,7,6
ex04_sad_00004,ex04::HEAVIER THAN YOU THOUGHT IT WOULD BE,emotion_3408,speaker_count_3408_last,40,7,17,14,10,7,7
ex04_sad_00004,ex04::HEAVIER THAN YOU THOUGHT IT WOULD BE,intent_3408_last,speaker_count_3408_last,0,1,22,2,15,7,1
ex04_sad_00004,ex04::HEAVIER THAN YOU THOUGHT IT WOULD BE,intent_3408_last,speaker_count_3408_last,20,7,22,14,15,7,7
ex04_sad_00004,ex04::HEAVIER THAN YOU THOUGHT IT WOULD BE,intent_3408_last,speaker_count_3408_last,40,7,22,14,15,7,7
ex04_sad_00015,ex04::FENNEL IS A BULB VEGETABLE WITH A LICORICE ANISE FLAVOR TO IT,asr_3408,emotion_3408,0,18,77,36,51,26,18
ex04_sad_00015,ex04::FENNEL IS A BULB VEGETABLE WITH A LICORICE ANISE FLAVOR TO IT,asr_3408,emotion_3408,20,26,77,52,51,26,26
ex04_sad_00015,ex04::FENNEL IS A BULB VEGETABLE WITH A LICORICE ANISE FLAVOR TO IT,asr_3408,emotion_3408,40,26,77,52,51,26,26
ex04_sad_00015,ex04::FENNEL IS A BULB VEGETABLE WITH A LICORICE ANISE FLAVOR TO IT,asr_3408,intent_3408_last,0,25,86,50,51,35,25
ex04_sad_00015,ex04::FENNEL IS A BULB VEGETABLE WITH A LICORICE ANISE FLAVOR TO IT,asr_3408,intent_3408_last,20,34,86,68,51,35,34
ex04_sad_00015,ex04::FENNEL IS A BULB VEGETABLE WITH A LICORICE ANISE FLAVOR TO IT,asr_3408,intent_3408_last,40,35,86,70,51,35,35
ex04_sad_00015,ex04::FENNEL IS A BULB VEGETABLE WITH A LICORICE ANISE FLAVOR TO IT,asr_3408,speaker_count_3408_last,0,9,67,18,51,16,9
ex04_sad_00015,ex04::FENNEL IS A BULB VEGETABLE WITH A LICORICE ANISE FLAVOR TO IT,asr_3408,speaker_count_3408_last,20,16,67,32,51,16,16
ex04_sad_00015,ex04::FENNEL IS A BULB VEGETABLE WITH A LICORICE ANISE FLAVOR TO IT,asr_3408,speaker_count_3408_last,40,16,67,32,51,16,16
ex04_sad_00015,ex04::FENNEL IS A BULB VEGETABLE WITH A LICORICE ANISE FLAVOR TO IT,emotion_3408,intent_3408_last,0,18,61,36,26,35,18
ex04_sad_00015,ex04::FENNEL IS A BULB VEGETABLE WITH A LICORICE ANISE FLAVOR TO IT,emotion_3408,intent_3408_last,20,25,61,50,26,35,26
ex04_sad_00015,ex04::FENNEL IS A BULB VEGETABLE WITH A LICORICE ANISE FLAVOR TO IT,emotion_3408,intent_3408_last,40,26,61,52,26,35,28
ex04_sad_00015,ex04::FENNEL IS A BULB VEGETABLE WITH A LICORICE ANISE FLAVOR TO IT,emotion_3408,speaker_count_3408_last,0,6,42,12,26,16,6
ex04_sad_00015,ex04::FENNEL IS A BULB VEGETABLE WITH A LICORICE ANISE FLAVOR TO IT,emotion_3408,speaker_count_3408_last,20,12,42,24,26,16,12
ex04_sad_00015,ex04::FENNEL IS A BULB VEGETABLE WITH A LICORICE ANISE FLAVOR TO IT,emotion_3408,speaker_count_3408_last,40,14,42,28,26,16,14
ex04_sad_00015,ex04::FENNEL IS A BULB VEGETABLE WITH A LICORICE ANISE FLAVOR TO IT,intent_3408_last,speaker_count_3408_last,0,8,51,16,35,16,8
ex04_sad_00015,ex04::FENNEL IS A BULB VEGETABLE WITH A LICORICE ANISE FLAVOR TO IT,intent_3408_last,speaker_count_3408_last,20,16,51,32,35,16,16
ex04_sad_00015,ex04::FENNEL IS A BULB VEGETABLE WITH A LICORICE ANISE FLAVOR TO IT,intent_3408_last,speaker_count_3408_last,40,16,51,32,35,16,16
ex04_sad_00080,ex04::I'M DOING SOCIETY A FAVOR,asr_3408,emotion_3408,0,6,33,12,23,10,6
ex04_sad_00080,ex04::I'M DOING SOCIETY A FAVOR,asr_3408,emotion_3408,20,10,33,20,23,10,10
ex04_sad_00080,ex04::I'M DOING SOCIETY A FAVOR,asr_3408,emotion_3408,40,10,33,20,23,10,10
ex04_sad_00080,ex04::I'M DOING SOCIETY A FAVOR,asr_3408,intent_3408_last,0,11,38,22,23,15,11
ex04_sad_00080,ex04::I'M DOING SOCIETY A FAVOR,asr_3408,intent_3408_last,20,15,38,30,23,15,15
ex04_sad_00080,ex04::I'M DOING SOCIETY A FAVOR,asr_3408,intent_3408_last,40,15,38,30,23,15,15
ex04_sad_00080,ex04::I'M DOING SOCIETY A FAVOR,asr_3408,speaker_count_3408_last,0,4,30,8,23,7,4
ex04_sad_00080,ex04::I'M DOING SOCIETY A FAVOR,asr_3408,speaker_count_3408_last,20,7,30,14,23,7,7
ex04_sad_00080,ex04::I'M DOING SOCIETY A FAVOR,asr_3408,speaker_count_3408_last,40,7,30,14,23,7,7
ex04_sad_00080,ex04::I'M DOING SOCIETY A FAVOR,emotion_3408,intent_3408_last,0,5,25,10,10,15,5
ex04_sad_00080,ex04::I'M DOING SOCIETY A FAVOR,emotion_3408,intent_3408_last,20,9,25,18,10,15,9
ex04_sad_00080,ex04::I'M DOING SOCIETY A FAVOR,emotion_3408,intent_3408_last,40,9,25,18,10,15,9
ex04_sad_00080,ex04::I'M DOING SOCIETY A FAVOR,emotion_3408,speaker_count_3408_last,0,3,17,6,10,7,3
ex04_sad_00080,ex04::I'M DOING SOCIETY A FAVOR,emotion_3408,speaker_count_3408_last,20,5,17,10,10,7,5
ex04_sad_00080,ex04::I'M DOING SOCIETY A FAVOR,emotion_3408,speaker_count_3408_last,40,5,17,10,10,7,5
ex04_sad_00080,ex04::I'M DOING SOCIETY A FAVOR,intent_3408_last,speaker_count_3408_last,0,3,22,6,15,7,3
ex04_sad_00080,ex04::I'M DOING SOCIETY A FAVOR,intent_3408_last,speaker_count_3408_last,20,7,22,14,15,7,7
ex04_sad_00080,ex04::I'M DOING SOCIETY A FAVOR,intent_3408_last,speaker_count_3408_last,40,7,22,14,15,7,7
ex04_sad_00099,ex04::DOES WEBMD HAVE A WEBPAGE ON DECODING CODE,asr_3408,emotion_3408,0,16,61,32,40,21,16
ex04_sad_00099,ex04::DOES WEBMD HAVE A WEBPAGE ON DECODING CODE,asr_3408,emotion_3408,20,20,61,40,40,21,20
ex04_sad_00099,ex04::DOES WEBMD HAVE A WEBPAGE ON DECODING CODE,asr_3408,emotion_3408,40,20,61,40,40,21,20
ex04_sad_00099,ex04::DOES WEBMD HAVE A WEBPAGE ON DECODING CODE,asr_3408,intent_3408_last,0,21,66,42,40,26,21
ex04_sad_00099,ex04::DOES WEBMD HAVE A WEBPAGE ON DECODING CODE,asr_3408,intent_3408_last,20,25,66,50,40,26,25
ex04_sad_00099,ex04::DOES WEBMD HAVE A WEBPAGE ON DECODING CODE,asr_3408,intent_3408_last,40,25,66,50,40,26,25
ex04_sad_00099,ex04::DOES WEBMD HAVE A WEBPAGE ON DECODING CODE,asr_3408,speaker_count_3408_last,0,8,52,16,40,12,8
ex04_sad_00099,ex04::DOES WEBMD HAVE A WEBPAGE ON DECODING CODE,asr_3408,speaker_count_3408_last,20,12,52,24,40,12,12
ex04_sad_00099,ex04::DOES WEBMD HAVE A WEBPAGE ON DECODING CODE,asr_3408,speaker_count_3408_last,40,12,52,24,40,12,12
ex04_sad_00099,ex04::DOES WEBMD HAVE A WEBPAGE ON DECODING CODE,emotion_3408,intent_3408_last,0,14,47,28,21,26,14
ex04_sad_00099,ex04::DOES WEBMD HAVE A WEBPAGE ON DECODING CODE,emotion_3408,intent_3408_last,20,20,47,40,21,26,20
ex04_sad_00099,ex04::DOES WEBMD HAVE A WEBPAGE ON DECODING CODE,emotion_3408,intent_3408_last,40,21,47,42,21,26,21
ex04_sad_00099,ex04::DOES WEBMD HAVE A WEBPAGE ON DECODING CODE,emotion_3408,speaker_count_3408_last,0,7,33,14,21,12,7
ex04_sad_00099,ex04::DOES WEBMD HAVE A WEBPAGE ON DECODING CODE,emotion_3408,speaker_count_3408_last,20,11,33,22,21,12,11
ex04_sad_00099,ex04::DOES WEBMD HAVE A WEBPAGE ON DECODING CODE,emotion_3408,speaker_count_3408_last,40,11,33,22,21,12,11
ex04_sad_00099,ex04::DOES WEBMD HAVE A WEBPAGE ON DECODING CODE,intent_3408_last,speaker_count_3408_last,0,7,38,14,26,12,7
ex04_sad_00099,ex04::DOES WEBMD HAVE A WEBPAGE ON DECODING CODE,intent_3408_last,speaker_count_3408_last,20,11,38,22,26,12,11
ex04_sad_00099,ex04::DOES WEBMD HAVE A WEBPAGE ON DECODING CODE,intent_3408_last,speaker_count_3408_last,40,11,38,22,26,12,11
ex04_sad_00147,ex04::YOU'RE ANGRY ON THE TIN ROOF,asr_3408,emotion_3408,0,6,31,12,21,10,6
ex04_sad_00147,ex04::YOU'RE ANGRY ON THE TIN ROOF,asr_3408,emotion_3408,20,9,31,18,21,10,9
ex04_sad_00147,ex04::YOU'RE ANGRY ON THE TIN ROOF,asr_3408,emotion_3408,40,10,31,20,21,10,10
ex04_sad_00147,ex04::YOU'RE ANGRY ON THE TIN ROOF,asr_3408,intent_3408_last,0,13,38,26,21,17,13
ex04_sad_00147,ex04::YOU'RE ANGRY ON THE TIN ROOF,asr_3408,intent_3408_last,20,17,38,34,21,17,17
ex04_sad_00147,ex04::YOU'RE ANGRY ON THE TIN ROOF,asr_3408,intent_3408_last,40,17,38,34,21,17,17
ex04_sad_00147,ex04::YOU'RE ANGRY ON THE TIN ROOF,asr_3408,speaker_count_3408_last,0,2,27,4,21,6,2
ex04_sad_00147,ex04::YOU'RE ANGRY ON THE TIN ROOF,asr_3408,speaker_count_3408_last,20,4,27,8,21,6,4
ex04_sad_00147,ex04::YOU'RE ANGRY ON THE TIN ROOF,asr_3408,speaker_count_3408_last,40,5,27,10,21,6,5
ex04_sad_00147,ex04::YOU'RE ANGRY ON THE TIN ROOF,emotion_3408,intent_3408_last,0,6,27,12,10,17,6
ex04_sad_00147,ex04::YOU'RE ANGRY ON THE TIN ROOF,emotion_3408,intent_3408_last,20,10,27,20,10,17,10
ex04_sad_00147,ex04::YOU'RE ANGRY ON THE TIN ROOF,emotion_3408,intent_3408_last,40,10,27,20,10,17,11
ex04_sad_00147,ex04::YOU'RE ANGRY ON THE TIN ROOF,emotion_3408,speaker_count_3408_last,0,2,16,4,10,6,2
ex04_sad_00147,ex04::YOU'RE ANGRY ON THE TIN ROOF,emotion_3408,speaker_count_3408_last,20,5,16,10,10,6,5
ex04_sad_00147,ex04::YOU'RE ANGRY ON THE TIN ROOF,emotion_3408,speaker_count_3408_last,40,5,16,10,10,6,5
ex04_sad_00147,ex04::YOU'RE ANGRY ON THE TIN ROOF,intent_3408_last,speaker_count_3408_last,0,3,23,6,17,6,3
ex04_sad_00147,ex04::YOU'RE ANGRY ON THE TIN ROOF,intent_3408_last,speaker_count_3408_last,20,5,23,10,17,6,5
ex04_sad_00147,ex04::YOU'RE ANGRY ON THE TIN ROOF,intent_3408_last,speaker_count_3408_last,40,5,23,10,17,6,5
ex04_sad_00158,ex04::AND THEN HE WOULD COME OVER TO OUR SET AND FILM THROUGHOUT THE NIGHT,asr_3408,emotion_3408,0,11,65,22,45,20,11
ex04_sad_00158,ex04::AND THEN HE WOULD COME OVER TO OUR SET AND FILM THROUGHOUT THE NIGHT,asr_3408,emotion_3408,20,19,65,38,45,20,19
ex04_sad_00158,ex04::AND THEN HE WOULD COME OVER TO OUR SET AND FILM THROUGHOUT THE NIGHT,asr_3408,emotion_3408,40,20,65,40,45,20,20
ex04_sad_00158,ex04::AND THEN HE WOULD COME OVER TO OUR SET AND FILM THROUGHOUT THE NIGHT,asr_3408,intent_3408_last,0,17,70,34,45,25,17
ex04_sad_00158,ex04::AND THEN HE WOULD COME OVER TO OUR SET AND FILM THROUGHOUT THE NIGHT,asr_3408,intent_3408_last,20,25,70,50,45,25,25
ex04_sad_00158,ex04::AND THEN HE WOULD COME OVER TO OUR SET AND FILM THROUGHOUT THE NIGHT,asr_3408,intent_3408_last,40,25,70,50,45,25,25
ex04_sad_00158,ex04::AND THEN HE WOULD COME OVER TO OUR SET AND FILM THROUGHOUT THE NIGHT,asr_3408,speaker_count_3408_last,0,8,59,16,45,14,8
ex04_sad_00158,ex04::AND THEN HE WOULD COME OVER TO OUR SET AND FILM THROUGHOUT THE NIGHT,asr_3408,speaker_count_3408_last,20,13,59,26,45,14,13
ex04_sad_00158,ex04::AND THEN HE WOULD COME OVER TO OUR SET AND FILM THROUGHOUT THE NIGHT,asr_3408,speaker_count_3408_last,40,14,59,28,45,14,14
ex04_sad_00158,ex04::AND THEN HE WOULD COME OVER TO OUR SET AND FILM THROUGHOUT THE NIGHT,emotion_3408,intent_3408_last,0,15,45,30,20,25,15
ex04_sad_00158,ex04::AND THEN HE WOULD COME OVER TO OUR SET AND FILM THROUGHOUT THE NIGHT,emotion_3408,intent_3408_last,20,18,45,36,20,25,18
ex04_sad_00158,ex04::AND THEN HE WOULD COME OVER TO OUR SET AND FILM THROUGHOUT THE NIGHT,emotion_3408,intent_3408_last,40,18,45,36,20,25,20
ex04_sad_00158,ex04::AND THEN HE WOULD COME OVER TO OUR SET AND FILM THROUGHOUT THE NIGHT,emotion_3408,speaker_count_3408_last,0,7,34,14,20,14,7
ex04_sad_00158,ex04::AND THEN HE WOULD COME OVER TO OUR SET AND FILM THROUGHOUT THE NIGHT,emotion_3408,speaker_count_3408_last,20,10,34,20,20,14,10
ex04_sad_00158,ex04::AND THEN HE WOULD COME OVER TO OUR SET AND FILM THROUGHOUT THE NIGHT,emotion_3408,speaker_count_3408_last,40,11,34,22,20,14,11
ex04_sad_00158,ex04::AND THEN HE WOULD COME OVER TO OUR SET AND FILM THROUGHOUT THE NIGHT,intent_3408_last,speaker_count_3408_last,0,8,39,16,25,14,8
ex04_sad_00158,ex04::AND THEN HE WOULD COME OVER TO OUR SET AND FILM THROUGHOUT THE NIGHT,intent_3408_last,speaker_count_3408_last,20,12,39,24,25,14,12
ex04_sad_00158,ex04::AND THEN HE WOULD COME OVER TO OUR SET AND FILM THROUGHOUT THE NIGHT,intent_3408_last,speaker_count_3408_last,40,14,39,28,25,14,14
ex04_sad_00183,ex04::THE SON ALLEGIANT AND WALK TWO MOONS ARE SIMILAR,asr_3408,emotion_3408,0,16,63,32,42,21,16
ex04_sad_00183,ex04::THE SON ALLEGIANT AND WALK TWO MOONS ARE SIMILAR,asr_3408,emotion_3408,20,19,63,38,42,21,19
ex04_sad_00183,ex04::THE SON ALLEGIANT AND WALK TWO MOONS ARE SIMILAR,asr_3408,emotion_3408,40,21,63,42,42,21,21
ex04_sad_00183,ex04::THE SON ALLEGIANT AND WALK TWO MOONS ARE SIMILAR,asr_3408,intent_3408_last,0,23,73,46,42,31,23
ex04_sad_00183,ex04::THE SON ALLEGIANT AND WALK TWO MOONS ARE SIMILAR,asr_3408,intent_3408_last,20,31,73,62,42,31,31
ex04_sad_00183,ex04::THE SON ALLEGIANT AND WALK TWO MOONS ARE SIMILAR,asr_3408,intent_3408_last,40,31,73,62,42,31,31
ex04_sad_00183,ex04::THE SON ALLEGIANT AND WALK TWO MOONS ARE SIMILAR,asr_3408,speaker_count_3408_last,0,4,53,8,42,11,4
ex04_sad_00183,ex04::THE SON ALLEGIANT AND WALK TWO MOONS ARE SIMILAR,asr_3408,speaker_count_3408_last,20,9,53,18,42,11,9
ex04_sad_00183,ex04::THE SON ALLEGIANT AND WALK TWO MOONS ARE SIMILAR,asr_3408,speaker_count_3408_last,40,10,53,20,42,11,10
ex04_sad_00183,ex04::THE SON ALLEGIANT AND WALK TWO MOONS ARE SIMILAR,emotion_3408,intent_3408_last,0,14,52,28,21,31,14
ex04_sad_00183,ex04::THE SON ALLEGIANT AND WALK TWO MOONS ARE SIMILAR,emotion_3408,intent_3408_last,20,18,52,36,21,31,18
ex04_sad_00183,ex04::THE SON ALLEGIANT AND WALK TWO MOONS ARE SIMILAR,emotion_3408,intent_3408_last,40,21,52,42,21,31,23
ex04_sad_00183,ex04::THE SON ALLEGIANT AND WALK TWO MOONS ARE SIMILAR,emotion_3408,speaker_count_3408_last,0,5,32,10,21,11,5
ex04_sad_00183,ex04::THE SON ALLEGIANT AND WALK TWO MOONS ARE SIMILAR,emotion_3408,speaker_count_3408_last,20,7,32,14,21,11,7
ex04_sad_00183,ex04::THE SON ALLEGIANT AND WALK TWO MOONS ARE SIMILAR,emotion_3408,speaker_count_3408_last,40,8,32,16,21,11,8
ex04_sad_00183,ex04::THE SON ALLEGIANT AND WALK TWO MOONS ARE SIMILAR,intent_3408_last,speaker_count_3408_last,0,6,42,12,31,11,6
ex04_sad_00183,ex04::THE SON ALLEGIANT AND WALK TWO MOONS ARE SIMILAR,intent_3408_last,speaker_count_3408_last,20,8,42,16,31,11,8
ex04_sad_00183,ex04::THE SON ALLEGIANT AND WALK TWO MOONS ARE SIMILAR,intent_3408_last,speaker_count_3408_last,40,10,42,20,31,11,10
ex04_sad_00206,ex04::ENJOY THE MOVIE,asr_3408,emotion_3408,0,4,22,8,16,6,4
ex04_sad_00206,ex04::ENJOY THE MOVIE,asr_3408,emotion_3408,20,5,22,10,16,6,5
ex04_sad_00206,ex04::ENJOY THE MOVIE,asr_3408,emotion_3408,40,6,22,12,16,6,6
ex04_sad_00206,ex04::ENJOY THE MOVIE,asr_3408,intent_3408_last,0,9,28,18,16,12,9
ex04_sad_00206,ex04::ENJOY THE MOVIE,asr_3408,intent_3408_last,20,12,28,24,16,12,12
ex04_sad_00206,ex04::ENJOY THE MOVIE,asr_3408,intent_3408_last,40,12,28,24,16,12,12
ex04_sad_00206,ex04::ENJOY THE MOVIE,asr_3408,speaker_count_3408_last,0,2,21,4,16,5,2
ex04_sad_00206,ex04::ENJOY THE MOVIE,asr_3408,speaker_count_3408_last,20,5,21,10,16,5,5
ex04_sad_00206,ex04::ENJOY THE MOVIE,asr_3408,speaker_count_3408_last,40,5,21,10,16,5,5
ex04_sad_00206,ex04::ENJOY THE MOVIE,emotion_3408,intent_3408_last,0,3,18,6,6,12,3
ex04_sad_00206,ex04::ENJOY THE MOVIE,emotion_3408,intent_3408_last,20,5,18,10,6,12,5
ex04_sad_00206,ex04::ENJOY THE MOVIE,emotion_3408,intent_3408_last,40,6,18,12,6,12,8
ex04_sad_00206,ex04::ENJOY THE MOVIE,emotion_3408,speaker_count_3408_last,0,1,11,2,6,5,1
ex04_sad_00206,ex04::ENJOY THE MOVIE,emotion_3408,speaker_count_3408_last,20,3,11,6,6,5,3
ex04_sad_00206,ex04::ENJOY THE MOVIE,emotion_3408,speaker_count_3408_last,40,4,11,8,6,5,4
ex04_sad_00206,ex04::ENJOY THE MOVIE,intent_3408_last,speaker_count_3408_last,0,3,17,6,12,5,3
ex04_sad_00206,ex04::ENJOY THE MOVIE,intent_3408_last,speaker_count_3408_last,20,5,17,10,12,5,5
ex04_sad_00206,ex04::ENJOY THE MOVIE,intent_3408_last,speaker_count_3408_last,40,5,17,10,12,5,5
ex04_sad_00209,ex04::ANY TRIPLE DIGIT TEMPS THIS WEEK IN TEXAS,asr_3408,emotion_3408,0,15,50,30,33,17,15
ex04_sad_00209,ex04::ANY TRIPLE DIGIT TEMPS THIS WEEK IN TEXAS,asr_3408,emotion_3408,20,17,50,34,33,17,17
ex04_sad_00209,ex04::ANY TRIPLE DIGIT TEMPS THIS WEEK IN TEXAS,asr_3408,emotion_3408,40,17,50,34,33,17,17
ex04_sad_00209,ex04::ANY TRIPLE DIGIT TEMPS THIS WEEK IN TEXAS,asr_3408,intent_3408_last,0,18,54,36,33,21,18
ex04_sad_00209,ex04::ANY TRIPLE DIGIT TEMPS THIS WEEK IN TEXAS,asr_3408,intent_3408_last,20,21,54,42,33,21,21
ex04_sad_00209,ex04::ANY TRIPLE DIGIT TEMPS THIS WEEK IN TEXAS,asr_3408,intent_3408_last,40,21,54,42,33,21,21
ex04_sad_00209,ex04::ANY TRIPLE DIGIT TEMPS THIS WEEK IN TEXAS,asr_3408,speaker_count_3408_last,0,4,42,8,33,9,4
ex04_sad_00209,ex04::ANY TRIPLE DIGIT TEMPS THIS WEEK IN TEXAS,asr_3408,speaker_count_3408_last,20,8,42,16,33,9,8
ex04_sad_00209,ex04::ANY TRIPLE DIGIT TEMPS THIS WEEK IN TEXAS,asr_3408,speaker_count_3408_last,40,9,42,18,33,9,9
ex04_sad_00209,ex04::ANY TRIPLE DIGIT TEMPS THIS WEEK IN TEXAS,emotion_3408,intent_3408_last,0,14,38,28,17,21,14
ex04_sad_00209,ex04::ANY TRIPLE DIGIT TEMPS THIS WEEK IN TEXAS,emotion_3408,intent_3408_last,20,16,38,32,17,21,16
ex04_sad_00209,ex04::ANY TRIPLE DIGIT TEMPS THIS WEEK IN TEXAS,emotion_3408,intent_3408_last,40,16,38,32,17,21,17
ex04_sad_00209,ex04::ANY TRIPLE DIGIT TEMPS THIS WEEK IN TEXAS,emotion_3408,speaker_count_3408_last,0,4,26,8,17,9,4
ex04_sad_00209,ex04::ANY TRIPLE DIGIT TEMPS THIS WEEK IN TEXAS,emotion_3408,speaker_count_3408_last,20,8,26,16,17,9,8
ex04_sad_00209,ex04::ANY TRIPLE DIGIT TEMPS THIS WEEK IN TEXAS,emotion_3408,speaker_count_3408_last,40,9,26,18,17,9,9
ex04_sad_00209,ex04::ANY TRIPLE DIGIT TEMPS THIS WEEK IN TEXAS,intent_3408_last,speaker_count_3408_last,0,4,30,8,21,9,4
ex04_sad_00209,ex04::ANY TRIPLE DIGIT TEMPS THIS WEEK IN TEXAS,intent_3408_last,speaker_count_3408_last,20,7,30,14,21,9,7
ex04_sad_00209,ex04::ANY TRIPLE DIGIT TEMPS THIS WEEK IN TEXAS,intent_3408_last,speaker_count_3408_last,40,8,30,16,21,9,8
ex04_sad_00254,ex04::ANY INDICATION ON HOW HE'S LEANING,asr_3408,emotion_3408,0,6,39,12,26,13,6
ex04_sad_00254,ex04::ANY INDICATION ON HOW HE'S LEANING,asr_3408,emotion_3408,20,12,39,24,26,13,12
ex04_sad_00254,ex04::ANY INDICATION ON HOW HE'S LEANING,asr_3408,emotion_3408,40,13,39,26,26,13,13
ex04_sad_00254,ex04::ANY INDICATION ON HOW HE'S LEANING,asr_3408,intent_3408_last,0,15,46,30,26,20,15
ex04_sad_00254,ex04::ANY INDICATION ON HOW HE'S LEANING,asr_3408,intent_3408_last,20,19,46,38,26,20,19
ex04_sad_00254,ex04::ANY INDICATION ON HOW HE'S LEANING,asr_3408,intent_3408_last,40,20,46,40,26,20,20
ex04_sad_00254,ex04::ANY INDICATION ON HOW HE'S LEANING,asr_3408,speaker_count_3408_last,0,6,34,12,26,8,6
ex04_sad_00254,ex04::ANY INDICATION ON HOW HE'S LEANING,asr_3408,speaker_count_3408_last,20,8,34,16,26,8,8
ex04_sad_00254,ex04::ANY INDICATION ON HOW HE'S LEANING,asr_3408,speaker_count_3408_last,40,8,34,16,26,8,8
ex04_sad_00254,ex04::ANY INDICATION ON HOW HE'S LEANING,emotion_3408,intent_3408_last,0,8,33,16,13,20,8
ex04_sad_00254,ex04::ANY INDICATION ON HOW HE'S LEANING,emotion_3408,intent_3408_last,20,11,33,22,13,20,12
ex04_sad_00254,ex04::ANY INDICATION ON HOW HE'S LEANING,emotion_3408,intent_3408_last,40,11,33,22,13,20,12
ex04_sad_00254,ex04::ANY INDICATION ON HOW HE'S LEANING,emotion_3408,speaker_count_3408_last,0,4,21,8,13,8,4
ex04_sad_00254,ex04::ANY INDICATION ON HOW HE'S LEANING,emotion_3408,speaker_count_3408_last,20,6,21,12,13,8,6
ex04_sad_00254,ex04::ANY INDICATION ON HOW HE'S LEANING,emotion_3408,speaker_count_3408_last,40,7,21,14,13,8,7
ex04_sad_00254,ex04::ANY INDICATION ON HOW HE'S LEANING,intent_3408_last,speaker_count_3408_last,0,5,28,10,20,8,5
ex04_sad_00254,ex04::ANY INDICATION ON HOW HE'S LEANING,intent_3408_last,speaker_count_3408_last,20,8,28,16,20,8,8
ex04_sad_00254,ex04::ANY INDICATION ON HOW HE'S LEANING,intent_3408_last,speaker_count_3408_last,40,8,28,16,20,8,8
ex04_sad_00278,ex04::HEY GAGA HOW'S IT GOING IN THERE,asr_3408,emotion_3408,0,10,41,20,27,14,10
ex04_sad_00278,ex04::HEY GAGA HOW'S IT GOING IN THERE,asr_3408,emotion_3408,20,14,41,28,27,14,14
ex04_sad_00278,ex04::HEY GAGA HOW'S IT GOING IN THERE,asr_3408,emotion_3408,40,14,41,28,27,14,14
ex04_sad_00278,ex04::HEY GAGA HOW'S IT GOING IN THERE,asr_3408,intent_3408_last,0,14,47,28,27,20,14
ex04_sad_00278,ex04::HEY GAGA HOW'S IT GOING IN THERE,asr_3408,intent_3408_last,20,20,47,40,27,20,20
ex04_sad_00278,ex04::HEY GAGA HOW'S IT GOING IN THERE,asr_3408,intent_3408_last,40,20,47,40,27,20,20
ex04_sad_00278,ex04::HEY GAGA HOW'S IT GOING IN THERE,asr_3408,speaker_count_3408_last,0,3,36,6,27,9,3
ex04_sad_00278,ex04::HEY GAGA HOW'S IT GOING IN THERE,asr_3408,speaker_count_3408_last,20,8,36,16,27,9,8
ex04_sad_00278,ex04::HEY GAGA HOW'S IT GOING IN THERE,asr_3408,speaker_count_3408_last,40,9,36,18,27,9,9
ex04_sad_00278,ex04::HEY GAGA HOW'S IT GOING IN THERE,emotion_3408,intent_3408_last,0,10,34,20,14,20,10
ex04_sad_00278,ex04::HEY GAGA HOW'S IT GOING IN THERE,emotion_3408,intent_3408_last,20,13,34,26,14,20,13
ex04_sad_00278,ex04::HEY GAGA HOW'S IT GOING IN THERE,emotion_3408,intent_3408_last,40,13,34,26,14,20,15
ex04_sad_00278,ex04::HEY GAGA HOW'S IT GOING IN THERE,emotion_3408,speaker_count_3408_last,0,4,23,8,14,9,4
ex04_sad_00278,ex04::HEY GAGA HOW'S IT GOING IN THERE,emotion_3408,speaker_count_3408_last,20,8,23,16,14,9,8
ex04_sad_00278,ex04::HEY GAGA HOW'S IT GOING IN THERE,emotion_3408,speaker_count_3408_last,40,8,23,16,14,9,8
ex04_sad_00278,ex04::HEY GAGA HOW'S IT GOING IN THERE,intent_3408_last,speaker_count_3408_last,0,4,29,8,20,9,4
ex04_sad_00278,ex04::HEY GAGA HOW'S IT GOING IN THERE,intent_3408_last,speaker_count_3408_last,20,9,29,18,20,9,9
ex04_sad_00278,ex04::HEY GAGA HOW'S IT GOING IN THERE,intent_3408_last,speaker_count_3408_last,40,9,29,18,20,9,9
ex04_sad_00284,ex04::YOU COULD HAVE WRECKED HIS LIFE,asr_3408,emotion_3408,0,6,31,12,21,10,6
ex04_sad_00284,ex04::YOU COULD HAVE WRECKED HIS LIFE,asr_3408,emotion_3408,20,9,31,18,21,10,9
ex04_sad_00284,ex04::YOU COULD HAVE WRECKED HIS LIFE,asr_3408,emotion_3408,40,10,31,20,21,10,10
ex04_sad_00284,ex04::YOU COULD HAVE WRECKED HIS LIFE,asr_3408,intent_3408_last,0,10,36,20,21,15,10
ex04_sad_00284,ex04::YOU COULD HAVE WRECKED HIS LIFE,asr_3408,intent_3408_last,20,15,36,30,21,15,15
ex04_sad_00284,ex04::YOU COULD HAVE WRECKED HIS LIFE,asr_3408,intent_3408_last,40,15,36,30,21,15,15
ex04_sad_00284,ex04::YOU COULD HAVE WRECKED HIS LIFE,asr_3408,speaker_count_3408_last,0,2,25,4,21,4,2
ex04_sad_00284,ex04::YOU COULD HAVE WRECKED HIS LIFE,asr_3408,speaker_count_3408_last,20,4,25,8,21,4,4
ex04_sad_00284,ex04::YOU COULD HAVE WRECKED HIS LIFE,asr_3408,speaker_count_3408_last,40,4,25,8,21,4,4
ex04_sad_00284,ex04::YOU COULD HAVE WRECKED HIS LIFE,emotion_3408,intent_3408_last,0,7,25,14,10,15,7
ex04_sad_00284,ex04::YOU COULD HAVE WRECKED HIS LIFE,emotion_3408,intent_3408_last,20,10,25,20,10,15,10
ex04_sad_00284,ex04::YOU COULD HAVE WRECKED HIS LIFE,emotion_3408,intent_3408_last,40,10,25,20,10,15,11
ex04_sad_00284,ex04::YOU COULD HAVE WRECKED HIS LIFE,emotion_3408,speaker_count_3408_last,0,2,14,4,10,4,2
ex04_sad_00284,ex04::YOU COULD HAVE WRECKED HIS LIFE,emotion_3408,speaker_count_3408_last,20,4,14,8,10,4,4
ex04_sad_00284,ex04::YOU COULD HAVE WRECKED HIS LIFE,emotion_3408,speaker_count_3408_last,40,4,14,8,10,4,4
ex04_sad_00284,ex04::YOU COULD HAVE WRECKED HIS LIFE,intent_3408_last,speaker_count_3408_last,0,3,19,6,15,4,3
ex04_sad_00284,ex04::YOU COULD HAVE WRECKED HIS LIFE,intent_3408_last,speaker_count_3408_last,20,4,19,8,15,4,4
ex04_sad_00284,ex04::YOU COULD HAVE WRECKED HIS LIFE,intent_3408_last,speaker_count_3408_last,40,4,19,8,15,4,4
ex04_sad_00295,ex04::AND FEE AND STEFFY THEY'RE TEENAGERS,asr_3408,emotion_3408,0,7,40,14,27,13,7
ex04_sad_00295,ex04::AND FEE AND STEFFY THEY'RE TEENAGERS,asr_3408,emotion_3408,20,11,40,22,27,13,11
ex04_sad_00295,ex04::AND FEE AND STEFFY THEY'RE TEENAGERS,asr_3408,emotion_3408,40,11,40,22,27,13,11
ex04_sad_00295,ex04::AND FEE AND STEFFY THEY'RE TEENAGERS,asr_3408,intent_3408_last,0,13,46,26,27,19,13
ex04_sad_00295,ex04::AND FEE AND STEFFY THEY'RE TEENAGERS,asr_3408,intent_3408_last,20,18,46,36,27,19,18
ex04_sad_00295,ex04::AND FEE AND STEFFY THEY'RE TEENAGERS,asr_3408,intent_3408_last,40,19,46,38,27,19,19
ex04_sad_00295,ex04::AND FEE AND STEFFY THEY'RE TEENAGERS,asr_3408,speaker_count_3408_last,0,6,35,12,27,8,6
ex04_sad_00295,ex04::AND FEE AND STEFFY THEY'RE TEENAGERS,asr_3408,speaker_count_3408_last,20,7,35,14,27,8,7
ex04_sad_00295,ex04::AND FEE AND STEFFY THEY'RE TEENAGERS,asr_3408,speaker_count_3408_last,40,7,35,14,27,8,7
ex04_sad_00295,ex04::AND FEE AND STEFFY THEY'RE TEENAGERS,emotion_3408,intent_3408_last,0,7,32,14,13,19,7
ex04_sad_00295,ex04::AND FEE AND STEFFY THEY'RE TEENAGERS,emotion_3408,intent_3408_last,20,10,32,20,13,19,10
ex04_sad_00295,ex04::AND FEE AND STEFFY THEY'RE TEENAGERS,emotion_3408,intent_3408_last,40,12,32,24,13,19,12
ex04_sad_00295,ex04::AND FEE AND STEFFY THEY'RE TEENAGERS,emotion_3408,speaker_count_3408_last,0,6,21,12,13,8,6
ex04_sad_00295,ex04::AND FEE AND STEFFY THEY'RE TEENAGERS,emotion_3408,speaker_count_3408_last,20,7,21,14,13,8,7
ex04_sad_00295,ex04::AND FEE AND STEFFY THEY'RE TEENAGERS,emotion_3408,speaker_count_3408_last,40,7,21,14,13,8,7
ex04_sad_00295,ex04::AND FEE AND STEFFY THEY'RE TEENAGERS,intent_3408_last,speaker_count_3408_last,0,6,27,12,19,8,6
ex04_sad_00295,ex04::AND FEE AND STEFFY THEY'RE TEENAGERS,intent_3408_last,speaker_count_3408_last,20,7,27,14,19,8,7
ex04_sad_00295,ex04::AND FEE AND STEFFY THEY'RE TEENAGERS,intent_3408_last,speaker_count_3408_last,40,8,27,16,19,8,8
ex04_sad_00327,ex04::NOT SO FAST,asr_3408,emotion_3408,0,3,15,6,10,5,3
ex04_sad_00327,ex04::NOT SO FAST,asr_3408,emotion_3408,20,3,15,6,10,5,3
ex04_sad_00327,ex04::NOT SO FAST,asr_3408,emotion_3408,40,5,15,10,10,5,5
ex04_sad_00327,ex04::NOT SO FAST,asr_3408,intent_3408_last,0,4,17,8,10,7,4
ex04_sad_00327,ex04::NOT SO FAST,asr_3408,intent_3408_last,20,7,17,14,10,7,7
ex04_sad_00327,ex04::NOT SO FAST,asr_3408,intent_3408_last,40,7,17,14,10,7,7
ex04_sad_00327,ex04::NOT SO FAST,asr_3408,speaker_count_3408_last,0,0,14,0,10,4,0
ex04_sad_00327,ex04::NOT SO FAST,asr_3408,speaker_count_3408_last,20,2,14,4,10,4,2
ex04_sad_00327,ex04::NOT SO FAST,asr_3408,speaker_count_3408_last,40,3,14,6,10,4,3
ex04_sad_00327,ex04::NOT SO FAST,emotion_3408,intent_3408_last,0,3,12,6,5,7,3
ex04_sad_00327,ex04::NOT SO FAST,emotion_3408,intent_3408_last,20,4,12,8,5,7,4
ex04_sad_00327,ex04::NOT SO FAST,emotion_3408,intent_3408_last,40,4,12,8,5,7,4
ex04_sad_00327,ex04::NOT SO FAST,emotion_3408,speaker_count_3408_last,0,0,9,0,5,4,0
ex04_sad_00327,ex04::NOT SO FAST,emotion_3408,speaker_count_3408_last,20,2,9,4,5,4,2
ex04_sad_00327,ex04::NOT SO FAST,emotion_3408,speaker_count_3408_last,40,2,9,4,5,4,2
ex04_sad_00327,ex04::NOT SO FAST,intent_3408_last,speaker_count_3408_last,0,0,11,0,7,4,0
ex04_sad_00327,ex04::NOT SO FAST,intent_3408_last,speaker_count_3408_last,20,2,11,4,7,4,2
ex04_sad_00327,ex04::NOT SO FAST,intent_3408_last,speaker_count_3408_last,40,2,11,4,7,4,2
ex04_sad_00334,ex04::OKAY SINCE WE'RE TALKING ABOUT WILL SMITH WHAT OTHER MOVIES DID HE ACT IN,asr_3408,emotion_3408,0,15,82,30,53,29,15
ex04_sad_00334,ex04::OKAY SINCE WE'RE TALKING ABOUT WILL SMITH WHAT OTHER MOVIES DID HE ACT IN,asr_3408,emotion_3408,20,28,82,56,53,29,28
ex04_sad_00334,ex04::OKAY SINCE WE'RE TALKING ABOUT WILL SMITH WHAT OTHER MOVIES DID HE ACT IN,asr_3408,emotion_3408,40,29,82,58,53,29,29
ex04_sad_00334,ex04::OKAY SINCE WE'RE TALKING ABOUT WILL SMITH WHAT OTHER MOVIES DID HE ACT IN,asr_3408,intent_3408_last,0,21,90,42,53,37,21
ex04_sad_00334,ex04::OKAY SINCE WE'RE TALKING ABOUT WILL SMITH WHAT OTHER MOVIES DID HE ACT IN,asr_3408,intent_3408_last,20,36,90,72,53,37,36
ex04_sad_00334,ex04::OKAY SINCE WE'RE TALKING ABOUT WILL SMITH WHAT OTHER MOVIES DID HE ACT IN,asr_3408,intent_3408_last,40,37,90,74,53,37,37
ex04_sad_00334,ex04::OKAY SINCE WE'RE TALKING ABOUT WILL SMITH WHAT OTHER MOVIES DID HE ACT IN,asr_3408,speaker_count_3408_last,0,9,69,18,53,16,9
ex04_sad_00334,ex04::OKAY SINCE WE'RE TALKING ABOUT WILL SMITH WHAT OTHER MOVIES DID HE ACT IN,asr_3408,speaker_count_3408_last,20,14,69,28,53,16,14
ex04_sad_00334,ex04::OKAY SINCE WE'RE TALKING ABOUT WILL SMITH WHAT OTHER MOVIES DID HE ACT IN,asr_3408,speaker_count_3408_last,40,15,69,30,53,16,15
ex04_sad_00334,ex04::OKAY SINCE WE'RE TALKING ABOUT WILL SMITH WHAT OTHER MOVIES DID HE ACT IN,emotion_3408,intent_3408_last,0,20,66,40,29,37,20
ex04_sad_00334,ex04::OKAY SINCE WE'RE TALKING ABOUT WILL SMITH WHAT OTHER MOVIES DID HE ACT IN,emotion_3408,intent_3408_last,20,28,66,56,29,37,28
ex04_sad_00334,ex04::OKAY SINCE WE'RE TALKING ABOUT WILL SMITH WHAT OTHER MOVIES DID HE ACT IN,emotion_3408,intent_3408_last,40,28,66,56,29,37,31
ex04_sad_00334,ex04::OKAY SINCE WE'RE TALKING ABOUT WILL SMITH WHAT OTHER MOVIES DID HE ACT IN,emotion_3408,speaker_count_3408_last,0,9,45,18,29,16,9
ex04_sad_00334,ex04::OKAY SINCE WE'RE TALKING ABOUT WILL SMITH WHAT OTHER MOVIES DID HE ACT IN,emotion_3408,speaker_count_3408_last,20,12,45,24,29,16,12
ex04_sad_00334,ex04::OKAY SINCE WE'RE TALKING ABOUT WILL SMITH WHAT OTHER MOVIES DID HE ACT IN,emotion_3408,speaker_count_3408_last,40,14,45,28,29,16,14
ex04_sad_00334,ex04::OKAY SINCE WE'RE TALKING ABOUT WILL SMITH WHAT OTHER MOVIES DID HE ACT IN,intent_3408_last,speaker_count_3408_last,0,9,53,18,37,16,9
ex04_sad_00334,ex04::OKAY SINCE WE'RE TALKING ABOUT WILL SMITH WHAT OTHER MOVIES DID HE ACT IN,intent_3408_last,speaker_count_3408_last,20,13,53,26,37,16,13
ex04_sad_00334,ex04::OKAY SINCE WE'RE TALKING ABOUT WILL SMITH WHAT OTHER MOVIES DID HE ACT IN,intent_3408_last,speaker_count_3408_last,40,14,53,28,37,16,14
ex04_whisper_00004,ex04::HEAVIER THAN YOU THOUGHT IT WOULD BE,asr_3408,emotion_3408,0,8,35,16,25,10,8
ex04_whisper_00004,ex04::HEAVIER THAN YOU THOUGHT IT WOULD BE,asr_3408,emotion_3408,20,10,35,20,25,10,10
ex04_whisper_00004,ex04::HEAVIER THAN YOU THOUGHT IT WOULD BE,asr_3408,emotion_3408,40,10,35,20,25,10,10
ex04_whisper_00004,ex04::HEAVIER THAN YOU THOUGHT IT WOULD BE,asr_3408,intent_3408_last,0,12,40,24,25,15,12
ex04_whisper_00004,ex04::HEAVIER THAN YOU THOUGHT IT WOULD BE,asr_3408,intent_3408_last,20,15,40,30,25,15,15
ex04_whisper_00004,ex04::HEAVIER THAN YOU THOUGHT IT WOULD BE,asr_3408,intent_3408_last,40,15,40,30,25,15,15
ex04_whisper_00004,ex04::HEAVIER THAN YOU THOUGHT IT WOULD BE,asr_3408,speaker_count_3408_last,0,5,31,10,25,6,5
ex04_whisper_00004,ex04::HEAVIER THAN YOU THOUGHT IT WOULD BE,asr_3408,speaker_count_3408_last,20,6,31,12,25,6,6
ex04_whisper_00004,ex04::HEAVIER THAN YOU THOUGHT IT WOULD BE,asr_3408,speaker_count_3408_last,40,6,31,12,25,6,6
ex04_whisper_00004,ex04::HEAVIER THAN YOU THOUGHT IT WOULD BE,emotion_3408,intent_3408_last,0,7,25,14,10,15,7
ex04_whisper_00004,ex04::HEAVIER THAN YOU THOUGHT IT WOULD BE,emotion_3408,intent_3408_last,20,10,25,20,10,15,10
ex04_whisper_00004,ex04::HEAVIER THAN YOU THOUGHT IT WOULD BE,emotion_3408,intent_3408_last,40,10,25,20,10,15,11
ex04_whisper_00004,ex04::HEAVIER THAN YOU THOUGHT IT WOULD BE,emotion_3408,speaker_count_3408_last,0,3,16,6,10,6,3
ex04_whisper_00004,ex04::HEAVIER THAN YOU THOUGHT IT WOULD BE,emotion_3408,speaker_count_3408_last,20,5,16,10,10,6,5
ex04_whisper_00004,ex04::HEAVIER THAN YOU THOUGHT IT WOULD BE,emotion_3408,speaker_count_3408_last,40,6,16,12,10,6,6
ex04_whisper_00004,ex04::HEAVIER THAN YOU THOUGHT IT WOULD BE,intent_3408_last,speaker_count_3408_last,0,4,21,8,15,6,4
ex04_whisper_00004,ex04::HEAVIER THAN YOU THOUGHT IT WOULD BE,intent_3408_last,speaker_count_3408_last,20,5,21,10,15,6,5
ex04_whisper_00004,ex04::HEAVIER THAN YOU THOUGHT IT WOULD BE,intent_3408_last,speaker_count_3408_last,40,6,21,12,15,6,6
ex04_whisper_00015,ex04::FENNEL IS A BULB VEGETABLE WITH A LICORICE ANISE FLAVOR TO IT,asr_3408,emotion_3408,0,19,84,38,54,30,19
ex04_whisper_00015,ex04::FENNEL IS A BULB VEGETABLE WITH A LICORICE ANISE FLAVOR TO IT,asr_3408,emotion_3408,20,26,84,52,54,30,26
ex04_whisper_00015,ex04::FENNEL IS A BULB VEGETABLE WITH A LICORICE ANISE FLAVOR TO IT,asr_3408,emotion_3408,40,30,84,60,54,30,30
ex04_whisper_00015,ex04::FENNEL IS A BULB VEGETABLE WITH A LICORICE ANISE FLAVOR TO IT,asr_3408,intent_3408_last,0,31,92,62,54,38,31
ex04_whisper_00015,ex04::FENNEL IS A BULB VEGETABLE WITH A LICORICE ANISE FLAVOR TO IT,asr_3408,intent_3408_last,20,37,92,74,54,38,37
ex04_whisper_00015,ex04::FENNEL IS A BULB VEGETABLE WITH A LICORICE ANISE FLAVOR TO IT,asr_3408,intent_3408_last,40,38,92,76,54,38,38
ex04_whisper_00015,ex04::FENNEL IS A BULB VEGETABLE WITH A LICORICE ANISE FLAVOR TO IT,asr_3408,speaker_count_3408_last,0,7,71,14,54,17,7
ex04_whisper_00015,ex04::FENNEL IS A BULB VEGETABLE WITH A LICORICE ANISE FLAVOR TO IT,asr_3408,speaker_count_3408_last,20,17,71,34,54,17,17
ex04_whisper_00015,ex04::FENNEL IS A BULB VEGETABLE WITH A LICORICE ANISE FLAVOR TO IT,asr_3408,speaker_count_3408_last,40,17,71,34,54,17,17
ex04_whisper_00015,ex04::FENNEL IS A BULB VEGETABLE WITH A LICORICE ANISE FLAVOR TO IT,emotion_3408,intent_3408_last,0,20,68,40,30,38,20
ex04_whisper_00015,ex04::FENNEL IS A BULB VEGETABLE WITH A LICORICE ANISE FLAVOR TO IT,emotion_3408,intent_3408_last,20,29,68,58,30,38,29
ex04_whisper_00015,ex04::FENNEL IS A BULB VEGETABLE WITH A LICORICE ANISE FLAVOR TO IT,emotion_3408,intent_3408_last,40,29,68,58,30,38,31
ex04_whisper_00015,ex04::FENNEL IS A BULB VEGETABLE WITH A LICORICE ANISE FLAVOR TO IT,emotion_3408,speaker_count_3408_last,0,5,47,10,30,17,5
ex04_whisper_00015,ex04::FENNEL IS A BULB VEGETABLE WITH A LICORICE ANISE FLAVOR TO IT,emotion_3408,speaker_count_3408_last,20,14,47,28,30,17,14
ex04_whisper_00015,ex04::FENNEL IS A BULB VEGETABLE WITH A LICORICE ANISE FLAVOR TO IT,emotion_3408,speaker_count_3408_last,40,14,47,28,30,17,14
ex04_whisper_00015,ex04::FENNEL IS A BULB VEGETABLE WITH A LICORICE ANISE FLAVOR TO IT,intent_3408_last,speaker_count_3408_last,0,6,55,12,38,17,6
ex04_whisper_00015,ex04::FENNEL IS A BULB VEGETABLE WITH A LICORICE ANISE FLAVOR TO IT,intent_3408_last,speaker_count_3408_last,20,14,55,28,38,17,14
ex04_whisper_00015,ex04::FENNEL IS A BULB VEGETABLE WITH A LICORICE ANISE FLAVOR TO IT,intent_3408_last,speaker_count_3408_last,40,15,55,30,38,17,15
ex04_whisper_00080,ex04::I'M DOING SOCIETY A FAVOR,asr_3408,emotion_3408,0,6,36,12,25,11,6
ex04_whisper_00080,ex04::I'M DOING SOCIETY A FAVOR,asr_3408,emotion_3408,20,10,36,20,25,11,10
ex04_whisper_00080,ex04::I'M DOING SOCIETY A FAVOR,asr_3408,emotion_3408,40,11,36,22,25,11,11
ex04_whisper_00080,ex04::I'M DOING SOCIETY A FAVOR,asr_3408,intent_3408_last,0,12,40,24,25,15,12
ex04_whisper_00080,ex04::I'M DOING SOCIETY A FAVOR,asr_3408,intent_3408_last,20,14,40,28,25,15,14
ex04_whisper_00080,ex04::I'M DOING SOCIETY A FAVOR,asr_3408,intent_3408_last,40,15,40,30,25,15,15
ex04_whisper_00080,ex04::I'M DOING SOCIETY A FAVOR,asr_3408,speaker_count_3408_last,0,5,32,10,25,7,5
ex04_whisper_00080,ex04::I'M DOING SOCIETY A FAVOR,asr_3408,speaker_count_3408_last,20,6,32,12,25,7,6
ex04_whisper_00080,ex04::I'M DOING SOCIETY A FAVOR,asr_3408,speaker_count_3408_last,40,7,32,14,25,7,7
ex04_whisper_00080,ex04::I'M DOING SOCIETY A FAVOR,emotion_3408,intent_3408_last,0,6,26,12,11,15,6
ex04_whisper_00080,ex04::I'M DOING SOCIETY A FAVOR,emotion_3408,intent_3408_last,20,8,26,16,11,15,8
ex04_whisper_00080,ex04::I'M DOING SOCIETY A FAVOR,emotion_3408,intent_3408_last,40,9,26,18,11,15,10
ex04_whisper_00080,ex04::I'M DOING SOCIETY A FAVOR,emotion_3408,speaker_count_3408_last,0,4,18,8,11,7,4
ex04_whisper_00080,ex04::I'M DOING SOCIETY A FAVOR,emotion_3408,speaker_count_3408_last,20,5,18,10,11,7,5
ex04_whisper_00080,ex04::I'M DOING SOCIETY A FAVOR,emotion_3408,speaker_count_3408_last,40,6,18,12,11,7,6
ex04_whisper_00080,ex04::I'M DOING SOCIETY A FAVOR,intent_3408_last,speaker_count_3408_last,0,5,22,10,15,7,5
ex04_whisper_00080,ex04::I'M DOING SOCIETY A FAVOR,intent_3408_last,speaker_count_3408_last,20,7,22,14,15,7,7
ex04_whisper_00080,ex04::I'M DOING SOCIETY A FAVOR,intent_3408_last,speaker_count_3408_last,40,7,22,14,15,7,7
ex04_whisper_00099,ex04::DOES WEBMD HAVE A WEBPAGE ON DECODING CODE,asr_3408,emotion_3408,0,15,63,30,40,23,15
ex04_whisper_00099,ex04::DOES WEBMD HAVE A WEBPAGE ON DECODING CODE,asr_3408,emotion_3408,20,22,63,44,40,23,22
ex04_whisper_00099,ex04::DOES WEBMD HAVE A WEBPAGE ON DECODING CODE,asr_3408,emotion_3408,40,23,63,46,40,23,23
ex04_whisper_00099,ex04::DOES WEBMD HAVE A WEBPAGE ON DECODING CODE,asr_3408,intent_3408_last,0,21,68,42,40,28,21
ex04_whisper_00099,ex04::DOES WEBMD HAVE A WEBPAGE ON DECODING CODE,asr_3408,intent_3408_last,20,28,68,56,40,28,28
ex04_whisper_00099,ex04::DOES WEBMD HAVE A WEBPAGE ON DECODING CODE,asr_3408,intent_3408_last,40,28,68,56,40,28,28
ex04_whisper_00099,ex04::DOES WEBMD HAVE A WEBPAGE ON DECODING CODE,asr_3408,speaker_count_3408_last,0,5,52,10,40,12,5
ex04_whisper_00099,ex04::DOES WEBMD HAVE A WEBPAGE ON DECODING CODE,asr_3408,speaker_count_3408_last,20,12,52,24,40,12,12
ex04_whisper_00099,ex04::DOES WEBMD HAVE A WEBPAGE ON DECODING CODE,asr_3408,speaker_count_3408_last,40,12,52,24,40,12,12
ex04_whisper_00099,ex04::DOES WEBMD HAVE A WEBPAGE ON DECODING CODE,emotion_3408,intent_3408_last,0,18,51,36,23,28,18
ex04_whisper_00099,ex04::DOES WEBMD HAVE A WEBPAGE ON DECODING CODE,emotion_3408,intent_3408_last,20,21,51,42,23,28,21
ex04_whisper_00099,ex04::DOES WEBMD HAVE A WEBPAGE ON DECODING CODE,emotion_3408,intent_3408_last,40,22,51,44,23,28,22
ex04_whisper_00099,ex04::DOES WEBMD HAVE A WEBPAGE ON DECODING CODE,emotion_3408,speaker_count_3408_last,0,5,35,10,23,12,5
ex04_whisper_00099,ex04::DOES WEBMD HAVE A WEBPAGE ON DECODING CODE,emotion_3408,speaker_count_3408_last,20,10,35,20,23,12,10
ex04_whisper_00099,ex04::DOES WEBMD HAVE A WEBPAGE ON DECODING CODE,emotion_3408,speaker_count_3408_last,40,10,35,20,23,12,10
ex04_whisper_00099,ex04::DOES WEBMD HAVE A WEBPAGE ON DECODING CODE,intent_3408_last,speaker_count_3408_last,0,5,40,10,28,12,5
ex04_whisper_00099,ex04::DOES WEBMD HAVE A WEBPAGE ON DECODING CODE,intent_3408_last,speaker_count_3408_last,20,11,40,22,28,12,11
ex04_whisper_00099,ex04::DOES WEBMD HAVE A WEBPAGE ON DECODING CODE,intent_3408_last,speaker_count_3408_last,40,11,40,22,28,12,11
ex04_whisper_00147,ex04::YOU'RE ANGRY ON THE TIN ROOF,asr_3408,emotion_3408,0,8,34,16,23,11,8
ex04_whisper_00147,ex04::YOU'RE ANGRY ON THE TIN ROOF,asr_3408,emotion_3408,20,9,34,18,23,11,9
ex04_whisper_00147,ex04::YOU'RE ANGRY ON THE TIN ROOF,asr_3408,emotion_3408,40,11,34,22,23,11,11
ex04_whisper_00147,ex04::YOU'RE ANGRY ON THE TIN ROOF,asr_3408,intent_3408_last,0,11,39,22,23,16,11
ex04_whisper_00147,ex04::YOU'RE ANGRY ON THE TIN ROOF,asr_3408,intent_3408_last,20,16,39,32,23,16,16
ex04_whisper_00147,ex04::YOU'RE ANGRY ON THE TIN ROOF,asr_3408,intent_3408_last,40,16,39,32,23,16,16
ex04_whisper_00147,ex04::YOU'RE ANGRY ON THE TIN ROOF,asr_3408,speaker_count_3408_last,0,4,30,8,23,7,4
ex04_whisper_00147,ex04::YOU'RE ANGRY ON THE TIN ROOF,asr_3408,speaker_count_3408_last,20,7,30,14,23,7,7
ex04_whisper_00147,ex04::YOU'RE ANGRY ON THE TIN ROOF,asr_3408,speaker_count_3408_last,40,7,30,14,23,7,7
ex04_whisper_00147,ex04::YOU'RE ANGRY ON THE TIN ROOF,emotion_3408,intent_3408_last,0,8,27,16,11,16,8
ex04_whisper_00147,ex04::YOU'RE ANGRY ON THE TIN ROOF,emotion_3408,intent_3408_last,20,10,27,20,11,16,10
ex04_whisper_00147,ex04::YOU'RE ANGRY ON THE TIN ROOF,emotion_3408,intent_3408_last,40,11,27,22,11,16,11
ex04_whisper_00147,ex04::YOU'RE ANGRY ON THE TIN ROOF,emotion_3408,speaker_count_3408_last,0,5,18,10,11,7,5
ex04_whisper_00147,ex04::YOU'RE ANGRY ON THE TIN ROOF,emotion_3408,speaker_count_3408_last,20,6,18,12,11,7,6
ex04_whisper_00147,ex04::YOU'RE ANGRY ON THE TIN ROOF,emotion_3408,speaker_count_3408_last,40,6,18,12,11,7,6
ex04_whisper_00147,ex04::YOU'RE ANGRY ON THE TIN ROOF,intent_3408_last,speaker_count_3408_last,0,5,23,10,16,7,5
ex04_whisper_00147,ex04::YOU'RE ANGRY ON THE TIN ROOF,intent_3408_last,speaker_count_3408_last,20,6,23,12,16,7,6
ex04_whisper_00147,ex04::YOU'RE ANGRY ON THE TIN ROOF,intent_3408_last,speaker_count_3408_last,40,6,23,12,16,7,6
ex04_whisper_00158,ex04::AND THEN HE WOULD COME OVER TO OUR SET AND FILM THROUGHOUT THE NIGHT,asr_3408,emotion_3408,0,15,71,30,48,23,15
ex04_whisper_00158,ex04::AND THEN HE WOULD COME OVER TO OUR SET AND FILM THROUGHOUT THE NIGHT,asr_3408,emotion_3408,20,21,71,42,48,23,21
ex04_whisper_00158,ex04::AND THEN HE WOULD COME OVER TO OUR SET AND FILM THROUGHOUT THE NIGHT,asr_3408,emotion_3408,40,23,71,46,48,23,23
ex04_whisper_00158,ex04::AND THEN HE WOULD COME OVER TO OUR SET AND FILM THROUGHOUT THE NIGHT,asr_3408,intent_3408_last,0,24,77,48,48,29,24
ex04_whisper_00158,ex04::AND THEN HE WOULD COME OVER TO OUR SET AND FILM THROUGHOUT THE NIGHT,asr_3408,intent_3408_last,20,28,77,56,48,29,28
ex04_whisper_00158,ex04::AND THEN HE WOULD COME OVER TO OUR SET AND FILM THROUGHOUT THE NIGHT,asr_3408,intent_3408_last,40,29,77,58,48,29,29
ex04_whisper_00158,ex04::AND THEN HE WOULD COME OVER TO OUR SET AND FILM THROUGHOUT THE NIGHT,asr_3408,speaker_count_3408_last,0,4,62,8,48,14,4
ex04_whisper_00158,ex04::AND THEN HE WOULD COME OVER TO OUR SET AND FILM THROUGHOUT THE NIGHT,asr_3408,speaker_count_3408_last,20,14,62,28,48,14,14
ex04_whisper_00158,ex04::AND THEN HE WOULD COME OVER TO OUR SET AND FILM THROUGHOUT THE NIGHT,asr_3408,speaker_count_3408_last,40,14,62,28,48,14,14
ex04_whisper_00158,ex04::AND THEN HE WOULD COME OVER TO OUR SET AND FILM THROUGHOUT THE NIGHT,emotion_3408,intent_3408_last,0,15,52,30,23,29,15
ex04_whisper_00158,ex04::AND THEN HE WOULD COME OVER TO OUR SET AND FILM THROUGHOUT THE NIGHT,emotion_3408,intent_3408_last,20,19,52,38,23,29,19
ex04_whisper_00158,ex04::AND THEN HE WOULD COME OVER TO OUR SET AND FILM THROUGHOUT THE NIGHT,emotion_3408,intent_3408_last,40,21,52,42,23,29,24
ex04_whisper_00158,ex04::AND THEN HE WOULD COME OVER TO OUR SET AND FILM THROUGHOUT THE NIGHT,emotion_3408,speaker_count_3408_last,0,5,37,10,23,14,5
ex04_whisper_00158,ex04::AND THEN HE WOULD COME OVER TO OUR SET AND FILM THROUGHOUT THE NIGHT,emotion_3408,speaker_count_3408_last,20,10,37,20,23,14,10
ex04_whisper_00158,ex04::AND THEN HE WOULD COME OVER TO OUR SET AND FILM THROUGHOUT THE NIGHT,emotion_3408,speaker_count_3408_last,40,10,37,20,23,14,10
ex04_whisper_00158,ex04::AND THEN HE WOULD COME OVER TO OUR SET AND FILM THROUGHOUT THE NIGHT,intent_3408_last,speaker_count_3408_last,0,4,43,8,29,14,4
ex04_whisper_00158,ex04::AND THEN HE WOULD COME OVER TO OUR SET AND FILM THROUGHOUT THE NIGHT,intent_3408_last,speaker_count_3408_last,20,11,43,22,29,14,11
ex04_whisper_00158,ex04::AND THEN HE WOULD COME OVER TO OUR SET AND FILM THROUGHOUT THE NIGHT,intent_3408_last,speaker_count_3408_last,40,13,43,26,29,14,13
ex04_whisper_00183,ex04::THE SON ALLEGIANT AND WALK TWO MOONS ARE SIMILAR,asr_3408,emotion_3408,0,9,59,18,40,19,9
ex04_whisper_00183,ex04::THE SON ALLEGIANT AND WALK TWO MOONS ARE SIMILAR,asr_3408,emotion_3408,20,16,59,32,40,19,16
ex04_whisper_00183,ex04::THE SON ALLEGIANT AND WALK TWO MOONS ARE SIMILAR,asr_3408,emotion_3408,40,19,59,38,40,19,19
ex04_whisper_00183,ex04::THE SON ALLEGIANT AND WALK TWO MOONS ARE SIMILAR,asr_3408,intent_3408_last,0,18,65,36,40,25,18
ex04_whisper_00183,ex04::THE SON ALLEGIANT AND WALK TWO MOONS ARE SIMILAR,asr_3408,intent_3408_last,20,25,65,50,40,25,25
ex04_whisper_00183,ex04::THE SON ALLEGIANT AND WALK TWO MOONS ARE SIMILAR,asr_3408,intent_3408_last,40,25,65,50,40,25,25
ex04_whisper_00183,ex04::THE SON ALLEGIANT AND WALK TWO MOONS ARE SIMILAR,asr_3408,speaker_count_3408_last,0,6,52,12,40,12,6
ex04_whisper_00183,ex04::THE SON ALLEGIANT AND WALK TWO MOONS ARE SIMILAR,asr_3408,speaker_count_3408_last,20,12,52,24,40,12,12
ex04_whisper_00183,ex04::THE SON ALLEGIANT AND WALK TWO MOONS ARE SIMILAR,asr_3408,speaker_count_3408_last,40,12,52,24,40,12,12
ex04_whisper_00183,ex04::THE SON ALLEGIANT AND WALK TWO MOONS ARE SIMILAR,emotion_3408,intent_3408_last,0,10,44,20,19,25,10
ex04_whisper_00183,ex04::THE SON ALLEGIANT AND WALK TWO MOONS ARE SIMILAR,emotion_3408,intent_3408_last,20,15,44,30,19,25,15
ex04_whisper_00183,ex04::THE SON ALLEGIANT AND WALK TWO MOONS ARE SIMILAR,emotion_3408,intent_3408_last,40,17,44,34,19,25,18
ex04_whisper_00183,ex04::THE SON ALLEGIANT AND WALK TWO MOONS ARE SIMILAR,emotion_3408,speaker_count_3408_last,0,4,31,8,19,12,4
ex04_whisper_00183,ex04::THE SON ALLEGIANT AND WALK TWO MOONS ARE SIMILAR,emotion_3408,speaker_count_3408_last,20,8,31,16,19,12,8
ex04_whisper_00183,ex04::THE SON ALLEGIANT AND WALK TWO MOONS ARE SIMILAR,emotion_3408,speaker_count_3408_last,40,8,31,16,19,12,8
ex04_whisper_00183,ex04::THE SON ALLEGIANT AND WALK TWO MOONS ARE SIMILAR,intent_3408_last,speaker_count_3408_last,0,6,37,12,25,12,6
ex04_whisper_00183,ex04::THE SON ALLEGIANT AND WALK TWO MOONS ARE SIMILAR,intent_3408_last,speaker_count_3408_last,20,10,37,20,25,12,10
ex04_whisper_00183,ex04::THE SON ALLEGIANT AND WALK TWO MOONS ARE SIMILAR,intent_3408_last,speaker_count_3408_last,40,10,37,20,25,12,10
ex04_whisper_00206,ex04::ENJOY THE MOVIE,asr_3408,emotion_3408,0,4,18,8,13,5,4
ex04_whisper_00206,ex04::ENJOY THE MOVIE,asr_3408,emotion_3408,20,5,18,10,13,5,5
ex04_whisper_00206,ex04::ENJOY THE MOVIE,asr_3408,emotion_3408,40,5,18,10,13,5,5
ex04_whisper_00206,ex04::ENJOY THE MOVIE,asr_3408,intent_3408_last,0,5,21,10,13,8,5
ex04_whisper_00206,ex04::ENJOY THE MOVIE,asr_3408,intent_3408_last,20,8,21,16,13,8,8
ex04_whisper_00206,ex04::ENJOY THE MOVIE,asr_3408,intent_3408_last,40,8,21,16,13,8,8
ex04_whisper_00206,ex04::ENJOY THE MOVIE,asr_3408,speaker_count_3408_last,0,1,17,2,13,4,1
ex04_whisper_00206,ex04::ENJOY THE MOVIE,asr_3408,speaker_count_3408_last,20,4,17,8,13,4,4
ex04_whisper_00206,ex04::ENJOY THE MOVIE,asr_3408,speaker_count_3408_last,40,4,17,8,13,4,4
ex04_whisper_00206,ex04::ENJOY THE MOVIE,emotion_3408,intent_3408_last,0,4,13,8,5,8,4
ex04_whisper_00206,ex04::ENJOY THE MOVIE,emotion_3408,intent_3408_last,20,4,13,8,5,8,4
ex04_whisper_00206,ex04::ENJOY THE MOVIE,emotion_3408,intent_3408_last,40,5,13,10,5,8,5
ex04_whisper_00206,ex04::ENJOY THE MOVIE,emotion_3408,speaker_count_3408_last,0,1,9,2,5,4,1
ex04_whisper_00206,ex04::ENJOY THE MOVIE,emotion_3408,speaker_count_3408_last,20,3,9,6,5,4,3
ex04_whisper_00206,ex04::ENJOY THE MOVIE,emotion_3408,speaker_count_3408_last,40,3,9,6,5,4,3
ex04_whisper_00206,ex04::ENJOY THE MOVIE,intent_3408_last,speaker_count_3408_last,0,1,12,2,8,4,1
ex04_whisper_00206,ex04::ENJOY THE MOVIE,intent_3408_last,speaker_count_3408_last,20,3,12,6,8,4,3
ex04_whisper_00206,ex04::ENJOY THE MOVIE,intent_3408_last,speaker_count_3408_last,40,4,12,8,8,4,4
ex04_whisper_00209,ex04::ANY TRIPLE DIGIT TEMPS THIS WEEK IN TEXAS,asr_3408,emotion_3408,0,13,52,26,34,18,13
ex04_whisper_00209,ex04::ANY TRIPLE DIGIT TEMPS THIS WEEK IN TEXAS,asr_3408,emotion_3408,20,18,52,36,34,18,18
ex04_whisper_00209,ex04::ANY TRIPLE DIGIT TEMPS THIS WEEK IN TEXAS,asr_3408,emotion_3408,40,18,52,36,34,18,18
ex04_whisper_00209,ex04::ANY TRIPLE DIGIT TEMPS THIS WEEK IN TEXAS,asr_3408,intent_3408_last,0,19,56,38,34,22,19
ex04_whisper_00209,ex04::ANY TRIPLE DIGIT TEMPS THIS WEEK IN TEXAS,asr_3408,intent_3408_last,20,22,56,44,34,22,22
ex04_whisper_00209,ex04::ANY TRIPLE DIGIT TEMPS THIS WEEK IN TEXAS,asr_3408,intent_3408_last,40,22,56,44,34,22,22
ex04_whisper_00209,ex04::ANY TRIPLE DIGIT TEMPS THIS WEEK IN TEXAS,asr_3408,speaker_count_3408_last,0,4,42,8,34,8,4
ex04_whisper_00209,ex04::ANY TRIPLE DIGIT TEMPS THIS WEEK IN TEXAS,asr_3408,speaker_count_3408_last,20,8,42,16,34,8,8
ex04_whisper_00209,ex04::ANY TRIPLE DIGIT TEMPS THIS WEEK IN TEXAS,asr_3408,speaker_count_3408_last,40,8,42,16,34,8,8
ex04_whisper_00209,ex04::ANY TRIPLE DIGIT TEMPS THIS WEEK IN TEXAS,emotion_3408,intent_3408_last,0,11,40,22,18,22,11
ex04_whisper_00209,ex04::ANY TRIPLE DIGIT TEMPS THIS WEEK IN TEXAS,emotion_3408,intent_3408_last,20,18,40,36,18,22,18
ex04_whisper_00209,ex04::ANY TRIPLE DIGIT TEMPS THIS WEEK IN TEXAS,emotion_3408,intent_3408_last,40,18,40,36,18,22,19
ex04_whisper_00209,ex04::ANY TRIPLE DIGIT TEMPS THIS WEEK IN TEXAS,emotion_3408,speaker_count_3408_last,0,5,26,10,18,8,5
ex04_whisper_00209,ex04::ANY TRIPLE DIGIT TEMPS THIS WEEK IN TEXAS,emotion_3408,speaker_count_3408_last,20,8,26,16,18,8,8
ex04_whisper_00209,ex04::ANY TRIPLE DIGIT TEMPS THIS WEEK IN TEXAS,emotion_3408,speaker_count_3408_last,40,8,26,16,18,8,8
ex04_whisper_00209,ex04::ANY TRIPLE DIGIT TEMPS THIS WEEK IN TEXAS,intent_3408_last,speaker_count_3408_last,0,5,30,10,22,8,5
ex04_whisper_00209,ex04::ANY TRIPLE DIGIT TEMPS THIS WEEK IN TEXAS,intent_3408_last,speaker_count_3408_last,20,8,30,16,22,8,8
ex04_whisper_00209,ex04::ANY TRIPLE DIGIT TEMPS THIS WEEK IN TEXAS,intent_3408_last,speaker_count_3408_last,40,8,30,16,22,8,8
ex04_whisper_00254,ex04::ANY INDICATION ON HOW HE'S LEANING,asr_3408,emotion_3408,0,7,39,14,28,11,7
ex04_whisper_00254,ex04::ANY INDICATION ON HOW HE'S LEANING,asr_3408,emotion_3408,20,11,39,22,28,11,11
ex04_whisper_00254,ex04::ANY INDICATION ON HOW HE'S LEANING,asr_3408,emotion_3408,40,11,39,22,28,11,11
ex04_whisper_00254,ex04::ANY INDICATION ON HOW HE'S LEANING,asr_3408,intent_3408_last,0,13,48,26,28,20,13
ex04_whisper_00254,ex04::ANY INDICATION ON HOW HE'S LEANING,asr_3408,intent_3408_last,20,20,48,40,28,20,20
ex04_whisper_00254,ex04::ANY INDICATION ON HOW HE'S LEANING,asr_3408,intent_3408_last,40,20,48,40,28,20,20
ex04_whisper_00254,ex04::ANY INDICATION ON HOW HE'S LEANING,asr_3408,speaker_count_3408_last,0,2,37,4,28,9,2
ex04_whisper_00254,ex04::ANY INDICATION ON HOW HE'S LEANING,asr_3408,speaker_count_3408_last,20,7,37,14,28,9,7
ex04_whisper_00254,ex04::ANY INDICATION ON HOW HE'S LEANING,asr_3408,speaker_count_3408_last,40,8,37,16,28,9,8
ex04_whisper_00254,ex04::ANY INDICATION ON HOW HE'S LEANING,emotion_3408,intent_3408_last,0,7,31,14,11,20,7
ex04_whisper_00254,ex04::ANY INDICATION ON HOW HE'S LEANING,emotion_3408,intent_3408_last,20,11,31,22,11,20,11
ex04_whisper_00254,ex04::ANY INDICATION ON HOW HE'S LEANING,emotion_3408,intent_3408_last,40,11,31,22,11,20,13
ex04_whisper_00254,ex04::ANY INDICATION ON HOW HE'S LEANING,emotion_3408,speaker_count_3408_last,0,0,20,0,11,9,0
ex04_whisper_00254,ex04::ANY INDICATION ON HOW HE'S LEANING,emotion_3408,speaker_count_3408_last,20,4,20,8,11,9,4
ex04_whisper_00254,ex04::ANY INDICATION ON HOW HE'S LEANING,emotion_3408,speaker_count_3408_last,40,6,20,12,11,9,6
ex04_whisper_00254,ex04::ANY INDICATION ON HOW HE'S LEANING,intent_3408_last,speaker_count_3408_last,0,1,29,2,20,9,1
ex04_whisper_00254,ex04::ANY INDICATION ON HOW HE'S LEANING,intent_3408_last,speaker_count_3408_last,20,6,29,12,20,9,6
ex04_whisper_00254,ex04::ANY INDICATION ON HOW HE'S LEANING,intent_3408_last,speaker_count_3408_last,40,7,29,14,20,9,7
ex04_whisper_00278,ex04::HEY GAGA HOW'S IT GOING IN THERE,asr_3408,emotion_3408,0,8,40,16,27,13,8
ex04_whisper_00278,ex04::HEY GAGA HOW'S IT GOING IN THERE,asr_3408,emotion_3408,20,13,40,26,27,13,13
ex04_whisper_00278,ex04::HEY GAGA HOW'S IT GOING IN THERE,asr_3408,emotion_3408,40,13,40,26,27,13,13
ex04_whisper_00278,ex04::HEY GAGA HOW'S IT GOING IN THERE,asr_3408,intent_3408_last,0,15,47,30,27,20,15
ex04_whisper_00278,ex04::HEY GAGA HOW'S IT GOING IN THERE,asr_3408,intent_3408_last,20,19,47,38,27,20,19
ex04_whisper_00278,ex04::HEY GAGA HOW'S IT GOING IN THERE,asr_3408,intent_3408_last,40,19,47,38,27,20,19
ex04_whisper_00278,ex04::HEY GAGA HOW'S IT GOING IN THERE,asr_3408,speaker_count_3408_last,0,5,35,10,27,8,5
ex04_whisper_00278,ex04::HEY GAGA HOW'S IT GOING IN THERE,asr_3408,speaker_count_3408_last,20,8,35,16,27,8,8
ex04_whisper_00278,ex04::HEY GAGA HOW'S IT GOING IN THERE,asr_3408,speaker_count_3408_last,40,8,35,16,27,8,8
ex04_whisper_00278,ex04::HEY GAGA HOW'S IT GOING IN THERE,emotion_3408,intent_3408_last,0,8,33,16,13,20,8
ex04_whisper_00278,ex04::HEY GAGA HOW'S IT GOING IN THERE,emotion_3408,intent_3408_last,20,12,33,24,13,20,12
ex04_whisper_00278,ex04::HEY GAGA HOW'S IT GOING IN THERE,emotion_3408,intent_3408_last,40,12,33,24,13,20,14
ex04_whisper_00278,ex04::HEY GAGA HOW'S IT GOING IN THERE,emotion_3408,speaker_count_3408_last,0,4,21,8,13,8,4
ex04_whisper_00278,ex04::HEY GAGA HOW'S IT GOING IN THERE,emotion_3408,speaker_count_3408_last,20,7,21,14,13,8,7
ex04_whisper_00278,ex04::HEY GAGA HOW'S IT GOING IN THERE,emotion_3408,speaker_count_3408_last,40,7,21,14,13,8,7
ex04_whisper_00278,ex04::HEY GAGA HOW'S IT GOING IN THERE,intent_3408_last,speaker_count_3408_last,0,4,28,8,20,8,4
ex04_whisper_00278,ex04::HEY GAGA HOW'S IT GOING IN THERE,intent_3408_last,speaker_count_3408_last,20,8,28,16,20,8,8
ex04_whisper_00278,ex04::HEY GAGA HOW'S IT GOING IN THERE,intent_3408_last,speaker_count_3408_last,40,8,28,16,20,8,8
ex04_whisper_00284,ex04::YOU COULD HAVE WRECKED HIS LIFE,asr_3408,emotion_3408,0,8,35,16,23,12,8
ex04_whisper_00284,ex04::YOU COULD HAVE WRECKED HIS LIFE,asr_3408,emotion_3408,20,11,35,22,23,12,11
ex04_whisper_00284,ex04::YOU COULD HAVE WRECKED HIS LIFE,asr_3408,emotion_3408,40,12,35,24,23,12,12
ex04_whisper_00284,ex04::YOU COULD HAVE WRECKED HIS LIFE,asr_3408,intent_3408_last,0,9,37,18,23,14,9
ex04_whisper_00284,ex04::YOU COULD HAVE WRECKED HIS LIFE,asr_3408,intent_3408_last,20,14,37,28,23,14,14
ex04_whisper_00284,ex04::YOU COULD HAVE WRECKED HIS LIFE,asr_3408,intent_3408_last,40,14,37,28,23,14,14
ex04_whisper_00284,ex04::YOU COULD HAVE WRECKED HIS LIFE,asr_3408,speaker_count_3408_last,0,1,28,2,23,5,1
ex04_whisper_00284,ex04::YOU COULD HAVE WRECKED HIS LIFE,asr_3408,speaker_count_3408_last,20,4,28,8,23,5,4
ex04_whisper_00284,ex04::YOU COULD HAVE WRECKED HIS LIFE,asr_3408,speaker_count_3408_last,40,4,28,8,23,5,4
ex04_whisper_00284,ex04::YOU COULD HAVE WRECKED HIS LIFE,emotion_3408,intent_3408_last,0,5,26,10,12,14,5
ex04_whisper_00284,ex04::YOU COULD HAVE WRECKED HIS LIFE,emotion_3408,intent_3408_last,20,10,26,20,12,14,10
ex04_whisper_00284,ex04::YOU COULD HAVE WRECKED HIS LIFE,emotion_3408,intent_3408_last,40,10,26,20,12,14,10
ex04_whisper_00284,ex04::YOU COULD HAVE WRECKED HIS LIFE,emotion_3408,speaker_count_3408_last,0,1,17,2,12,5,1
ex04_whisper_00284,ex04::YOU COULD HAVE WRECKED HIS LIFE,emotion_3408,speaker_count_3408_last,20,4,17,8,12,5,4
ex04_whisper_00284,ex04::YOU COULD HAVE WRECKED HIS LIFE,emotion_3408,speaker_count_3408_last,40,4,17,8,12,5,4
ex04_whisper_00284,ex04::YOU COULD HAVE WRECKED HIS LIFE,intent_3408_last,speaker_count_3408_last,0,1,19,2,14,5,1
ex04_whisper_00284,ex04::YOU COULD HAVE WRECKED HIS LIFE,intent_3408_last,speaker_count_3408_last,20,4,19,8,14,5,4
ex04_whisper_00284,ex04::YOU COULD HAVE WRECKED HIS LIFE,intent_3408_last,speaker_count_3408_last,40,4,19,8,14,5,4
ex04_whisper_00295,ex04::AND FEE AND STEFFY THEY'RE TEENAGERS,asr_3408,emotion_3408,0,7,44,14,31,13,7
ex04_whisper_00295,ex04::AND FEE AND STEFFY THEY'RE TEENAGERS,asr_3408,emotion_3408,20,10,44,20,31,13,10
ex04_whisper_00295,ex04::AND FEE AND STEFFY THEY'RE TEENAGERS,asr_3408,emotion_3408,40,13,44,26,31,13,13
ex04_whisper_00295,ex04::AND FEE AND STEFFY THEY'RE TEENAGERS,asr_3408,intent_3408_last,0,16,53,32,31,22,16
ex04_whisper_00295,ex04::AND FEE AND STEFFY THEY'RE TEENAGERS,asr_3408,intent_3408_last,20,22,53,44,31,22,22
ex04_whisper_00295,ex04::AND FEE AND STEFFY THEY'RE TEENAGERS,asr_3408,intent_3408_last,40,22,53,44,31,22,22
ex04_whisper_00295,ex04::AND FEE AND STEFFY THEY'RE TEENAGERS,asr_3408,speaker_count_3408_last,0,4,39,8,31,8,4
ex04_whisper_00295,ex04::AND FEE AND STEFFY THEY'RE TEENAGERS,asr_3408,speaker_count_3408_last,20,8,39,16,31,8,8
ex04_whisper_00295,ex04::AND FEE AND STEFFY THEY'RE TEENAGERS,asr_3408,speaker_count_3408_last,40,8,39,16,31,8,8
ex04_whisper_00295,ex04::AND FEE AND STEFFY THEY'RE TEENAGERS,emotion_3408,intent_3408_last,0,8,35,16,13,22,8
ex04_whisper_00295,ex04::AND FEE AND STEFFY THEY'RE TEENAGERS,emotion_3408,intent_3408_last,20,11,35,22,13,22,11
ex04_whisper_00295,ex04::AND FEE AND STEFFY THEY'RE TEENAGERS,emotion_3408,intent_3408_last,40,13,35,26,13,22,14
ex04_whisper_00295,ex04::AND FEE AND STEFFY THEY'RE TEENAGERS,emotion_3408,speaker_count_3408_last,0,3,21,6,13,8,3
ex04_whisper_00295,ex04::AND FEE AND STEFFY THEY'RE TEENAGERS,emotion_3408,speaker_count_3408_last,20,5,21,10,13,8,5
ex04_whisper_00295,ex04::AND FEE AND STEFFY THEY'RE TEENAGERS,emotion_3408,speaker_count_3408_last,40,5,21,10,13,8,5
ex04_whisper_00295,ex04::AND FEE AND STEFFY THEY'RE TEENAGERS,intent_3408_last,speaker_count_3408_last,0,3,30,6,22,8,3
ex04_whisper_00295,ex04::AND FEE AND STEFFY THEY'RE TEENAGERS,intent_3408_last,speaker_count_3408_last,20,7,30,14,22,8,7
ex04_whisper_00295,ex04::AND FEE AND STEFFY THEY'RE TEENAGERS,intent_3408_last,speaker_count_3408_last,40,7,30,14,22,8,7
ex04_whisper_00327,ex04::NOT SO FAST,asr_3408,emotion_3408,0,3,15,6,11,4,3
ex04_whisper_00327,ex04::NOT SO FAST,asr_3408,emotion_3408,20,3,15,6,11,4,3
ex04_whisper_00327,ex04::NOT SO FAST,asr_3408,emotion_3408,40,4,15,8,11,4,4
ex04_whisper_00327,ex04::NOT SO FAST,asr_3408,intent_3408_last,0,7,19,14,11,8,7
ex04_whisper_00327,ex04::NOT SO FAST,asr_3408,intent_3408_last,20,8,19,16,11,8,8
ex04_whisper_00327,ex04::NOT SO FAST,asr_3408,intent_3408_last,40,8,19,16,11,8,8
ex04_whisper_00327,ex04::NOT SO FAST,asr_3408,speaker_count_3408_last,0,2,14,4,11,3,2
ex04_whisper_00327,ex04::NOT SO FAST,asr_3408,speaker_count_3408_last,20,3,14,6,11,3,3
ex04_whisper_00327,ex04::NOT SO FAST,asr_3408,speaker_count_3408_last,40,3,14,6,11,3,3
ex04_whisper_00327,ex04::NOT SO FAST,emotion_3408,intent_3408_last,0,3,12,6,4,8,3
ex04_whisper_00327,ex04::NOT SO FAST,emotion_3408,intent_3408_last,20,3,12,6,4,8,3
ex04_whisper_00327,ex04::NOT SO FAST,emotion_3408,intent_3408_last,40,4,12,8,4,8,4
ex04_whisper_00327,ex04::NOT SO FAST,emotion_3408,speaker_count_3408_last,0,1,7,2,4,3,1
ex04_whisper_00327,ex04::NOT SO FAST,emotion_3408,speaker_count_3408_last,20,2,7,4,4,3,2
ex04_whisper_00327,ex04::NOT SO FAST,emotion_3408,speaker_count_3408_last,40,2,7,4,4,3,2
ex04_whisper_00327,ex04::NOT SO FAST,intent_3408_last,speaker_count_3408_last,0,2,11,4,8,3,2
ex04_whisper_00327,ex04::NOT SO FAST,intent_3408_last,speaker_count_3408_last,20,3,11,6,8,3,3
ex04_whisper_00327,ex04::NOT SO FAST,intent_3408_last,speaker_count_3408_last,40,3,11,6,8,3,3
ex04_whisper_00334,ex04::OKAY SINCE WE'RE TALKING ABOUT WILL SMITH WHAT OTHER MOVIES DID HE ACT IN,asr_3408,emotion_3408,0,15,85,30,57,28,15
ex04_whisper_00334,ex04::OKAY SINCE WE'RE TALKING ABOUT WILL SMITH WHAT OTHER MOVIES DID HE ACT IN,asr_3408,emotion_3408,20,26,85,52,57,28,26
ex04_whisper_00334,ex04::OKAY SINCE WE'RE TALKING ABOUT WILL SMITH WHAT OTHER MOVIES DID HE ACT IN,asr_3408,emotion_3408,40,27,85,54,57,28,27
ex04_whisper_00334,ex04::OKAY SINCE WE'RE TALKING ABOUT WILL SMITH WHAT OTHER MOVIES DID HE ACT IN,asr_3408,intent_3408_last,0,26,97,52,57,40,26
ex04_whisper_00334,ex04::OKAY SINCE WE'RE TALKING ABOUT WILL SMITH WHAT OTHER MOVIES DID HE ACT IN,asr_3408,intent_3408_last,20,39,97,78,57,40,39
ex04_whisper_00334,ex04::OKAY SINCE WE'RE TALKING ABOUT WILL SMITH WHAT OTHER MOVIES DID HE ACT IN,asr_3408,intent_3408_last,40,40,97,80,57,40,40
ex04_whisper_00334,ex04::OKAY SINCE WE'RE TALKING ABOUT WILL SMITH WHAT OTHER MOVIES DID HE ACT IN,asr_3408,speaker_count_3408_last,0,5,72,10,57,15,5
ex04_whisper_00334,ex04::OKAY SINCE WE'RE TALKING ABOUT WILL SMITH WHAT OTHER MOVIES DID HE ACT IN,asr_3408,speaker_count_3408_last,20,12,72,24,57,15,12
ex04_whisper_00334,ex04::OKAY SINCE WE'RE TALKING ABOUT WILL SMITH WHAT OTHER MOVIES DID HE ACT IN,asr_3408,speaker_count_3408_last,40,13,72,26,57,15,13
ex04_whisper_00334,ex04::OKAY SINCE WE'RE TALKING ABOUT WILL SMITH WHAT OTHER MOVIES DID HE ACT IN,emotion_3408,intent_3408_last,0,13,68,26,28,40,13
ex04_whisper_00334,ex04::OKAY SINCE WE'RE TALKING ABOUT WILL SMITH WHAT OTHER MOVIES DID HE ACT IN,emotion_3408,intent_3408_last,20,25,68,50,28,40,28
ex04_whisper_00334,ex04::OKAY SINCE WE'RE TALKING ABOUT WILL SMITH WHAT OTHER MOVIES DID HE ACT IN,emotion_3408,intent_3408_last,40,27,68,54,28,40,32
ex04_whisper_00334,ex04::OKAY SINCE WE'RE TALKING ABOUT WILL SMITH WHAT OTHER MOVIES DID HE ACT IN,emotion_3408,speaker_count_3408_last,0,2,43,4,28,15,2
ex04_whisper_00334,ex04::OKAY SINCE WE'RE TALKING ABOUT WILL SMITH WHAT OTHER MOVIES DID HE ACT IN,emotion_3408,speaker_count_3408_last,20,9,43,18,28,15,9
ex04_whisper_00334,ex04::OKAY SINCE WE'RE TALKING ABOUT WILL SMITH WHAT OTHER MOVIES DID HE ACT IN,emotion_3408,speaker_count_3408_last,40,11,43,22,28,15,11
ex04_whisper_00334,ex04::OKAY SINCE WE'RE TALKING ABOUT WILL SMITH WHAT OTHER MOVIES DID HE ACT IN,intent_3408_last,speaker_count_3408_last,0,4,55,8,40,15,4
ex04_whisper_00334,ex04::OKAY SINCE WE'RE TALKING ABOUT WILL SMITH WHAT OTHER MOVIES DID HE ACT IN,intent_3408_last,speaker_count_3408_last,20,12,55,24,40,15,12
ex04_whisper_00334,ex04::OKAY SINCE WE'RE TALKING ABOUT WILL SMITH WHAT OTHER MOVIES DID HE ACT IN,intent_3408_last,speaker_count_3408_last,40,13,55,26,40,15,13
