uid,block,style,policy,cuts,hz
ex01_confused_00028,ex01::HE WROTE GULLIVER'S TRAVEL,confused,asr_3408,28,7.635095109589943
ex01_confused_00028,ex01::HE WROTE GULLIVER'S TRAVEL,confused,emotion_3408,15,4.212466267359969
ex01_confused_00028,ex01::HE WROTE GULLIVER'S TRAVEL,confused,intent_3408_last,23,6.318699401039953
ex01_confused_00028,ex01::HE WROTE GULLIVER'S TRAVEL,confused,speaker_count_3408_last,9,2.6327914170999804
ex01_confused_00028,ex01::HE WROTE GULLIVER'S TRAVEL,confused,emotion_3407,17,4.739024550779964
ex01_confused_00028,ex01::HE WROTE GULLIVER'S TRAVEL,confused,emotion_3409,13,3.6859079839399724
ex01_confused_00028,ex01::HE WROTE GULLIVER'S TRAVEL,confused,intent_3408,28,7.635095109589943
ex01_confused_00028,ex01::HE WROTE GULLIVER'S TRAVEL,confused,speaker_count_3408,26,7.108536826169947
ex01_confused_00146,ex01::LYNN'S WORKING ON SAGE'S LYRICS,confused,asr_3408,33,9.732708340787921
ex01_confused_00146,ex01::LYNN'S WORKING ON SAGE'S LYRICS,confused,emotion_3408,18,5.438866425734426
ex01_confused_00146,ex01::LYNN'S WORKING ON SAGE'S LYRICS,confused,intent_3408_last,26,7.7289154470962895
ex01_confused_00146,ex01::LYNN'S WORKING ON SAGE'S LYRICS,confused,speaker_count_3408_last,11,3.435073532042795
ex01_confused_00146,ex01::LYNN'S WORKING ON SAGE'S LYRICS,confused,emotion_3407,20,6.011378681074892
ex01_confused_00146,ex01::LYNN'S WORKING ON SAGE'S LYRICS,confused,emotion_3409,16,4.866354170393961
ex01_confused_00146,ex01::LYNN'S WORKING ON SAGE'S LYRICS,confused,intent_3408,33,9.732708340787921
ex01_confused_00146,ex01::LYNN'S WORKING ON SAGE'S LYRICS,confused,speaker_count_3408,31,9.160196085447454
ex01_confused_00156,ex01::WHAT DID THE DEVIL DO NOW,confused,asr_3408,20,7.1742750992868425
ex01_confused_00156,ex01::WHAT DID THE DEVIL DO NOW,confused,emotion_3408,13,4.782850066191228
ex01_confused_00156,ex01::WHAT DID THE DEVIL DO NOW,confused,intent_3408_last,15,5.466114361361404
ex01_confused_00156,ex01::WHAT DID THE DEVIL DO NOW,confused,speaker_count_3408_last,8,3.0746893282657894
ex01_confused_00156,ex01::WHAT DID THE DEVIL DO NOW,confused,emotion_3407,14,5.124482213776316
ex01_confused_00156,ex01::WHAT DID THE DEVIL DO NOW,confused,emotion_3409,13,4.782850066191228
ex01_confused_00156,ex01::WHAT DID THE DEVIL DO NOW,confused,intent_3408,20,7.1742750992868425
ex01_confused_00156,ex01::WHAT DID THE DEVIL DO NOW,confused,speaker_count_3408,20,7.1742750992868425
ex01_confused_00163,ex01::OUT OF NOWHERE YOU GET BLINDSIDED,confused,asr_3408,27,12.468342100136374
ex01_confused_00163,ex01::OUT OF NOWHERE YOU GET BLINDSIDED,confused,emotion_3408,10,4.898277253625004
ex01_confused_00163,ex01::OUT OF NOWHERE YOU GET BLINDSIDED,confused,intent_3408_last,18,8.460660710806826
ex01_confused_00163,ex01::OUT OF NOWHERE YOU GET BLINDSIDED,confused,speaker_count_3408_last,7,3.562383457181821
ex01_confused_00163,ex01::OUT OF NOWHERE YOU GET BLINDSIDED,confused,emotion_3407,13,6.234171050068187
ex01_confused_00163,ex01::OUT OF NOWHERE YOU GET BLINDSIDED,confused,emotion_3409,11,5.343575185772732
ex01_confused_00163,ex01::OUT OF NOWHERE YOU GET BLINDSIDED,confused,intent_3408,27,12.468342100136374
ex01_confused_00163,ex01::OUT OF NOWHERE YOU GET BLINDSIDED,confused,speaker_count_3408,23,10.687150371545464
ex01_confused_00168,ex01::YOU KNOW WHAT,confused,asr_3408,10,10.375523197547603
ex01_confused_00168,ex01::YOU KNOW WHAT,confused,emotion_3408,3,3.7729175263809465
ex01_confused_00168,ex01::YOU KNOW WHAT,confused,intent_3408_last,5,5.65937628957142
ex01_confused_00168,ex01::YOU KNOW WHAT,confused,speaker_count_3408_last,3,3.7729175263809465
ex01_confused_00168,ex01::YOU KNOW WHAT,confused,emotion_3407,4,4.716146907976183
ex01_confused_00168,ex01::YOU KNOW WHAT,confused,emotion_3409,2,2.82968814478571
ex01_confused_00168,ex01::YOU KNOW WHAT,confused,intent_3408,10,10.375523197547603
ex01_confused_00168,ex01::YOU KNOW WHAT,confused,speaker_count_3408,9,9.432293815952367
ex01_confused_00255,ex01::MARIAN,confused,asr_3408,11,7.857259780651498
ex01_confused_00255,ex01::MARIAN,confused,emotion_3408,3,2.619086593550499
ex01_confused_00255,ex01::MARIAN,confused,intent_3408_last,8,5.892944835488623
ex01_confused_00255,ex01::MARIAN,confused,speaker_count_3408_last,5,3.928629890325749
ex01_confused_00255,ex01::MARIAN,confused,emotion_3407,6,4.583401538713374
ex01_confused_00255,ex01::MARIAN,confused,emotion_3409,3,2.619086593550499
ex01_confused_00255,ex01::MARIAN,confused,intent_3408,11,7.857259780651498
ex01_confused_00255,ex01::MARIAN,confused,speaker_count_3408,9,6.547716483876248
ex01_confused_00264,ex01::FOR THE FRESH FACE CONTEST,confused,asr_3408,22,10.101841939114442
ex01_confused_00264,ex01::FOR THE FRESH FACE CONTEST,confused,emotion_3408,11,5.2705262291031865
ex01_confused_00264,ex01::FOR THE FRESH FACE CONTEST,confused,intent_3408_last,15,7.027368305470915
ex01_confused_00264,ex01::FOR THE FRESH FACE CONTEST,confused,speaker_count_3408_last,7,3.5136841527354576
ex01_confused_00264,ex01::FOR THE FRESH FACE CONTEST,confused,emotion_3407,11,5.2705262291031865
ex01_confused_00264,ex01::FOR THE FRESH FACE CONTEST,confused,emotion_3409,13,6.148947267287051
ex01_confused_00264,ex01::FOR THE FRESH FACE CONTEST,confused,intent_3408,22,10.101841939114442
ex01_confused_00264,ex01::FOR THE FRESH FACE CONTEST,confused,speaker_count_3408,20,9.223420900930577
ex01_confused_00279,ex01::AND DEPRIVE MYSELF OF THE PLEASURE OF WATCHING YOU SQUIRM,confused,asr_3408,47,11.865401847789142
ex01_confused_00279,ex01::AND DEPRIVE MYSELF OF THE PLEASURE OF WATCHING YOU SQUIRM,confused,emotion_3408,20,5.19111330840775
ex01_confused_00279,ex01::AND DEPRIVE MYSELF OF THE PLEASURE OF WATCHING YOU SQUIRM,confused,intent_3408_last,29,7.415876154868214
ex01_confused_00279,ex01::AND DEPRIVE MYSELF OF THE PLEASURE OF WATCHING YOU SQUIRM,confused,speaker_count_3408_last,12,3.213546333776226
ex01_confused_00279,ex01::AND DEPRIVE MYSELF OF THE PLEASURE OF WATCHING YOU SQUIRM,confused,emotion_3407,23,5.932700923894571
ex01_confused_00279,ex01::AND DEPRIVE MYSELF OF THE PLEASURE OF WATCHING YOU SQUIRM,confused,emotion_3409,18,4.696721564749868
ex01_confused_00279,ex01::AND DEPRIVE MYSELF OF THE PLEASURE OF WATCHING YOU SQUIRM,confused,intent_3408,47,11.865401847789142
ex01_confused_00279,ex01::AND DEPRIVE MYSELF OF THE PLEASURE OF WATCHING YOU SQUIRM,confused,speaker_count_3408,43,10.87661836047338
ex01_confused_00284,ex01::WHERE'D MY POPS GO,confused,asr_3408,16,9.041050357320923
ex01_confused_00284,ex01::WHERE'D MY POPS GO,confused,emotion_3408,7,4.254611932856905
ex01_confused_00284,ex01::WHERE'D MY POPS GO,confused,intent_3408_last,11,6.381917899285358
ex01_confused_00284,ex01::WHERE'D MY POPS GO,confused,speaker_count_3408_last,5,3.190958949642679
ex01_confused_00284,ex01::WHERE'D MY POPS GO,confused,emotion_3407,8,4.786438424464018
ex01_confused_00284,ex01::WHERE'D MY POPS GO,confused,emotion_3409,8,4.786438424464018
ex01_confused_00284,ex01::WHERE'D MY POPS GO,confused,intent_3408,16,9.041050357320923
ex01_confused_00284,ex01::WHERE'D MY POPS GO,confused,speaker_count_3408,16,9.041050357320923
ex01_confused_00299,ex01::ARE ANNA FARIS AND CHRIS PRATT SEPARATING,confused,asr_3408,36,10.773038287960402
ex01_confused_00299,ex01::ARE ANNA FARIS AND CHRIS PRATT SEPARATING,confused,emotion_3408,18,5.532100742466152
ex01_confused_00299,ex01::ARE ANNA FARIS AND CHRIS PRATT SEPARATING,confused,intent_3408_last,26,7.861406318241374
ex01_confused_00299,ex01::ARE ANNA FARIS AND CHRIS PRATT SEPARATING,confused,speaker_count_3408_last,12,3.7851215606347357
ex01_confused_00299,ex01::ARE ANNA FARIS AND CHRIS PRATT SEPARATING,confused,emotion_3407,19,5.823263939438055
ex01_confused_00299,ex01::ARE ANNA FARIS AND CHRIS PRATT SEPARATING,confused,emotion_3409,18,5.532100742466152
ex01_confused_00299,ex01::ARE ANNA FARIS AND CHRIS PRATT SEPARATING,confused,intent_3408,36,10.773038287960402
ex01_confused_00299,ex01::ARE ANNA FARIS AND CHRIS PRATT SEPARATING,confused,speaker_count_3408,33,9.899548697044693
ex01_confused_00301,ex01::OKAY IS THAT IS THAT GLOVER,confused,asr_3408,30,7.795065220807794
ex01_confused_00301,ex01::OKAY IS THAT IS THAT GLOVER,confused,emotion_3408,12,3.2688983184032687
ex01_confused_00301,ex01::OKAY IS THAT IS THAT GLOVER,confused,intent_3408_last,20,5.2805280528052805
ex01_confused_00301,ex01::OKAY IS THAT IS THAT GLOVER,confused,speaker_count_3408_last,9,2.5145371680025144
ex01_confused_00301,ex01::OKAY IS THAT IS THAT GLOVER,confused,emotion_3407,15,4.0232594688040235
ex01_confused_00301,ex01::OKAY IS THAT IS THAT GLOVER,confused,emotion_3409,13,3.52035203520352
ex01_confused_00301,ex01::OKAY IS THAT IS THAT GLOVER,confused,intent_3408,30,7.795065220807794
ex01_confused_00301,ex01::OKAY IS THAT IS THAT GLOVER,confused,speaker_count_3408,28,7.292157787207292
ex01_confused_00319,ex01::THEN THERE'S MIRACLE OF THIRTY FOURTH STREET BUT ONLY WATCH THE ORIGINAL,confused,asr_3408,62,9.291093270409528
ex01_confused_00319,ex01::THEN THERE'S MIRACLE OF THIRTY FOURTH STREET BUT ONLY WATCH THE ORIGINAL,confused,emotion_3408,37,5.604151496437493
ex01_confused_00319,ex01::THEN THERE'S MIRACLE OF THIRTY FOURTH STREET BUT ONLY WATCH THE ORIGINAL,confused,intent_3408_last,47,7.078928206026307
ex01_confused_00319,ex01::THEN THERE'S MIRACLE OF THIRTY FOURTH STREET BUT ONLY WATCH THE ORIGINAL,confused,speaker_count_3408_last,15,2.3596427353421023
ex01_confused_00319,ex01::THEN THERE'S MIRACLE OF THIRTY FOURTH STREET BUT ONLY WATCH THE ORIGINAL,confused,emotion_3407,39,5.899106838355255
ex01_confused_00319,ex01::THEN THERE'S MIRACLE OF THIRTY FOURTH STREET BUT ONLY WATCH THE ORIGINAL,confused,emotion_3409,33,5.014240812601967
ex01_confused_00319,ex01::THEN THERE'S MIRACLE OF THIRTY FOURTH STREET BUT ONLY WATCH THE ORIGINAL,confused,intent_3408,62,9.291093270409528
ex01_confused_00319,ex01::THEN THERE'S MIRACLE OF THIRTY FOURTH STREET BUT ONLY WATCH THE ORIGINAL,confused,speaker_count_3408,60,8.996137928491764
ex01_confused_00328,ex01::ANTI AGING CREAMS CAN BRING ON BREAKOUTS,confused,asr_3408,41,8.383233532934133
ex01_confused_00328,ex01::ANTI AGING CREAMS CAN BRING ON BREAKOUTS,confused,emotion_3408,20,4.1916167664670665
ex01_confused_00328,ex01::ANTI AGING CREAMS CAN BRING ON BREAKOUTS,confused,intent_3408_last,32,6.586826347305389
ex01_confused_00328,ex01::ANTI AGING CREAMS CAN BRING ON BREAKOUTS,confused,speaker_count_3408_last,13,2.7944111776447107
ex01_confused_00328,ex01::ANTI AGING CREAMS CAN BRING ON BREAKOUTS,confused,emotion_3407,20,4.1916167664670665
ex01_confused_00328,ex01::ANTI AGING CREAMS CAN BRING ON BREAKOUTS,confused,emotion_3409,19,3.9920159680638725
ex01_confused_00328,ex01::ANTI AGING CREAMS CAN BRING ON BREAKOUTS,confused,intent_3408,41,8.383233532934133
ex01_confused_00328,ex01::ANTI AGING CREAMS CAN BRING ON BREAKOUTS,confused,speaker_count_3408,38,7.784431137724551
ex01_confused_00333,ex01::WHAT ARE YOU NO GOOD AT,confused,asr_3408,15,10.087079869183182
ex01_confused_00333,ex01::WHAT ARE YOU NO GOOD AT,confused,emotion_3408,5,3.7826549509436935
ex01_confused_00333,ex01::WHAT ARE YOU NO GOOD AT,confused,intent_3408_last,10,6.934867410063438
ex01_confused_00333,ex01::WHAT ARE YOU NO GOOD AT,confused,speaker_count_3408_last,6,4.413097442767643
ex01_confused_00333,ex01::WHAT ARE YOU NO GOOD AT,confused,emotion_3407,6,4.413097442767643
ex01_confused_00333,ex01::WHAT ARE YOU NO GOOD AT,confused,emotion_3409,4,3.1522124591197445
ex01_confused_00333,ex01::WHAT ARE YOU NO GOOD AT,confused,intent_3408,15,10.087079869183182
ex01_confused_00333,ex01::WHAT ARE YOU NO GOOD AT,confused,speaker_count_3408,15,10.087079869183182
ex01_confused_00370,ex01::AT LEAST I DO,confused,asr_3408,13,6.131946345469477
ex01_confused_00370,ex01::AT LEAST I DO,confused,emotion_3408,6,3.0659731727347386
ex01_confused_00370,ex01::AT LEAST I DO,confused,intent_3408_last,9,4.37996167533534
ex01_confused_00370,ex01::AT LEAST I DO,confused,speaker_count_3408_last,4,2.18998083766767
ex01_confused_00370,ex01::AT LEAST I DO,confused,emotion_3407,7,3.5039693402682723
ex01_confused_00370,ex01::AT LEAST I DO,confused,emotion_3409,5,2.6279770052012044
ex01_confused_00370,ex01::AT LEAST I DO,confused,intent_3408,13,6.131946345469477
ex01_confused_00370,ex01::AT LEAST I DO,confused,speaker_count_3408,13,6.131946345469477
ex01_default_00028,ex01::HE WROTE GULLIVER'S TRAVEL,default,asr_3408,23,11.114327062228655
ex01_default_00028,ex01::HE WROTE GULLIVER'S TRAVEL,default,emotion_3408,11,5.557163531114328
ex01_default_00028,ex01::HE WROTE GULLIVER'S TRAVEL,default,intent_3408_last,15,7.409551374819103
ex01_default_00028,ex01::HE WROTE GULLIVER'S TRAVEL,default,speaker_count_3408_last,7,3.7047756874095517
ex01_default_00028,ex01::HE WROTE GULLIVER'S TRAVEL,default,emotion_3407,14,6.946454413892909
ex01_default_00028,ex01::HE WROTE GULLIVER'S TRAVEL,default,emotion_3409,10,5.094066570188134
ex01_default_00028,ex01::HE WROTE GULLIVER'S TRAVEL,default,intent_3408,23,11.114327062228655
ex01_default_00028,ex01::HE WROTE GULLIVER'S TRAVEL,default,speaker_count_3408,20,9.725036179450074
ex01_default_00146,ex01::LYNN'S WORKING ON SAGE'S LYRICS,default,asr_3408,25,10.293972087498762
ex01_default_00146,ex01::LYNN'S WORKING ON SAGE'S LYRICS,default,emotion_3408,15,6.334752053845393
ex01_default_00146,ex01::LYNN'S WORKING ON SAGE'S LYRICS,default,intent_3408_last,20,8.314362070672077
ex01_default_00146,ex01::LYNN'S WORKING ON SAGE'S LYRICS,default,speaker_count_3408_last,7,3.1673760269226965
ex01_default_00146,ex01::LYNN'S WORKING ON SAGE'S LYRICS,default,emotion_3407,17,7.126596060576067
ex01_default_00146,ex01::LYNN'S WORKING ON SAGE'S LYRICS,default,emotion_3409,15,6.334752053845393
ex01_default_00146,ex01::LYNN'S WORKING ON SAGE'S LYRICS,default,intent_3408,26,10.6898940908641
ex01_default_00146,ex01::LYNN'S WORKING ON SAGE'S LYRICS,default,speaker_count_3408,25,10.293972087498762
ex01_default_00156,ex01::WHAT DID THE DEVIL DO NOW,default,asr_3408,19,8.709853021230266
ex01_default_00156,ex01::WHAT DID THE DEVIL DO NOW,default,emotion_3408,11,5.225911812738159
ex01_default_00156,ex01::WHAT DID THE DEVIL DO NOW,default,intent_3408_last,13,6.096897114861187
ex01_default_00156,ex01::WHAT DID THE DEVIL DO NOW,default,speaker_count_3408_last,7,3.4839412084921064
ex01_default_00156,ex01::WHAT DID THE DEVIL DO NOW,default,emotion_3407,12,5.661404463799673
ex01_default_00156,ex01::WHAT DID THE DEVIL DO NOW,default,emotion_3409,10,4.790419161676646
ex01_default_00156,ex01::WHAT DID THE DEVIL DO NOW,default,intent_3408,19,8.709853021230266
ex01_default_00156,ex01::WHAT DID THE DEVIL DO NOW,default,speaker_count_3408,18,8.274360370168752
ex01_default_00163,ex01::OUT OF NOWHERE YOU GET BLINDSIDED,default,asr_3408,25,10.324630199543334
ex01_default_00163,ex01::OUT OF NOWHERE YOU GET BLINDSIDED,default,emotion_3408,13,5.559416261292564
ex01_default_00163,ex01::OUT OF NOWHERE YOU GET BLINDSIDED,default,intent_3408_last,19,7.9420232304179486
ex01_default_00163,ex01::OUT OF NOWHERE YOU GET BLINDSIDED,default,speaker_count_3408_last,7,3.1768092921671793
ex01_default_00163,ex01::OUT OF NOWHERE YOU GET BLINDSIDED,default,emotion_3407,13,5.559416261292564
ex01_default_00163,ex01::OUT OF NOWHERE YOU GET BLINDSIDED,default,emotion_3409,13,5.559416261292564
ex01_default_00163,ex01::OUT OF NOWHERE YOU GET BLINDSIDED,default,intent_3408,25,10.324630199543334
ex01_default_00163,ex01::OUT OF NOWHERE YOU GET BLINDSIDED,default,speaker_count_3408,25,10.324630199543334
ex01_default_00168,ex01::YOU KNOW WHAT,default,asr_3408,10,11.477761836441895
ex01_default_00168,ex01::YOU KNOW WHAT,default,emotion_3408,2,3.130298682665971
ex01_default_00168,ex01::YOU KNOW WHAT,default,intent_3408_last,5,6.260597365331942
ex01_default_00168,ex01::YOU KNOW WHAT,default,speaker_count_3408_last,3,4.1737315768879615
ex01_default_00168,ex01::YOU KNOW WHAT,default,emotion_3407,3,4.1737315768879615
ex01_default_00168,ex01::YOU KNOW WHAT,default,emotion_3409,1,2.0868657884439807
ex01_default_00168,ex01::YOU KNOW WHAT,default,intent_3408,10,11.477761836441895
ex01_default_00168,ex01::YOU KNOW WHAT,default,speaker_count_3408,10,11.477761836441895
ex01_default_00255,ex01::MARIAN,default,asr_3408,7,9.43048699624254
ex01_default_00255,ex01::MARIAN,default,emotion_3408,1,2.357621749060635
ex01_default_00255,ex01::MARIAN,default,intent_3408_last,5,7.072865247181905
ex01_default_00255,ex01::MARIAN,default,speaker_count_3408_last,1,2.357621749060635
ex01_default_00255,ex01::MARIAN,default,emotion_3407,3,4.71524349812127
ex01_default_00255,ex01::MARIAN,default,emotion_3409,2,3.5364326235909527
ex01_default_00255,ex01::MARIAN,default,intent_3408,7,9.43048699624254
ex01_default_00255,ex01::MARIAN,default,speaker_count_3408,5,7.072865247181905
ex01_default_00264,ex01::FOR THE FRESH FACE CONTEST,default,asr_3408,20,7.625099285146942
ex01_default_00264,ex01::FOR THE FRESH FACE CONTEST,default,emotion_3408,13,5.083399523431295
ex01_default_00264,ex01::FOR THE FRESH FACE CONTEST,default,intent_3408_last,15,5.809599455350051
ex01_default_00264,ex01::FOR THE FRESH FACE CONTEST,default,speaker_count_3408_last,6,2.5416997617156474
ex01_default_00264,ex01::FOR THE FRESH FACE CONTEST,default,emotion_3407,12,4.720299557471916
ex01_default_00264,ex01::FOR THE FRESH FACE CONTEST,default,emotion_3409,11,4.357199591512538
ex01_default_00264,ex01::FOR THE FRESH FACE CONTEST,default,intent_3408,20,7.625099285146942
ex01_default_00264,ex01::FOR THE FRESH FACE CONTEST,default,speaker_count_3408,20,7.625099285146942
ex01_default_00279,ex01::AND DEPRIVE MYSELF OF THE PLEASURE OF WATCHING YOU SQUIRM,default,asr_3408,45,11.49461190067156
ex01_default_00279,ex01::AND DEPRIVE MYSELF OF THE PLEASURE OF WATCHING YOU SQUIRM,default,emotion_3408,23,5.997188817741684
ex01_default_00279,ex01::AND DEPRIVE MYSELF OF THE PLEASURE OF WATCHING YOU SQUIRM,default,intent_3408_last,29,7.496486022177105
ex01_default_00279,ex01::AND DEPRIVE MYSELF OF THE PLEASURE OF WATCHING YOU SQUIRM,default,speaker_count_3408_last,9,2.498828674059035
ex01_default_00279,ex01::AND DEPRIVE MYSELF OF THE PLEASURE OF WATCHING YOU SQUIRM,default,emotion_3407,21,5.497423082929877
ex01_default_00279,ex01::AND DEPRIVE MYSELF OF THE PLEASURE OF WATCHING YOU SQUIRM,default,emotion_3409,22,5.74730595033578
ex01_default_00279,ex01::AND DEPRIVE MYSELF OF THE PLEASURE OF WATCHING YOU SQUIRM,default,intent_3408,45,11.49461190067156
ex01_default_00279,ex01::AND DEPRIVE MYSELF OF THE PLEASURE OF WATCHING YOU SQUIRM,default,speaker_count_3408,44,11.244729033265656
ex01_default_00284,ex01::WHERE'D MY POPS GO,default,asr_3408,14,9.370607527721381
ex01_default_00284,ex01::WHERE'D MY POPS GO,default,emotion_3408,6,4.372950179603311
ex01_default_00284,ex01::WHERE'D MY POPS GO,default,intent_3408_last,10,6.871778853662346
ex01_default_00284,ex01::WHERE'D MY POPS GO,default,speaker_count_3408_last,4,3.123535842573794
ex01_default_00284,ex01::WHERE'D MY POPS GO,default,emotion_3407,7,4.99765734811807
ex01_default_00284,ex01::WHERE'D MY POPS GO,default,emotion_3409,6,4.372950179603311
ex01_default_00284,ex01::WHERE'D MY POPS GO,default,intent_3408,14,9.370607527721381
ex01_default_00284,ex01::WHERE'D MY POPS GO,default,speaker_count_3408,13,8.745900359206622
ex01_default_00299,ex01::ARE ANNA FARIS AND CHRIS PRATT SEPARATING,default,asr_3408,33,12.692191036140082
ex01_default_00299,ex01::ARE ANNA FARIS AND CHRIS PRATT SEPARATING,default,emotion_3408,15,5.972795781712979
ex01_default_00299,ex01::ARE ANNA FARIS AND CHRIS PRATT SEPARATING,default,intent_3408_last,21,8.212594199855348
ex01_default_00299,ex01::ARE ANNA FARIS AND CHRIS PRATT SEPARATING,default,speaker_count_3408_last,10,4.106297099927674
ex01_default_00299,ex01::ARE ANNA FARIS AND CHRIS PRATT SEPARATING,default,emotion_3407,17,6.719395254427102
ex01_default_00299,ex01::ARE ANNA FARIS AND CHRIS PRATT SEPARATING,default,emotion_3409,13,5.2261963089988575
ex01_default_00299,ex01::ARE ANNA FARIS AND CHRIS PRATT SEPARATING,default,intent_3408,33,12.692191036140082
ex01_default_00299,ex01::ARE ANNA FARIS AND CHRIS PRATT SEPARATING,default,speaker_count_3408,31,11.945591563425959
ex01_default_00301,ex01::OKAY IS THAT IS THAT GLOVER,default,asr_3408,23,8.345648961140572
ex01_default_00301,ex01::OKAY IS THAT IS THAT GLOVER,default,emotion_3408,9,3.4773537338085716
ex01_default_00301,ex01::OKAY IS THAT IS THAT GLOVER,default,intent_3408_last,15,5.563765974093714
ex01_default_00301,ex01::OKAY IS THAT IS THAT GLOVER,default,speaker_count_3408_last,8,3.1296183604277146
ex01_default_00301,ex01::OKAY IS THAT IS THAT GLOVER,default,emotion_3407,10,3.8250891071894286
ex01_default_00301,ex01::OKAY IS THAT IS THAT GLOVER,default,emotion_3409,9,3.4773537338085716
ex01_default_00301,ex01::OKAY IS THAT IS THAT GLOVER,default,intent_3408,23,8.345648961140572
ex01_default_00301,ex01::OKAY IS THAT IS THAT GLOVER,default,speaker_count_3408,22,7.997913587759715
ex01_default_00319,ex01::THEN THERE'S MIRACLE OF THIRTY FOURTH STREET BUT ONLY WATCH THE ORIGINAL,default,asr_3408,57,10.621373224525302
ex01_default_00319,ex01::THEN THERE'S MIRACLE OF THIRTY FOURTH STREET BUT ONLY WATCH THE ORIGINAL,default,emotion_3408,27,5.12755948770187
ex01_default_00319,ex01::THEN THERE'S MIRACLE OF THIRTY FOURTH STREET BUT ONLY WATCH THE ORIGINAL,default,intent_3408_last,38,7.141957857870461
ex01_default_00319,ex01::THEN THERE'S MIRACLE OF THIRTY FOURTH STREET BUT ONLY WATCH THE ORIGINAL,default,speaker_count_3408_last,16,3.1131611175332776
ex01_default_00319,ex01::THEN THERE'S MIRACLE OF THIRTY FOURTH STREET BUT ONLY WATCH THE ORIGINAL,default,emotion_3407,34,6.409449359627336
ex01_default_00319,ex01::THEN THERE'S MIRACLE OF THIRTY FOURTH STREET BUT ONLY WATCH THE ORIGINAL,default,emotion_3409,30,5.676940861384212
ex01_default_00319,ex01::THEN THERE'S MIRACLE OF THIRTY FOURTH STREET BUT ONLY WATCH THE ORIGINAL,default,intent_3408,57,10.621373224525302
ex01_default_00319,ex01::THEN THERE'S MIRACLE OF THIRTY FOURTH STREET BUT ONLY WATCH THE ORIGINAL,default,speaker_count_3408,53,9.888864726282177
ex01_default_00328,ex01::ANTI AGING CREAMS CAN BRING ON BREAKOUTS,default,asr_3408,33,8.901980036000655
ex01_default_00328,ex01::ANTI AGING CREAMS CAN BRING ON BREAKOUTS,default,emotion_3408,18,4.974635902470954
ex01_default_00328,ex01::ANTI AGING CREAMS CAN BRING ON BREAKOUTS,default,intent_3408_last,27,7.331042382588774
ex01_default_00328,ex01::ANTI AGING CREAMS CAN BRING ON BREAKOUTS,default,speaker_count_3408_last,11,3.1418753068237604
ex01_default_00328,ex01::ANTI AGING CREAMS CAN BRING ON BREAKOUTS,default,emotion_3407,19,5.236458844706267
ex01_default_00328,ex01::ANTI AGING CREAMS CAN BRING ON BREAKOUTS,default,emotion_3409,17,4.712812960235641
ex01_default_00328,ex01::ANTI AGING CREAMS CAN BRING ON BREAKOUTS,default,intent_3408,33,8.901980036000655
ex01_default_00328,ex01::ANTI AGING CREAMS CAN BRING ON BREAKOUTS,default,speaker_count_3408,32,8.64015709376534
ex01_default_00333,ex01::WHAT ARE YOU NO GOOD AT,default,asr_3408,16,10.097260375677482
ex01_default_00333,ex01::WHAT ARE YOU NO GOOD AT,default,emotion_3408,6,4.157695448808375
ex01_default_00333,ex01::WHAT ARE YOU NO GOOD AT,default,intent_3408_last,11,7.127477912242928
ex01_default_00333,ex01::WHAT ARE YOU NO GOOD AT,default,speaker_count_3408_last,4,2.9697824634345538
ex01_default_00333,ex01::WHAT ARE YOU NO GOOD AT,default,emotion_3407,7,4.751651941495286
ex01_default_00333,ex01::WHAT ARE YOU NO GOOD AT,default,emotion_3409,5,3.563738956121464
ex01_default_00333,ex01::WHAT ARE YOU NO GOOD AT,default,intent_3408,16,10.097260375677482
ex01_default_00333,ex01::WHAT ARE YOU NO GOOD AT,default,speaker_count_3408,15,9.503303882990572
ex01_default_00370,ex01::AT LEAST I DO,default,asr_3408,12,7.217961619877156
ex01_default_00370,ex01::AT LEAST I DO,default,emotion_3408,7,4.441822535309019
ex01_default_00370,ex01::AT LEAST I DO,default,intent_3408_last,9,5.552278169136273
ex01_default_00370,ex01::AT LEAST I DO,default,speaker_count_3408_last,4,2.7761390845681366
ex01_default_00370,ex01::AT LEAST I DO,default,emotion_3407,7,4.441822535309019
ex01_default_00370,ex01::AT LEAST I DO,default,emotion_3409,5,3.3313669014817644
ex01_default_00370,ex01::AT LEAST I DO,default,intent_3408,12,7.217961619877156
ex01_default_00370,ex01::AT LEAST I DO,default,speaker_count_3408,12,7.217961619877156
ex01_enunciated_00028,ex01::HE WROTE GULLIVER'S TRAVEL,enunciated,asr_3408,28,8.430385726484856
ex01_enunciated_00028,ex01::HE WROTE GULLIVER'S TRAVEL,enunciated,emotion_3408,17,5.232653209542325
ex01_enunciated_00028,ex01::HE WROTE GULLIVER'S TRAVEL,enunciated,intent_3408_last,21,6.395465033885063
ex01_enunciated_00028,ex01::HE WROTE GULLIVER'S TRAVEL,enunciated,speaker_count_3408_last,8,2.6163266047711624
ex01_enunciated_00028,ex01::HE WROTE GULLIVER'S TRAVEL,enunciated,emotion_3407,18,5.523356165628009
ex01_enunciated_00028,ex01::HE WROTE GULLIVER'S TRAVEL,enunciated,emotion_3409,15,4.651247297370955
ex01_enunciated_00028,ex01::HE WROTE GULLIVER'S TRAVEL,enunciated,intent_3408,28,8.430385726484856
ex01_enunciated_00028,ex01::HE WROTE GULLIVER'S TRAVEL,enunciated,speaker_count_3408,24,7.267573902142117
ex01_enunciated_00146,ex01::LYNN'S WORKING ON SAGE'S LYRICS,enunciated,asr_3408,31,8.509648145993651
ex01_enunciated_00146,ex01::LYNN'S WORKING ON SAGE'S LYRICS,enunciated,emotion_3408,21,5.850383100370635
ex01_enunciated_00146,ex01::LYNN'S WORKING ON SAGE'S LYRICS,enunciated,intent_3408_last,28,7.7118686323067465
ex01_enunciated_00146,ex01::LYNN'S WORKING ON SAGE'S LYRICS,enunciated,speaker_count_3408_last,9,2.659265045623016
ex01_enunciated_00146,ex01::LYNN'S WORKING ON SAGE'S LYRICS,enunciated,emotion_3407,23,6.3822361094952385
ex01_enunciated_00146,ex01::LYNN'S WORKING ON SAGE'S LYRICS,enunciated,emotion_3409,19,5.318530091246032
ex01_enunciated_00146,ex01::LYNN'S WORKING ON SAGE'S LYRICS,enunciated,intent_3408,31,8.509648145993651
ex01_enunciated_00146,ex01::LYNN'S WORKING ON SAGE'S LYRICS,enunciated,speaker_count_3408,30,8.24372164143135
ex01_enunciated_00156,ex01::WHAT DID THE DEVIL DO NOW,enunciated,asr_3408,23,7.639510593852581
ex01_enunciated_00156,ex01::WHAT DID THE DEVIL DO NOW,enunciated,emotion_3408,14,4.7746941211578635
ex01_enunciated_00156,ex01::WHAT DID THE DEVIL DO NOW,enunciated,intent_3408_last,19,6.366258828210484
ex01_enunciated_00156,ex01::WHAT DID THE DEVIL DO NOW,enunciated,speaker_count_3408_last,7,2.546503531284194
ex01_enunciated_00156,ex01::WHAT DID THE DEVIL DO NOW,enunciated,emotion_3407,16,5.411320003978911
ex01_enunciated_00156,ex01::WHAT DID THE DEVIL DO NOW,enunciated,emotion_3409,13,4.456381179747339
ex01_enunciated_00156,ex01::WHAT DID THE DEVIL DO NOW,enunciated,intent_3408,23,7.639510593852581
ex01_enunciated_00156,ex01::WHAT DID THE DEVIL DO NOW,enunciated,speaker_count_3408,23,7.639510593852581
ex01_enunciated_00163,ex01::OUT OF NOWHERE YOU GET BLINDSIDED,enunciated,asr_3408,34,8.450151650043004
ex01_enunciated_00163,ex01::OUT OF NOWHERE YOU GET BLINDSIDED,enunciated,emotion_3408,16,4.104359372878031
ex01_enunciated_00163,ex01::OUT OF NOWHERE YOU GET BLINDSIDED,enunciated,intent_3408_last,27,6.760121320034404
ex01_enunciated_00163,ex01::OUT OF NOWHERE YOU GET BLINDSIDED,enunciated,speaker_count_3408_last,10,2.655761947156373
ex01_enunciated_00163,ex01::OUT OF NOWHERE YOU GET BLINDSIDED,enunciated,emotion_3407,17,4.345792277164974
ex01_enunciated_00163,ex01::OUT OF NOWHERE YOU GET BLINDSIDED,enunciated,emotion_3409,14,3.6214935643041453
ex01_enunciated_00163,ex01::OUT OF NOWHERE YOU GET BLINDSIDED,enunciated,intent_3408,34,8.450151650043004
ex01_enunciated_00163,ex01::OUT OF NOWHERE YOU GET BLINDSIDED,enunciated,speaker_count_3408,31,7.725852937182176
ex01_enunciated_00168,ex01::YOU KNOW WHAT,enunciated,asr_3408,10,6.107505986049901
ex01_enunciated_00168,ex01::YOU KNOW WHAT,enunciated,emotion_3408,5,3.3313669014817644
ex01_enunciated_00168,ex01::YOU KNOW WHAT,enunciated,intent_3408_last,8,4.997050352222646
ex01_enunciated_00168,ex01::YOU KNOW WHAT,enunciated,speaker_count_3408_last,3,2.2209112676545093
ex01_enunciated_00168,ex01::YOU KNOW WHAT,enunciated,emotion_3407,6,3.8865947183953917
ex01_enunciated_00168,ex01::YOU KNOW WHAT,enunciated,emotion_3409,4,2.7761390845681366
ex01_enunciated_00168,ex01::YOU KNOW WHAT,enunciated,intent_3408,10,6.107505986049901
ex01_enunciated_00168,ex01::YOU KNOW WHAT,enunciated,speaker_count_3408,10,6.107505986049901
ex01_enunciated_00255,ex01::MARIAN,enunciated,asr_3408,8,6.648813371502447
ex01_enunciated_00255,ex01::MARIAN,enunciated,emotion_3408,3,2.9550281651121986
ex01_enunciated_00255,ex01::MARIAN,enunciated,intent_3408_last,7,5.910056330224397
ex01_enunciated_00255,ex01::MARIAN,enunciated,speaker_count_3408_last,2,2.216271123834149
ex01_enunciated_00255,ex01::MARIAN,enunciated,emotion_3407,5,4.432542247668298
ex01_enunciated_00255,ex01::MARIAN,enunciated,emotion_3409,4,3.693785206390248
ex01_enunciated_00255,ex01::MARIAN,enunciated,intent_3408,8,6.648813371502447
ex01_enunciated_00255,ex01::MARIAN,enunciated,speaker_count_3408,8,6.648813371502447
ex01_enunciated_00264,ex01::FOR THE FRESH FACE CONTEST,enunciated,asr_3408,29,9.015269612906861
ex01_enunciated_00264,ex01::FOR THE FRESH FACE CONTEST,enunciated,emotion_3408,13,4.207125819356535
ex01_enunciated_00264,ex01::FOR THE FRESH FACE CONTEST,enunciated,intent_3408_last,21,6.611197716131698
ex01_enunciated_00264,ex01::FOR THE FRESH FACE CONTEST,enunciated,speaker_count_3408_last,9,3.0050898709689537
ex01_enunciated_00264,ex01::FOR THE FRESH FACE CONTEST,enunciated,emotion_3407,14,4.507634806453431
ex01_enunciated_00264,ex01::FOR THE FRESH FACE CONTEST,enunciated,emotion_3409,12,3.9066168322596395
ex01_enunciated_00264,ex01::FOR THE FRESH FACE CONTEST,enunciated,intent_3408,29,9.015269612906861
ex01_enunciated_00264,ex01::FOR THE FRESH FACE CONTEST,enunciated,speaker_count_3408,26,8.113742651616175
ex01_enunciated_00279,ex01::AND DEPRIVE MYSELF OF THE PLEASURE OF WATCHING YOU SQUIRM,enunciated,asr_3408,57,8.279726269394455
ex01_enunciated_00279,ex01::AND DEPRIVE MYSELF OF THE PLEASURE OF WATCHING YOU SQUIRM,enunciated,emotion_3408,33,4.853632640679509
ex01_enunciated_00279,ex01::AND DEPRIVE MYSELF OF THE PLEASURE OF WATCHING YOU SQUIRM,enunciated,intent_3408_last,42,6.138417751447614
ex01_enunciated_00279,ex01::AND DEPRIVE MYSELF OF THE PLEASURE OF WATCHING YOU SQUIRM,enunciated,speaker_count_3408_last,14,2.141308517946842
ex01_enunciated_00279,ex01::AND DEPRIVE MYSELF OF THE PLEASURE OF WATCHING YOU SQUIRM,enunciated,emotion_3407,33,4.853632640679509
ex01_enunciated_00279,ex01::AND DEPRIVE MYSELF OF THE PLEASURE OF WATCHING YOU SQUIRM,enunciated,emotion_3409,26,3.8543553323043156
ex01_enunciated_00279,ex01::AND DEPRIVE MYSELF OF THE PLEASURE OF WATCHING YOU SQUIRM,enunciated,intent_3408,57,8.279726269394455
ex01_enunciated_00279,ex01::AND DEPRIVE MYSELF OF THE PLEASURE OF WATCHING YOU SQUIRM,enunciated,speaker_count_3408,54,7.851464565805087
ex01_enunciated_00284,ex01::WHERE'D MY POPS GO,enunciated,asr_3408,18,7.63128828195602
ex01_enunciated_00284,ex01::WHERE'D MY POPS GO,enunciated,emotion_3408,9,4.016467516818958
ex01_enunciated_00284,ex01::WHERE'D MY POPS GO,enunciated,intent_3408_last,15,6.426348026910333
ex01_enunciated_00284,ex01::WHERE'D MY POPS GO,enunciated,speaker_count_3408_last,5,2.4098805100913747
ex01_enunciated_00284,ex01::WHERE'D MY POPS GO,enunciated,emotion_3407,11,4.819761020182749
ex01_enunciated_00284,ex01::WHERE'D MY POPS GO,enunciated,emotion_3409,8,3.614820765137062
ex01_enunciated_00284,ex01::WHERE'D MY POPS GO,enunciated,intent_3408,18,7.63128828195602
ex01_enunciated_00284,ex01::WHERE'D MY POPS GO,enunciated,speaker_count_3408,17,7.229641530274124
ex01_enunciated_00299,ex01::ARE ANNA FARIS AND CHRIS PRATT SEPARATING,enunciated,asr_3408,48,9.273168135312556
ex01_enunciated_00299,ex01::ARE ANNA FARIS AND CHRIS PRATT SEPARATING,enunciated,emotion_3408,28,5.488201549470696
ex01_enunciated_00299,ex01::ARE ANNA FARIS AND CHRIS PRATT SEPARATING,enunciated,intent_3408_last,36,7.00218818380744
ex01_enunciated_00299,ex01::ARE ANNA FARIS AND CHRIS PRATT SEPARATING,enunciated,speaker_count_3408_last,12,2.4602282807972085
ex01_enunciated_00299,ex01::ARE ANNA FARIS AND CHRIS PRATT SEPARATING,enunciated,emotion_3407,29,5.677449878762789
ex01_enunciated_00299,ex01::ARE ANNA FARIS AND CHRIS PRATT SEPARATING,enunciated,emotion_3409,24,4.731208232302324
ex01_enunciated_00299,ex01::ARE ANNA FARIS AND CHRIS PRATT SEPARATING,enunciated,intent_3408,48,9.273168135312556
ex01_enunciated_00299,ex01::ARE ANNA FARIS AND CHRIS PRATT SEPARATING,enunciated,speaker_count_3408,47,9.083919806020463
ex01_enunciated_00301,ex01::OKAY IS THAT IS THAT GLOVER,enunciated,asr_3408,31,7.607613557005096
ex01_enunciated_00301,ex01::OKAY IS THAT IS THAT GLOVER,enunciated,emotion_3408,12,3.0905930075333203
ex01_enunciated_00301,ex01::OKAY IS THAT IS THAT GLOVER,enunciated,intent_3408_last,21,5.230234320441004
ex01_enunciated_00301,ex01::OKAY IS THAT IS THAT GLOVER,enunciated,speaker_count_3408_last,9,2.3773792365640927
ex01_enunciated_00301,ex01::OKAY IS THAT IS THAT GLOVER,enunciated,emotion_3407,15,3.803806778502548
ex01_enunciated_00301,ex01::OKAY IS THAT IS THAT GLOVER,enunciated,emotion_3409,13,3.3283309311897296
ex01_enunciated_00301,ex01::OKAY IS THAT IS THAT GLOVER,enunciated,intent_3408,31,7.607613557005096
ex01_enunciated_00301,ex01::OKAY IS THAT IS THAT GLOVER,enunciated,speaker_count_3408,30,7.369875633348687
ex01_enunciated_00319,ex01::THEN THERE'S MIRACLE OF THIRTY FOURTH STREET BUT ONLY WATCH THE ORIGINAL,enunciated,asr_3408,68,8.825504428740446
ex01_enunciated_00319,ex01::THEN THERE'S MIRACLE OF THIRTY FOURTH STREET BUT ONLY WATCH THE ORIGINAL,enunciated,emotion_3408,40,5.244140312729831
ex01_enunciated_00319,ex01::THEN THERE'S MIRACLE OF THIRTY FOURTH STREET BUT ONLY WATCH THE ORIGINAL,enunciated,intent_3408_last,49,6.3952930643046715
ex01_enunciated_00319,ex01::THEN THERE'S MIRACLE OF THIRTY FOURTH STREET BUT ONLY WATCH THE ORIGINAL,enunciated,speaker_count_3408_last,18,2.4302113644357752
ex01_enunciated_00319,ex01::THEN THERE'S MIRACLE OF THIRTY FOURTH STREET BUT ONLY WATCH THE ORIGINAL,enunciated,emotion_3407,41,5.372046174015924
ex01_enunciated_00319,ex01::THEN THERE'S MIRACLE OF THIRTY FOURTH STREET BUT ONLY WATCH THE ORIGINAL,enunciated,emotion_3409,35,4.604611006299364
ex01_enunciated_00319,ex01::THEN THERE'S MIRACLE OF THIRTY FOURTH STREET BUT ONLY WATCH THE ORIGINAL,enunciated,intent_3408,68,8.825504428740446
ex01_enunciated_00319,ex01::THEN THERE'S MIRACLE OF THIRTY FOURTH STREET BUT ONLY WATCH THE ORIGINAL,enunciated,speaker_count_3408,65,8.441786844882166
ex01_enunciated_00328,ex01::ANTI AGING CREAMS CAN BRING ON BREAKOUTS,enunciated,asr_3408,45,8.385075477072059
ex01_enunciated_00328,ex01::ANTI AGING CREAMS CAN BRING ON BREAKOUTS,enunciated,emotion_3408,21,4.010253489034463
ex01_enunciated_00328,ex01::ANTI AGING CREAMS CAN BRING ON BREAKOUTS,enunciated,intent_3408_last,34,6.379948732554827
ex01_enunciated_00328,ex01::ANTI AGING CREAMS CAN BRING ON BREAKOUTS,enunciated,speaker_count_3408_last,12,2.3696952435203644
ex01_enunciated_00328,ex01::ANTI AGING CREAMS CAN BRING ON BREAKOUTS,enunciated,emotion_3407,25,4.739390487040729
ex01_enunciated_00328,ex01::ANTI AGING CREAMS CAN BRING ON BREAKOUTS,enunciated,emotion_3409,18,3.4634007405297633
ex01_enunciated_00328,ex01::ANTI AGING CREAMS CAN BRING ON BREAKOUTS,enunciated,intent_3408,45,8.385075477072059
ex01_enunciated_00328,ex01::ANTI AGING CREAMS CAN BRING ON BREAKOUTS,enunciated,speaker_count_3408,42,7.838222728567359
ex01_enunciated_00333,ex01::WHAT ARE YOU NO GOOD AT,enunciated,asr_3408,24,7.454481074936171
ex01_enunciated_00333,ex01::WHAT ARE YOU NO GOOD AT,enunciated,emotion_3408,11,3.578150915969362
ex01_enunciated_00333,ex01::WHAT ARE YOU NO GOOD AT,enunciated,intent_3408_last,19,5.963584859948937
ex01_enunciated_00333,ex01::WHAT ARE YOU NO GOOD AT,enunciated,speaker_count_3408_last,6,2.087254700982128
ex01_enunciated_00333,ex01::WHAT ARE YOU NO GOOD AT,enunciated,emotion_3407,14,4.4726886449617025
ex01_enunciated_00333,ex01::WHAT ARE YOU NO GOOD AT,enunciated,emotion_3409,9,2.9817924299744685
ex01_enunciated_00333,ex01::WHAT ARE YOU NO GOOD AT,enunciated,intent_3408,24,7.454481074936171
ex01_enunciated_00333,ex01::WHAT ARE YOU NO GOOD AT,enunciated,speaker_count_3408,24,7.454481074936171
ex01_enunciated_00370,ex01::AT LEAST I DO,enunciated,asr_3408,15,6.169269327164064
ex01_enunciated_00370,ex01::AT LEAST I DO,enunciated,emotion_3408,8,3.470213996529786
ex01_enunciated_00370,ex01::AT LEAST I DO,enunciated,intent_3408_last,12,5.012531328320802
ex01_enunciated_00370,ex01::AT LEAST I DO,enunciated,speaker_count_3408_last,5,2.313475997686524
ex01_enunciated_00370,ex01::AT LEAST I DO,enunciated,emotion_3407,11,4.626951995373048
ex01_enunciated_00370,ex01::AT LEAST I DO,enunciated,emotion_3409,6,2.6990553306342777
ex01_enunciated_00370,ex01::AT LEAST I DO,enunciated,intent_3408,15,6.169269327164064
ex01_enunciated_00370,ex01::AT LEAST I DO,enunciated,speaker_count_3408,14,5.78368999421631
ex01_happy_00028,ex01::HE WROTE GULLIVER'S TRAVEL,happy,asr_3408,24,10.316989502463182
ex01_happy_00028,ex01::HE WROTE GULLIVER'S TRAVEL,happy,emotion_3408,12,5.364834541280854
ex01_happy_00028,ex01::HE WROTE GULLIVER'S TRAVEL,happy,intent_3408_last,17,7.42823244177349
ex01_happy_00028,ex01::HE WROTE GULLIVER'S TRAVEL,happy,speaker_count_3408_last,6,2.8887570606896906
ex01_happy_00028,ex01::HE WROTE GULLIVER'S TRAVEL,happy,emotion_3407,14,6.1901937014779085
ex01_happy_00028,ex01::HE WROTE GULLIVER'S TRAVEL,happy,emotion_3409,11,4.952154961182327
ex01_happy_00028,ex01::HE WROTE GULLIVER'S TRAVEL,happy,intent_3408,24,10.316989502463182
ex01_happy_00028,ex01::HE WROTE GULLIVER'S TRAVEL,happy,speaker_count_3408,23,9.904309922364654
ex01_happy_00146,ex01::LYNN'S WORKING ON SAGE'S LYRICS,happy,asr_3408,31,9.725704733682852
ex01_happy_00146,ex01::LYNN'S WORKING ON SAGE'S LYRICS,happy,emotion_3408,17,5.470708912696604
ex01_happy_00146,ex01::LYNN'S WORKING ON SAGE'S LYRICS,happy,intent_3408_last,26,8.206063369044905
ex01_happy_00146,ex01::LYNN'S WORKING ON SAGE'S LYRICS,happy,speaker_count_3408_last,7,2.431426183420713
ex01_happy_00146,ex01::LYNN'S WORKING ON SAGE'S LYRICS,happy,emotion_3407,19,6.078565458551782
ex01_happy_00146,ex01::LYNN'S WORKING ON SAGE'S LYRICS,happy,emotion_3409,17,5.470708912696604
ex01_happy_00146,ex01::LYNN'S WORKING ON SAGE'S LYRICS,happy,intent_3408,31,9.725704733682852
ex01_happy_00146,ex01::LYNN'S WORKING ON SAGE'S LYRICS,happy,speaker_count_3408,28,8.813919914900083
ex01_happy_00156,ex01::WHAT DID THE DEVIL DO NOW,happy,asr_3408,24,8.122981946672622
ex01_happy_00156,ex01::WHAT DID THE DEVIL DO NOW,happy,emotion_3408,13,4.548869890136669
ex01_happy_00156,ex01::WHAT DID THE DEVIL DO NOW,happy,intent_3408_last,17,5.848547001604289
ex01_happy_00156,ex01::WHAT DID THE DEVIL DO NOW,happy,speaker_count_3408_last,7,2.5993542229352395
ex01_happy_00156,ex01::WHAT DID THE DEVIL DO NOW,happy,emotion_3407,15,5.198708445870479
ex01_happy_00156,ex01::WHAT DID THE DEVIL DO NOW,happy,emotion_3409,12,4.223950612269764
ex01_happy_00156,ex01::WHAT DID THE DEVIL DO NOW,happy,intent_3408,24,8.122981946672622
ex01_happy_00156,ex01::WHAT DID THE DEVIL DO NOW,happy,speaker_count_3408,22,7.473143390938813
ex01_happy_00163,ex01::OUT OF NOWHERE YOU GET BLINDSIDED,happy,asr_3408,29,10.000416684028501
ex01_happy_00163,ex01::OUT OF NOWHERE YOU GET BLINDSIDED,happy,emotion_3408,13,4.6668611192133005
ex01_happy_00163,ex01::OUT OF NOWHERE YOU GET BLINDSIDED,happy,intent_3408_last,19,6.666944456019001
ex01_happy_00163,ex01::OUT OF NOWHERE YOU GET BLINDSIDED,happy,speaker_count_3408_last,7,2.6667777824076007
ex01_happy_00163,ex01::OUT OF NOWHERE YOU GET BLINDSIDED,happy,emotion_3407,13,4.6668611192133005
ex01_happy_00163,ex01::OUT OF NOWHERE YOU GET BLINDSIDED,happy,emotion_3409,12,4.3335138964123505
ex01_happy_00163,ex01::OUT OF NOWHERE YOU GET BLINDSIDED,happy,intent_3408,29,10.000416684028501
ex01_happy_00163,ex01::OUT OF NOWHERE YOU GET BLINDSIDED,happy,speaker_count_3408,28,9.667069461227552
ex01_happy_00168,ex01::YOU KNOW WHAT,happy,asr_3408,10,10.228395420468413
ex01_happy_00168,ex01::YOU KNOW WHAT,happy,emotion_3408,3,3.7194165165339688
ex01_happy_00168,ex01::YOU KNOW WHAT,happy,intent_3408_last,5,5.5791247748009525
ex01_happy_00168,ex01::YOU KNOW WHAT,happy,speaker_count_3408_last,3,3.7194165165339688
ex01_happy_00168,ex01::YOU KNOW WHAT,happy,emotion_3407,5,5.5791247748009525
ex01_happy_00168,ex01::YOU KNOW WHAT,happy,emotion_3409,3,3.7194165165339688
ex01_happy_00168,ex01::YOU KNOW WHAT,happy,intent_3408,10,10.228395420468413
ex01_happy_00168,ex01::YOU KNOW WHAT,happy,speaker_count_3408,9,9.29854129133492
ex01_happy_00255,ex01::MARIAN,happy,asr_3408,7,7.980547415674293
ex01_happy_00255,ex01::MARIAN,happy,emotion_3408,1,1.9951368539185732
ex01_happy_00255,ex01::MARIAN,happy,intent_3408_last,6,6.982978988715007
ex01_happy_00255,ex01::MARIAN,happy,speaker_count_3408_last,0,0.9975684269592866
ex01_happy_00255,ex01::MARIAN,happy,emotion_3407,3,3.9902737078371464
ex01_happy_00255,ex01::MARIAN,happy,emotion_3409,1,1.9951368539185732
ex01_happy_00255,ex01::MARIAN,happy,intent_3408,7,7.980547415674293
ex01_happy_00255,ex01::MARIAN,happy,speaker_count_3408,7,7.980547415674293
ex01_happy_00264,ex01::FOR THE FRESH FACE CONTEST,happy,asr_3408,22,10.178680090723017
ex01_happy_00264,ex01::FOR THE FRESH FACE CONTEST,happy,emotion_3408,11,5.310615699507661
ex01_happy_00264,ex01::FOR THE FRESH FACE CONTEST,happy,intent_3408_last,14,6.638269624384576
ex01_happy_00264,ex01::FOR THE FRESH FACE CONTEST,happy,speaker_count_3408_last,6,3.097859158046136
ex01_happy_00264,ex01::FOR THE FRESH FACE CONTEST,happy,emotion_3407,12,5.753167007799966
ex01_happy_00264,ex01::FOR THE FRESH FACE CONTEST,happy,emotion_3409,11,5.310615699507661
ex01_happy_00264,ex01::FOR THE FRESH FACE CONTEST,happy,intent_3408,22,10.178680090723017
ex01_happy_00264,ex01::FOR THE FRESH FACE CONTEST,happy,speaker_count_3408,20,9.293577474138408
ex01_happy_00279,ex01::AND DEPRIVE MYSELF OF THE PLEASURE OF WATCHING YOU SQUIRM,happy,asr_3408,45,10.597552195824333
ex01_happy_00279,ex01::AND DEPRIVE MYSELF OF THE PLEASURE OF WATCHING YOU SQUIRM,happy,emotion_3408,26,6.220302375809935
ex01_happy_00279,ex01::AND DEPRIVE MYSELF OF THE PLEASURE OF WATCHING YOU SQUIRM,happy,intent_3408_last,31,7.372210223182145
ex01_happy_00279,ex01::AND DEPRIVE MYSELF OF THE PLEASURE OF WATCHING YOU SQUIRM,happy,speaker_count_3408_last,10,2.5341972642188626
ex01_happy_00279,ex01::AND DEPRIVE MYSELF OF THE PLEASURE OF WATCHING YOU SQUIRM,happy,emotion_3407,26,6.220302375809935
ex01_happy_00279,ex01::AND DEPRIVE MYSELF OF THE PLEASURE OF WATCHING YOU SQUIRM,happy,emotion_3409,24,5.759539236861051
ex01_happy_00279,ex01::AND DEPRIVE MYSELF OF THE PLEASURE OF WATCHING YOU SQUIRM,happy,intent_3408,45,10.597552195824333
ex01_happy_00279,ex01::AND DEPRIVE MYSELF OF THE PLEASURE OF WATCHING YOU SQUIRM,happy,speaker_count_3408,44,10.36717062634989
ex01_happy_00284,ex01::WHERE'D MY POPS GO,happy,asr_3408,14,9.533645825057599
ex01_happy_00284,ex01::WHERE'D MY POPS GO,happy,emotion_3408,6,4.449034718360213
ex01_happy_00284,ex01::WHERE'D MY POPS GO,happy,intent_3408_last,9,6.355763883371733
ex01_happy_00284,ex01::WHERE'D MY POPS GO,happy,speaker_count_3408_last,4,3.1778819416858664
ex01_happy_00284,ex01::WHERE'D MY POPS GO,happy,emotion_3407,6,4.449034718360213
ex01_happy_00284,ex01::WHERE'D MY POPS GO,happy,emotion_3409,6,4.449034718360213
ex01_happy_00284,ex01::WHERE'D MY POPS GO,happy,intent_3408,14,9.533645825057599
ex01_happy_00284,ex01::WHERE'D MY POPS GO,happy,speaker_count_3408,13,8.898069436720426
ex01_happy_00299,ex01::ARE ANNA FARIS AND CHRIS PRATT SEPARATING,happy,asr_3408,35,11.769032732622287
ex01_happy_00299,ex01::ARE ANNA FARIS AND CHRIS PRATT SEPARATING,happy,emotion_3408,16,5.5575987904049695
ex01_happy_00299,ex01::ARE ANNA FARIS AND CHRIS PRATT SEPARATING,happy,intent_3408_last,23,7.846021821748192
ex01_happy_00299,ex01::ARE ANNA FARIS AND CHRIS PRATT SEPARATING,happy,speaker_count_3408_last,10,3.596093334967921
ex01_happy_00299,ex01::ARE ANNA FARIS AND CHRIS PRATT SEPARATING,happy,emotion_3407,20,6.865269094029668
ex01_happy_00299,ex01::ARE ANNA FARIS AND CHRIS PRATT SEPARATING,happy,emotion_3409,16,5.5575987904049695
ex01_happy_00299,ex01::ARE ANNA FARIS AND CHRIS PRATT SEPARATING,happy,intent_3408,35,11.769032732622287
ex01_happy_00299,ex01::ARE ANNA FARIS AND CHRIS PRATT SEPARATING,happy,speaker_count_3408,34,11.442115156716113
ex01_happy_00301,ex01::OKAY IS THAT IS THAT GLOVER,happy,asr_3408,24,9.849790691947796
ex01_happy_00301,ex01::OKAY IS THAT IS THAT GLOVER,happy,emotion_3408,8,3.545924649101207
ex01_happy_00301,ex01::OKAY IS THAT IS THAT GLOVER,happy,intent_3408_last,15,6.30386604284659
ex01_happy_00301,ex01::OKAY IS THAT IS THAT GLOVER,happy,speaker_count_3408_last,5,2.363949766067471
ex01_happy_00301,ex01::OKAY IS THAT IS THAT GLOVER,happy,emotion_3407,11,4.727899532134942
ex01_happy_00301,ex01::OKAY IS THAT IS THAT GLOVER,happy,emotion_3409,9,3.9399162767791185
ex01_happy_00301,ex01::OKAY IS THAT IS THAT GLOVER,happy,intent_3408,24,9.849790691947796
ex01_happy_00301,ex01::OKAY IS THAT IS THAT GLOVER,happy,speaker_count_3408,22,9.061807436591973
ex01_happy_00319,ex01::THEN THERE'S MIRACLE OF THIRTY FOURTH STREET BUT ONLY WATCH THE ORIGINAL,happy,asr_3408,51,12.024859083682614
ex01_happy_00319,ex01::THEN THERE'S MIRACLE OF THIRTY FOURTH STREET BUT ONLY WATCH THE ORIGINAL,happy,emotion_3408,26,6.2436768319121265
ex01_happy_00319,ex01::THEN THERE'S MIRACLE OF THIRTY FOURTH STREET BUT ONLY WATCH THE ORIGINAL,happy,intent_3408_last,34,8.093655152478682
ex01_happy_00319,ex01::THEN THERE'S MIRACLE OF THIRTY FOURTH STREET BUT ONLY WATCH THE ORIGINAL,happy,speaker_count_3408_last,17,4.16245122127475
ex01_happy_00319,ex01::THEN THERE'S MIRACLE OF THIRTY FOURTH STREET BUT ONLY WATCH THE ORIGINAL,happy,emotion_3407,29,6.937418702124584
ex01_happy_00319,ex01::THEN THERE'S MIRACLE OF THIRTY FOURTH STREET BUT ONLY WATCH THE ORIGINAL,happy,emotion_3409,27,6.474924121982946
ex01_happy_00319,ex01::THEN THERE'S MIRACLE OF THIRTY FOURTH STREET BUT ONLY WATCH THE ORIGINAL,happy,intent_3408,51,12.024859083682614
ex01_happy_00319,ex01::THEN THERE'S MIRACLE OF THIRTY FOURTH STREET BUT ONLY WATCH THE ORIGINAL,happy,speaker_count_3408,48,11.331117213470154
ex01_happy_00328,ex01::ANTI AGING CREAMS CAN BRING ON BREAKOUTS,happy,asr_3408,32,10.648166821280201
ex01_happy_00328,ex01::ANTI AGING CREAMS CAN BRING ON BREAKOUTS,happy,emotion_3408,16,5.485419271568588
ex01_happy_00328,ex01::ANTI AGING CREAMS CAN BRING ON BREAKOUTS,happy,intent_3408_last,26,8.712136490138345
ex01_happy_00328,ex01::ANTI AGING CREAMS CAN BRING ON BREAKOUTS,happy,speaker_count_3408_last,10,3.5493889404267334
ex01_happy_00328,ex01::ANTI AGING CREAMS CAN BRING ON BREAKOUTS,happy,emotion_3407,19,6.453434437139515
ex01_happy_00328,ex01::ANTI AGING CREAMS CAN BRING ON BREAKOUTS,happy,emotion_3409,14,4.840075827854637
ex01_happy_00328,ex01::ANTI AGING CREAMS CAN BRING ON BREAKOUTS,happy,intent_3408,32,10.648166821280201
ex01_happy_00328,ex01::ANTI AGING CREAMS CAN BRING ON BREAKOUTS,happy,speaker_count_3408,31,10.325495099423225
ex01_happy_00333,ex01::WHAT ARE YOU NO GOOD AT,happy,asr_3408,17,10.57695838995189
ex01_happy_00333,ex01::WHAT ARE YOU NO GOOD AT,happy,emotion_3408,6,4.113261596092402
ex01_happy_00333,ex01::WHAT ARE YOU NO GOOD AT,happy,intent_3408_last,13,8.226523192184803
ex01_happy_00333,ex01::WHAT ARE YOU NO GOOD AT,happy,speaker_count_3408_last,4,2.938043997208858
ex01_happy_00333,ex01::WHAT ARE YOU NO GOOD AT,happy,emotion_3407,7,4.7008703955341735
ex01_happy_00333,ex01::WHAT ARE YOU NO GOOD AT,happy,emotion_3409,6,4.113261596092402
ex01_happy_00333,ex01::WHAT ARE YOU NO GOOD AT,happy,intent_3408,17,10.57695838995189
ex01_happy_00333,ex01::WHAT ARE YOU NO GOOD AT,happy,speaker_count_3408,16,9.989349590510118
ex01_happy_00370,ex01::AT LEAST I DO,happy,asr_3408,11,6.569942513003011
ex01_happy_00370,ex01::AT LEAST I DO,happy,emotion_3408,5,3.2849712565015055
ex01_happy_00370,ex01::AT LEAST I DO,happy,intent_3408_last,7,4.379961675335341
ex01_happy_00370,ex01::AT LEAST I DO,happy,speaker_count_3408_last,3,2.1899808376676706
ex01_happy_00370,ex01::AT LEAST I DO,happy,emotion_3407,5,3.2849712565015055
ex01_happy_00370,ex01::AT LEAST I DO,happy,emotion_3409,4,2.737476047084588
ex01_happy_00370,ex01::AT LEAST I DO,happy,intent_3408,11,6.569942513003011
ex01_happy_00370,ex01::AT LEAST I DO,happy,speaker_count_3408,10,6.022447303586094
ex01_laughing_00028,ex01::HE WROTE GULLIVER'S TRAVEL,laughing,asr_3408,30,13.087761887170826
ex01_laughing_00028,ex01::HE WROTE GULLIVER'S TRAVEL,laughing,emotion_3408,17,7.59934561190564
ex01_laughing_00028,ex01::HE WROTE GULLIVER'S TRAVEL,laughing,intent_3408_last,20,8.865903213889915
ex01_laughing_00028,ex01::HE WROTE GULLIVER'S TRAVEL,laughing,speaker_count_3408_last,7,3.3774869386247293
ex01_laughing_00028,ex01::HE WROTE GULLIVER'S TRAVEL,laughing,emotion_3407,18,8.021531479233731
ex01_laughing_00028,ex01::HE WROTE GULLIVER'S TRAVEL,laughing,emotion_3409,15,6.7549738772494585
ex01_laughing_00028,ex01::HE WROTE GULLIVER'S TRAVEL,laughing,intent_3408,30,13.087761887170826
ex01_laughing_00028,ex01::HE WROTE GULLIVER'S TRAVEL,laughing,speaker_count_3408,29,12.665576019842735
ex01_laughing_00146,ex01::LYNN'S WORKING ON SAGE'S LYRICS,laughing,asr_3408,31,10.661335998667333
ex01_laughing_00146,ex01::LYNN'S WORKING ON SAGE'S LYRICS,laughing,emotion_3408,18,6.330168249208729
ex01_laughing_00146,ex01::LYNN'S WORKING ON SAGE'S LYRICS,laughing,intent_3408_last,25,8.662335498917209
ex01_laughing_00146,ex01::LYNN'S WORKING ON SAGE'S LYRICS,laughing,speaker_count_3408_last,8,2.998500749625187
ex01_laughing_00146,ex01::LYNN'S WORKING ON SAGE'S LYRICS,laughing,emotion_3407,19,6.663334999167083
ex01_laughing_00146,ex01::LYNN'S WORKING ON SAGE'S LYRICS,laughing,emotion_3409,18,6.330168249208729
ex01_laughing_00146,ex01::LYNN'S WORKING ON SAGE'S LYRICS,laughing,intent_3408,31,10.661335998667333
ex01_laughing_00146,ex01::LYNN'S WORKING ON SAGE'S LYRICS,laughing,speaker_count_3408,30,10.328169248708978
ex01_laughing_00156,ex01::WHAT DID THE DEVIL DO NOW,laughing,asr_3408,21,9.347035237260682
ex01_laughing_00156,ex01::WHAT DID THE DEVIL DO NOW,laughing,emotion_3408,11,5.098382856687644
ex01_laughing_00156,ex01::WHAT DID THE DEVIL DO NOW,laughing,intent_3408_last,15,6.797843808916859
ex01_laughing_00156,ex01::WHAT DID THE DEVIL DO NOW,laughing,speaker_count_3408_last,7,3.3989219044584296
ex01_laughing_00156,ex01::WHAT DID THE DEVIL DO NOW,laughing,emotion_3407,14,6.372978570859556
ex01_laughing_00156,ex01::WHAT DID THE DEVIL DO NOW,laughing,emotion_3409,11,5.098382856687644
ex01_laughing_00156,ex01::WHAT DID THE DEVIL DO NOW,laughing,intent_3408,21,9.347035237260682
ex01_laughing_00156,ex01::WHAT DID THE DEVIL DO NOW,laughing,speaker_count_3408,21,9.347035237260682
ex01_laughing_00163,ex01::OUT OF NOWHERE YOU GET BLINDSIDED,laughing,asr_3408,31,11.620781225175334
ex01_laughing_00163,ex01::OUT OF NOWHERE YOU GET BLINDSIDED,laughing,emotion_3408,11,4.35779295944075
ex01_laughing_00163,ex01::OUT OF NOWHERE YOU GET BLINDSIDED,laughing,intent_3408_last,18,6.899838852447854
ex01_laughing_00163,ex01::OUT OF NOWHERE YOU GET BLINDSIDED,laughing,speaker_count_3408_last,8,3.2683447195805626
ex01_laughing_00163,ex01::OUT OF NOWHERE YOU GET BLINDSIDED,laughing,emotion_3407,13,5.084091786014208
ex01_laughing_00163,ex01::OUT OF NOWHERE YOU GET BLINDSIDED,laughing,emotion_3409,11,4.35779295944075
ex01_laughing_00163,ex01::OUT OF NOWHERE YOU GET BLINDSIDED,laughing,intent_3408,31,11.620781225175334
ex01_laughing_00163,ex01::OUT OF NOWHERE YOU GET BLINDSIDED,laughing,speaker_count_3408,28,10.531332985315146
ex01_laughing_00168,ex01::YOU KNOW WHAT,laughing,asr_3408,14,10.946408209806156
ex01_laughing_00168,ex01::YOU KNOW WHAT,laughing,emotion_3408,3,2.919042189281642
ex01_laughing_00168,ex01::YOU KNOW WHAT,laughing,intent_3408_last,8,6.567844925883694
ex01_laughing_00168,ex01::YOU KNOW WHAT,laughing,speaker_count_3408_last,3,2.919042189281642
ex01_laughing_00168,ex01::YOU KNOW WHAT,laughing,emotion_3407,5,4.378563283922463
ex01_laughing_00168,ex01::YOU KNOW WHAT,laughing,emotion_3409,5,4.378563283922463
ex01_laughing_00168,ex01::YOU KNOW WHAT,laughing,intent_3408,14,10.946408209806156
ex01_laughing_00168,ex01::YOU KNOW WHAT,laughing,speaker_count_3408,12,9.486887115165336
ex01_laughing_00255,ex01::MARIAN,laughing,asr_3408,10,7.240712551939771
ex01_laughing_00255,ex01::MARIAN,laughing,emotion_3408,3,2.632986382523553
ex01_laughing_00255,ex01::MARIAN,laughing,intent_3408_last,7,5.265972765047106
ex01_laughing_00255,ex01::MARIAN,laughing,speaker_count_3408_last,3,2.632986382523553
ex01_laughing_00255,ex01::MARIAN,laughing,emotion_3407,4,3.2912329781544414
ex01_laughing_00255,ex01::MARIAN,laughing,emotion_3409,3,2.632986382523553
ex01_laughing_00255,ex01::MARIAN,laughing,intent_3408,10,7.240712551939771
ex01_laughing_00255,ex01::MARIAN,laughing,speaker_count_3408,9,6.582465956308883
ex01_laughing_00264,ex01::FOR THE FRESH FACE CONTEST,laughing,asr_3408,25,9.362621534029527
ex01_laughing_00264,ex01::FOR THE FRESH FACE CONTEST,laughing,emotion_3408,12,4.681310767014764
ex01_laughing_00264,ex01::FOR THE FRESH FACE CONTEST,laughing,intent_3408_last,15,5.761613251710479
ex01_laughing_00264,ex01::FOR THE FRESH FACE CONTEST,laughing,speaker_count_3408_last,6,2.5207057976233345
ex01_laughing_00264,ex01::FOR THE FRESH FACE CONTEST,laughing,emotion_3407,11,4.321209938782859
ex01_laughing_00264,ex01::FOR THE FRESH FACE CONTEST,laughing,emotion_3409,10,3.961109110550954
ex01_laughing_00264,ex01::FOR THE FRESH FACE CONTEST,laughing,intent_3408,25,9.362621534029527
ex01_laughing_00264,ex01::FOR THE FRESH FACE CONTEST,laughing,speaker_count_3408,24,9.002520705797624
ex01_laughing_00279,ex01::AND DEPRIVE MYSELF OF THE PLEASURE OF WATCHING YOU SQUIRM,laughing,asr_3408,56,10.186643433971115
ex01_laughing_00279,ex01::AND DEPRIVE MYSELF OF THE PLEASURE OF WATCHING YOU SQUIRM,laughing,emotion_3408,22,4.110399982128696
ex01_laughing_00279,ex01::AND DEPRIVE MYSELF OF THE PLEASURE OF WATCHING YOU SQUIRM,laughing,intent_3408_last,36,6.612382579946163
ex01_laughing_00279,ex01::AND DEPRIVE MYSELF OF THE PLEASURE OF WATCHING YOU SQUIRM,laughing,speaker_count_3408_last,14,2.6806956405187146
ex01_laughing_00279,ex01::AND DEPRIVE MYSELF OF THE PLEASURE OF WATCHING YOU SQUIRM,laughing,emotion_3407,28,5.182678238336182
ex01_laughing_00279,ex01::AND DEPRIVE MYSELF OF THE PLEASURE OF WATCHING YOU SQUIRM,laughing,emotion_3409,23,4.289113024829944
ex01_laughing_00279,ex01::AND DEPRIVE MYSELF OF THE PLEASURE OF WATCHING YOU SQUIRM,laughing,intent_3408,56,10.186643433971115
ex01_laughing_00279,ex01::AND DEPRIVE MYSELF OF THE PLEASURE OF WATCHING YOU SQUIRM,laughing,speaker_count_3408,55,10.007930391269868
ex01_laughing_00284,ex01::WHERE'D MY POPS GO,laughing,asr_3408,18,11.068229811403189
ex01_laughing_00284,ex01::WHERE'D MY POPS GO,laughing,emotion_3408,7,4.660307289011869
ex01_laughing_00284,ex01::WHERE'D MY POPS GO,laughing,intent_3408_last,11,6.990460933517803
ex01_laughing_00284,ex01::WHERE'D MY POPS GO,laughing,speaker_count_3408_last,5,3.4952304667589016
ex01_laughing_00284,ex01::WHERE'D MY POPS GO,laughing,emotion_3407,9,5.825384111264836
ex01_laughing_00284,ex01::WHERE'D MY POPS GO,laughing,emotion_3409,8,5.242845700138353
ex01_laughing_00284,ex01::WHERE'D MY POPS GO,laughing,intent_3408,18,11.068229811403189
ex01_laughing_00284,ex01::WHERE'D MY POPS GO,laughing,speaker_count_3408,17,10.485691400276705
ex01_laughing_00299,ex01::ARE ANNA FARIS AND CHRIS PRATT SEPARATING,laughing,asr_3408,42,12.604195291746816
ex01_laughing_00299,ex01::ARE ANNA FARIS AND CHRIS PRATT SEPARATING,laughing,emotion_3408,19,5.862416414765962
ex01_laughing_00299,ex01::ARE ANNA FARIS AND CHRIS PRATT SEPARATING,laughing,intent_3408_last,26,7.914262159934048
ex01_laughing_00299,ex01::ARE ANNA FARIS AND CHRIS PRATT SEPARATING,laughing,speaker_count_3408_last,11,3.517449848859577
ex01_laughing_00299,ex01::ARE ANNA FARIS AND CHRIS PRATT SEPARATING,laughing,emotion_3407,21,6.448658056242557
ex01_laughing_00299,ex01::ARE ANNA FARIS AND CHRIS PRATT SEPARATING,laughing,emotion_3409,17,5.276174773289365
ex01_laughing_00299,ex01::ARE ANNA FARIS AND CHRIS PRATT SEPARATING,laughing,intent_3408,42,12.604195291746816
ex01_laughing_00299,ex01::ARE ANNA FARIS AND CHRIS PRATT SEPARATING,laughing,speaker_count_3408,39,11.724832829531923
ex01_laughing_00301,ex01::OKAY IS THAT IS THAT GLOVER,laughing,asr_3408,29,10.009592526170914
ex01_laughing_00301,ex01::OKAY IS THAT IS THAT GLOVER,laughing,emotion_3408,9,3.336530842056971
ex01_laughing_00301,ex01::OKAY IS THAT IS THAT GLOVER,laughing,intent_3408_last,17,6.005755515702548
ex01_laughing_00301,ex01::OKAY IS THAT IS THAT GLOVER,laughing,speaker_count_3408_last,7,2.669224673645577
ex01_laughing_00301,ex01::OKAY IS THAT IS THAT GLOVER,laughing,emotion_3407,11,4.003837010468366
ex01_laughing_00301,ex01::OKAY IS THAT IS THAT GLOVER,laughing,emotion_3409,10,3.6701839262626685
ex01_laughing_00301,ex01::OKAY IS THAT IS THAT GLOVER,laughing,intent_3408,29,10.009592526170914
ex01_laughing_00301,ex01::OKAY IS THAT IS THAT GLOVER,laughing,speaker_count_3408,29,10.009592526170914
ex01_laughing_00319,ex01::THEN THERE'S MIRACLE OF THIRTY FOURTH STREET BUT ONLY WATCH THE ORIGINAL,laughing,asr_3408,66,11.867727972190549
ex01_laughing_00319,ex01::THEN THERE'S MIRACLE OF THIRTY FOURTH STREET BUT ONLY WATCH THE ORIGINAL,laughing,emotion_3408,38,6.908080461424349
ex01_laughing_00319,ex01::THEN THERE'S MIRACLE OF THIRTY FOURTH STREET BUT ONLY WATCH THE ORIGINAL,laughing,intent_3408_last,46,8.32512260735755
ex01_laughing_00319,ex01::THEN THERE'S MIRACLE OF THIRTY FOURTH STREET BUT ONLY WATCH THE ORIGINAL,laughing,speaker_count_3408_last,19,3.542605364833
ex01_laughing_00319,ex01::THEN THERE'S MIRACLE OF THIRTY FOURTH STREET BUT ONLY WATCH THE ORIGINAL,laughing,emotion_3407,39,7.085210729666
ex01_laughing_00319,ex01::THEN THERE'S MIRACLE OF THIRTY FOURTH STREET BUT ONLY WATCH THE ORIGINAL,laughing,emotion_3409,37,6.730950193182699
ex01_laughing_00319,ex01::THEN THERE'S MIRACLE OF THIRTY FOURTH STREET BUT ONLY WATCH THE ORIGINAL,laughing,intent_3408,65,11.6905977039489
ex01_laughing_00319,ex01::THEN THERE'S MIRACLE OF THIRTY FOURTH STREET BUT ONLY WATCH THE ORIGINAL,laughing,speaker_count_3408,59,10.627816094498998
ex01_laughing_00328,ex01::ANTI AGING CREAMS CAN BRING ON BREAKOUTS,laughing,asr_3408,37,11.186958361699388
ex01_laughing_00328,ex01::ANTI AGING CREAMS CAN BRING ON BREAKOUTS,laughing,emotion_3408,20,6.182266463044399
ex01_laughing_00328,ex01::ANTI AGING CREAMS CAN BRING ON BREAKOUTS,laughing,intent_3408_last,26,7.948628309628512
ex01_laughing_00328,ex01::ANTI AGING CREAMS CAN BRING ON BREAKOUTS,laughing,speaker_count_3408_last,11,3.532723693168228
ex01_laughing_00328,ex01::ANTI AGING CREAMS CAN BRING ON BREAKOUTS,laughing,emotion_3407,20,6.182266463044399
ex01_laughing_00328,ex01::ANTI AGING CREAMS CAN BRING ON BREAKOUTS,laughing,emotion_3409,17,5.299085539752341
ex01_laughing_00328,ex01::ANTI AGING CREAMS CAN BRING ON BREAKOUTS,laughing,intent_3408,37,11.186958361699388
ex01_laughing_00328,ex01::ANTI AGING CREAMS CAN BRING ON BREAKOUTS,laughing,speaker_count_3408,36,10.892564720602035
ex01_laughing_00333,ex01::WHAT ARE YOU NO GOOD AT,laughing,asr_3408,20,12.955465587044536
ex01_laughing_00333,ex01::WHAT ARE YOU NO GOOD AT,laughing,emotion_3408,5,3.7015615962984385
ex01_laughing_00333,ex01::WHAT ARE YOU NO GOOD AT,laughing,intent_3408_last,10,6.78619625988047
ex01_laughing_00333,ex01::WHAT ARE YOU NO GOOD AT,laughing,speaker_count_3408_last,4,3.0846346635820323
ex01_laughing_00333,ex01::WHAT ARE YOU NO GOOD AT,laughing,emotion_3407,7,4.935415461731251
ex01_laughing_00333,ex01::WHAT ARE YOU NO GOOD AT,laughing,emotion_3409,5,3.7015615962984385
ex01_laughing_00333,ex01::WHAT ARE YOU NO GOOD AT,laughing,intent_3408,20,12.955465587044536
ex01_laughing_00333,ex01::WHAT ARE YOU NO GOOD AT,laughing,speaker_count_3408,20,12.955465587044536
ex01_laughing_00370,ex01::AT LEAST I DO,laughing,asr_3408,16,8.12255502135157
ex01_laughing_00370,ex01::AT LEAST I DO,laughing,emotion_3408,6,3.3445814793800577
ex01_laughing_00370,ex01::AT LEAST I DO,laughing,intent_3408_last,11,5.733568250365813
ex01_laughing_00370,ex01::AT LEAST I DO,laughing,speaker_count_3408_last,5,2.8667841251829067
ex01_laughing_00370,ex01::AT LEAST I DO,laughing,emotion_3407,7,3.8223788335772086
ex01_laughing_00370,ex01::AT LEAST I DO,laughing,emotion_3409,6,3.3445814793800577
ex01_laughing_00370,ex01::AT LEAST I DO,laughing,intent_3408,16,8.12255502135157
ex01_laughing_00370,ex01::AT LEAST I DO,laughing,speaker_count_3408,16,8.12255502135157
ex01_sad_00028,ex01::HE WROTE GULLIVER'S TRAVEL,sad,asr_3408,22,11.282114170090134
ex01_sad_00028,ex01::HE WROTE GULLIVER'S TRAVEL,sad,emotion_3408,10,5.395793733521368
ex01_sad_00028,ex01::HE WROTE GULLIVER'S TRAVEL,sad,intent_3408_last,14,7.357900545710956
ex01_sad_00028,ex01::HE WROTE GULLIVER'S TRAVEL,sad,speaker_count_3408_last,7,3.9242136243791768
ex01_sad_00028,ex01::HE WROTE GULLIVER'S TRAVEL,sad,emotion_3407,11,5.886320436568766
ex01_sad_00028,ex01::HE WROTE GULLIVER'S TRAVEL,sad,emotion_3409,12,6.376847139616163
ex01_sad_00028,ex01::HE WROTE GULLIVER'S TRAVEL,sad,intent_3408,22,11.282114170090134
ex01_sad_00028,ex01::HE WROTE GULLIVER'S TRAVEL,sad,speaker_count_3408,21,10.791587467042737
ex01_sad_00146,ex01::LYNN'S WORKING ON SAGE'S LYRICS,sad,asr_3408,31,11.107736364819717
ex01_sad_00146,ex01::LYNN'S WORKING ON SAGE'S LYRICS,sad,emotion_3408,18,6.595218466611707
ex01_sad_00146,ex01::LYNN'S WORKING ON SAGE'S LYRICS,sad,intent_3408_last,22,7.983685512214171
ex01_sad_00146,ex01::LYNN'S WORKING ON SAGE'S LYRICS,sad,speaker_count_3408_last,9,3.4711676140061614
ex01_sad_00146,ex01::LYNN'S WORKING ON SAGE'S LYRICS,sad,emotion_3407,20,7.289451989412939
ex01_sad_00146,ex01::LYNN'S WORKING ON SAGE'S LYRICS,sad,emotion_3409,18,6.595218466611707
ex01_sad_00146,ex01::LYNN'S WORKING ON SAGE'S LYRICS,sad,intent_3408,31,11.107736364819717
ex01_sad_00146,ex01::LYNN'S WORKING ON SAGE'S LYRICS,sad,speaker_count_3408,29,10.413502842018485
ex01_sad_00156,ex01::WHAT DID THE DEVIL DO NOW,sad,asr_3408,20,10.193865477382362
ex01_sad_00156,ex01::WHAT DID THE DEVIL DO NOW,sad,emotion_3408,10,5.339643821485999
ex01_sad_00156,ex01::WHAT DID THE DEVIL DO NOW,sad,intent_3408_last,13,6.795910318254908
ex01_sad_00156,ex01::WHAT DID THE DEVIL DO NOW,sad,speaker_count_3408_last,8,4.368799490306726
ex01_sad_00156,ex01::WHAT DID THE DEVIL DO NOW,sad,emotion_3407,13,6.795910318254908
ex01_sad_00156,ex01::WHAT DID THE DEVIL DO NOW,sad,emotion_3409,10,5.339643821485999
ex01_sad_00156,ex01::WHAT DID THE DEVIL DO NOW,sad,intent_3408,20,10.193865477382362
ex01_sad_00156,ex01::WHAT DID THE DEVIL DO NOW,sad,speaker_count_3408,19,9.708443311792726
ex01_sad_00163,ex01::OUT OF NOWHERE YOU GET BLINDSIDED,sad,asr_3408,27,10.424665503199535
ex01_sad_00163,ex01::OUT OF NOWHERE YOU GET BLINDSIDED,sad,emotion_3408,11,4.467713787085515
ex01_sad_00163,ex01::OUT OF NOWHERE YOU GET BLINDSIDED,sad,intent_3408_last,18,7.0738801628853984
ex01_sad_00163,ex01::OUT OF NOWHERE YOU GET BLINDSIDED,sad,speaker_count_3408_last,8,3.350785340314136
ex01_sad_00163,ex01::OUT OF NOWHERE YOU GET BLINDSIDED,sad,emotion_3407,15,5.95695171611402
ex01_sad_00163,ex01::OUT OF NOWHERE YOU GET BLINDSIDED,sad,emotion_3409,12,4.840023269342641
ex01_sad_00163,ex01::OUT OF NOWHERE YOU GET BLINDSIDED,sad,intent_3408,27,10.424665503199535
ex01_sad_00163,ex01::OUT OF NOWHERE YOU GET BLINDSIDED,sad,speaker_count_3408,26,10.052356020942408
ex01_sad_00168,ex01::YOU KNOW WHAT,sad,asr_3408,10,9.420328641010544
ex01_sad_00168,ex01::YOU KNOW WHAT,sad,emotion_3408,4,4.2819675640957024
ex01_sad_00168,ex01::YOU KNOW WHAT,sad,intent_3408_last,5,5.138361076914842
ex01_sad_00168,ex01::YOU KNOW WHAT,sad,speaker_count_3408_last,3,3.425574051276562
ex01_sad_00168,ex01::YOU KNOW WHAT,sad,emotion_3407,4,4.2819675640957024
ex01_sad_00168,ex01::YOU KNOW WHAT,sad,emotion_3409,4,4.2819675640957024
ex01_sad_00168,ex01::YOU KNOW WHAT,sad,intent_3408,10,9.420328641010544
ex01_sad_00168,ex01::YOU KNOW WHAT,sad,speaker_count_3408,9,8.563935128191405
ex01_sad_00255,ex01::MARIAN,sad,asr_3408,6,6.265383754754978
ex01_sad_00255,ex01::MARIAN,sad,emotion_3408,1,1.790109644215708
ex01_sad_00255,ex01::MARIAN,sad,intent_3408_last,5,5.370328932647125
ex01_sad_00255,ex01::MARIAN,sad,speaker_count_3408_last,0,0.895054822107854
ex01_sad_00255,ex01::MARIAN,sad,emotion_3407,3,3.580219288431416
ex01_sad_00255,ex01::MARIAN,sad,emotion_3409,2,2.6851644663235623
ex01_sad_00255,ex01::MARIAN,sad,intent_3408,6,6.265383754754978
ex01_sad_00255,ex01::MARIAN,sad,speaker_count_3408,6,6.265383754754978
ex01_sad_00264,ex01::FOR THE FRESH FACE CONTEST,sad,asr_3408,21,9.558983271779274
ex01_sad_00264,ex01::FOR THE FRESH FACE CONTEST,sad,emotion_3408,11,5.213990875515968
ex01_sad_00264,ex01::FOR THE FRESH FACE CONTEST,sad,intent_3408_last,14,6.51748859439496
ex01_sad_00264,ex01::FOR THE FRESH FACE CONTEST,sad,speaker_count_3408_last,7,3.4759939170106455
ex01_sad_00264,ex01::FOR THE FRESH FACE CONTEST,sad,emotion_3407,11,5.213990875515968
ex01_sad_00264,ex01::FOR THE FRESH FACE CONTEST,sad,emotion_3409,10,4.779491635889637
ex01_sad_00264,ex01::FOR THE FRESH FACE CONTEST,sad,intent_3408,21,9.558983271779274
ex01_sad_00264,ex01::FOR THE FRESH FACE CONTEST,sad,speaker_count_3408,21,9.558983271779274
ex01_sad_00279,ex01::AND DEPRIVE MYSELF OF THE PLEASURE OF WATCHING YOU SQUIRM,sad,asr_3408,43,12.076714584691393
ex01_sad_00279,ex01::AND DEPRIVE MYSELF OF THE PLEASURE OF WATCHING YOU SQUIRM,sad,emotion_3408,21,6.0383572923456965
ex01_sad_00279,ex01::AND DEPRIVE MYSELF OF THE PLEASURE OF WATCHING YOU SQUIRM,sad,intent_3408_last,28,7.959652794455691
ex01_sad_00279,ex01::AND DEPRIVE MYSELF OF THE PLEASURE OF WATCHING YOU SQUIRM,sad,speaker_count_3408_last,13,3.8425910042199884
ex01_sad_00279,ex01::AND DEPRIVE MYSELF OF THE PLEASURE OF WATCHING YOU SQUIRM,sad,emotion_3407,25,7.13624043640855
ex01_sad_00279,ex01::AND DEPRIVE MYSELF OF THE PLEASURE OF WATCHING YOU SQUIRM,sad,emotion_3409,22,6.3128280783614095
ex01_sad_00279,ex01::AND DEPRIVE MYSELF OF THE PLEASURE OF WATCHING YOU SQUIRM,sad,intent_3408,43,12.076714584691393
ex01_sad_00279,ex01::AND DEPRIVE MYSELF OF THE PLEASURE OF WATCHING YOU SQUIRM,sad,speaker_count_3408,40,11.253302226644252
ex01_sad_00284,ex01::WHERE'D MY POPS GO,sad,asr_3408,13,8.215058495617413
ex01_sad_00284,ex01::WHERE'D MY POPS GO,sad,emotion_3408,6,4.107529247808706
ex01_sad_00284,ex01::WHERE'D MY POPS GO,sad,intent_3408_last,10,6.454688817985111
ex01_sad_00284,ex01::WHERE'D MY POPS GO,sad,speaker_count_3408_last,4,2.9339494627205047
ex01_sad_00284,ex01::WHERE'D MY POPS GO,sad,emotion_3407,7,4.694319140352808
ex01_sad_00284,ex01::WHERE'D MY POPS GO,sad,emotion_3409,6,4.107529247808706
ex01_sad_00284,ex01::WHERE'D MY POPS GO,sad,intent_3408,13,8.215058495617413
ex01_sad_00284,ex01::WHERE'D MY POPS GO,sad,speaker_count_3408,12,7.6282686030733124
ex01_sad_00299,ex01::ARE ANNA FARIS AND CHRIS PRATT SEPARATING,sad,asr_3408,33,11.191112939724336
ex01_sad_00299,ex01::ARE ANNA FARIS AND CHRIS PRATT SEPARATING,sad,emotion_3408,15,5.266406089282041
ex01_sad_00299,ex01::ARE ANNA FARIS AND CHRIS PRATT SEPARATING,sad,intent_3408_last,21,7.2413083727628065
ex01_sad_00299,ex01::ARE ANNA FARIS AND CHRIS PRATT SEPARATING,sad,speaker_count_3408_last,11,3.9498045669615305
ex01_sad_00299,ex01::ARE ANNA FARIS AND CHRIS PRATT SEPARATING,sad,emotion_3407,17,5.924706850442296
ex01_sad_00299,ex01::ARE ANNA FARIS AND CHRIS PRATT SEPARATING,sad,emotion_3409,16,5.595556469862168
ex01_sad_00299,ex01::ARE ANNA FARIS AND CHRIS PRATT SEPARATING,sad,intent_3408,33,11.191112939724336
ex01_sad_00299,ex01::ARE ANNA FARIS AND CHRIS PRATT SEPARATING,sad,speaker_count_3408,33,11.191112939724336
ex01_sad_00301,ex01::OKAY IS THAT IS THAT GLOVER,sad,asr_3408,23,8.309889634278294
ex01_sad_00301,ex01::OKAY IS THAT IS THAT GLOVER,sad,emotion_3408,8,3.1162086128543605
ex01_sad_00301,ex01::OKAY IS THAT IS THAT GLOVER,sad,intent_3408_last,16,5.886171824280459
ex01_sad_00301,ex01::OKAY IS THAT IS THAT GLOVER,sad,speaker_count_3408_last,6,2.423717809997836
ex01_sad_00301,ex01::OKAY IS THAT IS THAT GLOVER,sad,emotion_3407,13,4.847435619995672
ex01_sad_00301,ex01::OKAY IS THAT IS THAT GLOVER,sad,emotion_3409,9,3.462454014282623
ex01_sad_00301,ex01::OKAY IS THAT IS THAT GLOVER,sad,intent_3408,23,8.309889634278294
ex01_sad_00301,ex01::OKAY IS THAT IS THAT GLOVER,sad,speaker_count_3408,23,8.309889634278294
ex01_sad_00319,ex01::THEN THERE'S MIRACLE OF THIRTY FOURTH STREET BUT ONLY WATCH THE ORIGINAL,sad,asr_3408,55,10.666666666666666
ex01_sad_00319,ex01::THEN THERE'S MIRACLE OF THIRTY FOURTH STREET BUT ONLY WATCH THE ORIGINAL,sad,emotion_3408,28,5.523809523809524
ex01_sad_00319,ex01::THEN THERE'S MIRACLE OF THIRTY FOURTH STREET BUT ONLY WATCH THE ORIGINAL,sad,intent_3408_last,37,7.238095238095238
ex01_sad_00319,ex01::THEN THERE'S MIRACLE OF THIRTY FOURTH STREET BUT ONLY WATCH THE ORIGINAL,sad,speaker_count_3408_last,15,3.0476190476190474
ex01_sad_00319,ex01::THEN THERE'S MIRACLE OF THIRTY FOURTH STREET BUT ONLY WATCH THE ORIGINAL,sad,emotion_3407,30,5.904761904761905
ex01_sad_00319,ex01::THEN THERE'S MIRACLE OF THIRTY FOURTH STREET BUT ONLY WATCH THE ORIGINAL,sad,emotion_3409,29,5.714285714285714
ex01_sad_00319,ex01::THEN THERE'S MIRACLE OF THIRTY FOURTH STREET BUT ONLY WATCH THE ORIGINAL,sad,intent_3408,55,10.666666666666666
ex01_sad_00319,ex01::THEN THERE'S MIRACLE OF THIRTY FOURTH STREET BUT ONLY WATCH THE ORIGINAL,sad,speaker_count_3408,52,10.095238095238095
ex01_sad_00328,ex01::ANTI AGING CREAMS CAN BRING ON BREAKOUTS,sad,asr_3408,35,10.248927955018594
ex01_sad_00328,ex01::ANTI AGING CREAMS CAN BRING ON BREAKOUTS,sad,emotion_3408,20,5.97854130709418
ex01_sad_00328,ex01::ANTI AGING CREAMS CAN BRING ON BREAKOUTS,sad,intent_3408_last,27,7.971388409458906
ex01_sad_00328,ex01::ANTI AGING CREAMS CAN BRING ON BREAKOUTS,sad,speaker_count_3408_last,9,2.8469244319496094
ex01_sad_00328,ex01::ANTI AGING CREAMS CAN BRING ON BREAKOUTS,sad,emotion_3407,18,5.4091564207042575
ex01_sad_00328,ex01::ANTI AGING CREAMS CAN BRING ON BREAKOUTS,sad,emotion_3409,15,4.555079091119375
ex01_sad_00328,ex01::ANTI AGING CREAMS CAN BRING ON BREAKOUTS,sad,intent_3408,35,10.248927955018594
ex01_sad_00328,ex01::ANTI AGING CREAMS CAN BRING ON BREAKOUTS,sad,speaker_count_3408,34,9.964235511823633
ex01_sad_00333,ex01::WHAT ARE YOU NO GOOD AT,sad,asr_3408,17,9.258663923358837
ex01_sad_00333,ex01::WHAT ARE YOU NO GOOD AT,sad,emotion_3408,6,3.6005915257506587
ex01_sad_00333,ex01::WHAT ARE YOU NO GOOD AT,sad,intent_3408_last,12,6.686812833536938
ex01_sad_00333,ex01::WHAT ARE YOU NO GOOD AT,sad,speaker_count_3408_last,6,3.6005915257506587
ex01_sad_00333,ex01::WHAT ARE YOU NO GOOD AT,sad,emotion_3407,8,4.629331961679418
ex01_sad_00333,ex01::WHAT ARE YOU NO GOOD AT,sad,emotion_3409,4,2.5718510898218994
ex01_sad_00333,ex01::WHAT ARE YOU NO GOOD AT,sad,intent_3408,17,9.258663923358837
ex01_sad_00333,ex01::WHAT ARE YOU NO GOOD AT,sad,speaker_count_3408,17,9.258663923358837
ex01_sad_00370,ex01::AT LEAST I DO,sad,asr_3408,14,7.390300230946882
ex01_sad_00370,ex01::AT LEAST I DO,sad,emotion_3408,6,3.448806774441878
ex01_sad_00370,ex01::AT LEAST I DO,sad,intent_3408_last,9,4.926866820631255
ex01_sad_00370,ex01::AT LEAST I DO,sad,speaker_count_3408_last,4,2.4634334103156275
ex01_sad_00370,ex01::AT LEAST I DO,sad,emotion_3407,5,2.956120092378753
ex01_sad_00370,ex01::AT LEAST I DO,sad,emotion_3409,6,3.448806774441878
ex01_sad_00370,ex01::AT LEAST I DO,sad,intent_3408,14,7.390300230946882
ex01_sad_00370,ex01::AT LEAST I DO,sad,speaker_count_3408,12,6.404926866820631
ex01_whisper_00028,ex01::HE WROTE GULLIVER'S TRAVEL,whisper,asr_3408,28,10.520110642542964
ex01_whisper_00028,ex01::HE WROTE GULLIVER'S TRAVEL,whisper,emotion_3408,16,6.166961411145875
ex01_whisper_00028,ex01::HE WROTE GULLIVER'S TRAVEL,whisper,intent_3408_last,18,6.892486283045391
ex01_whisper_00028,ex01::HE WROTE GULLIVER'S TRAVEL,whisper,speaker_count_3408_last,7,2.902099487598059
ex01_whisper_00028,ex01::HE WROTE GULLIVER'S TRAVEL,whisper,emotion_3407,17,6.529723847095633
ex01_whisper_00028,ex01::HE WROTE GULLIVER'S TRAVEL,whisper,emotion_3409,13,5.078674103296604
ex01_whisper_00028,ex01::HE WROTE GULLIVER'S TRAVEL,whisper,intent_3408,28,10.520110642542964
ex01_whisper_00028,ex01::HE WROTE GULLIVER'S TRAVEL,whisper,speaker_count_3408,25,9.431823334693693
ex01_whisper_00146,ex01::LYNN'S WORKING ON SAGE'S LYRICS,whisper,asr_3408,33,10.582422285336342
ex01_whisper_00146,ex01::LYNN'S WORKING ON SAGE'S LYRICS,whisper,emotion_3408,17,5.60245885694277
ex01_whisper_00146,ex01::LYNN'S WORKING ON SAGE'S LYRICS,whisper,intent_3408_last,27,8.714935999688752
ex01_whisper_00146,ex01::LYNN'S WORKING ON SAGE'S LYRICS,whisper,speaker_count_3408_last,8,2.801229428471385
ex01_whisper_00146,ex01::LYNN'S WORKING ON SAGE'S LYRICS,whisper,emotion_3407,20,6.536201999766565
ex01_whisper_00146,ex01::LYNN'S WORKING ON SAGE'S LYRICS,whisper,emotion_3409,18,5.913706571217368
ex01_whisper_00146,ex01::LYNN'S WORKING ON SAGE'S LYRICS,whisper,intent_3408,33,10.582422285336342
ex01_whisper_00146,ex01::LYNN'S WORKING ON SAGE'S LYRICS,whisper,speaker_count_3408,31,9.959926856787146
ex01_whisper_00156,ex01::WHAT DID THE DEVIL DO NOW,whisper,asr_3408,26,8.71582770099869
ex01_whisper_00156,ex01::WHAT DID THE DEVIL DO NOW,whisper,emotion_3408,15,5.164934933925149
ex01_whisper_00156,ex01::WHAT DID THE DEVIL DO NOW,whisper,intent_3408_last,19,6.456168667406437
ex01_whisper_00156,ex01::WHAT DID THE DEVIL DO NOW,whisper,speaker_count_3408_last,8,2.9052759003328963
ex01_whisper_00156,ex01::WHAT DID THE DEVIL DO NOW,whisper,emotion_3407,17,5.810551800665793
ex01_whisper_00156,ex01::WHAT DID THE DEVIL DO NOW,whisper,emotion_3409,14,4.842126500554827
ex01_whisper_00156,ex01::WHAT DID THE DEVIL DO NOW,whisper,intent_3408,26,8.71582770099869
ex01_whisper_00156,ex01::WHAT DID THE DEVIL DO NOW,whisper,speaker_count_3408,24,8.070210834258045
ex01_whisper_00163,ex01::OUT OF NOWHERE YOU GET BLINDSIDED,whisper,asr_3408,30,10.478282913638669
ex01_whisper_00163,ex01::OUT OF NOWHERE YOU GET BLINDSIDED,whisper,emotion_3408,14,5.07013689369613
ex01_whisper_00163,ex01::OUT OF NOWHERE YOU GET BLINDSIDED,whisper,intent_3408_last,21,7.43620077742099
ex01_whisper_00163,ex01::OUT OF NOWHERE YOU GET BLINDSIDED,whisper,speaker_count_3408_last,6,2.3660638837248604
ex01_whisper_00163,ex01::OUT OF NOWHERE YOU GET BLINDSIDED,whisper,emotion_3407,16,5.746155146188947
ex01_whisper_00163,ex01::OUT OF NOWHERE YOU GET BLINDSIDED,whisper,emotion_3409,14,5.07013689369613
ex01_whisper_00163,ex01::OUT OF NOWHERE YOU GET BLINDSIDED,whisper,intent_3408,30,10.478282913638669
ex01_whisper_00163,ex01::OUT OF NOWHERE YOU GET BLINDSIDED,whisper,speaker_count_3408,29,10.14027378739226
ex01_whisper_00168,ex01::YOU KNOW WHAT,whisper,asr_3408,11,8.008676065737882
ex01_whisper_00168,ex01::YOU KNOW WHAT,whisper,emotion_3408,4,3.3369483607241177
ex01_whisper_00168,ex01::YOU KNOW WHAT,whisper,intent_3408_last,8,6.006507049303412
ex01_whisper_00168,ex01::YOU KNOW WHAT,whisper,speaker_count_3408_last,3,2.6695586885792943
ex01_whisper_00168,ex01::YOU KNOW WHAT,whisper,emotion_3407,5,4.004338032868941
ex01_whisper_00168,ex01::YOU KNOW WHAT,whisper,emotion_3409,4,3.3369483607241177
ex01_whisper_00168,ex01::YOU KNOW WHAT,whisper,intent_3408,11,8.008676065737882
ex01_whisper_00168,ex01::YOU KNOW WHAT,whisper,speaker_count_3408,10,7.341286393593059
ex01_whisper_00255,ex01::MARIAN,whisper,asr_3408,7,7.704345732514747
ex01_whisper_00255,ex01::MARIAN,whisper,emotion_3408,2,2.8891296496930297
ex01_whisper_00255,ex01::MARIAN,whisper,intent_3408_last,6,6.7413025159504025
ex01_whisper_00255,ex01::MARIAN,whisper,speaker_count_3408_last,1,1.9260864331286867
ex01_whisper_00255,ex01::MARIAN,whisper,emotion_3407,4,4.815216082821716
ex01_whisper_00255,ex01::MARIAN,whisper,emotion_3409,3,3.8521728662573733
ex01_whisper_00255,ex01::MARIAN,whisper,intent_3408,7,7.704345732514747
ex01_whisper_00255,ex01::MARIAN,whisper,speaker_count_3408,7,7.704345732514747
ex01_whisper_00264,ex01::FOR THE FRESH FACE CONTEST,whisper,asr_3408,22,10.306391082731192
ex01_whisper_00264,ex01::FOR THE FRESH FACE CONTEST,whisper,emotion_3408,12,5.825351481543717
ex01_whisper_00264,ex01::FOR THE FRESH FACE CONTEST,whisper,intent_3408_last,15,7.169663361899961
ex01_whisper_00264,ex01::FOR THE FRESH FACE CONTEST,whisper,speaker_count_3408_last,8,4.032935641068728
ex01_whisper_00264,ex01::FOR THE FRESH FACE CONTEST,whisper,emotion_3407,13,6.273455441662465
ex01_whisper_00264,ex01::FOR THE FRESH FACE CONTEST,whisper,emotion_3409,12,5.825351481543717
ex01_whisper_00264,ex01::FOR THE FRESH FACE CONTEST,whisper,intent_3408,22,10.306391082731192
ex01_whisper_00264,ex01::FOR THE FRESH FACE CONTEST,whisper,speaker_count_3408,21,9.858287122612445
ex01_whisper_00279,ex01::AND DEPRIVE MYSELF OF THE PLEASURE OF WATCHING YOU SQUIRM,whisper,asr_3408,45,11.538582134010598
ex01_whisper_00279,ex01::AND DEPRIVE MYSELF OF THE PLEASURE OF WATCHING YOU SQUIRM,whisper,emotion_3408,22,5.769291067005299
ex01_whisper_00279,ex01::AND DEPRIVE MYSELF OF THE PLEASURE OF WATCHING YOU SQUIRM,whisper,intent_3408_last,34,8.779355971529803
ex01_whisper_00279,ex01::AND DEPRIVE MYSELF OF THE PLEASURE OF WATCHING YOU SQUIRM,whisper,speaker_count_3408_last,12,3.260903646568212
ex01_whisper_00279,ex01::AND DEPRIVE MYSELF OF THE PLEASURE OF WATCHING YOU SQUIRM,whisper,emotion_3407,26,6.772646035180133
ex01_whisper_00279,ex01::AND DEPRIVE MYSELF OF THE PLEASURE OF WATCHING YOU SQUIRM,whisper,emotion_3409,23,6.020129809049007
ex01_whisper_00279,ex01::AND DEPRIVE MYSELF OF THE PLEASURE OF WATCHING YOU SQUIRM,whisper,intent_3408,45,11.538582134010598
ex01_whisper_00279,ex01::AND DEPRIVE MYSELF OF THE PLEASURE OF WATCHING YOU SQUIRM,whisper,speaker_count_3408,43,11.03690464992318
ex01_whisper_00284,ex01::WHERE'D MY POPS GO,whisper,asr_3408,15,9.327066710387292
ex01_whisper_00284,ex01::WHERE'D MY POPS GO,whisper,emotion_3408,6,4.08059168579444
ex01_whisper_00284,ex01::WHERE'D MY POPS GO,whisper,intent_3408_last,11,6.995300032790469
ex01_whisper_00284,ex01::WHERE'D MY POPS GO,whisper,speaker_count_3408_last,4,2.914708346996029
ex01_whisper_00284,ex01::WHERE'D MY POPS GO,whisper,emotion_3407,9,5.829416693992058
ex01_whisper_00284,ex01::WHERE'D MY POPS GO,whisper,emotion_3409,7,4.663533355193646
ex01_whisper_00284,ex01::WHERE'D MY POPS GO,whisper,intent_3408,15,9.327066710387292
ex01_whisper_00284,ex01::WHERE'D MY POPS GO,whisper,speaker_count_3408,14,8.744125040988086
ex01_whisper_00299,ex01::ARE ANNA FARIS AND CHRIS PRATT SEPARATING,whisper,asr_3408,38,11.004708745569017
ex01_whisper_00299,ex01::ARE ANNA FARIS AND CHRIS PRATT SEPARATING,whisper,emotion_3408,21,6.207784420577394
ex01_whisper_00299,ex01::ARE ANNA FARIS AND CHRIS PRATT SEPARATING,whisper,intent_3408_last,27,7.9008165352803195
ex01_whisper_00299,ex01::ARE ANNA FARIS AND CHRIS PRATT SEPARATING,whisper,speaker_count_3408_last,10,3.103892210288697
ex01_whisper_00299,ex01::ARE ANNA FARIS AND CHRIS PRATT SEPARATING,whisper,emotion_3407,21,6.207784420577394
ex01_whisper_00299,ex01::ARE ANNA FARIS AND CHRIS PRATT SEPARATING,whisper,emotion_3409,19,5.643440382343085
ex01_whisper_00299,ex01::ARE ANNA FARIS AND CHRIS PRATT SEPARATING,whisper,intent_3408,38,11.004708745569017
ex01_whisper_00299,ex01::ARE ANNA FARIS AND CHRIS PRATT SEPARATING,whisper,speaker_count_3408,38,11.004708745569017
ex01_whisper_00301,ex01::OKAY IS THAT IS THAT GLOVER,whisper,asr_3408,25,8.836023789294817
ex01_whisper_00301,ex01::OKAY IS THAT IS THAT GLOVER,whisper,emotion_3408,10,3.7383177570093458
ex01_whisper_00301,ex01::OKAY IS THAT IS THAT GLOVER,whisper,intent_3408_last,18,6.457094307561597
ex01_whisper_00301,ex01::OKAY IS THAT IS THAT GLOVER,whisper,speaker_count_3408_last,7,2.7187765505522514
ex01_whisper_00301,ex01::OKAY IS THAT IS THAT GLOVER,whisper,emotion_3407,12,4.4180118946474085
ex01_whisper_00301,ex01::OKAY IS THAT IS THAT GLOVER,whisper,emotion_3409,11,4.078164825828377
ex01_whisper_00301,ex01::OKAY IS THAT IS THAT GLOVER,whisper,intent_3408,25,8.836023789294817
ex01_whisper_00301,ex01::OKAY IS THAT IS THAT GLOVER,whisper,speaker_count_3408,25,8.836023789294817
ex01_whisper_00319,ex01::THEN THERE'S MIRACLE OF THIRTY FOURTH STREET BUT ONLY WATCH THE ORIGINAL,whisper,asr_3408,59,12.646721732600877
ex01_whisper_00319,ex01::THEN THERE'S MIRACLE OF THIRTY FOURTH STREET BUT ONLY WATCH THE ORIGINAL,whisper,emotion_3408,32,6.955696952930482
ex01_whisper_00319,ex01::THEN THERE'S MIRACLE OF THIRTY FOURTH STREET BUT ONLY WATCH THE ORIGINAL,whisper,intent_3408_last,37,8.009590430647222
ex01_whisper_00319,ex01::THEN THERE'S MIRACLE OF THIRTY FOURTH STREET BUT ONLY WATCH THE ORIGINAL,whisper,speaker_count_3408_last,16,3.583237824236915
ex01_whisper_00319,ex01::THEN THERE'S MIRACLE OF THIRTY FOURTH STREET BUT ONLY WATCH THE ORIGINAL,whisper,emotion_3407,33,7.16647564847383
ex01_whisper_00319,ex01::THEN THERE'S MIRACLE OF THIRTY FOURTH STREET BUT ONLY WATCH THE ORIGINAL,whisper,emotion_3409,30,6.534139561843786
ex01_whisper_00319,ex01::THEN THERE'S MIRACLE OF THIRTY FOURTH STREET BUT ONLY WATCH THE ORIGINAL,whisper,intent_3408,59,12.646721732600877
ex01_whisper_00319,ex01::THEN THERE'S MIRACLE OF THIRTY FOURTH STREET BUT ONLY WATCH THE ORIGINAL,whisper,speaker_count_3408,56,12.014385645970833
ex01_whisper_00328,ex01::ANTI AGING CREAMS CAN BRING ON BREAKOUTS,whisper,asr_3408,36,8.645617314601163
ex01_whisper_00328,ex01::ANTI AGING CREAMS CAN BRING ON BREAKOUTS,whisper,emotion_3408,20,4.906971989368227
ex01_whisper_00328,ex01::ANTI AGING CREAMS CAN BRING ON BREAKOUTS,whisper,intent_3408_last,29,7.009959984811753
ex01_whisper_00328,ex01::ANTI AGING CREAMS CAN BRING ON BREAKOUTS,whisper,speaker_count_3408_last,12,3.0376493267517595
ex01_whisper_00328,ex01::ANTI AGING CREAMS CAN BRING ON BREAKOUTS,whisper,emotion_3407,19,4.673306656541168
ex01_whisper_00328,ex01::ANTI AGING CREAMS CAN BRING ON BREAKOUTS,whisper,emotion_3409,16,3.9723106580599934
ex01_whisper_00328,ex01::ANTI AGING CREAMS CAN BRING ON BREAKOUTS,whisper,intent_3408,36,8.645617314601163
ex01_whisper_00328,ex01::ANTI AGING CREAMS CAN BRING ON BREAKOUTS,whisper,speaker_count_3408,35,8.411951981774104
ex01_whisper_00333,ex01::WHAT ARE YOU NO GOOD AT,whisper,asr_3408,18,11.377245508982037
ex01_whisper_00333,ex01::WHAT ARE YOU NO GOOD AT,whisper,emotion_3408,6,4.1916167664670665
ex01_whisper_00333,ex01::WHAT ARE YOU NO GOOD AT,whisper,intent_3408_last,13,8.383233532934133
ex01_whisper_00333,ex01::WHAT ARE YOU NO GOOD AT,whisper,speaker_count_3408_last,5,3.5928143712574854
ex01_whisper_00333,ex01::WHAT ARE YOU NO GOOD AT,whisper,emotion_3407,9,5.9880239520958085
ex01_whisper_00333,ex01::WHAT ARE YOU NO GOOD AT,whisper,emotion_3409,7,4.790419161676647
ex01_whisper_00333,ex01::WHAT ARE YOU NO GOOD AT,whisper,intent_3408,18,11.377245508982037
ex01_whisper_00333,ex01::WHAT ARE YOU NO GOOD AT,whisper,speaker_count_3408,17,10.778443113772456
ex01_whisper_00370,ex01::AT LEAST I DO,whisper,asr_3408,11,6.041725667893893
ex01_whisper_00370,ex01::AT LEAST I DO,whisper,emotion_3408,6,3.5243399729381037
ex01_whisper_00370,ex01::AT LEAST I DO,whisper,intent_3408_last,9,5.034771389911577
ex01_whisper_00370,ex01::AT LEAST I DO,whisper,speaker_count_3408_last,3,2.0139085559646306
ex01_whisper_00370,ex01::AT LEAST I DO,whisper,emotion_3407,7,4.027817111929261
ex01_whisper_00370,ex01::AT LEAST I DO,whisper,emotion_3409,6,3.5243399729381037
ex01_whisper_00370,ex01::AT LEAST I DO,whisper,intent_3408,11,6.041725667893893
ex01_whisper_00370,ex01::AT LEAST I DO,whisper,speaker_count_3408,11,6.041725667893893
ex02_confused_00028,ex02::WHAT DO YA THINK YOU'RE DOING,confused,asr_3408,20,8.95761130365236
ex02_confused_00028,ex02::WHAT DO YA THINK YOU'RE DOING,confused,emotion_3408,7,3.4124233537723274
ex02_confused_00028,ex02::WHAT DO YA THINK YOU'RE DOING,confused,intent_3408_last,14,6.398293788323114
ex02_confused_00028,ex02::WHAT DO YA THINK YOU'RE DOING,confused,speaker_count_3408_last,4,2.132764596107705
ex02_confused_00028,ex02::WHAT DO YA THINK YOU'RE DOING,confused,emotion_3407,10,4.69208211143695
ex02_confused_00028,ex02::WHAT DO YA THINK YOU'RE DOING,confused,emotion_3409,9,4.26552919221541
ex02_confused_00028,ex02::WHAT DO YA THINK YOU'RE DOING,confused,intent_3408,20,8.95761130365236
ex02_confused_00028,ex02::WHAT DO YA THINK YOU'RE DOING,confused,speaker_count_3408,17,7.677952545987737
ex02_confused_00030,ex02::BUT WE ALL HAVE TO LOOK AT OURSELVES,confused,asr_3408,28,7.7223932761920615
ex02_confused_00030,ex02::BUT WE ALL HAVE TO LOOK AT OURSELVES,confused,emotion_3408,17,4.793209619705418
ex02_confused_00030,ex02::BUT WE ALL HAVE TO LOOK AT OURSELVES,confused,intent_3408_last,21,5.858367312973288
ex02_confused_00030,ex02::BUT WE ALL HAVE TO LOOK AT OURSELVES,confused,speaker_count_3408_last,7,2.130315386535741
ex02_confused_00030,ex02::BUT WE ALL HAVE TO LOOK AT OURSELVES,confused,emotion_3407,18,5.0594990430223845
ex02_confused_00030,ex02::BUT WE ALL HAVE TO LOOK AT OURSELVES,confused,emotion_3409,16,4.52692019638845
ex02_confused_00030,ex02::BUT WE ALL HAVE TO LOOK AT OURSELVES,confused,intent_3408,28,7.7223932761920615
ex02_confused_00030,ex02::BUT WE ALL HAVE TO LOOK AT OURSELVES,confused,speaker_count_3408,26,7.189814429558126
ex02_confused_00058,ex02::SHE'S ALWAYS HIGH AS A KITE,confused,asr_3408,28,9.601258095888427
ex02_confused_00058,ex02::SHE'S ALWAYS HIGH AS A KITE,confused,emotion_3408,13,4.635090115256482
ex02_confused_00058,ex02::SHE'S ALWAYS HIGH AS A KITE,confused,intent_3408_last,19,6.62155730750926
ex02_confused_00058,ex02::SHE'S ALWAYS HIGH AS A KITE,confused,speaker_count_3408_last,5,1.9864671922527781
ex02_confused_00058,ex02::SHE'S ALWAYS HIGH AS A KITE,confused,emotion_3407,15,5.297245846007408
ex02_confused_00058,ex02::SHE'S ALWAYS HIGH AS A KITE,confused,emotion_3409,13,4.635090115256482
ex02_confused_00058,ex02::SHE'S ALWAYS HIGH AS A KITE,confused,intent_3408,28,9.601258095888427
ex02_confused_00058,ex02::SHE'S ALWAYS HIGH AS A KITE,confused,speaker_count_3408,25,8.608024499762038
ex02_confused_00073,ex02::DELETED THE FIRST SECOND OR THIRD ONE,confused,asr_3408,37,9.056918562214179
ex02_confused_00073,ex02::DELETED THE FIRST SECOND OR THIRD ONE,confused,emotion_3408,17,4.2901193189435585
ex02_confused_00073,ex02::DELETED THE FIRST SECOND OR THIRD ONE,confused,intent_3408_last,24,5.958499054088275
ex02_confused_00073,ex02::DELETED THE FIRST SECOND OR THIRD ONE,confused,speaker_count_3408_last,8,2.1450596594717792
ex02_confused_00073,ex02::DELETED THE FIRST SECOND OR THIRD ONE,confused,emotion_3407,18,4.528459281107089
ex02_confused_00073,ex02::DELETED THE FIRST SECOND OR THIRD ONE,confused,emotion_3409,14,3.5750994324529652
ex02_confused_00073,ex02::DELETED THE FIRST SECOND OR THIRD ONE,confused,intent_3408,37,9.056918562214179
ex02_confused_00073,ex02::DELETED THE FIRST SECOND OR THIRD ONE,confused,speaker_count_3408,35,8.580238637887117
ex02_confused_00089,ex02::COMPARING AND CONTRASTING THE VARIOUS OFFENDER TYPES IS ILLUMINATING,confused,asr_3408,62,10.256827709715495
ex02_confused_00089,ex02::COMPARING AND CONTRASTING THE VARIOUS OFFENDER TYPES IS ILLUMINATING,confused,emotion_3408,30,5.047010460336196
ex02_confused_00089,ex02::COMPARING AND CONTRASTING THE VARIOUS OFFENDER TYPES IS ILLUMINATING,confused,intent_3408_last,40,6.675078350767227
ex02_confused_00089,ex02::COMPARING AND CONTRASTING THE VARIOUS OFFENDER TYPES IS ILLUMINATING,confused,speaker_count_3408_last,18,3.093328991818959
ex02_confused_00089,ex02::COMPARING AND CONTRASTING THE VARIOUS OFFENDER TYPES IS ILLUMINATING,confused,emotion_3407,31,5.2098172493793
ex02_confused_00089,ex02::COMPARING AND CONTRASTING THE VARIOUS OFFENDER TYPES IS ILLUMINATING,confused,emotion_3409,27,4.558590093206887
ex02_confused_00089,ex02::COMPARING AND CONTRASTING THE VARIOUS OFFENDER TYPES IS ILLUMINATING,confused,intent_3408,62,10.256827709715495
ex02_confused_00089,ex02::COMPARING AND CONTRASTING THE VARIOUS OFFENDER TYPES IS ILLUMINATING,confused,speaker_count_3408,60,9.93121413162929
ex02_confused_00096,ex02::WHAT'S WITH THE LOOK,confused,asr_3408,15,8.370389746272561
ex02_confused_00096,ex02::WHAT'S WITH THE LOOK,confused,emotion_3408,7,4.185194873136281
ex02_confused_00096,ex02::WHAT'S WITH THE LOOK,confused,intent_3408_last,11,6.277792309704421
ex02_confused_00096,ex02::WHAT'S WITH THE LOOK,confused,speaker_count_3408_last,4,2.615746795710175
ex02_confused_00096,ex02::WHAT'S WITH THE LOOK,confused,emotion_3407,9,5.23149359142035
ex02_confused_00096,ex02::WHAT'S WITH THE LOOK,confused,emotion_3409,6,3.6620455139942454
ex02_confused_00096,ex02::WHAT'S WITH THE LOOK,confused,intent_3408,15,8.370389746272561
ex02_confused_00096,ex02::WHAT'S WITH THE LOOK,confused,speaker_count_3408,15,8.370389746272561
ex02_confused_00099,ex02::HE SAID OH BRIAN I KNOW YOU THINK YOU'RE SMART BUT IT'S DAVE BANNER,confused,asr_3408,61,7.64293914155617
ex02_confused_00099,ex02::HE SAID OH BRIAN I KNOW YOU THINK YOU'RE SMART BUT IT'S DAVE BANNER,confused,emotion_3408,27,3.4516499348963348
ex02_confused_00099,ex02::HE SAID OH BRIAN I KNOW YOU THINK YOU'RE SMART BUT IT'S DAVE BANNER,confused,intent_3408_last,43,5.424021326265669
ex02_confused_00099,ex02::HE SAID OH BRIAN I KNOW YOU THINK YOU'RE SMART BUT IT'S DAVE BANNER,confused,speaker_count_3408_last,17,2.218917815290501
ex02_confused_00099,ex02::HE SAID OH BRIAN I KNOW YOU THINK YOU'RE SMART BUT IT'S DAVE BANNER,confused,emotion_3407,28,3.5749231468569183
ex02_confused_00099,ex02::HE SAID OH BRIAN I KNOW YOU THINK YOU'RE SMART BUT IT'S DAVE BANNER,confused,emotion_3409,22,2.8352838750934177
ex02_confused_00099,ex02::HE SAID OH BRIAN I KNOW YOU THINK YOU'RE SMART BUT IT'S DAVE BANNER,confused,intent_3408,61,7.64293914155617
ex02_confused_00099,ex02::HE SAID OH BRIAN I KNOW YOU THINK YOU'RE SMART BUT IT'S DAVE BANNER,confused,speaker_count_3408,58,7.27311950567442
ex02_confused_00128,ex02::YOU TRASH HOTEL ROOMS IN YOUR SLEEP,confused,asr_3408,32,8.326631026162653
ex02_confused_00128,ex02::YOU TRASH HOTEL ROOMS IN YOUR SLEEP,confused,emotion_3408,18,4.7941208938512245
ex02_confused_00128,ex02::YOU TRASH HOTEL ROOMS IN YOUR SLEEP,confused,intent_3408_last,24,6.30805380769898
ex02_confused_00128,ex02::YOU TRASH HOTEL ROOMS IN YOUR SLEEP,confused,speaker_count_3408_last,7,2.0185772184636734
ex02_confused_00128,ex02::YOU TRASH HOTEL ROOMS IN YOUR SLEEP,confused,emotion_3407,18,4.7941208938512245
ex02_confused_00128,ex02::YOU TRASH HOTEL ROOMS IN YOUR SLEEP,confused,emotion_3409,17,4.541798741543265
ex02_confused_00128,ex02::YOU TRASH HOTEL ROOMS IN YOUR SLEEP,confused,intent_3408,32,8.326631026162653
ex02_confused_00128,ex02::YOU TRASH HOTEL ROOMS IN YOUR SLEEP,confused,speaker_count_3408,29,7.569664569238776
ex02_confused_00150,ex02::HOW DO YOU SAY WELCOME IN JAPANESE,confused,asr_3408,31,9.04785466883438
ex02_confused_00150,ex02::HOW DO YOU SAY WELCOME IN JAPANESE,confused,emotion_3408,17,5.08941825121934
ex02_confused_00150,ex02::HOW DO YOU SAY WELCOME IN JAPANESE,confused,intent_3408_last,23,6.785891001625786
ex02_confused_00150,ex02::HOW DO YOU SAY WELCOME IN JAPANESE,confused,speaker_count_3408_last,10,3.110200042411819
ex02_confused_00150,ex02::HOW DO YOU SAY WELCOME IN JAPANESE,confused,emotion_3407,18,5.3721637096204145
ex02_confused_00150,ex02::HOW DO YOU SAY WELCOME IN JAPANESE,confused,emotion_3409,14,4.241181876016117
ex02_confused_00150,ex02::HOW DO YOU SAY WELCOME IN JAPANESE,confused,intent_3408,31,9.04785466883438
ex02_confused_00150,ex02::HOW DO YOU SAY WELCOME IN JAPANESE,confused,speaker_count_3408,29,8.482363752032233
ex02_confused_00157,ex02::WEDDING MUSIC STOPS,confused,asr_3408,19,7.572709846889273
ex02_confused_00157,ex02::WEDDING MUSIC STOPS,confused,emotion_3408,10,4.1649904157891005
ex02_confused_00157,ex02::WEDDING MUSIC STOPS,confused,intent_3408_last,15,6.058167877511418
ex02_confused_00157,ex02::WEDDING MUSIC STOPS,confused,speaker_count_3408_last,5,2.2718129540667817
ex02_confused_00157,ex02::WEDDING MUSIC STOPS,confused,emotion_3407,12,4.922261400478027
ex02_confused_00157,ex02::WEDDING MUSIC STOPS,confused,emotion_3409,10,4.1649904157891005
ex02_confused_00157,ex02::WEDDING MUSIC STOPS,confused,intent_3408,19,7.572709846889273
ex02_confused_00157,ex02::WEDDING MUSIC STOPS,confused,speaker_count_3408,18,7.194074354544809
ex02_confused_00233,ex02::DID SHE JUMP IN A CAB,confused,asr_3408,21,10.356901168093682
ex02_confused_00233,ex02::DID SHE JUMP IN A CAB,confused,emotion_3408,10,5.178450584046841
ex02_confused_00233,ex02::DID SHE JUMP IN A CAB,confused,intent_3408_last,13,6.590755288786888
ex02_confused_00233,ex02::DID SHE JUMP IN A CAB,confused,speaker_count_3408_last,4,2.353841174566746
ex02_confused_00233,ex02::DID SHE JUMP IN A CAB,confused,emotion_3407,11,5.649218818960191
ex02_confused_00233,ex02::DID SHE JUMP IN A CAB,confused,emotion_3409,9,4.707682349133492
ex02_confused_00233,ex02::DID SHE JUMP IN A CAB,confused,intent_3408,21,10.356901168093682
ex02_confused_00233,ex02::DID SHE JUMP IN A CAB,confused,speaker_count_3408,18,8.944596463353635
ex02_confused_00261,ex02::YACHT CLUB IN HALF AN HOUR,confused,asr_3408,19,9.925558312655086
ex02_confused_00261,ex02::YACHT CLUB IN HALF AN HOUR,confused,emotion_3408,9,4.962779156327543
ex02_confused_00261,ex02::YACHT CLUB IN HALF AN HOUR,confused,intent_3408_last,14,7.444168734491314
ex02_confused_00261,ex02::YACHT CLUB IN HALF AN HOUR,confused,speaker_count_3408_last,6,3.4739454094292803
ex02_confused_00261,ex02::YACHT CLUB IN HALF AN HOUR,confused,emotion_3407,11,5.9553349875930515
ex02_confused_00261,ex02::YACHT CLUB IN HALF AN HOUR,confused,emotion_3409,10,5.459057071960298
ex02_confused_00261,ex02::YACHT CLUB IN HALF AN HOUR,confused,intent_3408,19,9.925558312655086
ex02_confused_00261,ex02::YACHT CLUB IN HALF AN HOUR,confused,speaker_count_3408,19,9.925558312655086
ex02_confused_00326,ex02::KAYDA WAS HER NEUROSURGEON BUT NOW IT SEEMS LIKE JAKE'S MAKING ALL THE DECISIONS,confused,asr_3408,65,10.11029411764706
ex02_confused_00326,ex02::KAYDA WAS HER NEUROSURGEON BUT NOW IT SEEMS LIKE JAKE'S MAKING ALL THE DECISIONS,confused,emotion_3408,36,5.667892156862745
ex02_confused_00326,ex02::KAYDA WAS HER NEUROSURGEON BUT NOW IT SEEMS LIKE JAKE'S MAKING ALL THE DECISIONS,confused,intent_3408_last,47,7.352941176470589
ex02_confused_00326,ex02::KAYDA WAS HER NEUROSURGEON BUT NOW IT SEEMS LIKE JAKE'S MAKING ALL THE DECISIONS,confused,speaker_count_3408_last,19,3.0637254901960786
ex02_confused_00326,ex02::KAYDA WAS HER NEUROSURGEON BUT NOW IT SEEMS LIKE JAKE'S MAKING ALL THE DECISIONS,confused,emotion_3407,40,6.280637254901961
ex02_confused_00326,ex02::KAYDA WAS HER NEUROSURGEON BUT NOW IT SEEMS LIKE JAKE'S MAKING ALL THE DECISIONS,confused,emotion_3409,35,5.514705882352941
ex02_confused_00326,ex02::KAYDA WAS HER NEUROSURGEON BUT NOW IT SEEMS LIKE JAKE'S MAKING ALL THE DECISIONS,confused,intent_3408,65,10.11029411764706
ex02_confused_00326,ex02::KAYDA WAS HER NEUROSURGEON BUT NOW IT SEEMS LIKE JAKE'S MAKING ALL THE DECISIONS,confused,speaker_count_3408,61,9.497549019607844
ex02_confused_00348,ex02::WHO'S MORE MISERABLE THAN HER,confused,asr_3408,22,9.829584913724023
ex02_confused_00348,ex02::WHO'S MORE MISERABLE THAN HER,confused,emotion_3408,12,5.555852342539665
ex02_confused_00348,ex02::WHO'S MORE MISERABLE THAN HER,confused,intent_3408_last,19,8.547465142368715
ex02_confused_00348,ex02::WHO'S MORE MISERABLE THAN HER,confused,speaker_count_3408_last,5,2.564239542710615
ex02_confused_00348,ex02::WHO'S MORE MISERABLE THAN HER,confused,emotion_3407,13,5.983225599658101
ex02_confused_00348,ex02::WHO'S MORE MISERABLE THAN HER,confused,emotion_3409,12,5.555852342539665
ex02_confused_00348,ex02::WHO'S MORE MISERABLE THAN HER,confused,intent_3408,22,9.829584913724023
ex02_confused_00348,ex02::WHO'S MORE MISERABLE THAN HER,confused,speaker_count_3408,22,9.829584913724023
ex02_confused_00355,ex02::GIVEN THE CIRCUMSTANCES ISN'T THIS A LITTLE UNORTHODOX,confused,asr_3408,52,10.889385417469246
ex02_confused_00355,ex02::GIVEN THE CIRCUMSTANCES ISN'T THIS A LITTLE UNORTHODOX,confused,emotion_3408,26,5.547422759842823
ex02_confused_00355,ex02::GIVEN THE CIRCUMSTANCES ISN'T THIS A LITTLE UNORTHODOX,confused,intent_3408_last,31,6.574723270924828
ex02_confused_00355,ex02::GIVEN THE CIRCUMSTANCES ISN'T THIS A LITTLE UNORTHODOX,confused,speaker_count_3408_last,16,3.4928217376788147
ex02_confused_00355,ex02::GIVEN THE CIRCUMSTANCES ISN'T THIS A LITTLE UNORTHODOX,confused,emotion_3407,26,5.547422759842823
ex02_confused_00355,ex02::GIVEN THE CIRCUMSTANCES ISN'T THIS A LITTLE UNORTHODOX,confused,emotion_3409,23,4.931042453193621
ex02_confused_00355,ex02::GIVEN THE CIRCUMSTANCES ISN'T THIS A LITTLE UNORTHODOX,confused,intent_3408,52,10.889385417469246
ex02_confused_00355,ex02::GIVEN THE CIRCUMSTANCES ISN'T THIS A LITTLE UNORTHODOX,confused,speaker_count_3408,52,10.889385417469246
ex02_default_00028,ex02::WHAT DO YA THINK YOU'RE DOING,default,asr_3408,18,10.597504008924213
ex02_default_00028,ex02::WHAT DO YA THINK YOU'RE DOING,default,emotion_3408,8,5.019870320016733
ex02_default_00028,ex02::WHAT DO YA THINK YOU'RE DOING,default,intent_3408_last,13,7.808687164470474
ex02_default_00028,ex02::WHAT DO YA THINK YOU'RE DOING,default,speaker_count_3408_last,4,2.7888168444537405
ex02_default_00028,ex02::WHAT DO YA THINK YOU'RE DOING,default,emotion_3407,9,5.577633688907481
ex02_default_00028,ex02::WHAT DO YA THINK YOU'RE DOING,default,emotion_3409,8,5.019870320016733
ex02_default_00028,ex02::WHAT DO YA THINK YOU'RE DOING,default,intent_3408,18,10.597504008924213
ex02_default_00028,ex02::WHAT DO YA THINK YOU'RE DOING,default,speaker_count_3408,18,10.597504008924213
ex02_default_00030,ex02::BUT WE ALL HAVE TO LOOK AT OURSELVES,default,asr_3408,25,10.604940474673057
ex02_default_00030,ex02::BUT WE ALL HAVE TO LOOK AT OURSELVES,default,emotion_3408,16,6.933999541132384
ex02_default_00030,ex02::BUT WE ALL HAVE TO LOOK AT OURSELVES,default,intent_3408_last,19,8.157646518979275
ex02_default_00030,ex02::BUT WE ALL HAVE TO LOOK AT OURSELVES,default,speaker_count_3408_last,8,3.670940933540674
ex02_default_00030,ex02::BUT WE ALL HAVE TO LOOK AT OURSELVES,default,emotion_3407,16,6.933999541132384
ex02_default_00030,ex02::BUT WE ALL HAVE TO LOOK AT OURSELVES,default,emotion_3409,14,6.118234889234456
ex02_default_00030,ex02::BUT WE ALL HAVE TO LOOK AT OURSELVES,default,intent_3408,25,10.604940474673057
ex02_default_00030,ex02::BUT WE ALL HAVE TO LOOK AT OURSELVES,default,speaker_count_3408,25,10.604940474673057
ex02_default_00058,ex02::SHE'S ALWAYS HIGH AS A KITE,default,asr_3408,20,12.165978709537258
ex02_default_00058,ex02::SHE'S ALWAYS HIGH AS A KITE,default,emotion_3408,10,6.372655514519517
ex02_default_00058,ex02::SHE'S ALWAYS HIGH AS A KITE,default,intent_3408_last,14,8.689984792526614
ex02_default_00058,ex02::SHE'S ALWAYS HIGH AS A KITE,default,speaker_count_3408_last,5,3.4759939170106455
ex02_default_00058,ex02::SHE'S ALWAYS HIGH AS A KITE,default,emotion_3407,11,6.951987834021291
ex02_default_00058,ex02::SHE'S ALWAYS HIGH AS A KITE,default,emotion_3409,8,5.213990875515968
ex02_default_00058,ex02::SHE'S ALWAYS HIGH AS A KITE,default,intent_3408,20,12.165978709537258
ex02_default_00058,ex02::SHE'S ALWAYS HIGH AS A KITE,default,speaker_count_3408,18,11.007314070533711
ex02_default_00073,ex02::DELETED THE FIRST SECOND OR THIRD ONE,default,asr_3408,28,9.91707275369753
ex02_default_00073,ex02::DELETED THE FIRST SECOND OR THIRD ONE,default,emotion_3408,14,5.12952038984355
ex02_default_00073,ex02::DELETED THE FIRST SECOND OR THIRD ONE,default,intent_3408_last,20,7.18132854578097
ex02_default_00073,ex02::DELETED THE FIRST SECOND OR THIRD ONE,default,speaker_count_3408_last,9,3.4196802598957
ex02_default_00073,ex02::DELETED THE FIRST SECOND OR THIRD ONE,default,emotion_3407,17,6.15542446781226
ex02_default_00073,ex02::DELETED THE FIRST SECOND OR THIRD ONE,default,emotion_3409,14,5.12952038984355
ex02_default_00073,ex02::DELETED THE FIRST SECOND OR THIRD ONE,default,intent_3408,28,9.91707275369753
ex02_default_00073,ex02::DELETED THE FIRST SECOND OR THIRD ONE,default,speaker_count_3408,27,9.57510472770796
ex02_default_00089,ex02::COMPARING AND CONTRASTING THE VARIOUS OFFENDER TYPES IS ILLUMINATING,default,asr_3408,52,12.226243169595872
ex02_default_00089,ex02::COMPARING AND CONTRASTING THE VARIOUS OFFENDER TYPES IS ILLUMINATING,default,emotion_3408,29,6.920515001658041
ex02_default_00089,ex02::COMPARING AND CONTRASTING THE VARIOUS OFFENDER TYPES IS ILLUMINATING,default,intent_3408_last,35,8.304618001989649
ex02_default_00089,ex02::COMPARING AND CONTRASTING THE VARIOUS OFFENDER TYPES IS ILLUMINATING,default,speaker_count_3408_last,15,3.6909413342176216
ex02_default_00089,ex02::COMPARING AND CONTRASTING THE VARIOUS OFFENDER TYPES IS ILLUMINATING,default,emotion_3407,30,7.1511988350466416
ex02_default_00089,ex02::COMPARING AND CONTRASTING THE VARIOUS OFFENDER TYPES IS ILLUMINATING,default,emotion_3409,27,6.4591473348808375
ex02_default_00089,ex02::COMPARING AND CONTRASTING THE VARIOUS OFFENDER TYPES IS ILLUMINATING,default,intent_3408,52,12.226243169595872
ex02_default_00089,ex02::COMPARING AND CONTRASTING THE VARIOUS OFFENDER TYPES IS ILLUMINATING,default,speaker_count_3408,52,12.226243169595872
ex02_default_00096,ex02::WHAT'S WITH THE LOOK,default,asr_3408,12,10.396361273554255
ex02_default_00096,ex02::WHAT'S WITH THE LOOK,default,emotion_3408,5,4.798320587794271
ex02_default_00096,ex02::WHAT'S WITH THE LOOK,default,intent_3408_last,9,7.997200979657119
ex02_default_00096,ex02::WHAT'S WITH THE LOOK,default,speaker_count_3408_last,4,3.9986004898285596
ex02_default_00096,ex02::WHAT'S WITH THE LOOK,default,emotion_3407,8,7.1974808816914075
ex02_default_00096,ex02::WHAT'S WITH THE LOOK,default,emotion_3409,7,6.397760783725696
ex02_default_00096,ex02::WHAT'S WITH THE LOOK,default,intent_3408,12,10.396361273554255
ex02_default_00096,ex02::WHAT'S WITH THE LOOK,default,speaker_count_3408,12,10.396361273554255
ex02_default_00099,ex02::HE SAID OH BRIAN I KNOW YOU THINK YOU'RE SMART BUT IT'S DAVE BANNER,default,asr_3408,51,11.066478678407066
ex02_default_00099,ex02::HE SAID OH BRIAN I KNOW YOU THINK YOU'RE SMART BUT IT'S DAVE BANNER,default,emotion_3408,20,4.469154850895161
ex02_default_00099,ex02::HE SAID OH BRIAN I KNOW YOU THINK YOU'RE SMART BUT IT'S DAVE BANNER,default,intent_3408_last,29,6.38450692985023
ex02_default_00099,ex02::HE SAID OH BRIAN I KNOW YOU THINK YOU'RE SMART BUT IT'S DAVE BANNER,default,speaker_count_3408_last,15,3.4050703625867893
ex02_default_00099,ex02::HE SAID OH BRIAN I KNOW YOU THINK YOU'RE SMART BUT IT'S DAVE BANNER,default,emotion_3407,25,5.533239339203533
ex02_default_00099,ex02::HE SAID OH BRIAN I KNOW YOU THINK YOU'RE SMART BUT IT'S DAVE BANNER,default,emotion_3409,20,4.469154850895161
ex02_default_00099,ex02::HE SAID OH BRIAN I KNOW YOU THINK YOU'RE SMART BUT IT'S DAVE BANNER,default,intent_3408,51,11.066478678407066
ex02_default_00099,ex02::HE SAID OH BRIAN I KNOW YOU THINK YOU'RE SMART BUT IT'S DAVE BANNER,default,speaker_count_3408,48,10.428027985422043
ex02_default_00128,ex02::YOU TRASH HOTEL ROOMS IN YOUR SLEEP,default,asr_3408,28,11.370598181684514
ex02_default_00128,ex02::YOU TRASH HOTEL ROOMS IN YOUR SLEEP,default,emotion_3408,16,6.665523072021957
ex02_default_00128,ex02::YOU TRASH HOTEL ROOMS IN YOUR SLEEP,default,intent_3408_last,17,7.057612664493837
ex02_default_00128,ex02::YOU TRASH HOTEL ROOMS IN YOUR SLEEP,default,speaker_count_3408_last,7,3.1367167397750384
ex02_default_00128,ex02::YOU TRASH HOTEL ROOMS IN YOUR SLEEP,default,emotion_3407,17,7.057612664493837
ex02_default_00128,ex02::YOU TRASH HOTEL ROOMS IN YOUR SLEEP,default,emotion_3409,15,6.273433479550077
ex02_default_00128,ex02::YOU TRASH HOTEL ROOMS IN YOUR SLEEP,default,intent_3408,28,11.370598181684514
ex02_default_00128,ex02::YOU TRASH HOTEL ROOMS IN YOUR SLEEP,default,speaker_count_3408,25,10.194329404268874
ex02_default_00150,ex02::HOW DO YOU SAY WELCOME IN JAPANESE,default,asr_3408,28,12.450359557797574
ex02_default_00150,ex02::HOW DO YOU SAY WELCOME IN JAPANESE,default,emotion_3408,14,6.439841150584952
ex02_default_00150,ex02::HOW DO YOU SAY WELCOME IN JAPANESE,default,intent_3408_last,18,8.157132124074273
ex02_default_00150,ex02::HOW DO YOU SAY WELCOME IN JAPANESE,default,speaker_count_3408_last,8,3.8639046903509713
ex02_default_00150,ex02::HOW DO YOU SAY WELCOME IN JAPANESE,default,emotion_3407,15,6.869163893957282
ex02_default_00150,ex02::HOW DO YOU SAY WELCOME IN JAPANESE,default,emotion_3409,13,6.010518407212622
ex02_default_00150,ex02::HOW DO YOU SAY WELCOME IN JAPANESE,default,intent_3408,28,12.450359557797574
ex02_default_00150,ex02::HOW DO YOU SAY WELCOME IN JAPANESE,default,speaker_count_3408,26,11.591714071052914
ex02_default_00157,ex02::WEDDING MUSIC STOPS,default,asr_3408,15,9.775842975522206
ex02_default_00157,ex02::WEDDING MUSIC STOPS,default,emotion_3408,7,4.887921487761103
ex02_default_00157,ex02::WEDDING MUSIC STOPS,default,intent_3408_last,12,7.942872417611792
ex02_default_00157,ex02::WEDDING MUSIC STOPS,default,speaker_count_3408_last,5,3.665941115820827
ex02_default_00157,ex02::WEDDING MUSIC STOPS,default,emotion_3407,10,6.720892045671516
ex02_default_00157,ex02::WEDDING MUSIC STOPS,default,emotion_3409,6,4.276931301790965
ex02_default_00157,ex02::WEDDING MUSIC STOPS,default,intent_3408,15,9.775842975522206
ex02_default_00157,ex02::WEDDING MUSIC STOPS,default,speaker_count_3408,15,9.775842975522206
ex02_default_00233,ex02::DID SHE JUMP IN A CAB,default,asr_3408,18,11.71122582633485
ex02_default_00233,ex02::DID SHE JUMP IN A CAB,default,emotion_3408,7,4.931042453193621
ex02_default_00233,ex02::DID SHE JUMP IN A CAB,default,intent_3408_last,10,6.780183373141228
ex02_default_00233,ex02::DID SHE JUMP IN A CAB,default,speaker_count_3408_last,6,4.314662146544419
ex02_default_00233,ex02::DID SHE JUMP IN A CAB,default,emotion_3407,9,6.163803066492026
ex02_default_00233,ex02::DID SHE JUMP IN A CAB,default,emotion_3409,7,4.931042453193621
ex02_default_00233,ex02::DID SHE JUMP IN A CAB,default,intent_3408,18,11.71122582633485
ex02_default_00233,ex02::DID SHE JUMP IN A CAB,default,speaker_count_3408,17,11.094845519685647
ex02_default_00261,ex02::YACHT CLUB IN HALF AN HOUR,default,asr_3408,18,10.726130830569474
ex02_default_00261,ex02::YACHT CLUB IN HALF AN HOUR,default,emotion_3408,8,5.080798814480277
ex02_default_00261,ex02::YACHT CLUB IN HALF AN HOUR,default,intent_3408_last,12,7.338931620915956
ex02_default_00261,ex02::YACHT CLUB IN HALF AN HOUR,default,speaker_count_3408_last,6,3.9517324112624377
ex02_default_00261,ex02::YACHT CLUB IN HALF AN HOUR,default,emotion_3407,10,6.209865217698116
ex02_default_00261,ex02::YACHT CLUB IN HALF AN HOUR,default,emotion_3409,8,5.080798814480277
ex02_default_00261,ex02::YACHT CLUB IN HALF AN HOUR,default,intent_3408,18,10.726130830569474
ex02_default_00261,ex02::YACHT CLUB IN HALF AN HOUR,default,speaker_count_3408,17,10.161597628960553
ex02_default_00326,ex02::KAYDA WAS HER NEUROSURGEON BUT NOW IT SEEMS LIKE JAKE'S MAKING ALL THE DECISIONS,default,asr_3408,58,11.918138548360625
ex02_default_00326,ex02::KAYDA WAS HER NEUROSURGEON BUT NOW IT SEEMS LIKE JAKE'S MAKING ALL THE DECISIONS,default,emotion_3408,27,5.656065751764364
ex02_default_00326,ex02::KAYDA WAS HER NEUROSURGEON BUT NOW IT SEEMS LIKE JAKE'S MAKING ALL THE DECISIONS,default,intent_3408_last,37,7.676089234537352
ex02_default_00326,ex02::KAYDA WAS HER NEUROSURGEON BUT NOW IT SEEMS LIKE JAKE'S MAKING ALL THE DECISIONS,default,speaker_count_3408_last,19,4.040046965545975
ex02_default_00326,ex02::KAYDA WAS HER NEUROSURGEON BUT NOW IT SEEMS LIKE JAKE'S MAKING ALL THE DECISIONS,default,emotion_3407,32,6.666077493150858
ex02_default_00326,ex02::KAYDA WAS HER NEUROSURGEON BUT NOW IT SEEMS LIKE JAKE'S MAKING ALL THE DECISIONS,default,emotion_3409,24,5.050058706932468
ex02_default_00326,ex02::KAYDA WAS HER NEUROSURGEON BUT NOW IT SEEMS LIKE JAKE'S MAKING ALL THE DECISIONS,default,intent_3408,58,11.918138548360625
ex02_default_00326,ex02::KAYDA WAS HER NEUROSURGEON BUT NOW IT SEEMS LIKE JAKE'S MAKING ALL THE DECISIONS,default,speaker_count_3408,57,11.716136200083326
ex02_default_00348,ex02::WHO'S MORE MISERABLE THAN HER,default,asr_3408,20,10.621483214263135
ex02_default_00348,ex02::WHO'S MORE MISERABLE THAN HER,default,emotion_3408,9,5.057849149649112
ex02_default_00348,ex02::WHO'S MORE MISERABLE THAN HER,default,intent_3408_last,12,6.575203894543845
ex02_default_00348,ex02::WHO'S MORE MISERABLE THAN HER,default,speaker_count_3408_last,6,3.5404944047543783
ex02_default_00348,ex02::WHO'S MORE MISERABLE THAN HER,default,emotion_3407,10,5.563634064614023
ex02_default_00348,ex02::WHO'S MORE MISERABLE THAN HER,default,emotion_3409,10,5.563634064614023
ex02_default_00348,ex02::WHO'S MORE MISERABLE THAN HER,default,intent_3408,20,10.621483214263135
ex02_default_00348,ex02::WHO'S MORE MISERABLE THAN HER,default,speaker_count_3408,18,9.609913384333312
ex02_default_00355,ex02::GIVEN THE CIRCUMSTANCES ISN'T THIS A LITTLE UNORTHODOX,default,asr_3408,47,12.550044938311954
ex02_default_00355,ex02::GIVEN THE CIRCUMSTANCES ISN'T THIS A LITTLE UNORTHODOX,default,emotion_3408,28,7.582318816896805
ex02_default_00355,ex02::GIVEN THE CIRCUMSTANCES ISN'T THIS A LITTLE UNORTHODOX,default,intent_3408_last,30,8.105237355993136
ex02_default_00355,ex02::GIVEN THE CIRCUMSTANCES ISN'T THIS A LITTLE UNORTHODOX,default,speaker_count_3408_last,14,3.9218890432224853
ex02_default_00355,ex02::GIVEN THE CIRCUMSTANCES ISN'T THIS A LITTLE UNORTHODOX,default,emotion_3407,28,7.582318816896805
ex02_default_00355,ex02::GIVEN THE CIRCUMSTANCES ISN'T THIS A LITTLE UNORTHODOX,default,emotion_3409,23,6.275022469155977
ex02_default_00355,ex02::GIVEN THE CIRCUMSTANCES ISN'T THIS A LITTLE UNORTHODOX,default,intent_3408,47,12.550044938311954
ex02_default_00355,ex02::GIVEN THE CIRCUMSTANCES ISN'T THIS A LITTLE UNORTHODOX,default,speaker_count_3408,45,12.027126399215621
ex02_enunciated_00028,ex02::WHAT DO YA THINK YOU'RE DOING,enunciated,asr_3408,26,8.530637230702396
ex02_enunciated_00028,ex02::WHAT DO YA THINK YOU'RE DOING,enunciated,emotion_3408,13,4.423293378882724
ex02_enunciated_00028,ex02::WHAT DO YA THINK YOU'RE DOING,enunciated,intent_3408_last,21,6.950889595387137
ex02_enunciated_00028,ex02::WHAT DO YA THINK YOU'RE DOING,enunciated,speaker_count_3408_last,6,2.211646689441362
ex02_enunciated_00028,ex02::WHAT DO YA THINK YOU'RE DOING,enunciated,emotion_3407,17,5.68709148713493
ex02_enunciated_00028,ex02::WHAT DO YA THINK YOU'RE DOING,enunciated,emotion_3409,13,4.423293378882724
ex02_enunciated_00028,ex02::WHAT DO YA THINK YOU'RE DOING,enunciated,intent_3408,26,8.530637230702396
ex02_enunciated_00028,ex02::WHAT DO YA THINK YOU'RE DOING,enunciated,speaker_count_3408,24,7.898738176576292
ex02_enunciated_00030,ex02::BUT WE ALL HAVE TO LOOK AT OURSELVES,enunciated,asr_3408,36,9.61038961038961
ex02_enunciated_00030,ex02::BUT WE ALL HAVE TO LOOK AT OURSELVES,enunciated,emotion_3408,19,5.194805194805195
ex02_enunciated_00030,ex02::BUT WE ALL HAVE TO LOOK AT OURSELVES,enunciated,intent_3408_last,28,7.532467532467532
ex02_enunciated_00030,ex02::BUT WE ALL HAVE TO LOOK AT OURSELVES,enunciated,speaker_count_3408_last,10,2.857142857142857
ex02_enunciated_00030,ex02::BUT WE ALL HAVE TO LOOK AT OURSELVES,enunciated,emotion_3407,23,6.233766233766234
ex02_enunciated_00030,ex02::BUT WE ALL HAVE TO LOOK AT OURSELVES,enunciated,emotion_3409,16,4.415584415584416
ex02_enunciated_00030,ex02::BUT WE ALL HAVE TO LOOK AT OURSELVES,enunciated,intent_3408,36,9.61038961038961
ex02_enunciated_00030,ex02::BUT WE ALL HAVE TO LOOK AT OURSELVES,enunciated,speaker_count_3408,34,9.09090909090909
ex02_enunciated_00058,ex02::SHE'S ALWAYS HIGH AS A KITE,enunciated,asr_3408,28,9.14826498422713
ex02_enunciated_00058,ex02::SHE'S ALWAYS HIGH AS A KITE,enunciated,emotion_3408,16,5.3627760252365935
ex02_enunciated_00058,ex02::SHE'S ALWAYS HIGH AS A KITE,enunciated,intent_3408_last,22,7.255520504731861
ex02_enunciated_00058,ex02::SHE'S ALWAYS HIGH AS A KITE,enunciated,speaker_count_3408_last,6,2.2082018927444795
ex02_enunciated_00058,ex02::SHE'S ALWAYS HIGH AS A KITE,enunciated,emotion_3407,18,5.993690851735016
ex02_enunciated_00058,ex02::SHE'S ALWAYS HIGH AS A KITE,enunciated,emotion_3409,13,4.416403785488959
ex02_enunciated_00058,ex02::SHE'S ALWAYS HIGH AS A KITE,enunciated,intent_3408,28,9.14826498422713
ex02_enunciated_00058,ex02::SHE'S ALWAYS HIGH AS A KITE,enunciated,speaker_count_3408,27,8.832807570977918
ex02_enunciated_00073,ex02::DELETED THE FIRST SECOND OR THIRD ONE,enunciated,asr_3408,36,7.948976166498825
ex02_enunciated_00073,ex02::DELETED THE FIRST SECOND OR THIRD ONE,enunciated,emotion_3408,21,4.726418261161464
ex02_enunciated_00073,ex02::DELETED THE FIRST SECOND OR THIRD ONE,enunciated,intent_3408_last,26,5.800604229607251
ex02_enunciated_00073,ex02::DELETED THE FIRST SECOND OR THIRD ONE,enunciated,speaker_count_3408_last,10,2.363209130580732
ex02_enunciated_00073,ex02::DELETED THE FIRST SECOND OR THIRD ONE,enunciated,emotion_3407,19,4.296743873783149
ex02_enunciated_00073,ex02::DELETED THE FIRST SECOND OR THIRD ONE,enunciated,emotion_3409,18,4.081906680093992
ex02_enunciated_00073,ex02::DELETED THE FIRST SECOND OR THIRD ONE,enunciated,intent_3408,36,7.948976166498825
ex02_enunciated_00073,ex02::DELETED THE FIRST SECOND OR THIRD ONE,enunciated,speaker_count_3408,34,7.519301779120511
ex02_enunciated_00089,ex02::COMPARING AND CONTRASTING THE VARIOUS OFFENDER TYPES IS ILLUMINATING,enunciated,asr_3408,69,10.269105579241737
ex02_enunciated_00089,ex02::COMPARING AND CONTRASTING THE VARIOUS OFFENDER TYPES IS ILLUMINATING,enunciated,emotion_3408,38,5.721358822720396
ex02_enunciated_00089,ex02::COMPARING AND CONTRASTING THE VARIOUS OFFENDER TYPES IS ILLUMINATING,enunciated,intent_3408_last,46,6.894970888919452
ex02_enunciated_00089,ex02::COMPARING AND CONTRASTING THE VARIOUS OFFENDER TYPES IS ILLUMINATING,enunciated,speaker_count_3408_last,20,3.080731673772521
ex02_enunciated_00089,ex02::COMPARING AND CONTRASTING THE VARIOUS OFFENDER TYPES IS ILLUMINATING,enunciated,emotion_3407,38,5.721358822720396
ex02_enunciated_00089,ex02::COMPARING AND CONTRASTING THE VARIOUS OFFENDER TYPES IS ILLUMINATING,enunciated,emotion_3409,35,5.28125429789575
ex02_enunciated_00089,ex02::COMPARING AND CONTRASTING THE VARIOUS OFFENDER TYPES IS ILLUMINATING,enunciated,intent_3408,69,10.269105579241737
ex02_enunciated_00089,ex02::COMPARING AND CONTRASTING THE VARIOUS OFFENDER TYPES IS ILLUMINATING,enunciated,speaker_count_3408,62,9.242195021317563
ex02_enunciated_00096,ex02::WHAT'S WITH THE LOOK,enunciated,asr_3408,16,8.622329296899766
ex02_enunciated_00096,ex02::WHAT'S WITH THE LOOK,enunciated,emotion_3408,9,5.071958409941039
ex02_enunciated_00096,ex02::WHAT'S WITH THE LOOK,enunciated,intent_3408_last,13,7.100741773917454
ex02_enunciated_00096,ex02::WHAT'S WITH THE LOOK,enunciated,speaker_count_3408_last,4,2.5359792049705194
ex02_enunciated_00096,ex02::WHAT'S WITH THE LOOK,enunciated,emotion_3407,9,5.071958409941039
ex02_enunciated_00096,ex02::WHAT'S WITH THE LOOK,enunciated,emotion_3409,8,4.564762568946935
ex02_enunciated_00096,ex02::WHAT'S WITH THE LOOK,enunciated,intent_3408,16,8.622329296899766
ex02_enunciated_00096,ex02::WHAT'S WITH THE LOOK,enunciated,speaker_count_3408,16,8.622329296899766
ex02_enunciated_00099,ex02::HE SAID OH BRIAN I KNOW YOU THINK YOU'RE SMART BUT IT'S DAVE BANNER,enunciated,asr_3408,60,8.014978812863383
ex02_enunciated_00099,ex02::HE SAID OH BRIAN I KNOW YOU THINK YOU'RE SMART BUT IT'S DAVE BANNER,enunciated,emotion_3408,25,3.4162204776139014
ex02_enunciated_00099,ex02::HE SAID OH BRIAN I KNOW YOU THINK YOU'RE SMART BUT IT'S DAVE BANNER,enunciated,intent_3408_last,45,6.044082383470748
ex02_enunciated_00099,ex02::HE SAID OH BRIAN I KNOW YOU THINK YOU'RE SMART BUT IT'S DAVE BANNER,enunciated,speaker_count_3408_last,14,1.9708964293926354
ex02_enunciated_00099,ex02::HE SAID OH BRIAN I KNOW YOU THINK YOU'RE SMART BUT IT'S DAVE BANNER,enunciated,emotion_3407,32,4.335972144663797
ex02_enunciated_00099,ex02::HE SAID OH BRIAN I KNOW YOU THINK YOU'RE SMART BUT IT'S DAVE BANNER,enunciated,emotion_3409,26,3.5476135729067435
ex02_enunciated_00099,ex02::HE SAID OH BRIAN I KNOW YOU THINK YOU'RE SMART BUT IT'S DAVE BANNER,enunciated,intent_3408,60,8.014978812863383
ex02_enunciated_00099,ex02::HE SAID OH BRIAN I KNOW YOU THINK YOU'RE SMART BUT IT'S DAVE BANNER,enunciated,speaker_count_3408,58,7.752192622277699
ex02_enunciated_00128,ex02::YOU TRASH HOTEL ROOMS IN YOUR SLEEP,enunciated,asr_3408,30,9.15078501189971
ex02_enunciated_00128,ex02::YOU TRASH HOTEL ROOMS IN YOUR SLEEP,enunciated,emotion_3408,18,5.608545652454661
ex02_enunciated_00128,ex02::YOU TRASH HOTEL ROOMS IN YOUR SLEEP,enunciated,intent_3408_last,25,7.6748519454642725
ex02_enunciated_00128,ex02::YOU TRASH HOTEL ROOMS IN YOUR SLEEP,enunciated,speaker_count_3408_last,7,2.361492906296699
ex02_enunciated_00128,ex02::YOU TRASH HOTEL ROOMS IN YOUR SLEEP,enunciated,emotion_3407,19,5.903732265741748
ex02_enunciated_00128,ex02::YOU TRASH HOTEL ROOMS IN YOUR SLEEP,enunciated,emotion_3409,16,5.018172425880486
ex02_enunciated_00128,ex02::YOU TRASH HOTEL ROOMS IN YOUR SLEEP,enunciated,intent_3408,30,9.15078501189971
ex02_enunciated_00128,ex02::YOU TRASH HOTEL ROOMS IN YOUR SLEEP,enunciated,speaker_count_3408,29,8.855598398612623
ex02_enunciated_00150,ex02::HOW DO YOU SAY WELCOME IN JAPANESE,enunciated,asr_3408,33,9.21987017609274
ex02_enunciated_00150,ex02::HOW DO YOU SAY WELCOME IN JAPANESE,enunciated,emotion_3408,18,5.152280392522414
ex02_enunciated_00150,ex02::HOW DO YOU SAY WELCOME IN JAPANESE,enunciated,intent_3408_last,25,7.050488958188566
ex02_enunciated_00150,ex02::HOW DO YOU SAY WELCOME IN JAPANESE,enunciated,speaker_count_3408_last,9,2.711726522380218
ex02_enunciated_00150,ex02::HOW DO YOU SAY WELCOME IN JAPANESE,enunciated,emotion_3407,19,5.423453044760436
ex02_enunciated_00150,ex02::HOW DO YOU SAY WELCOME IN JAPANESE,enunciated,emotion_3409,17,4.881107740284392
ex02_enunciated_00150,ex02::HOW DO YOU SAY WELCOME IN JAPANESE,enunciated,intent_3408,33,9.21987017609274
ex02_enunciated_00150,ex02::HOW DO YOU SAY WELCOME IN JAPANESE,enunciated,speaker_count_3408,32,8.948697523854719
ex02_enunciated_00157,ex02::WEDDING MUSIC STOPS,enunciated,asr_3408,20,8.842105263157896
ex02_enunciated_00157,ex02::WEDDING MUSIC STOPS,enunciated,emotion_3408,11,5.052631578947368
ex02_enunciated_00157,ex02::WEDDING MUSIC STOPS,enunciated,intent_3408_last,16,7.157894736842105
ex02_enunciated_00157,ex02::WEDDING MUSIC STOPS,enunciated,speaker_count_3408_last,5,2.526315789473684
ex02_enunciated_00157,ex02::WEDDING MUSIC STOPS,enunciated,emotion_3407,13,5.894736842105263
ex02_enunciated_00157,ex02::WEDDING MUSIC STOPS,enunciated,emotion_3409,11,5.052631578947368
ex02_enunciated_00157,ex02::WEDDING MUSIC STOPS,enunciated,intent_3408,20,8.842105263157896
ex02_enunciated_00157,ex02::WEDDING MUSIC STOPS,enunciated,speaker_count_3408,19,8.421052631578947
ex02_enunciated_00233,ex02::DID SHE JUMP IN A CAB,enunciated,asr_3408,22,10.917937459206074
ex02_enunciated_00233,ex02::DID SHE JUMP IN A CAB,enunciated,emotion_3408,12,6.171008129116477
ex02_enunciated_00233,ex02::DID SHE JUMP IN A CAB,enunciated,intent_3408_last,15,7.595086928143356
ex02_enunciated_00233,ex02::DID SHE JUMP IN A CAB,enunciated,speaker_count_3408_last,6,3.3228505310627185
ex02_enunciated_00233,ex02::DID SHE JUMP IN A CAB,enunciated,emotion_3407,12,6.171008129116477
ex02_enunciated_00233,ex02::DID SHE JUMP IN A CAB,enunciated,emotion_3409,10,5.221622263098558
ex02_enunciated_00233,ex02::DID SHE JUMP IN A CAB,enunciated,intent_3408,22,10.917937459206074
ex02_enunciated_00233,ex02::DID SHE JUMP IN A CAB,enunciated,speaker_count_3408,21,10.443244526197116
ex02_enunciated_00261,ex02::YACHT CLUB IN HALF AN HOUR,enunciated,asr_3408,22,9.779431304809991
ex02_enunciated_00261,ex02::YACHT CLUB IN HALF AN HOUR,enunciated,emotion_3408,11,5.102311985118257
ex02_enunciated_00261,ex02::YACHT CLUB IN HALF AN HOUR,enunciated,intent_3408_last,16,7.228275312250863
ex02_enunciated_00261,ex02::YACHT CLUB IN HALF AN HOUR,enunciated,speaker_count_3408_last,6,2.9763486579856497
ex02_enunciated_00261,ex02::YACHT CLUB IN HALF AN HOUR,enunciated,emotion_3407,12,5.527504650544778
ex02_enunciated_00261,ex02::YACHT CLUB IN HALF AN HOUR,enunciated,emotion_3409,12,5.527504650544778
ex02_enunciated_00261,ex02::YACHT CLUB IN HALF AN HOUR,enunciated,intent_3408,22,9.779431304809991
ex02_enunciated_00261,ex02::YACHT CLUB IN HALF AN HOUR,enunciated,speaker_count_3408,21,9.35423863938347
ex02_enunciated_00326,ex02::KAYDA WAS HER NEUROSURGEON BUT NOW IT SEEMS LIKE JAKE'S MAKING ALL THE DECISIONS,enunciated,asr_3408,71,8.696965121546127
ex02_enunciated_00326,ex02::KAYDA WAS HER NEUROSURGEON BUT NOW IT SEEMS LIKE JAKE'S MAKING ALL THE DECISIONS,enunciated,emotion_3408,42,5.194020836478937
ex02_enunciated_00326,ex02::KAYDA WAS HER NEUROSURGEON BUT NOW IT SEEMS LIKE JAKE'S MAKING ALL THE DECISIONS,enunciated,intent_3408_last,51,6.281141476672203
ex02_enunciated_00326,ex02::KAYDA WAS HER NEUROSURGEON BUT NOW IT SEEMS LIKE JAKE'S MAKING ALL THE DECISIONS,enunciated,speaker_count_3408_last,19,2.415823644873924
ex02_enunciated_00326,ex02::KAYDA WAS HER NEUROSURGEON BUT NOW IT SEEMS LIKE JAKE'S MAKING ALL THE DECISIONS,enunciated,emotion_3407,46,5.677185565453722
ex02_enunciated_00326,ex02::KAYDA WAS HER NEUROSURGEON BUT NOW IT SEEMS LIKE JAKE'S MAKING ALL THE DECISIONS,enunciated,emotion_3409,39,4.831647289747848
ex02_enunciated_00326,ex02::KAYDA WAS HER NEUROSURGEON BUT NOW IT SEEMS LIKE JAKE'S MAKING ALL THE DECISIONS,enunciated,intent_3408,71,8.696965121546127
ex02_enunciated_00326,ex02::KAYDA WAS HER NEUROSURGEON BUT NOW IT SEEMS LIKE JAKE'S MAKING ALL THE DECISIONS,enunciated,speaker_count_3408,67,8.213800392571342
ex02_enunciated_00348,ex02::WHO'S MORE MISERABLE THAN HER,enunciated,asr_3408,22,8.992717853477348
ex02_enunciated_00348,ex02::WHO'S MORE MISERABLE THAN HER,enunciated,emotion_3408,12,5.082840525878501
ex02_enunciated_00348,ex02::WHO'S MORE MISERABLE THAN HER,enunciated,intent_3408_last,18,7.428766922437809
ex02_enunciated_00348,ex02::WHO'S MORE MISERABLE THAN HER,enunciated,speaker_count_3408_last,7,3.1279018620790775
ex02_enunciated_00348,ex02::WHO'S MORE MISERABLE THAN HER,enunciated,emotion_3407,14,5.86481599139827
ex02_enunciated_00348,ex02::WHO'S MORE MISERABLE THAN HER,enunciated,emotion_3409,13,5.4738282586383855
ex02_enunciated_00348,ex02::WHO'S MORE MISERABLE THAN HER,enunciated,intent_3408,22,8.992717853477348
ex02_enunciated_00348,ex02::WHO'S MORE MISERABLE THAN HER,enunciated,speaker_count_3408,21,8.601730120717463
ex02_enunciated_00355,ex02::GIVEN THE CIRCUMSTANCES ISN'T THIS A LITTLE UNORTHODOX,enunciated,asr_3408,54,9.882865581797558
ex02_enunciated_00355,ex02::GIVEN THE CIRCUMSTANCES ISN'T THIS A LITTLE UNORTHODOX,enunciated,emotion_3408,30,5.570342418831351
ex02_enunciated_00355,ex02::GIVEN THE CIRCUMSTANCES ISN'T THIS A LITTLE UNORTHODOX,enunciated,intent_3408_last,37,6.828161674696495
ex02_enunciated_00355,ex02::GIVEN THE CIRCUMSTANCES ISN'T THIS A LITTLE UNORTHODOX,enunciated,speaker_count_3408_last,17,3.2343923722246553
ex02_enunciated_00355,ex02::GIVEN THE CIRCUMSTANCES ISN'T THIS A LITTLE UNORTHODOX,enunciated,emotion_3407,31,5.750030883954943
ex02_enunciated_00355,ex02::GIVEN THE CIRCUMSTANCES ISN'T THIS A LITTLE UNORTHODOX,enunciated,emotion_3409,24,4.492211628089799
ex02_enunciated_00355,ex02::GIVEN THE CIRCUMSTANCES ISN'T THIS A LITTLE UNORTHODOX,enunciated,intent_3408,54,9.882865581797558
ex02_enunciated_00355,ex02::GIVEN THE CIRCUMSTANCES ISN'T THIS A LITTLE UNORTHODOX,enunciated,speaker_count_3408,51,9.343800186426781
ex02_happy_00028,ex02::WHAT DO YA THINK YOU'RE DOING,happy,asr_3408,19,10.523892524747591
ex02_happy_00028,ex02::WHAT DO YA THINK YOU'RE DOING,happy,emotion_3408,6,3.683362383661657
ex02_happy_00028,ex02::WHAT DO YA THINK YOU'RE DOING,happy,intent_3408_last,12,6.840530141085934
ex02_happy_00028,ex02::WHAT DO YA THINK YOU'RE DOING,happy,speaker_count_3408_last,5,3.1571677574242774
ex02_happy_00028,ex02::WHAT DO YA THINK YOU'RE DOING,happy,emotion_3407,9,5.261946262373796
ex02_happy_00028,ex02::WHAT DO YA THINK YOU'RE DOING,happy,emotion_3409,8,4.735751636136416
ex02_happy_00028,ex02::WHAT DO YA THINK YOU'RE DOING,happy,intent_3408,19,10.523892524747591
ex02_happy_00028,ex02::WHAT DO YA THINK YOU'RE DOING,happy,speaker_count_3408,18,9.99769789851021
ex02_happy_00030,ex02::BUT WE ALL HAVE TO LOOK AT OURSELVES,happy,asr_3408,26,11.073515841279606
ex02_happy_00030,ex02::BUT WE ALL HAVE TO LOOK AT OURSELVES,happy,emotion_3408,14,6.151953245155337
ex02_happy_00030,ex02::BUT WE ALL HAVE TO LOOK AT OURSELVES,happy,intent_3408_last,19,8.202604326873782
ex02_happy_00030,ex02::BUT WE ALL HAVE TO LOOK AT OURSELVES,happy,speaker_count_3408_last,8,3.691171947093202
ex02_happy_00030,ex02::BUT WE ALL HAVE TO LOOK AT OURSELVES,happy,emotion_3407,16,6.972213677842715
ex02_happy_00030,ex02::BUT WE ALL HAVE TO LOOK AT OURSELVES,happy,emotion_3409,15,6.562083461499026
ex02_happy_00030,ex02::BUT WE ALL HAVE TO LOOK AT OURSELVES,happy,intent_3408,26,11.073515841279606
ex02_happy_00030,ex02::BUT WE ALL HAVE TO LOOK AT OURSELVES,happy,speaker_count_3408,25,10.663385624935916
ex02_happy_00058,ex02::SHE'S ALWAYS HIGH AS A KITE,happy,asr_3408,23,11.38587439957303
ex02_happy_00058,ex02::SHE'S ALWAYS HIGH AS A KITE,happy,emotion_3408,12,6.1673486331020575
ex02_happy_00058,ex02::SHE'S ALWAYS HIGH AS A KITE,happy,intent_3408_last,16,8.06499436636423
ex02_happy_00058,ex02::SHE'S ALWAYS HIGH AS A KITE,happy,speaker_count_3408_last,5,2.8464685998932575
ex02_happy_00058,ex02::SHE'S ALWAYS HIGH AS A KITE,happy,emotion_3407,13,6.641760066417601
ex02_happy_00058,ex02::SHE'S ALWAYS HIGH AS A KITE,happy,emotion_3409,10,5.218525766470972
ex02_happy_00058,ex02::SHE'S ALWAYS HIGH AS A KITE,happy,intent_3408,23,11.38587439957303
ex02_happy_00058,ex02::SHE'S ALWAYS HIGH AS A KITE,happy,speaker_count_3408,22,10.911462966257487
ex02_happy_00073,ex02::DELETED THE FIRST SECOND OR THIRD ONE,happy,asr_3408,30,9.516317798967787
ex02_happy_00073,ex02::DELETED THE FIRST SECOND OR THIRD ONE,happy,emotion_3408,15,4.911647896241438
ex02_happy_00073,ex02::DELETED THE FIRST SECOND OR THIRD ONE,happy,intent_3408_last,21,6.753515857331977
ex02_happy_00073,ex02::DELETED THE FIRST SECOND OR THIRD ONE,happy,speaker_count_3408_last,10,3.3767579286659886
ex02_happy_00073,ex02::DELETED THE FIRST SECOND OR THIRD ONE,happy,emotion_3407,18,5.8325818767867075
ex02_happy_00073,ex02::DELETED THE FIRST SECOND OR THIRD ONE,happy,emotion_3409,14,4.604669902726348
ex02_happy_00073,ex02::DELETED THE FIRST SECOND OR THIRD ONE,happy,intent_3408,30,9.516317798967787
ex02_happy_00073,ex02::DELETED THE FIRST SECOND OR THIRD ONE,happy,speaker_count_3408,29,9.209339805452696
ex02_happy_00089,ex02::COMPARING AND CONTRASTING THE VARIOUS OFFENDER TYPES IS ILLUMINATING,happy,asr_3408,55,11.505470234732137
ex02_happy_00089,ex02::COMPARING AND CONTRASTING THE VARIOUS OFFENDER TYPES IS ILLUMINATING,happy,emotion_3408,32,6.780009245467152
ex02_happy_00089,ex02::COMPARING AND CONTRASTING THE VARIOUS OFFENDER TYPES IS ILLUMINATING,happy,intent_3408_last,37,7.807283373568236
ex02_happy_00089,ex02::COMPARING AND CONTRASTING THE VARIOUS OFFENDER TYPES IS ILLUMINATING,happy,speaker_count_3408_last,15,3.287277209923468
ex02_happy_00089,ex02::COMPARING AND CONTRASTING THE VARIOUS OFFENDER TYPES IS ILLUMINATING,happy,emotion_3407,34,7.190918896707586
ex02_happy_00089,ex02::COMPARING AND CONTRASTING THE VARIOUS OFFENDER TYPES IS ILLUMINATING,happy,emotion_3409,31,6.574554419846936
ex02_happy_00089,ex02::COMPARING AND CONTRASTING THE VARIOUS OFFENDER TYPES IS ILLUMINATING,happy,intent_3408,55,11.505470234732137
ex02_happy_00089,ex02::COMPARING AND CONTRASTING THE VARIOUS OFFENDER TYPES IS ILLUMINATING,happy,speaker_count_3408,54,11.300015409111921
ex02_happy_00096,ex02::WHAT'S WITH THE LOOK,happy,asr_3408,14,9.606147934678193
ex02_happy_00096,ex02::WHAT'S WITH THE LOOK,happy,emotion_3408,8,5.763688760806916
ex02_happy_00096,ex02::WHAT'S WITH THE LOOK,happy,intent_3408_last,10,7.044508485430675
ex02_happy_00096,ex02::WHAT'S WITH THE LOOK,happy,speaker_count_3408_last,4,3.202049311559398
ex02_happy_00096,ex02::WHAT'S WITH THE LOOK,happy,emotion_3407,9,6.404098623118796
ex02_happy_00096,ex02::WHAT'S WITH THE LOOK,happy,emotion_3409,7,5.123278898495037
ex02_happy_00096,ex02::WHAT'S WITH THE LOOK,happy,intent_3408,14,9.606147934678193
ex02_happy_00096,ex02::WHAT'S WITH THE LOOK,happy,speaker_count_3408,13,8.965738072366314
ex02_happy_00099,ex02::HE SAID OH BRIAN I KNOW YOU THINK YOU'RE SMART BUT IT'S DAVE BANNER,happy,asr_3408,52,8.959039861388439
ex02_happy_00099,ex02::HE SAID OH BRIAN I KNOW YOU THINK YOU'RE SMART BUT IT'S DAVE BANNER,happy,emotion_3408,21,3.7188467349159557
ex02_happy_00099,ex02::HE SAID OH BRIAN I KNOW YOU THINK YOU'RE SMART BUT IT'S DAVE BANNER,happy,intent_3408_last,33,5.747308590324659
ex02_happy_00099,ex02::HE SAID OH BRIAN I KNOW YOU THINK YOU'RE SMART BUT IT'S DAVE BANNER,happy,speaker_count_3408_last,14,2.535577319260879
ex02_happy_00099,ex02::HE SAID OH BRIAN I KNOW YOU THINK YOU'RE SMART BUT IT'S DAVE BANNER,happy,emotion_3407,24,4.225962198768132
ex02_happy_00099,ex02::HE SAID OH BRIAN I KNOW YOU THINK YOU'RE SMART BUT IT'S DAVE BANNER,happy,emotion_3409,19,3.3807697590145054
ex02_happy_00099,ex02::HE SAID OH BRIAN I KNOW YOU THINK YOU'RE SMART BUT IT'S DAVE BANNER,happy,intent_3408,52,8.959039861388439
ex02_happy_00099,ex02::HE SAID OH BRIAN I KNOW YOU THINK YOU'RE SMART BUT IT'S DAVE BANNER,happy,speaker_count_3408,51,8.790001373437715
ex02_happy_00128,ex02::YOU TRASH HOTEL ROOMS IN YOUR SLEEP,happy,asr_3408,27,9.078566072912233
ex02_happy_00128,ex02::YOU TRASH HOTEL ROOMS IN YOUR SLEEP,happy,emotion_3408,18,6.160455549476159
ex02_happy_00128,ex02::YOU TRASH HOTEL ROOMS IN YOUR SLEEP,happy,intent_3408_last,22,7.457393559892192
ex02_happy_00128,ex02::YOU TRASH HOTEL ROOMS IN YOUR SLEEP,happy,speaker_count_3408_last,8,2.918110523436075
ex02_happy_00128,ex02::YOU TRASH HOTEL ROOMS IN YOUR SLEEP,happy,emotion_3407,17,5.83622104687215
ex02_happy_00128,ex02::YOU TRASH HOTEL ROOMS IN YOUR SLEEP,happy,emotion_3409,16,5.511986544268142
ex02_happy_00128,ex02::YOU TRASH HOTEL ROOMS IN YOUR SLEEP,happy,intent_3408,27,9.078566072912233
ex02_happy_00128,ex02::YOU TRASH HOTEL ROOMS IN YOUR SLEEP,happy,speaker_count_3408,26,8.754331570308226
ex02_happy_00150,ex02::HOW DO YOU SAY WELCOME IN JAPANESE,happy,asr_3408,29,11.582452584334733
ex02_happy_00150,ex02::HOW DO YOU SAY WELCOME IN JAPANESE,happy,emotion_3408,14,5.791226292167367
ex02_happy_00150,ex02::HOW DO YOU SAY WELCOME IN JAPANESE,happy,intent_3408_last,19,7.721635056223155
ex02_happy_00150,ex02::HOW DO YOU SAY WELCOME IN JAPANESE,happy,speaker_count_3408_last,10,4.246899280922736
ex02_happy_00150,ex02::HOW DO YOU SAY WELCOME IN JAPANESE,happy,emotion_3407,17,6.9494715506008395
ex02_happy_00150,ex02::HOW DO YOU SAY WELCOME IN JAPANESE,happy,emotion_3409,16,6.563389797789682
ex02_happy_00150,ex02::HOW DO YOU SAY WELCOME IN JAPANESE,happy,intent_3408,29,11.582452584334733
ex02_happy_00150,ex02::HOW DO YOU SAY WELCOME IN JAPANESE,happy,speaker_count_3408,29,11.582452584334733
ex02_happy_00157,ex02::WEDDING MUSIC STOPS,happy,asr_3408,17,9.827339111444754
ex02_happy_00157,ex02::WEDDING MUSIC STOPS,happy,emotion_3408,8,4.913669555722377
ex02_happy_00157,ex02::WEDDING MUSIC STOPS,happy,intent_3408_last,14,8.189449259537296
ex02_happy_00157,ex02::WEDDING MUSIC STOPS,happy,speaker_count_3408_last,5,3.2757797038149183
ex02_happy_00157,ex02::WEDDING MUSIC STOPS,happy,emotion_3407,11,6.551559407629837
ex02_happy_00157,ex02::WEDDING MUSIC STOPS,happy,emotion_3409,7,4.3677062717532245
ex02_happy_00157,ex02::WEDDING MUSIC STOPS,happy,intent_3408,17,9.827339111444754
ex02_happy_00157,ex02::WEDDING MUSIC STOPS,happy,speaker_count_3408,16,9.281375827475602
ex02_happy_00233,ex02::DID SHE JUMP IN A CAB,happy,asr_3408,19,11.3418870064507
ex02_happy_00233,ex02::DID SHE JUMP IN A CAB,happy,emotion_3408,8,5.103849152902814
ex02_happy_00233,ex02::DID SHE JUMP IN A CAB,happy,intent_3408_last,12,7.372226554192954
ex02_happy_00233,ex02::DID SHE JUMP IN A CAB,happy,speaker_count_3408_last,6,3.9696604522577448
ex02_happy_00233,ex02::DID SHE JUMP IN A CAB,happy,emotion_3407,9,5.67094350322535
ex02_happy_00233,ex02::DID SHE JUMP IN A CAB,happy,emotion_3409,7,4.53675480258028
ex02_happy_00233,ex02::DID SHE JUMP IN A CAB,happy,intent_3408,19,11.3418870064507
ex02_happy_00233,ex02::DID SHE JUMP IN A CAB,happy,speaker_count_3408,18,10.774792656128163
ex02_happy_00261,ex02::YACHT CLUB IN HALF AN HOUR,happy,asr_3408,20,10.705410055438731
ex02_happy_00261,ex02::YACHT CLUB IN HALF AN HOUR,happy,emotion_3408,9,5.097814312113681
ex02_happy_00261,ex02::YACHT CLUB IN HALF AN HOUR,happy,intent_3408_last,14,7.646721468170522
ex02_happy_00261,ex02::YACHT CLUB IN HALF AN HOUR,happy,speaker_count_3408_last,6,3.568470018479577
ex02_happy_00261,ex02::YACHT CLUB IN HALF AN HOUR,happy,emotion_3407,12,6.627158605747786
ex02_happy_00261,ex02::YACHT CLUB IN HALF AN HOUR,happy,emotion_3409,9,5.097814312113681
ex02_happy_00261,ex02::YACHT CLUB IN HALF AN HOUR,happy,intent_3408,20,10.705410055438731
ex02_happy_00261,ex02::YACHT CLUB IN HALF AN HOUR,happy,speaker_count_3408,19,10.195628624227362
ex02_happy_00326,ex02::KAYDA WAS HER NEUROSURGEON BUT NOW IT SEEMS LIKE JAKE'S MAKING ALL THE DECISIONS,happy,asr_3408,53,10.82978190022562
ex02_happy_00326,ex02::KAYDA WAS HER NEUROSURGEON BUT NOW IT SEEMS LIKE JAKE'S MAKING ALL THE DECISIONS,happy,emotion_3408,27,5.615442466783655
ex02_happy_00326,ex02::KAYDA WAS HER NEUROSURGEON BUT NOW IT SEEMS LIKE JAKE'S MAKING ALL THE DECISIONS,happy,intent_3408_last,39,8.022060666833793
ex02_happy_00326,ex02::KAYDA WAS HER NEUROSURGEON BUT NOW IT SEEMS LIKE JAKE'S MAKING ALL THE DECISIONS,happy,speaker_count_3408_last,17,3.609927300075207
ex02_happy_00326,ex02::KAYDA WAS HER NEUROSURGEON BUT NOW IT SEEMS LIKE JAKE'S MAKING ALL THE DECISIONS,happy,emotion_3407,32,6.6182000501378795
ex02_happy_00326,ex02::KAYDA WAS HER NEUROSURGEON BUT NOW IT SEEMS LIKE JAKE'S MAKING ALL THE DECISIONS,happy,emotion_3409,27,5.615442466783655
ex02_happy_00326,ex02::KAYDA WAS HER NEUROSURGEON BUT NOW IT SEEMS LIKE JAKE'S MAKING ALL THE DECISIONS,happy,intent_3408,53,10.82978190022562
ex02_happy_00326,ex02::KAYDA WAS HER NEUROSURGEON BUT NOW IT SEEMS LIKE JAKE'S MAKING ALL THE DECISIONS,happy,speaker_count_3408,52,10.629230383554775
ex02_happy_00348,ex02::WHO'S MORE MISERABLE THAN HER,happy,asr_3408,21,9.909351950903666
ex02_happy_00348,ex02::WHO'S MORE MISERABLE THAN HER,happy,emotion_3408,9,4.504250886774393
ex02_happy_00348,ex02::WHO'S MORE MISERABLE THAN HER,happy,intent_3408_last,16,7.657226507516469
ex02_happy_00348,ex02::WHO'S MORE MISERABLE THAN HER,happy,speaker_count_3408_last,5,2.702550532064636
ex02_happy_00348,ex02::WHO'S MORE MISERABLE THAN HER,happy,emotion_3407,13,6.305951241484151
ex02_happy_00348,ex02::WHO'S MORE MISERABLE THAN HER,happy,emotion_3409,9,4.504250886774393
ex02_happy_00348,ex02::WHO'S MORE MISERABLE THAN HER,happy,intent_3408,21,9.909351950903666
ex02_happy_00348,ex02::WHO'S MORE MISERABLE THAN HER,happy,speaker_count_3408,21,9.909351950903666
ex02_happy_00355,ex02::GIVEN THE CIRCUMSTANCES ISN'T THIS A LITTLE UNORTHODOX,happy,asr_3408,48,12.522761396671246
ex02_happy_00355,ex02::GIVEN THE CIRCUMSTANCES ISN'T THIS A LITTLE UNORTHODOX,happy,emotion_3408,24,6.389163977893492
ex02_happy_00355,ex02::GIVEN THE CIRCUMSTANCES ISN'T THIS A LITTLE UNORTHODOX,happy,intent_3408_last,30,7.922563332587931
ex02_happy_00355,ex02::GIVEN THE CIRCUMSTANCES ISN'T THIS A LITTLE UNORTHODOX,happy,speaker_count_3408_last,14,3.8334983867360957
ex02_happy_00355,ex02::GIVEN THE CIRCUMSTANCES ISN'T THIS A LITTLE UNORTHODOX,happy,emotion_3407,28,7.411430214356451
ex02_happy_00355,ex02::GIVEN THE CIRCUMSTANCES ISN'T THIS A LITTLE UNORTHODOX,happy,emotion_3409,22,5.878030859662013
ex02_happy_00355,ex02::GIVEN THE CIRCUMSTANCES ISN'T THIS A LITTLE UNORTHODOX,happy,intent_3408,48,12.522761396671246
ex02_happy_00355,ex02::GIVEN THE CIRCUMSTANCES ISN'T THIS A LITTLE UNORTHODOX,happy,speaker_count_3408,46,12.011628278439765
ex02_laughing_00028,ex02::WHAT DO YA THINK YOU'RE DOING,laughing,asr_3408,24,9.14662032379036
ex02_laughing_00028,ex02::WHAT DO YA THINK YOU'RE DOING,laughing,emotion_3408,11,4.390377755419372
ex02_laughing_00028,ex02::WHAT DO YA THINK YOU'RE DOING,laughing,intent_3408_last,18,6.951431446080673
ex02_laughing_00028,ex02::WHAT DO YA THINK YOU'RE DOING,laughing,speaker_count_3408_last,5,2.195188877709686
ex02_laughing_00028,ex02::WHAT DO YA THINK YOU'RE DOING,laughing,emotion_3407,14,5.4879721942742155
ex02_laughing_00028,ex02::WHAT DO YA THINK YOU'RE DOING,laughing,emotion_3409,11,4.390377755419372
ex02_laughing_00028,ex02::WHAT DO YA THINK YOU'RE DOING,laughing,intent_3408,24,9.14662032379036
ex02_laughing_00028,ex02::WHAT DO YA THINK YOU'RE DOING,laughing,speaker_count_3408,23,8.780755510838745
ex02_laughing_00030,ex02::BUT WE ALL HAVE TO LOOK AT OURSELVES,laughing,asr_3408,33,10.096698156981384
ex02_laughing_00030,ex02::BUT WE ALL HAVE TO LOOK AT OURSELVES,laughing,emotion_3408,20,6.236195920488503
ex02_laughing_00030,ex02::BUT WE ALL HAVE TO LOOK AT OURSELVES,laughing,intent_3408_last,24,7.424042762486312
ex02_laughing_00030,ex02::BUT WE ALL HAVE TO LOOK AT OURSELVES,laughing,speaker_count_3408_last,8,2.6726553944950724
ex02_laughing_00030,ex02::BUT WE ALL HAVE TO LOOK AT OURSELVES,laughing,emotion_3407,19,5.93923420998905
ex02_laughing_00030,ex02::BUT WE ALL HAVE TO LOOK AT OURSELVES,laughing,emotion_3409,17,5.345310788990145
ex02_laughing_00030,ex02::BUT WE ALL HAVE TO LOOK AT OURSELVES,laughing,intent_3408,33,10.096698156981384
ex02_laughing_00030,ex02::BUT WE ALL HAVE TO LOOK AT OURSELVES,laughing,speaker_count_3408,31,9.502774735982479
ex02_laughing_00058,ex02::SHE'S ALWAYS HIGH AS A KITE,laughing,asr_3408,25,8.912503213642985
ex02_laughing_00058,ex02::SHE'S ALWAYS HIGH AS A KITE,laughing,emotion_3408,13,4.799040191961607
ex02_laughing_00058,ex02::SHE'S ALWAYS HIGH AS A KITE,laughing,intent_3408_last,16,5.827405947381952
ex02_laughing_00058,ex02::SHE'S ALWAYS HIGH AS A KITE,laughing,speaker_count_3408_last,5,2.056731510840689
ex02_laughing_00058,ex02::SHE'S ALWAYS HIGH AS A KITE,laughing,emotion_3407,14,5.141828777101722
ex02_laughing_00058,ex02::SHE'S ALWAYS HIGH AS A KITE,laughing,emotion_3409,13,4.799040191961607
ex02_laughing_00058,ex02::SHE'S ALWAYS HIGH AS A KITE,laughing,intent_3408,25,8.912503213642985
ex02_laughing_00058,ex02::SHE'S ALWAYS HIGH AS A KITE,laughing,speaker_count_3408,24,8.56971462850287
ex02_laughing_00073,ex02::DELETED THE FIRST SECOND OR THIRD ONE,laughing,asr_3408,35,9.611213081928916
ex02_laughing_00073,ex02::DELETED THE FIRST SECOND OR THIRD ONE,laughing,emotion_3408,16,4.538628399799767
ex02_laughing_00073,ex02::DELETED THE FIRST SECOND OR THIRD ONE,laughing,intent_3408_last,22,6.140497246787919
ex02_laughing_00073,ex02::DELETED THE FIRST SECOND OR THIRD ONE,laughing,speaker_count_3408_last,9,2.6697814116469214
ex02_laughing_00073,ex02::DELETED THE FIRST SECOND OR THIRD ONE,laughing,emotion_3407,19,5.339562823293843
ex02_laughing_00073,ex02::DELETED THE FIRST SECOND OR THIRD ONE,laughing,emotion_3409,14,4.004672117470382
ex02_laughing_00073,ex02::DELETED THE FIRST SECOND OR THIRD ONE,laughing,intent_3408,35,9.611213081928916
ex02_laughing_00073,ex02::DELETED THE FIRST SECOND OR THIRD ONE,laughing,speaker_count_3408,33,9.077256799599533
ex02_laughing_00089,ex02::COMPARING AND CONTRASTING THE VARIOUS OFFENDER TYPES IS ILLUMINATING,laughing,asr_3408,63,9.670869339377626
ex02_laughing_00089,ex02::COMPARING AND CONTRASTING THE VARIOUS OFFENDER TYPES IS ILLUMINATING,laughing,emotion_3408,37,5.742078670255466
ex02_laughing_00089,ex02::COMPARING AND CONTRASTING THE VARIOUS OFFENDER TYPES IS ILLUMINATING,laughing,intent_3408_last,44,6.799830004249894
ex02_laughing_00089,ex02::COMPARING AND CONTRASTING THE VARIOUS OFFENDER TYPES IS ILLUMINATING,laughing,speaker_count_3408_last,16,2.568824668272182
ex02_laughing_00089,ex02::COMPARING AND CONTRASTING THE VARIOUS OFFENDER TYPES IS ILLUMINATING,laughing,emotion_3407,37,5.742078670255466
ex02_laughing_00089,ex02::COMPARING AND CONTRASTING THE VARIOUS OFFENDER TYPES IS ILLUMINATING,laughing,emotion_3409,31,4.835434669688813
ex02_laughing_00089,ex02::COMPARING AND CONTRASTING THE VARIOUS OFFENDER TYPES IS ILLUMINATING,laughing,intent_3408,63,9.670869339377626
ex02_laughing_00089,ex02::COMPARING AND CONTRASTING THE VARIOUS OFFENDER TYPES IS ILLUMINATING,laughing,speaker_count_3408,61,9.368654672522075
ex02_laughing_00096,ex02::WHAT'S WITH THE LOOK,laughing,asr_3408,15,9.187152341647229
ex02_laughing_00096,ex02::WHAT'S WITH THE LOOK,laughing,emotion_3408,8,5.167773192176566
ex02_laughing_00096,ex02::WHAT'S WITH THE LOOK,laughing,intent_3408_last,11,6.890364256235421
ex02_laughing_00096,ex02::WHAT'S WITH THE LOOK,laughing,speaker_count_3408_last,4,2.870985106764759
ex02_laughing_00096,ex02::WHAT'S WITH THE LOOK,laughing,emotion_3407,9,5.741970213529518
ex02_laughing_00096,ex02::WHAT'S WITH THE LOOK,laughing,emotion_3409,6,4.019379149470662
ex02_laughing_00096,ex02::WHAT'S WITH THE LOOK,laughing,intent_3408,15,9.187152341647229
ex02_laughing_00096,ex02::WHAT'S WITH THE LOOK,laughing,speaker_count_3408,14,8.612955320294276
ex02_laughing_00099,ex02::HE SAID OH BRIAN I KNOW YOU THINK YOU'RE SMART BUT IT'S DAVE BANNER,laughing,asr_3408,64,8.521447007251423
ex02_laughing_00099,ex02::HE SAID OH BRIAN I KNOW YOU THINK YOU'RE SMART BUT IT'S DAVE BANNER,laughing,emotion_3408,33,4.457372280716129
ex02_laughing_00099,ex02::HE SAID OH BRIAN I KNOW YOU THINK YOU'RE SMART BUT IT'S DAVE BANNER,laughing,intent_3408_last,43,5.768364127985579
ex02_laughing_00099,ex02::HE SAID OH BRIAN I KNOW YOU THINK YOU'RE SMART BUT IT'S DAVE BANNER,laughing,speaker_count_3408_last,15,2.0975869556311197
ex02_laughing_00099,ex02::HE SAID OH BRIAN I KNOW YOU THINK YOU'RE SMART BUT IT'S DAVE BANNER,laughing,emotion_3407,32,4.326273095989184
ex02_laughing_00099,ex02::HE SAID OH BRIAN I KNOW YOU THINK YOU'RE SMART BUT IT'S DAVE BANNER,laughing,emotion_3409,29,3.932975541808349
ex02_laughing_00099,ex02::HE SAID OH BRIAN I KNOW YOU THINK YOU'RE SMART BUT IT'S DAVE BANNER,laughing,intent_3408,64,8.521447007251423
ex02_laughing_00099,ex02::HE SAID OH BRIAN I KNOW YOU THINK YOU'RE SMART BUT IT'S DAVE BANNER,laughing,speaker_count_3408,61,8.128149453070588
ex02_laughing_00128,ex02::YOU TRASH HOTEL ROOMS IN YOUR SLEEP,laughing,asr_3408,34,9.175664826071996
ex02_laughing_00128,ex02::YOU TRASH HOTEL ROOMS IN YOUR SLEEP,laughing,emotion_3408,20,5.505398895643197
ex02_laughing_00128,ex02::YOU TRASH HOTEL ROOMS IN YOUR SLEEP,laughing,intent_3408_last,26,7.078370008684112
ex02_laughing_00128,ex02::YOU TRASH HOTEL ROOMS IN YOUR SLEEP,laughing,speaker_count_3408_last,10,2.883780373908342
ex02_laughing_00128,ex02::YOU TRASH HOTEL ROOMS IN YOUR SLEEP,laughing,emotion_3407,19,5.243237043469712
ex02_laughing_00128,ex02::YOU TRASH HOTEL ROOMS IN YOUR SLEEP,laughing,emotion_3409,17,4.718913339122741
ex02_laughing_00128,ex02::YOU TRASH HOTEL ROOMS IN YOUR SLEEP,laughing,intent_3408,34,9.175664826071996
ex02_laughing_00128,ex02::YOU TRASH HOTEL ROOMS IN YOUR SLEEP,laughing,speaker_count_3408,32,8.651341121725025
ex02_laughing_00150,ex02::HOW DO YOU SAY WELCOME IN JAPANESE,laughing,asr_3408,33,10.173548773189706
ex02_laughing_00150,ex02::HOW DO YOU SAY WELCOME IN JAPANESE,laughing,emotion_3408,14,4.488330341113106
ex02_laughing_00150,ex02::HOW DO YOU SAY WELCOME IN JAPANESE,laughing,intent_3408_last,23,7.1813285457809695
ex02_laughing_00150,ex02::HOW DO YOU SAY WELCOME IN JAPANESE,laughing,speaker_count_3408_last,9,2.9922202274087373
ex02_laughing_00150,ex02::HOW DO YOU SAY WELCOME IN JAPANESE,laughing,emotion_3407,17,5.385996409335727
ex02_laughing_00150,ex02::HOW DO YOU SAY WELCOME IN JAPANESE,laughing,emotion_3409,14,4.488330341113106
ex02_laughing_00150,ex02::HOW DO YOU SAY WELCOME IN JAPANESE,laughing,intent_3408,33,10.173548773189706
ex02_laughing_00150,ex02::HOW DO YOU SAY WELCOME IN JAPANESE,laughing,speaker_count_3408,30,9.275882704967085
ex02_laughing_00157,ex02::WEDDING MUSIC STOPS,laughing,asr_3408,23,8.33514217495116
ex02_laughing_00157,ex02::WEDDING MUSIC STOPS,laughing,emotion_3408,11,4.16757108747558
ex02_laughing_00157,ex02::WEDDING MUSIC STOPS,laughing,intent_3408_last,17,6.251356631213371
ex02_laughing_00157,ex02::WEDDING MUSIC STOPS,laughing,speaker_count_3408_last,6,2.4310831343607555
ex02_laughing_00157,ex02::WEDDING MUSIC STOPS,laughing,emotion_3407,13,4.862166268721511
ex02_laughing_00157,ex02::WEDDING MUSIC STOPS,laughing,emotion_3409,10,3.8202734968526157
ex02_laughing_00157,ex02::WEDDING MUSIC STOPS,laughing,intent_3408,23,8.33514217495116
ex02_laughing_00157,ex02::WEDDING MUSIC STOPS,laughing,speaker_count_3408,22,7.987844584328196
ex02_laughing_00233,ex02::DID SHE JUMP IN A CAB,laughing,asr_3408,23,10.570649929804278
ex02_laughing_00233,ex02::DID SHE JUMP IN A CAB,laughing,emotion_3408,10,4.844881217826961
ex02_laughing_00233,ex02::DID SHE JUMP IN A CAB,laughing,intent_3408_last,14,6.606656206127674
ex02_laughing_00233,ex02::DID SHE JUMP IN A CAB,laughing,speaker_count_3408_last,5,2.6426624824510694
ex02_laughing_00233,ex02::DID SHE JUMP IN A CAB,laughing,emotion_3407,12,5.7257687119773175
ex02_laughing_00233,ex02::DID SHE JUMP IN A CAB,laughing,emotion_3409,10,4.844881217826961
ex02_laughing_00233,ex02::DID SHE JUMP IN A CAB,laughing,intent_3408,23,10.570649929804278
ex02_laughing_00233,ex02::DID SHE JUMP IN A CAB,laughing,speaker_count_3408,21,9.689762435653922
ex02_laughing_00261,ex02::YACHT CLUB IN HALF AN HOUR,laughing,asr_3408,25,11.11229832247035
ex02_laughing_00261,ex02::YACHT CLUB IN HALF AN HOUR,laughing,emotion_3408,13,5.983545250560957
ex02_laughing_00261,ex02::YACHT CLUB IN HALF AN HOUR,laughing,intent_3408_last,16,7.265733518538306
ex02_laughing_00261,ex02::YACHT CLUB IN HALF AN HOUR,laughing,speaker_count_3408_last,6,2.9917726252804786
ex02_laughing_00261,ex02::YACHT CLUB IN HALF AN HOUR,laughing,emotion_3407,15,6.8383374292125225
ex02_laughing_00261,ex02::YACHT CLUB IN HALF AN HOUR,laughing,emotion_3409,13,5.983545250560957
ex02_laughing_00261,ex02::YACHT CLUB IN HALF AN HOUR,laughing,intent_3408,25,11.11229832247035
ex02_laughing_00261,ex02::YACHT CLUB IN HALF AN HOUR,laughing,speaker_count_3408,24,10.684902233144566
ex02_laughing_00326,ex02::KAYDA WAS HER NEUROSURGEON BUT NOW IT SEEMS LIKE JAKE'S MAKING ALL THE DECISIONS,laughing,asr_3408,61,10.36886830910098
ex02_laughing_00326,ex02::KAYDA WAS HER NEUROSURGEON BUT NOW IT SEEMS LIKE JAKE'S MAKING ALL THE DECISIONS,laughing,emotion_3408,35,6.020633211736054
ex02_laughing_00326,ex02::KAYDA WAS HER NEUROSURGEON BUT NOW IT SEEMS LIKE JAKE'S MAKING ALL THE DECISIONS,laughing,intent_3408_last,45,7.693031326107179
ex02_laughing_00326,ex02::KAYDA WAS HER NEUROSURGEON BUT NOW IT SEEMS LIKE JAKE'S MAKING ALL THE DECISIONS,laughing,speaker_count_3408_last,21,3.679275851616477
ex02_laughing_00326,ex02::KAYDA WAS HER NEUROSURGEON BUT NOW IT SEEMS LIKE JAKE'S MAKING ALL THE DECISIONS,laughing,emotion_3407,40,6.856832268921616
ex02_laughing_00326,ex02::KAYDA WAS HER NEUROSURGEON BUT NOW IT SEEMS LIKE JAKE'S MAKING ALL THE DECISIONS,laughing,emotion_3409,34,5.853393400298941
ex02_laughing_00326,ex02::KAYDA WAS HER NEUROSURGEON BUT NOW IT SEEMS LIKE JAKE'S MAKING ALL THE DECISIONS,laughing,intent_3408,61,10.36886830910098
ex02_laughing_00326,ex02::KAYDA WAS HER NEUROSURGEON BUT NOW IT SEEMS LIKE JAKE'S MAKING ALL THE DECISIONS,laughing,speaker_count_3408,58,9.867148874789644
ex02_laughing_00348,ex02::WHO'S MORE MISERABLE THAN HER,laughing,asr_3408,26,10.300183591235307
ex02_laughing_00348,ex02::WHO'S MORE MISERABLE THAN HER,laughing,emotion_3408,13,5.340835936196084
ex02_laughing_00348,ex02::WHO'S MORE MISERABLE THAN HER,laughing,intent_3408_last,21,8.39274218545099
ex02_laughing_00348,ex02::WHO'S MORE MISERABLE THAN HER,laughing,speaker_count_3408_last,5,2.288929686941179
ex02_laughing_00348,ex02::WHO'S MORE MISERABLE THAN HER,laughing,emotion_3407,16,6.485300779666674
ex02_laughing_00348,ex02::WHO'S MORE MISERABLE THAN HER,laughing,emotion_3409,13,5.340835936196084
ex02_laughing_00348,ex02::WHO'S MORE MISERABLE THAN HER,laughing,intent_3408,26,10.300183591235307
ex02_laughing_00348,ex02::WHO'S MORE MISERABLE THAN HER,laughing,speaker_count_3408,25,9.918695310078443
ex02_laughing_00355,ex02::GIVEN THE CIRCUMSTANCES ISN'T THIS A LITTLE UNORTHODOX,laughing,asr_3408,54,11.511996023128647
ex02_laughing_00355,ex02::GIVEN THE CIRCUMSTANCES ISN'T THIS A LITTLE UNORTHODOX,laughing,emotion_3408,27,5.860652520865493
ex02_laughing_00355,ex02::GIVEN THE CIRCUMSTANCES ISN'T THIS A LITTLE UNORTHODOX,laughing,intent_3408_last,33,7.116506632479528
ex02_laughing_00355,ex02::GIVEN THE CIRCUMSTANCES ISN'T THIS A LITTLE UNORTHODOX,laughing,speaker_count_3408_last,16,3.558253316239764
ex02_laughing_00355,ex02::GIVEN THE CIRCUMSTANCES ISN'T THIS A LITTLE UNORTHODOX,laughing,emotion_3407,28,6.069961539467832
ex02_laughing_00355,ex02::GIVEN THE CIRCUMSTANCES ISN'T THIS A LITTLE UNORTHODOX,laughing,emotion_3409,25,5.442034483660815
ex02_laughing_00355,ex02::GIVEN THE CIRCUMSTANCES ISN'T THIS A LITTLE UNORTHODOX,laughing,intent_3408,54,11.511996023128647
ex02_laughing_00355,ex02::GIVEN THE CIRCUMSTANCES ISN'T THIS A LITTLE UNORTHODOX,laughing,speaker_count_3408,50,10.674759948719291
ex02_sad_00028,ex02::WHAT DO YA THINK YOU'RE DOING,sad,asr_3408,21,7.886718049829719
ex02_sad_00028,ex02::WHAT DO YA THINK YOU'RE DOING,sad,emotion_3408,10,3.9433590249148596
ex02_sad_00028,ex02::WHAT DO YA THINK YOU'RE DOING,sad,intent_3408_last,15,5.735794945330705
ex02_sad_00028,ex02::WHAT DO YA THINK YOU'RE DOING,sad,speaker_count_3408_last,5,2.1509231044990145
ex02_sad_00028,ex02::WHAT DO YA THINK YOU'RE DOING,sad,emotion_3407,11,4.301846208998029
ex02_sad_00028,ex02::WHAT DO YA THINK YOU'RE DOING,sad,emotion_3409,11,4.301846208998029
ex02_sad_00028,ex02::WHAT DO YA THINK YOU'RE DOING,sad,intent_3408,21,7.886718049829719
ex02_sad_00028,ex02::WHAT DO YA THINK YOU'RE DOING,sad,speaker_count_3408,20,7.52823086574655
ex02_sad_00030,ex02::BUT WE ALL HAVE TO LOOK AT OURSELVES,sad,asr_3408,30,10.026278552658177
ex02_sad_00030,ex02::BUT WE ALL HAVE TO LOOK AT OURSELVES,sad,emotion_3408,19,6.468566808166566
ex02_sad_00030,ex02::BUT WE ALL HAVE TO LOOK AT OURSELVES,sad,intent_3408_last,22,7.438851829391551
ex02_sad_00030,ex02::BUT WE ALL HAVE TO LOOK AT OURSELVES,sad,speaker_count_3408_last,8,2.9108550636749544
ex02_sad_00030,ex02::BUT WE ALL HAVE TO LOOK AT OURSELVES,sad,emotion_3407,20,6.791995148574894
ex02_sad_00030,ex02::BUT WE ALL HAVE TO LOOK AT OURSELVES,sad,emotion_3409,17,5.821710127349909
ex02_sad_00030,ex02::BUT WE ALL HAVE TO LOOK AT OURSELVES,sad,intent_3408,30,10.026278552658177
ex02_sad_00030,ex02::BUT WE ALL HAVE TO LOOK AT OURSELVES,sad,speaker_count_3408,28,9.37942187184152
ex02_sad_00058,ex02::SHE'S ALWAYS HIGH AS A KITE,sad,asr_3408,24,9.792880575821378
ex02_sad_00058,ex02::SHE'S ALWAYS HIGH AS A KITE,sad,emotion_3408,10,4.308867453361406
ex02_sad_00058,ex02::SHE'S ALWAYS HIGH AS A KITE,sad,intent_3408_last,17,7.050874014591392
ex02_sad_00058,ex02::SHE'S ALWAYS HIGH AS A KITE,sad,speaker_count_3408_last,6,2.742006561229986
ex02_sad_00058,ex02::SHE'S ALWAYS HIGH AS A KITE,sad,emotion_3407,10,4.308867453361406
ex02_sad_00058,ex02::SHE'S ALWAYS HIGH AS A KITE,sad,emotion_3409,10,4.308867453361406
ex02_sad_00058,ex02::SHE'S ALWAYS HIGH AS A KITE,sad,intent_3408,24,9.792880575821378
ex02_sad_00058,ex02::SHE'S ALWAYS HIGH AS A KITE,sad,speaker_count_3408,21,8.617734906722813
ex02_sad_00073,ex02::DELETED THE FIRST SECOND OR THIRD ONE,sad,asr_3408,33,10.476245498488263
ex02_sad_00073,ex02::DELETED THE FIRST SECOND OR THIRD ONE,sad,emotion_3408,19,6.162497352051919
ex02_sad_00073,ex02::DELETED THE FIRST SECOND OR THIRD ONE,sad,intent_3408_last,22,7.086871954859707
ex02_sad_00073,ex02::DELETED THE FIRST SECOND OR THIRD ONE,sad,speaker_count_3408_last,8,2.7731238084233634
ex02_sad_00073,ex02::DELETED THE FIRST SECOND OR THIRD ONE,sad,emotion_3407,17,5.546247616846727
ex02_sad_00073,ex02::DELETED THE FIRST SECOND OR THIRD ONE,sad,emotion_3409,16,5.238122749244131
ex02_sad_00073,ex02::DELETED THE FIRST SECOND OR THIRD ONE,sad,intent_3408,33,10.476245498488263
ex02_sad_00073,ex02::DELETED THE FIRST SECOND OR THIRD ONE,sad,speaker_count_3408,32,10.168120630885667
ex02_sad_00089,ex02::COMPARING AND CONTRASTING THE VARIOUS OFFENDER TYPES IS ILLUMINATING,sad,asr_3408,58,11.856466421331591
ex02_sad_00089,ex02::COMPARING AND CONTRASTING THE VARIOUS OFFENDER TYPES IS ILLUMINATING,sad,emotion_3408,32,6.631582913626144
ex02_sad_00089,ex02::COMPARING AND CONTRASTING THE VARIOUS OFFENDER TYPES IS ILLUMINATING,sad,intent_3408_last,40,8.239239377535513
ex02_sad_00089,ex02::COMPARING AND CONTRASTING THE VARIOUS OFFENDER TYPES IS ILLUMINATING,sad,speaker_count_3408_last,15,3.215312927818737
ex02_sad_00089,ex02::COMPARING AND CONTRASTING THE VARIOUS OFFENDER TYPES IS ILLUMINATING,sad,emotion_3407,34,7.033497029603486
ex02_sad_00089,ex02::COMPARING AND CONTRASTING THE VARIOUS OFFENDER TYPES IS ILLUMINATING,sad,emotion_3409,29,6.028711739660132
ex02_sad_00089,ex02::COMPARING AND CONTRASTING THE VARIOUS OFFENDER TYPES IS ILLUMINATING,sad,intent_3408,58,11.856466421331591
ex02_sad_00089,ex02::COMPARING AND CONTRASTING THE VARIOUS OFFENDER TYPES IS ILLUMINATING,sad,speaker_count_3408,55,11.25359524736558
ex02_sad_00096,ex02::WHAT'S WITH THE LOOK,sad,asr_3408,15,9.377632880325287
ex02_sad_00096,ex02::WHAT'S WITH THE LOOK,sad,emotion_3408,7,4.688816440162643
ex02_sad_00096,ex02::WHAT'S WITH THE LOOK,sad,intent_3408_last,11,7.033224660243965
ex02_sad_00096,ex02::WHAT'S WITH THE LOOK,sad,speaker_count_3408_last,4,2.930510275101652
ex02_sad_00096,ex02::WHAT'S WITH THE LOOK,sad,emotion_3407,9,5.861020550203304
ex02_sad_00096,ex02::WHAT'S WITH THE LOOK,sad,emotion_3409,8,5.274918495182974
ex02_sad_00096,ex02::WHAT'S WITH THE LOOK,sad,intent_3408,15,9.377632880325287
ex02_sad_00096,ex02::WHAT'S WITH THE LOOK,sad,speaker_count_3408,15,9.377632880325287
ex02_sad_00099,ex02::HE SAID OH BRIAN I KNOW YOU THINK YOU'RE SMART BUT IT'S DAVE BANNER,sad,asr_3408,55,9.01481004507405
ex02_sad_00099,ex02::HE SAID OH BRIAN I KNOW YOU THINK YOU'RE SMART BUT IT'S DAVE BANNER,sad,emotion_3408,23,3.8634900193174504
ex02_sad_00099,ex02::HE SAID OH BRIAN I KNOW YOU THINK YOU'RE SMART BUT IT'S DAVE BANNER,sad,intent_3408_last,35,5.795235028976175
ex02_sad_00099,ex02::HE SAID OH BRIAN I KNOW YOU THINK YOU'RE SMART BUT IT'S DAVE BANNER,sad,speaker_count_3408_last,14,2.4146812620734064
ex02_sad_00099,ex02::HE SAID OH BRIAN I KNOW YOU THINK YOU'RE SMART BUT IT'S DAVE BANNER,sad,emotion_3407,29,4.829362524146813
ex02_sad_00099,ex02::HE SAID OH BRIAN I KNOW YOU THINK YOU'RE SMART BUT IT'S DAVE BANNER,sad,emotion_3409,22,3.7025112685125565
ex02_sad_00099,ex02::HE SAID OH BRIAN I KNOW YOU THINK YOU'RE SMART BUT IT'S DAVE BANNER,sad,intent_3408,55,9.01481004507405
ex02_sad_00099,ex02::HE SAID OH BRIAN I KNOW YOU THINK YOU'RE SMART BUT IT'S DAVE BANNER,sad,speaker_count_3408,53,8.692852543464262
ex02_sad_00128,ex02::YOU TRASH HOTEL ROOMS IN YOUR SLEEP,sad,asr_3408,29,10.370754472387867
ex02_sad_00128,ex02::YOU TRASH HOTEL ROOMS IN YOUR SLEEP,sad,emotion_3408,15,5.531069051940196
ex02_sad_00128,ex02::YOU TRASH HOTEL ROOMS IN YOUR SLEEP,sad,intent_3408_last,20,7.259528130671507
ex02_sad_00128,ex02::YOU TRASH HOTEL ROOMS IN YOUR SLEEP,sad,speaker_count_3408_last,7,2.765534525970098
ex02_sad_00128,ex02::YOU TRASH HOTEL ROOMS IN YOUR SLEEP,sad,emotion_3407,17,6.22245268343272
ex02_sad_00128,ex02::YOU TRASH HOTEL ROOMS IN YOUR SLEEP,sad,emotion_3409,13,4.839685420447671
ex02_sad_00128,ex02::YOU TRASH HOTEL ROOMS IN YOUR SLEEP,sad,intent_3408,29,10.370754472387867
ex02_sad_00128,ex02::YOU TRASH HOTEL ROOMS IN YOUR SLEEP,sad,speaker_count_3408,26,9.33367902514908
ex02_sad_00150,ex02::HOW DO YOU SAY WELCOME IN JAPANESE,sad,asr_3408,29,11.464876871999428
ex02_sad_00150,ex02::HOW DO YOU SAY WELCOME IN JAPANESE,sad,emotion_3408,15,6.114600998399695
ex02_sad_00150,ex02::HOW DO YOU SAY WELCOME IN JAPANESE,sad,intent_3408_last,21,8.40757637279958
ex02_sad_00150,ex02::HOW DO YOU SAY WELCOME IN JAPANESE,sad,speaker_count_3408_last,8,3.4394630615998283
ex02_sad_00150,ex02::HOW DO YOU SAY WELCOME IN JAPANESE,sad,emotion_3407,16,6.496763560799676
ex02_sad_00150,ex02::HOW DO YOU SAY WELCOME IN JAPANESE,sad,emotion_3409,13,5.350275873599733
ex02_sad_00150,ex02::HOW DO YOU SAY WELCOME IN JAPANESE,sad,intent_3408,29,11.464876871999428
ex02_sad_00150,ex02::HOW DO YOU SAY WELCOME IN JAPANESE,sad,speaker_count_3408,28,11.082714309599446
ex02_sad_00157,ex02::WEDDING MUSIC STOPS,sad,asr_3408,17,8.720930232558139
ex02_sad_00157,ex02::WEDDING MUSIC STOPS,sad,emotion_3408,9,4.844961240310077
ex02_sad_00157,ex02::WEDDING MUSIC STOPS,sad,intent_3408_last,15,7.751937984496124
ex02_sad_00157,ex02::WEDDING MUSIC STOPS,sad,speaker_count_3408_last,5,2.9069767441860463
ex02_sad_00157,ex02::WEDDING MUSIC STOPS,sad,emotion_3407,11,5.813953488372093
ex02_sad_00157,ex02::WEDDING MUSIC STOPS,sad,emotion_3409,8,4.3604651162790695
ex02_sad_00157,ex02::WEDDING MUSIC STOPS,sad,intent_3408,17,8.720930232558139
ex02_sad_00157,ex02::WEDDING MUSIC STOPS,sad,speaker_count_3408,17,8.720930232558139
ex02_sad_00233,ex02::DID SHE JUMP IN A CAB,sad,asr_3408,18,10.508486294030213
ex02_sad_00233,ex02::DID SHE JUMP IN A CAB,sad,emotion_3408,8,4.9777040340143115
ex02_sad_00233,ex02::DID SHE JUMP IN A CAB,sad,intent_3408_last,13,7.743095164022262
ex02_sad_00233,ex02::DID SHE JUMP IN A CAB,sad,speaker_count_3408_last,6,3.871547582011131
ex02_sad_00233,ex02::DID SHE JUMP IN A CAB,sad,emotion_3407,10,6.083860486017492
ex02_sad_00233,ex02::DID SHE JUMP IN A CAB,sad,emotion_3409,8,4.9777040340143115
ex02_sad_00233,ex02::DID SHE JUMP IN A CAB,sad,intent_3408,18,10.508486294030213
ex02_sad_00233,ex02::DID SHE JUMP IN A CAB,sad,speaker_count_3408,17,9.955408068028623
ex02_sad_00261,ex02::YACHT CLUB IN HALF AN HOUR,sad,asr_3408,19,8.936550491510276
ex02_sad_00261,ex02::YACHT CLUB IN HALF AN HOUR,sad,emotion_3408,11,5.361930294906166
ex02_sad_00261,ex02::YACHT CLUB IN HALF AN HOUR,sad,intent_3408_last,13,6.255585344057194
ex02_sad_00261,ex02::YACHT CLUB IN HALF AN HOUR,sad,speaker_count_3408_last,6,3.127792672028597
ex02_sad_00261,ex02::YACHT CLUB IN HALF AN HOUR,sad,emotion_3407,12,5.80875781948168
ex02_sad_00261,ex02::YACHT CLUB IN HALF AN HOUR,sad,emotion_3409,10,4.915102770330653
ex02_sad_00261,ex02::YACHT CLUB IN HALF AN HOUR,sad,intent_3408,19,8.936550491510276
ex02_sad_00261,ex02::YACHT CLUB IN HALF AN HOUR,sad,speaker_count_3408,19,8.936550491510276
ex02_sad_00326,ex02::KAYDA WAS HER NEUROSURGEON BUT NOW IT SEEMS LIKE JAKE'S MAKING ALL THE DECISIONS,sad,asr_3408,58,11.871227364185112
ex02_sad_00326,ex02::KAYDA WAS HER NEUROSURGEON BUT NOW IT SEEMS LIKE JAKE'S MAKING ALL THE DECISIONS,sad,emotion_3408,30,6.237424547283703
ex02_sad_00326,ex02::KAYDA WAS HER NEUROSURGEON BUT NOW IT SEEMS LIKE JAKE'S MAKING ALL THE DECISIONS,sad,intent_3408_last,39,8.048289738430585
ex02_sad_00326,ex02::KAYDA WAS HER NEUROSURGEON BUT NOW IT SEEMS LIKE JAKE'S MAKING ALL THE DECISIONS,sad,speaker_count_3408_last,18,3.8229376257545273
ex02_sad_00326,ex02::KAYDA WAS HER NEUROSURGEON BUT NOW IT SEEMS LIKE JAKE'S MAKING ALL THE DECISIONS,sad,emotion_3407,33,6.841046277665996
ex02_sad_00326,ex02::KAYDA WAS HER NEUROSURGEON BUT NOW IT SEEMS LIKE JAKE'S MAKING ALL THE DECISIONS,sad,emotion_3409,29,6.036217303822938
ex02_sad_00326,ex02::KAYDA WAS HER NEUROSURGEON BUT NOW IT SEEMS LIKE JAKE'S MAKING ALL THE DECISIONS,sad,intent_3408,58,11.871227364185112
ex02_sad_00326,ex02::KAYDA WAS HER NEUROSURGEON BUT NOW IT SEEMS LIKE JAKE'S MAKING ALL THE DECISIONS,sad,speaker_count_3408,55,11.267605633802818
ex02_sad_00348,ex02::WHO'S MORE MISERABLE THAN HER,sad,asr_3408,20,10.197268588770864
ex02_sad_00348,ex02::WHO'S MORE MISERABLE THAN HER,sad,emotion_3408,9,4.855842185128983
ex02_sad_00348,ex02::WHO'S MORE MISERABLE THAN HER,sad,intent_3408_last,14,7.283763277693474
ex02_sad_00348,ex02::WHO'S MORE MISERABLE THAN HER,sad,speaker_count_3408_last,5,2.91350531107739
ex02_sad_00348,ex02::WHO'S MORE MISERABLE THAN HER,sad,emotion_3407,11,5.82701062215478
ex02_sad_00348,ex02::WHO'S MORE MISERABLE THAN HER,sad,emotion_3409,9,4.855842185128983
ex02_sad_00348,ex02::WHO'S MORE MISERABLE THAN HER,sad,intent_3408,20,10.197268588770864
ex02_sad_00348,ex02::WHO'S MORE MISERABLE THAN HER,sad,speaker_count_3408,20,10.197268588770864
ex02_sad_00355,ex02::GIVEN THE CIRCUMSTANCES ISN'T THIS A LITTLE UNORTHODOX,sad,asr_3408,51,12.720740004586805
ex02_sad_00355,ex02::GIVEN THE CIRCUMSTANCES ISN'T THIS A LITTLE UNORTHODOX,sad,emotion_3408,24,6.11574038682058
ex02_sad_00355,ex02::GIVEN THE CIRCUMSTANCES ISN'T THIS A LITTLE UNORTHODOX,sad,intent_3408_last,29,7.338888464184695
ex02_sad_00355,ex02::GIVEN THE CIRCUMSTANCES ISN'T THIS A LITTLE UNORTHODOX,sad,speaker_count_3408_last,14,3.6694442320923475
ex02_sad_00355,ex02::GIVEN THE CIRCUMSTANCES ISN'T THIS A LITTLE UNORTHODOX,sad,emotion_3407,24,6.11574038682058
ex02_sad_00355,ex02::GIVEN THE CIRCUMSTANCES ISN'T THIS A LITTLE UNORTHODOX,sad,emotion_3409,23,5.871110771347756
ex02_sad_00355,ex02::GIVEN THE CIRCUMSTANCES ISN'T THIS A LITTLE UNORTHODOX,sad,intent_3408,50,12.476110389113982
ex02_sad_00355,ex02::GIVEN THE CIRCUMSTANCES ISN'T THIS A LITTLE UNORTHODOX,sad,speaker_count_3408,48,11.986851158168335
ex02_whisper_00028,ex02::WHAT DO YA THINK YOU'RE DOING,whisper,asr_3408,20,9.673518742442562
ex02_whisper_00028,ex02::WHAT DO YA THINK YOU'RE DOING,whisper,emotion_3408,9,4.60643749640122
ex02_whisper_00028,ex02::WHAT DO YA THINK YOU'RE DOING,whisper,intent_3408_last,14,6.90965624460183
ex02_whisper_00028,ex02::WHAT DO YA THINK YOU'RE DOING,whisper,speaker_count_3408_last,4,2.30321874820061
ex02_whisper_00028,ex02::WHAT DO YA THINK YOU'RE DOING,whisper,emotion_3407,10,5.067081246041343
ex02_whisper_00028,ex02::WHAT DO YA THINK YOU'RE DOING,whisper,emotion_3409,9,4.60643749640122
ex02_whisper_00028,ex02::WHAT DO YA THINK YOU'RE DOING,whisper,intent_3408,20,9.673518742442562
ex02_whisper_00028,ex02::WHAT DO YA THINK YOU'RE DOING,whisper,speaker_count_3408,18,8.752231243162319
ex02_whisper_00030,ex02::BUT WE ALL HAVE TO LOOK AT OURSELVES,whisper,asr_3408,28,11.703871862782192
ex02_whisper_00030,ex02::BUT WE ALL HAVE TO LOOK AT OURSELVES,whisper,emotion_3408,17,7.264472190692395
ex02_whisper_00030,ex02::BUT WE ALL HAVE TO LOOK AT OURSELVES,whisper,intent_3408_last,20,8.475217555807793
ex02_whisper_00030,ex02::BUT WE ALL HAVE TO LOOK AT OURSELVES,whisper,speaker_count_3408_last,7,3.2286543069743976
ex02_whisper_00030,ex02::BUT WE ALL HAVE TO LOOK AT OURSELVES,whisper,emotion_3407,18,7.668053979064194
ex02_whisper_00030,ex02::BUT WE ALL HAVE TO LOOK AT OURSELVES,whisper,emotion_3409,17,7.264472190692395
ex02_whisper_00030,ex02::BUT WE ALL HAVE TO LOOK AT OURSELVES,whisper,intent_3408,28,11.703871862782192
ex02_whisper_00030,ex02::BUT WE ALL HAVE TO LOOK AT OURSELVES,whisper,speaker_count_3408,27,11.300290074410391
ex02_whisper_00058,ex02::SHE'S ALWAYS HIGH AS A KITE,whisper,asr_3408,25,10.702065807414266
ex02_whisper_00058,ex02::SHE'S ALWAYS HIGH AS A KITE,whisper,emotion_3408,12,5.351032903707133
ex02_whisper_00058,ex02::SHE'S ALWAYS HIGH AS A KITE,whisper,intent_3408_last,17,7.409122482056031
ex02_whisper_00058,ex02::SHE'S ALWAYS HIGH AS A KITE,whisper,speaker_count_3408_last,7,3.292943325358236
ex02_whisper_00058,ex02::SHE'S ALWAYS HIGH AS A KITE,whisper,emotion_3407,14,6.1742687350466925
ex02_whisper_00058,ex02::SHE'S ALWAYS HIGH AS A KITE,whisper,emotion_3409,10,4.527797072367575
ex02_whisper_00058,ex02::SHE'S ALWAYS HIGH AS A KITE,whisper,intent_3408,25,10.702065807414266
ex02_whisper_00058,ex02::SHE'S ALWAYS HIGH AS A KITE,whisper,speaker_count_3408,23,9.878829976074709
ex02_whisper_00073,ex02::DELETED THE FIRST SECOND OR THIRD ONE,whisper,asr_3408,33,11.875395664607392
ex02_whisper_00073,ex02::DELETED THE FIRST SECOND OR THIRD ONE,whisper,emotion_3408,17,6.286974175380384
ex02_whisper_00073,ex02::DELETED THE FIRST SECOND OR THIRD ONE,whisper,intent_3408_last,25,9.081184919993888
ex02_whisper_00073,ex02::DELETED THE FIRST SECOND OR THIRD ONE,whisper,speaker_count_3408_last,9,3.49276343076688
ex02_whisper_00073,ex02::DELETED THE FIRST SECOND OR THIRD ONE,whisper,emotion_3407,16,5.937697832303696
ex02_whisper_00073,ex02::DELETED THE FIRST SECOND OR THIRD ONE,whisper,emotion_3409,13,4.889868803073632
ex02_whisper_00073,ex02::DELETED THE FIRST SECOND OR THIRD ONE,whisper,intent_3408,33,11.875395664607392
ex02_whisper_00073,ex02::DELETED THE FIRST SECOND OR THIRD ONE,whisper,speaker_count_3408,31,11.176842978454015
ex02_whisper_00089,ex02::COMPARING AND CONTRASTING THE VARIOUS OFFENDER TYPES IS ILLUMINATING,whisper,asr_3408,56,12.336827866080487
ex02_whisper_00089,ex02::COMPARING AND CONTRASTING THE VARIOUS OFFENDER TYPES IS ILLUMINATING,whisper,emotion_3408,34,7.575245180926615
ex02_whisper_00089,ex02::COMPARING AND CONTRASTING THE VARIOUS OFFENDER TYPES IS ILLUMINATING,whisper,intent_3408_last,42,9.306729793709842
ex02_whisper_00089,ex02::COMPARING AND CONTRASTING THE VARIOUS OFFENDER TYPES IS ILLUMINATING,whisper,speaker_count_3408_last,16,3.6794048021643557
ex02_whisper_00089,ex02::COMPARING AND CONTRASTING THE VARIOUS OFFENDER TYPES IS ILLUMINATING,whisper,emotion_3407,33,7.3588096043287115
ex02_whisper_00089,ex02::COMPARING AND CONTRASTING THE VARIOUS OFFENDER TYPES IS ILLUMINATING,whisper,emotion_3409,33,7.3588096043287115
ex02_whisper_00089,ex02::COMPARING AND CONTRASTING THE VARIOUS OFFENDER TYPES IS ILLUMINATING,whisper,intent_3408,56,12.336827866080487
ex02_whisper_00089,ex02::COMPARING AND CONTRASTING THE VARIOUS OFFENDER TYPES IS ILLUMINATING,whisper,speaker_count_3408,53,11.687521136286778
ex02_whisper_00096,ex02::WHAT'S WITH THE LOOK,whisper,asr_3408,16,11.658808401200172
ex02_whisper_00096,ex02::WHAT'S WITH THE LOOK,whisper,emotion_3408,6,4.8006858122588945
ex02_whisper_00096,ex02::WHAT'S WITH THE LOOK,whisper,intent_3408_last,10,7.543934847835406
ex02_whisper_00096,ex02::WHAT'S WITH THE LOOK,whisper,speaker_count_3408_last,4,3.429061294470639
ex02_whisper_00096,ex02::WHAT'S WITH THE LOOK,whisper,emotion_3407,8,6.17231033004715
ex02_whisper_00096,ex02::WHAT'S WITH THE LOOK,whisper,emotion_3409,7,5.486498071153022
ex02_whisper_00096,ex02::WHAT'S WITH THE LOOK,whisper,intent_3408,16,11.658808401200172
ex02_whisper_00096,ex02::WHAT'S WITH THE LOOK,whisper,speaker_count_3408,15,10.972996142306044
ex02_whisper_00099,ex02::HE SAID OH BRIAN I KNOW YOU THINK YOU'RE SMART BUT IT'S DAVE BANNER,whisper,asr_3408,55,10.387803605588083
ex02_whisper_00099,ex02::HE SAID OH BRIAN I KNOW YOU THINK YOU'RE SMART BUT IT'S DAVE BANNER,whisper,emotion_3408,24,4.637412323923251
ex02_whisper_00099,ex02::HE SAID OH BRIAN I KNOW YOU THINK YOU'RE SMART BUT IT'S DAVE BANNER,whisper,intent_3408_last,33,6.306880760535622
ex02_whisper_00099,ex02::HE SAID OH BRIAN I KNOW YOU THINK YOU'RE SMART BUT IT'S DAVE BANNER,whisper,speaker_count_3408_last,16,3.153440380267811
ex02_whisper_00099,ex02::HE SAID OH BRIAN I KNOW YOU THINK YOU'RE SMART BUT IT'S DAVE BANNER,whisper,emotion_3407,29,5.564894788707901
ex02_whisper_00099,ex02::HE SAID OH BRIAN I KNOW YOU THINK YOU'RE SMART BUT IT'S DAVE BANNER,whisper,emotion_3409,23,4.451915830966321
ex02_whisper_00099,ex02::HE SAID OH BRIAN I KNOW YOU THINK YOU'RE SMART BUT IT'S DAVE BANNER,whisper,intent_3408,54,10.202307112631152
ex02_whisper_00099,ex02::HE SAID OH BRIAN I KNOW YOU THINK YOU'RE SMART BUT IT'S DAVE BANNER,whisper,speaker_count_3408,50,9.460321140803432
ex02_whisper_00128,ex02::YOU TRASH HOTEL ROOMS IN YOUR SLEEP,whisper,asr_3408,30,10.257046549620531
ex02_whisper_00128,ex02::YOU TRASH HOTEL ROOMS IN YOUR SLEEP,whisper,emotion_3408,17,5.95570444816676
ex02_whisper_00128,ex02::YOU TRASH HOTEL ROOMS IN YOUR SLEEP,whisper,intent_3408_last,22,7.6100667948797485
ex02_whisper_00128,ex02::YOU TRASH HOTEL ROOMS IN YOUR SLEEP,whisper,speaker_count_3408_last,8,2.97785222408338
ex02_whisper_00128,ex02::YOU TRASH HOTEL ROOMS IN YOUR SLEEP,whisper,emotion_3407,18,6.2865769175093575
ex02_whisper_00128,ex02::YOU TRASH HOTEL ROOMS IN YOUR SLEEP,whisper,emotion_3409,16,5.624831978824162
ex02_whisper_00128,ex02::YOU TRASH HOTEL ROOMS IN YOUR SLEEP,whisper,intent_3408,30,10.257046549620531
ex02_whisper_00128,ex02::YOU TRASH HOTEL ROOMS IN YOUR SLEEP,whisper,speaker_count_3408,30,10.257046549620531
ex02_whisper_00150,ex02::HOW DO YOU SAY WELCOME IN JAPANESE,whisper,asr_3408,31,11.11111111111111
ex02_whisper_00150,ex02::HOW DO YOU SAY WELCOME IN JAPANESE,whisper,emotion_3408,16,5.902777777777778
ex02_whisper_00150,ex02::HOW DO YOU SAY WELCOME IN JAPANESE,whisper,intent_3408_last,21,7.638888888888889
ex02_whisper_00150,ex02::HOW DO YOU SAY WELCOME IN JAPANESE,whisper,speaker_count_3408_last,9,3.4722222222222223
ex02_whisper_00150,ex02::HOW DO YOU SAY WELCOME IN JAPANESE,whisper,emotion_3407,18,6.597222222222222
ex02_whisper_00150,ex02::HOW DO YOU SAY WELCOME IN JAPANESE,whisper,emotion_3409,17,6.25
ex02_whisper_00150,ex02::HOW DO YOU SAY WELCOME IN JAPANESE,whisper,intent_3408,31,11.11111111111111
ex02_whisper_00150,ex02::HOW DO YOU SAY WELCOME IN JAPANESE,whisper,speaker_count_3408,28,10.069444444444445
ex02_whisper_00157,ex02::WEDDING MUSIC STOPS,whisper,asr_3408,18,10.256064235349685
ex02_whisper_00157,ex02::WEDDING MUSIC STOPS,whisper,emotion_3408,9,5.397928544920887
ex02_whisper_00157,ex02::WEDDING MUSIC STOPS,whisper,intent_3408_last,15,8.636685671873419
ex02_whisper_00157,ex02::WEDDING MUSIC STOPS,whisper,speaker_count_3408_last,5,3.238757126952532
ex02_whisper_00157,ex02::WEDDING MUSIC STOPS,whisper,emotion_3407,11,6.477514253905064
ex02_whisper_00157,ex02::WEDDING MUSIC STOPS,whisper,emotion_3409,9,5.397928544920887
ex02_whisper_00157,ex02::WEDDING MUSIC STOPS,whisper,intent_3408,18,10.256064235349685
ex02_whisper_00157,ex02::WEDDING MUSIC STOPS,whisper,speaker_count_3408,17,9.716271380857597
ex02_whisper_00233,ex02::DID SHE JUMP IN A CAB,whisper,asr_3408,20,11.031946678924385
ex02_whisper_00233,ex02::DID SHE JUMP IN A CAB,whisper,emotion_3408,9,5.253307942344946
ex02_whisper_00233,ex02::DID SHE JUMP IN A CAB,whisper,intent_3408_last,13,7.3546311192829235
ex02_whisper_00233,ex02::DID SHE JUMP IN A CAB,whisper,speaker_count_3408_last,6,3.6773155596414617
ex02_whisper_00233,ex02::DID SHE JUMP IN A CAB,whisper,emotion_3407,11,6.3039695308139345
ex02_whisper_00233,ex02::DID SHE JUMP IN A CAB,whisper,emotion_3409,9,5.253307942344946
ex02_whisper_00233,ex02::DID SHE JUMP IN A CAB,whisper,intent_3408,20,11.031946678924385
ex02_whisper_00233,ex02::DID SHE JUMP IN A CAB,whisper,speaker_count_3408,18,9.981285090455396
ex02_whisper_00261,ex02::YACHT CLUB IN HALF AN HOUR,whisper,asr_3408,19,10.561404666820687
ex02_whisper_00261,ex02::YACHT CLUB IN HALF AN HOUR,whisper,emotion_3408,9,5.280702333410344
ex02_whisper_00261,ex02::YACHT CLUB IN HALF AN HOUR,whisper,intent_3408_last,16,8.977193966797584
ex02_whisper_00261,ex02::YACHT CLUB IN HALF AN HOUR,whisper,speaker_count_3408_last,6,3.6964916333872404
ex02_whisper_00261,ex02::YACHT CLUB IN HALF AN HOUR,whisper,emotion_3407,12,6.864913033433447
ex02_whisper_00261,ex02::YACHT CLUB IN HALF AN HOUR,whisper,emotion_3409,9,5.280702333410344
ex02_whisper_00261,ex02::YACHT CLUB IN HALF AN HOUR,whisper,intent_3408,19,10.561404666820687
ex02_whisper_00261,ex02::YACHT CLUB IN HALF AN HOUR,whisper,speaker_count_3408,18,10.033334433479652
ex02_whisper_00326,ex02::KAYDA WAS HER NEUROSURGEON BUT NOW IT SEEMS LIKE JAKE'S MAKING ALL THE DECISIONS,whisper,asr_3408,59,10.848315685986464
ex02_whisper_00326,ex02::KAYDA WAS HER NEUROSURGEON BUT NOW IT SEEMS LIKE JAKE'S MAKING ALL THE DECISIONS,whisper,emotion_3408,31,5.785768365859447
ex02_whisper_00326,ex02::KAYDA WAS HER NEUROSURGEON BUT NOW IT SEEMS LIKE JAKE'S MAKING ALL THE DECISIONS,whisper,intent_3408_last,44,8.136236764489848
ex02_whisper_00326,ex02::KAYDA WAS HER NEUROSURGEON BUT NOW IT SEEMS LIKE JAKE'S MAKING ALL THE DECISIONS,whisper,speaker_count_3408_last,18,3.4352999672290467
ex02_whisper_00326,ex02::KAYDA WAS HER NEUROSURGEON BUT NOW IT SEEMS LIKE JAKE'S MAKING ALL THE DECISIONS,whisper,emotion_3407,38,7.051405195891201
ex02_whisper_00326,ex02::KAYDA WAS HER NEUROSURGEON BUT NOW IT SEEMS LIKE JAKE'S MAKING ALL THE DECISIONS,whisper,emotion_3409,30,5.604963104426339
ex02_whisper_00326,ex02::KAYDA WAS HER NEUROSURGEON BUT NOW IT SEEMS LIKE JAKE'S MAKING ALL THE DECISIONS,whisper,intent_3408,59,10.848315685986464
ex02_whisper_00326,ex02::KAYDA WAS HER NEUROSURGEON BUT NOW IT SEEMS LIKE JAKE'S MAKING ALL THE DECISIONS,whisper,speaker_count_3408,58,10.667510424553354
ex02_whisper_00348,ex02::WHO'S MORE MISERABLE THAN HER,whisper,asr_3408,24,10.776733033380932
ex02_whisper_00348,ex02::WHO'S MORE MISERABLE THAN HER,whisper,emotion_3408,10,4.74176253468761
ex02_whisper_00348,ex02::WHO'S MORE MISERABLE THAN HER,whisper,intent_3408_last,17,7.759247784034271
ex02_whisper_00348,ex02::WHO'S MORE MISERABLE THAN HER,whisper,speaker_count_3408_last,7,3.448554570681898
ex02_whisper_00348,ex02::WHO'S MORE MISERABLE THAN HER,whisper,emotion_3407,13,6.034970498693322
ex02_whisper_00348,ex02::WHO'S MORE MISERABLE THAN HER,whisper,emotion_3409,12,5.603901177358084
ex02_whisper_00348,ex02::WHO'S MORE MISERABLE THAN HER,whisper,intent_3408,24,10.776733033380932
ex02_whisper_00348,ex02::WHO'S MORE MISERABLE THAN HER,whisper,speaker_count_3408,24,10.776733033380932
ex02_whisper_00355,ex02::GIVEN THE CIRCUMSTANCES ISN'T THIS A LITTLE UNORTHODOX,whisper,asr_3408,53,12.298582246768776
ex02_whisper_00355,ex02::GIVEN THE CIRCUMSTANCES ISN'T THIS A LITTLE UNORTHODOX,whisper,emotion_3408,28,6.60479416956101
ex02_whisper_00355,ex02::GIVEN THE CIRCUMSTANCES ISN'T THIS A LITTLE UNORTHODOX,whisper,intent_3408_last,34,7.9713033080908735
ex02_whisper_00355,ex02::GIVEN THE CIRCUMSTANCES ISN'T THIS A LITTLE UNORTHODOX,whisper,speaker_count_3408_last,17,4.099527415589592
ex02_whisper_00355,ex02::GIVEN THE CIRCUMSTANCES ISN'T THIS A LITTLE UNORTHODOX,whisper,emotion_3407,31,7.288048738825942
ex02_whisper_00355,ex02::GIVEN THE CIRCUMSTANCES ISN'T THIS A LITTLE UNORTHODOX,whisper,emotion_3409,25,5.921539600296077
ex02_whisper_00355,ex02::GIVEN THE CIRCUMSTANCES ISN'T THIS A LITTLE UNORTHODOX,whisper,intent_3408,53,12.298582246768776
ex02_whisper_00355,ex02::GIVEN THE CIRCUMSTANCES ISN'T THIS A LITTLE UNORTHODOX,whisper,speaker_count_3408,48,11.159824631327222
ex03_confused_00010,ex03::IS THAT SUCCESS,confused,asr_3408,17,7.941322450780346
ex03_confused_00010,ex03::IS THAT SUCCESS,confused,emotion_3408,6,3.088292064192357
ex03_confused_00010,ex03::IS THAT SUCCESS,confused,intent_3408_last,11,5.294214967186897
ex03_confused_00010,ex03::IS THAT SUCCESS,confused,speaker_count_3408_last,5,2.6471074835934485
ex03_confused_00010,ex03::IS THAT SUCCESS,confused,emotion_3407,7,3.5294766447912647
ex03_confused_00010,ex03::IS THAT SUCCESS,confused,emotion_3409,6,3.088292064192357
ex03_confused_00010,ex03::IS THAT SUCCESS,confused,intent_3408,17,7.941322450780346
ex03_confused_00010,ex03::IS THAT SUCCESS,confused,speaker_count_3408,16,7.500137870181438
ex03_confused_00014,ex03::IS IT THE SHAPE OF THINGS TO COME,confused,asr_3408,27,10.763797121645323
ex03_confused_00014,ex03::IS IT THE SHAPE OF THINGS TO COME,confused,emotion_3408,10,4.22863458350352
ex03_confused_00014,ex03::IS IT THE SHAPE OF THINGS TO COME,confused,intent_3408_last,17,6.91958386391485
ex03_confused_00014,ex03::IS IT THE SHAPE OF THINGS TO COME,confused,speaker_count_3408_last,6,2.690949280411331
ex03_confused_00014,ex03::IS IT THE SHAPE OF THINGS TO COME,confused,emotion_3407,11,4.613055909276567
ex03_confused_00014,ex03::IS IT THE SHAPE OF THINGS TO COME,confused,emotion_3409,10,4.22863458350352
ex03_confused_00014,ex03::IS IT THE SHAPE OF THINGS TO COME,confused,intent_3408,27,10.763797121645323
ex03_confused_00014,ex03::IS IT THE SHAPE OF THINGS TO COME,confused,speaker_count_3408,25,9.994954470099229
ex03_confused_00037,ex03::THE VACANCIES ARE IN SUPPORT SERVICES AND ARTS,confused,asr_3408,42,10.26452026795172
ex03_confused_00037,ex03::THE VACANCIES ARE IN SUPPORT SERVICES AND ARTS,confused,emotion_3408,23,5.7290345681591
ex03_confused_00037,ex03::THE VACANCIES ARE IN SUPPORT SERVICES AND ARTS,confused,intent_3408_last,29,7.161293210198875
ex03_confused_00037,ex03::THE VACANCIES ARE IN SUPPORT SERVICES AND ARTS,confused,speaker_count_3408_last,12,3.103227057752846
ex03_confused_00037,ex03::THE VACANCIES ARE IN SUPPORT SERVICES AND ARTS,confused,emotion_3407,22,5.4903247944858045
ex03_confused_00037,ex03::THE VACANCIES ARE IN SUPPORT SERVICES AND ARTS,confused,emotion_3409,21,5.251615020812508
ex03_confused_00037,ex03::THE VACANCIES ARE IN SUPPORT SERVICES AND ARTS,confused,intent_3408,42,10.26452026795172
ex03_confused_00037,ex03::THE VACANCIES ARE IN SUPPORT SERVICES AND ARTS,confused,speaker_count_3408,38,9.309681173258538
ex03_confused_00040,ex03::HOW ARE YOU SIR,confused,asr_3408,12,6.637097546188455
ex03_confused_00040,ex03::HOW ARE YOU SIR,confused,emotion_3408,5,3.063275790548518
ex03_confused_00040,ex03::HOW ARE YOU SIR,confused,intent_3408_last,9,5.105459650914197
ex03_confused_00040,ex03::HOW ARE YOU SIR,confused,speaker_count_3408_last,4,2.5527298254570985
ex03_confused_00040,ex03::HOW ARE YOU SIR,confused,emotion_3407,6,3.5738217556399374
ex03_confused_00040,ex03::HOW ARE YOU SIR,confused,emotion_3409,5,3.063275790548518
ex03_confused_00040,ex03::HOW ARE YOU SIR,confused,intent_3408,12,6.637097546188455
ex03_confused_00040,ex03::HOW ARE YOU SIR,confused,speaker_count_3408,10,5.616005616005617
ex03_confused_00104,ex03::GRANNY SMITH APPLES YOUR FAVORITE,confused,asr_3408,26,11.084312618668857
ex03_confused_00104,ex03::GRANNY SMITH APPLES YOUR FAVORITE,confused,emotion_3408,13,5.747421357828296
ex03_confused_00104,ex03::GRANNY SMITH APPLES YOUR FAVORITE,confused,intent_3408_last,19,8.210601939754708
ex03_confused_00104,ex03::GRANNY SMITH APPLES YOUR FAVORITE,confused,speaker_count_3408_last,6,2.873710678914148
ex03_confused_00104,ex03::GRANNY SMITH APPLES YOUR FAVORITE,confused,emotion_3407,15,6.568481551803767
ex03_confused_00104,ex03::GRANNY SMITH APPLES YOUR FAVORITE,confused,emotion_3409,12,5.336891260840561
ex03_confused_00104,ex03::GRANNY SMITH APPLES YOUR FAVORITE,confused,intent_3408,26,11.084312618668857
ex03_confused_00104,ex03::GRANNY SMITH APPLES YOUR FAVORITE,confused,speaker_count_3408,24,10.263252424693386
ex03_confused_00134,ex03::WHO STARS IN THE NUTTY PROFESSOR,confused,asr_3408,25,9.96168582375479
ex03_confused_00134,ex03::WHO STARS IN THE NUTTY PROFESSOR,confused,emotion_3408,13,5.363984674329502
ex03_confused_00134,ex03::WHO STARS IN THE NUTTY PROFESSOR,confused,intent_3408_last,20,8.045977011494253
ex03_confused_00134,ex03::WHO STARS IN THE NUTTY PROFESSOR,confused,speaker_count_3408_last,6,2.681992337164751
ex03_confused_00134,ex03::WHO STARS IN THE NUTTY PROFESSOR,confused,emotion_3407,15,6.130268199233717
ex03_confused_00134,ex03::WHO STARS IN THE NUTTY PROFESSOR,confused,emotion_3409,13,5.363984674329502
ex03_confused_00134,ex03::WHO STARS IN THE NUTTY PROFESSOR,confused,intent_3408,25,9.96168582375479
ex03_confused_00134,ex03::WHO STARS IN THE NUTTY PROFESSOR,confused,speaker_count_3408,25,9.96168582375479
ex03_confused_00143,ex03::OH ME TOO,confused,asr_3408,7,5.566911668768756
ex03_confused_00143,ex03::OH ME TOO,confused,emotion_3408,3,2.783455834384378
ex03_confused_00143,ex03::OH ME TOO,confused,intent_3408_last,6,4.871047710172662
ex03_confused_00143,ex03::OH ME TOO,confused,speaker_count_3408_last,4,3.4793197929804727
ex03_confused_00143,ex03::OH ME TOO,confused,emotion_3407,4,3.4793197929804727
ex03_confused_00143,ex03::OH ME TOO,confused,emotion_3409,3,2.783455834384378
ex03_confused_00143,ex03::OH ME TOO,confused,intent_3408,7,5.566911668768756
ex03_confused_00143,ex03::OH ME TOO,confused,speaker_count_3408,7,5.566911668768756
ex03_confused_00175,ex03::WHAT IS TAI CHI,confused,asr_3408,15,7.936015872031743
ex03_confused_00175,ex03::WHAT IS TAI CHI,confused,emotion_3408,5,2.9760059520119038
ex03_confused_00175,ex03::WHAT IS TAI CHI,confused,intent_3408_last,10,5.456010912021823
ex03_confused_00175,ex03::WHAT IS TAI CHI,confused,speaker_count_3408_last,3,1.9840039680079358
ex03_confused_00175,ex03::WHAT IS TAI CHI,confused,emotion_3407,7,3.9680079360158715
ex03_confused_00175,ex03::WHAT IS TAI CHI,confused,emotion_3409,5,2.9760059520119038
ex03_confused_00175,ex03::WHAT IS TAI CHI,confused,intent_3408,15,7.936015872031743
ex03_confused_00175,ex03::WHAT IS TAI CHI,confused,speaker_count_3408,13,6.944013888027776
ex03_confused_00198,ex03::OF COURSE HE DOES,confused,asr_3408,16,9.696278340225296
ex03_confused_00198,ex03::OF COURSE HE DOES,confused,emotion_3408,6,3.992585198916298
ex03_confused_00198,ex03::OF COURSE HE DOES,confused,intent_3408_last,12,7.414801083701697
ex03_confused_00198,ex03::OF COURSE HE DOES,confused,speaker_count_3408_last,4,2.851846570654499
ex03_confused_00198,ex03::OF COURSE HE DOES,confused,emotion_3407,7,4.562954513047198
ex03_confused_00198,ex03::OF COURSE HE DOES,confused,emotion_3409,5,3.4222158847853987
ex03_confused_00198,ex03::OF COURSE HE DOES,confused,intent_3408,16,9.696278340225296
ex03_confused_00198,ex03::OF COURSE HE DOES,confused,speaker_count_3408,15,9.125909026094396
ex03_confused_00205,ex03::MILESTONES FOR ALEX AND THE OTHER TRAVEL ZOO BREAK OUT YOUR SCORECARDS,confused,asr_3408,57,10.15450606206504
ex03_confused_00205,ex03::MILESTONES FOR ALEX AND THE OTHER TRAVEL ZOO BREAK OUT YOUR SCORECARDS,confused,emotion_3408,29,5.2523307217577795
ex03_confused_00205,ex03::MILESTONES FOR ALEX AND THE OTHER TRAVEL ZOO BREAK OUT YOUR SCORECARDS,confused,intent_3408_last,40,7.178185319735633
ex03_confused_00205,ex03::MILESTONES FOR ALEX AND THE OTHER TRAVEL ZOO BREAK OUT YOUR SCORECARDS,confused,speaker_count_3408_last,17,3.151398433054668
ex03_confused_00205,ex03::MILESTONES FOR ALEX AND THE OTHER TRAVEL ZOO BREAK OUT YOUR SCORECARDS,confused,emotion_3407,32,5.777563793933558
ex03_confused_00205,ex03::MILESTONES FOR ALEX AND THE OTHER TRAVEL ZOO BREAK OUT YOUR SCORECARDS,confused,emotion_3409,27,4.902175340307261
ex03_confused_00205,ex03::MILESTONES FOR ALEX AND THE OTHER TRAVEL ZOO BREAK OUT YOUR SCORECARDS,confused,intent_3408,57,10.15450606206504
ex03_confused_00205,ex03::MILESTONES FOR ALEX AND THE OTHER TRAVEL ZOO BREAK OUT YOUR SCORECARDS,confused,speaker_count_3408,53,9.454195299164004
ex03_confused_00226,ex03::IT'S GONNA BE SUNNY WITH TEMPERATURES GOING FROM SIXTY EIGHT TO SEVENTY EIGHT TODAY IN COVINGTON,confused,asr_3408,69,10.778454639066124
ex03_confused_00226,ex03::IT'S GONNA BE SUNNY WITH TEMPERATURES GOING FROM SIXTY EIGHT TO SEVENTY EIGHT TODAY IN COVINGTON,confused,emotion_3408,36,5.697183166363523
ex03_confused_00226,ex03::IT'S GONNA BE SUNNY WITH TEMPERATURES GOING FROM SIXTY EIGHT TO SEVENTY EIGHT TODAY IN COVINGTON,confused,intent_3408_last,46,7.236962400515826
ex03_confused_00226,ex03::IT'S GONNA BE SUNNY WITH TEMPERATURES GOING FROM SIXTY EIGHT TO SEVENTY EIGHT TODAY IN COVINGTON,confused,speaker_count_3408_last,24,3.8494480853807587
ex03_confused_00226,ex03::IT'S GONNA BE SUNNY WITH TEMPERATURES GOING FROM SIXTY EIGHT TO SEVENTY EIGHT TODAY IN COVINGTON,confused,emotion_3407,40,6.313094860024444
ex03_confused_00226,ex03::IT'S GONNA BE SUNNY WITH TEMPERATURES GOING FROM SIXTY EIGHT TO SEVENTY EIGHT TODAY IN COVINGTON,confused,emotion_3409,34,5.389227319533062
ex03_confused_00226,ex03::IT'S GONNA BE SUNNY WITH TEMPERATURES GOING FROM SIXTY EIGHT TO SEVENTY EIGHT TODAY IN COVINGTON,confused,intent_3408,69,10.778454639066124
ex03_confused_00226,ex03::IT'S GONNA BE SUNNY WITH TEMPERATURES GOING FROM SIXTY EIGHT TO SEVENTY EIGHT TODAY IN COVINGTON,confused,speaker_count_3408,66,10.316520868820433
ex03_confused_00269,ex03::DOES THE PROSECUTION HAVE A RECOMMENDATION,confused,asr_3408,32,11.059212868902247
ex03_confused_00269,ex03::DOES THE PROSECUTION HAVE A RECOMMENDATION,confused,emotion_3408,17,6.0322979284921345
ex03_confused_00269,ex03::DOES THE PROSECUTION HAVE A RECOMMENDATION,confused,intent_3408_last,23,8.04306390465618
ex03_confused_00269,ex03::DOES THE PROSECUTION HAVE A RECOMMENDATION,confused,speaker_count_3408_last,11,4.02153195232809
ex03_confused_00269,ex03::DOES THE PROSECUTION HAVE A RECOMMENDATION,confused,emotion_3407,20,7.037680916574157
ex03_confused_00269,ex03::DOES THE PROSECUTION HAVE A RECOMMENDATION,confused,emotion_3409,16,5.697170265798127
ex03_confused_00269,ex03::DOES THE PROSECUTION HAVE A RECOMMENDATION,confused,intent_3408,32,11.059212868902247
ex03_confused_00269,ex03::DOES THE PROSECUTION HAVE A RECOMMENDATION,confused,speaker_count_3408,30,10.388957543514232
ex03_confused_00285,ex03::DON'T THROW THAT OUT,confused,asr_3408,13,9.37591561675945
ex03_confused_00285,ex03::DON'T THROW THAT OUT,confused,emotion_3408,6,4.687957808379725
ex03_confused_00285,ex03::DON'T THROW THAT OUT,confused,intent_3408_last,9,6.697082583399607
ex03_confused_00285,ex03::DON'T THROW THAT OUT,confused,speaker_count_3408_last,5,4.018249550039764
ex03_confused_00285,ex03::DON'T THROW THAT OUT,confused,emotion_3407,6,4.687957808379725
ex03_confused_00285,ex03::DON'T THROW THAT OUT,confused,emotion_3409,5,4.018249550039764
ex03_confused_00285,ex03::DON'T THROW THAT OUT,confused,intent_3408,13,9.37591561675945
ex03_confused_00285,ex03::DON'T THROW THAT OUT,confused,speaker_count_3408,12,8.706207358419489
ex03_confused_00343,ex03::OKAY ENOUGH OF THE SPEECHES,confused,asr_3408,25,10.994529164574358
ex03_confused_00343,ex03::OKAY ENOUGH OF THE SPEECHES,confused,emotion_3408,12,5.497264582287179
ex03_confused_00343,ex03::OKAY ENOUGH OF THE SPEECHES,confused,intent_3408_last,18,8.034463620265877
ex03_confused_00343,ex03::OKAY ENOUGH OF THE SPEECHES,confused,speaker_count_3408_last,7,3.3829320506382636
ex03_confused_00343,ex03::OKAY ENOUGH OF THE SPEECHES,confused,emotion_3407,13,5.920131088616961
ex03_confused_00343,ex03::OKAY ENOUGH OF THE SPEECHES,confused,emotion_3409,11,5.0743980759573954
ex03_confused_00343,ex03::OKAY ENOUGH OF THE SPEECHES,confused,intent_3408,25,10.994529164574358
ex03_confused_00343,ex03::OKAY ENOUGH OF THE SPEECHES,confused,speaker_count_3408,22,9.725929645585008
ex03_confused_00376,ex03::HIS NAME IS ADAM BRODY,confused,asr_3408,21,10.473696738871698
ex03_confused_00376,ex03::HIS NAME IS ADAM BRODY,confused,emotion_3408,10,5.236848369435849
ex03_confused_00376,ex03::HIS NAME IS ADAM BRODY,confused,intent_3408_last,15,7.61723399190669
ex03_confused_00376,ex03::HIS NAME IS ADAM BRODY,confused,speaker_count_3408_last,5,2.8564627469650086
ex03_confused_00376,ex03::HIS NAME IS ADAM BRODY,confused,emotion_3407,11,5.712925493930017
ex03_confused_00376,ex03::HIS NAME IS ADAM BRODY,confused,emotion_3409,11,5.712925493930017
ex03_confused_00376,ex03::HIS NAME IS ADAM BRODY,confused,intent_3408,21,10.473696738871698
ex03_confused_00376,ex03::HIS NAME IS ADAM BRODY,confused,speaker_count_3408,21,10.473696738871698
ex03_default_00010,ex03::IS THAT SUCCESS,default,asr_3408,15,10.215075216471808
ex03_default_00010,ex03::IS THAT SUCCESS,default,emotion_3408,4,3.19221100514744
ex03_default_00010,ex03::IS THAT SUCCESS,default,intent_3408_last,7,5.107537608235904
ex03_default_00010,ex03::IS THAT SUCCESS,default,speaker_count_3408_last,4,3.19221100514744
ex03_default_00010,ex03::IS THAT SUCCESS,default,emotion_3407,5,3.8306532061769283
ex03_default_00010,ex03::IS THAT SUCCESS,default,emotion_3409,4,3.19221100514744
ex03_default_00010,ex03::IS THAT SUCCESS,default,intent_3408,15,10.215075216471808
ex03_default_00010,ex03::IS THAT SUCCESS,default,speaker_count_3408,13,8.938190814412833
ex03_default_00014,ex03::IS IT THE SHAPE OF THINGS TO COME,default,asr_3408,25,12.354111602767796
ex03_default_00014,ex03::IS IT THE SHAPE OF THINGS TO COME,default,emotion_3408,12,6.177055801383898
ex03_default_00014,ex03::IS IT THE SHAPE OF THINGS TO COME,default,intent_3408_last,15,7.602530217087875
ex03_default_00014,ex03::IS IT THE SHAPE OF THINGS TO COME,default,speaker_count_3408_last,6,3.326106969975945
ex03_default_00014,ex03::IS IT THE SHAPE OF THINGS TO COME,default,emotion_3407,11,5.701897662815906
ex03_default_00014,ex03::IS IT THE SHAPE OF THINGS TO COME,default,emotion_3409,10,5.226739524247914
ex03_default_00014,ex03::IS IT THE SHAPE OF THINGS TO COME,default,intent_3408,25,12.354111602767796
ex03_default_00014,ex03::IS IT THE SHAPE OF THINGS TO COME,default,speaker_count_3408,23,11.403795325631812
ex03_default_00037,ex03::THE VACANCIES ARE IN SUPPORT SERVICES AND ARTS,default,asr_3408,34,11.761987775934134
ex03_default_00037,ex03::THE VACANCIES ARE IN SUPPORT SERVICES AND ARTS,default,emotion_3408,21,7.393249459158598
ex03_default_00037,ex03::THE VACANCIES ARE IN SUPPORT SERVICES AND ARTS,default,intent_3408_last,24,8.401419839952952
ex03_default_00037,ex03::THE VACANCIES ARE IN SUPPORT SERVICES AND ARTS,default,speaker_count_3408_last,12,4.368738316775535
ex03_default_00037,ex03::THE VACANCIES ARE IN SUPPORT SERVICES AND ARTS,default,emotion_3407,23,8.065363046354834
ex03_default_00037,ex03::THE VACANCIES ARE IN SUPPORT SERVICES AND ARTS,default,emotion_3409,16,5.712965491168008
ex03_default_00037,ex03::THE VACANCIES ARE IN SUPPORT SERVICES AND ARTS,default,intent_3408,33,11.425930982336016
ex03_default_00037,ex03::THE VACANCIES ARE IN SUPPORT SERVICES AND ARTS,default,speaker_count_3408,32,11.089874188737898
ex03_default_00040,ex03::HOW ARE YOU SIR,default,asr_3408,10,8.563643441027637
ex03_default_00040,ex03::HOW ARE YOU SIR,default,emotion_3408,3,3.1140521603736864
ex03_default_00040,ex03::HOW ARE YOU SIR,default,intent_3408_last,7,6.228104320747373
ex03_default_00040,ex03::HOW ARE YOU SIR,default,speaker_count_3408_last,3,3.1140521603736864
ex03_default_00040,ex03::HOW ARE YOU SIR,default,emotion_3407,5,4.671078240560529
ex03_default_00040,ex03::HOW ARE YOU SIR,default,emotion_3409,5,4.671078240560529
ex03_default_00040,ex03::HOW ARE YOU SIR,default,intent_3408,10,8.563643441027637
ex03_default_00040,ex03::HOW ARE YOU SIR,default,speaker_count_3408,10,8.563643441027637
ex03_default_00104,ex03::GRANNY SMITH APPLES YOUR FAVORITE,default,asr_3408,25,12.774843385333497
ex03_default_00104,ex03::GRANNY SMITH APPLES YOUR FAVORITE,default,emotion_3408,12,6.387421692666749
ex03_default_00104,ex03::GRANNY SMITH APPLES YOUR FAVORITE,default,intent_3408_last,15,7.861442083282152
ex03_default_00104,ex03::GRANNY SMITH APPLES YOUR FAVORITE,default,speaker_count_3408_last,6,3.4393809114359417
ex03_default_00104,ex03::GRANNY SMITH APPLES YOUR FAVORITE,default,emotion_3407,14,7.370101953077017
ex03_default_00104,ex03::GRANNY SMITH APPLES YOUR FAVORITE,default,emotion_3409,11,5.896081562461614
ex03_default_00104,ex03::GRANNY SMITH APPLES YOUR FAVORITE,default,intent_3408,25,12.774843385333497
ex03_default_00104,ex03::GRANNY SMITH APPLES YOUR FAVORITE,default,speaker_count_3408,25,12.774843385333497
ex03_default_00134,ex03::WHO STARS IN THE NUTTY PROFESSOR,default,asr_3408,23,11.888176836630445
ex03_default_00134,ex03::WHO STARS IN THE NUTTY PROFESSOR,default,emotion_3408,12,6.439429119841491
ex03_default_00134,ex03::WHO STARS IN THE NUTTY PROFESSOR,default,intent_3408_last,15,7.925451224420296
ex03_default_00134,ex03::WHO STARS IN THE NUTTY PROFESSOR,default,speaker_count_3408_last,7,3.962725612210148
ex03_default_00134,ex03::WHO STARS IN THE NUTTY PROFESSOR,default,emotion_3407,14,7.430110522894028
ex03_default_00134,ex03::WHO STARS IN THE NUTTY PROFESSOR,default,emotion_3409,11,5.944088418315222
ex03_default_00134,ex03::WHO STARS IN THE NUTTY PROFESSOR,default,intent_3408,23,11.888176836630445
ex03_default_00134,ex03::WHO STARS IN THE NUTTY PROFESSOR,default,speaker_count_3408,23,11.888176836630445
ex03_default_00143,ex03::OH ME TOO,default,asr_3408,7,7.619047619047619
ex03_default_00143,ex03::OH ME TOO,default,emotion_3408,3,3.8095238095238093
ex03_default_00143,ex03::OH ME TOO,default,intent_3408_last,4,4.761904761904762
ex03_default_00143,ex03::OH ME TOO,default,speaker_count_3408_last,2,2.857142857142857
ex03_default_00143,ex03::OH ME TOO,default,emotion_3407,3,3.8095238095238093
ex03_default_00143,ex03::OH ME TOO,default,emotion_3409,3,3.8095238095238093
ex03_default_00143,ex03::OH ME TOO,default,intent_3408,7,7.619047619047619
ex03_default_00143,ex03::OH ME TOO,default,speaker_count_3408,7,7.619047619047619
ex03_default_00175,ex03::WHAT IS TAI CHI,default,asr_3408,11,8.810168402698114
ex03_default_00175,ex03::WHAT IS TAI CHI,default,emotion_3408,5,4.405084201349057
ex03_default_00175,ex03::WHAT IS TAI CHI,default,intent_3408_last,7,5.873445601798743
ex03_default_00175,ex03::WHAT IS TAI CHI,default,speaker_count_3408_last,2,2.2025421006745285
ex03_default_00175,ex03::WHAT IS TAI CHI,default,emotion_3407,5,4.405084201349057
ex03_default_00175,ex03::WHAT IS TAI CHI,default,emotion_3409,3,2.9367228008993713
ex03_default_00175,ex03::WHAT IS TAI CHI,default,intent_3408,11,8.810168402698114
ex03_default_00175,ex03::WHAT IS TAI CHI,default,speaker_count_3408,11,8.810168402698114
ex03_default_00198,ex03::OF COURSE HE DOES,default,asr_3408,13,10.143549336593761
ex03_default_00198,ex03::OF COURSE HE DOES,default,emotion_3408,3,2.898156953312503
ex03_default_00198,ex03::OF COURSE HE DOES,default,intent_3408_last,8,6.520853144953132
ex03_default_00198,ex03::OF COURSE HE DOES,default,speaker_count_3408_last,4,3.6226961916406286
ex03_default_00198,ex03::OF COURSE HE DOES,default,emotion_3407,3,2.898156953312503
ex03_default_00198,ex03::OF COURSE HE DOES,default,emotion_3409,3,2.898156953312503
ex03_default_00198,ex03::OF COURSE HE DOES,default,intent_3408,13,10.143549336593761
ex03_default_00198,ex03::OF COURSE HE DOES,default,speaker_count_3408,13,10.143549336593761
ex03_default_00205,ex03::MILESTONES FOR ALEX AND THE OTHER TRAVEL ZOO BREAK OUT YOUR SCORECARDS,default,asr_3408,50,11.518753264352565
ex03_default_00205,ex03::MILESTONES FOR ALEX AND THE OTHER TRAVEL ZOO BREAK OUT YOUR SCORECARDS,default,emotion_3408,25,5.872305585748366
ex03_default_00205,ex03::MILESTONES FOR ALEX AND THE OTHER TRAVEL ZOO BREAK OUT YOUR SCORECARDS,default,intent_3408_last,35,8.130884657190046
ex03_default_00205,ex03::MILESTONES FOR ALEX AND THE OTHER TRAVEL ZOO BREAK OUT YOUR SCORECARDS,default,speaker_count_3408_last,14,3.387868607162519
ex03_default_00205,ex03::MILESTONES FOR ALEX AND THE OTHER TRAVEL ZOO BREAK OUT YOUR SCORECARDS,default,emotion_3407,28,6.549879307180871
ex03_default_00205,ex03::MILESTONES FOR ALEX AND THE OTHER TRAVEL ZOO BREAK OUT YOUR SCORECARDS,default,emotion_3409,26,6.098163492892534
ex03_default_00205,ex03::MILESTONES FOR ALEX AND THE OTHER TRAVEL ZOO BREAK OUT YOUR SCORECARDS,default,intent_3408,50,11.518753264352565
ex03_default_00205,ex03::MILESTONES FOR ALEX AND THE OTHER TRAVEL ZOO BREAK OUT YOUR SCORECARDS,default,speaker_count_3408,50,11.518753264352565
ex03_default_00226,ex03::IT'S GONNA BE SUNNY WITH TEMPERATURES GOING FROM SIXTY EIGHT TO SEVENTY EIGHT TODAY IN COVINGTON,default,asr_3408,61,14.14979959205215
ex03_default_00226,ex03::IT'S GONNA BE SUNNY WITH TEMPERATURES GOING FROM SIXTY EIGHT TO SEVENTY EIGHT TODAY IN COVINGTON,default,emotion_3408,28,6.61845464789536
ex03_default_00226,ex03::IT'S GONNA BE SUNNY WITH TEMPERATURES GOING FROM SIXTY EIGHT TO SEVENTY EIGHT TODAY IN COVINGTON,default,intent_3408_last,35,8.21601266635286
ex03_default_00226,ex03::IT'S GONNA BE SUNNY WITH TEMPERATURES GOING FROM SIXTY EIGHT TO SEVENTY EIGHT TODAY IN COVINGTON,default,speaker_count_3408_last,18,4.336228907241788
ex03_default_00226,ex03::IT'S GONNA BE SUNNY WITH TEMPERATURES GOING FROM SIXTY EIGHT TO SEVENTY EIGHT TODAY IN COVINGTON,default,emotion_3407,32,7.531344944156789
ex03_default_00226,ex03::IT'S GONNA BE SUNNY WITH TEMPERATURES GOING FROM SIXTY EIGHT TO SEVENTY EIGHT TODAY IN COVINGTON,default,emotion_3409,26,6.162009499764646
ex03_default_00226,ex03::IT'S GONNA BE SUNNY WITH TEMPERATURES GOING FROM SIXTY EIGHT TO SEVENTY EIGHT TODAY IN COVINGTON,default,intent_3408,61,14.14979959205215
ex03_default_00226,ex03::IT'S GONNA BE SUNNY WITH TEMPERATURES GOING FROM SIXTY EIGHT TO SEVENTY EIGHT TODAY IN COVINGTON,default,speaker_count_3408,57,13.23690929579072
ex03_default_00269,ex03::DOES THE PROSECUTION HAVE A RECOMMENDATION,default,asr_3408,31,11.808118081180812
ex03_default_00269,ex03::DOES THE PROSECUTION HAVE A RECOMMENDATION,default,emotion_3408,17,6.642066420664206
ex03_default_00269,ex03::DOES THE PROSECUTION HAVE A RECOMMENDATION,default,intent_3408_last,19,7.380073800738008
ex03_default_00269,ex03::DOES THE PROSECUTION HAVE A RECOMMENDATION,default,speaker_count_3408_last,11,4.428044280442805
ex03_default_00269,ex03::DOES THE PROSECUTION HAVE A RECOMMENDATION,default,emotion_3407,18,7.011070110701107
ex03_default_00269,ex03::DOES THE PROSECUTION HAVE A RECOMMENDATION,default,emotion_3409,17,6.642066420664206
ex03_default_00269,ex03::DOES THE PROSECUTION HAVE A RECOMMENDATION,default,intent_3408,31,11.808118081180812
ex03_default_00269,ex03::DOES THE PROSECUTION HAVE A RECOMMENDATION,default,speaker_count_3408,31,11.808118081180812
ex03_default_00285,ex03::DON'T THROW THAT OUT,default,asr_3408,13,10.113323400604994
ex03_default_00285,ex03::DON'T THROW THAT OUT,default,emotion_3408,4,3.611901214501783
ex03_default_00285,ex03::DON'T THROW THAT OUT,default,intent_3408_last,7,5.779041943202853
ex03_default_00285,ex03::DON'T THROW THAT OUT,default,speaker_count_3408_last,2,2.16714072870107
ex03_default_00285,ex03::DON'T THROW THAT OUT,default,emotion_3407,7,5.779041943202853
ex03_default_00285,ex03::DON'T THROW THAT OUT,default,emotion_3409,4,3.611901214501783
ex03_default_00285,ex03::DON'T THROW THAT OUT,default,intent_3408,13,10.113323400604994
ex03_default_00285,ex03::DON'T THROW THAT OUT,default,speaker_count_3408,13,10.113323400604994
ex03_default_00343,ex03::OKAY ENOUGH OF THE SPEECHES,default,asr_3408,21,11.106203066826529
ex03_default_00343,ex03::OKAY ENOUGH OF THE SPEECHES,default,emotion_3408,9,5.048274121284786
ex03_default_00343,ex03::OKAY ENOUGH OF THE SPEECHES,default,intent_3408_last,16,8.582066006184135
ex03_default_00343,ex03::OKAY ENOUGH OF THE SPEECHES,default,speaker_count_3408_last,8,4.543446709156307
ex03_default_00343,ex03::OKAY ENOUGH OF THE SPEECHES,default,emotion_3407,11,6.057928945541743
ex03_default_00343,ex03::OKAY ENOUGH OF THE SPEECHES,default,emotion_3409,9,5.048274121284786
ex03_default_00343,ex03::OKAY ENOUGH OF THE SPEECHES,default,intent_3408,21,11.106203066826529
ex03_default_00343,ex03::OKAY ENOUGH OF THE SPEECHES,default,speaker_count_3408,19,10.096548242569572
ex03_default_00376,ex03::HIS NAME IS ADAM BRODY,default,asr_3408,20,11.585008447401993
ex03_default_00376,ex03::HIS NAME IS ADAM BRODY,default,emotion_3408,9,5.516670689239044
ex03_default_00376,ex03::HIS NAME IS ADAM BRODY,default,intent_3408_last,13,7.723338964934662
ex03_default_00376,ex03::HIS NAME IS ADAM BRODY,default,speaker_count_3408_last,4,2.758335344619522
ex03_default_00376,ex03::HIS NAME IS ADAM BRODY,default,emotion_3407,10,6.068337758162949
ex03_default_00376,ex03::HIS NAME IS ADAM BRODY,default,emotion_3409,8,4.96500362031514
ex03_default_00376,ex03::HIS NAME IS ADAM BRODY,default,intent_3408,20,11.585008447401993
ex03_default_00376,ex03::HIS NAME IS ADAM BRODY,default,speaker_count_3408,19,11.033341378478088
ex03_enunciated_00010,ex03::IS THAT SUCCESS,enunciated,asr_3408,17,9.465899753492193
ex03_enunciated_00010,ex03::IS THAT SUCCESS,enunciated,emotion_3408,6,3.6811832374691864
ex03_enunciated_00010,ex03::IS THAT SUCCESS,enunciated,intent_3408_last,11,6.3105998356614625
ex03_enunciated_00010,ex03::IS THAT SUCCESS,enunciated,speaker_count_3408_last,4,2.629416598192276
ex03_enunciated_00010,ex03::IS THAT SUCCESS,enunciated,emotion_3407,8,4.732949876746097
ex03_enunciated_00010,ex03::IS THAT SUCCESS,enunciated,emotion_3409,5,3.1552999178307313
ex03_enunciated_00010,ex03::IS THAT SUCCESS,enunciated,intent_3408,17,9.465899753492193
ex03_enunciated_00010,ex03::IS THAT SUCCESS,enunciated,speaker_count_3408,16,8.940016433853739
ex03_enunciated_00014,ex03::IS IT THE SHAPE OF THINGS TO COME,enunciated,asr_3408,34,10.749798441279225
ex03_enunciated_00014,ex03::IS IT THE SHAPE OF THINGS TO COME,enunciated,emotion_3408,13,4.29991937651169
ex03_enunciated_00014,ex03::IS IT THE SHAPE OF THINGS TO COME,enunciated,intent_3408_last,22,7.064153261412063
ex03_enunciated_00014,ex03::IS IT THE SHAPE OF THINGS TO COME,enunciated,speaker_count_3408_last,7,2.457096786578109
ex03_enunciated_00014,ex03::IS IT THE SHAPE OF THINGS TO COME,enunciated,emotion_3407,16,5.221330671478481
ex03_enunciated_00014,ex03::IS IT THE SHAPE OF THINGS TO COME,enunciated,emotion_3409,12,3.9927822781894267
ex03_enunciated_00014,ex03::IS IT THE SHAPE OF THINGS TO COME,enunciated,intent_3408,34,10.749798441279225
ex03_enunciated_00014,ex03::IS IT THE SHAPE OF THINGS TO COME,enunciated,speaker_count_3408,32,10.135524244634698
ex03_enunciated_00037,ex03::THE VACANCIES ARE IN SUPPORT SERVICES AND ARTS,enunciated,asr_3408,47,9.102114345311463
ex03_enunciated_00037,ex03::THE VACANCIES ARE IN SUPPORT SERVICES AND ARTS,enunciated,emotion_3408,25,4.930311937043709
ex03_enunciated_00037,ex03::THE VACANCIES ARE IN SUPPORT SERVICES AND ARTS,enunciated,intent_3408_last,34,6.636958376789608
ex03_enunciated_00037,ex03::THE VACANCIES ARE IN SUPPORT SERVICES AND ARTS,enunciated,speaker_count_3408_last,14,2.844410732909832
ex03_enunciated_00037,ex03::THE VACANCIES ARE IN SUPPORT SERVICES AND ARTS,enunciated,emotion_3407,27,5.309566701431686
ex03_enunciated_00037,ex03::THE VACANCIES ARE IN SUPPORT SERVICES AND ARTS,enunciated,emotion_3409,20,3.9821750260737647
ex03_enunciated_00037,ex03::THE VACANCIES ARE IN SUPPORT SERVICES AND ARTS,enunciated,intent_3408,47,9.102114345311463
ex03_enunciated_00037,ex03::THE VACANCIES ARE IN SUPPORT SERVICES AND ARTS,enunciated,speaker_count_3408,46,8.912486963117473
ex03_enunciated_00040,ex03::HOW ARE YOU SIR,enunciated,asr_3408,14,5.668264802437354
ex03_enunciated_00040,ex03::HOW ARE YOU SIR,enunciated,emotion_3408,9,3.7788432016249023
ex03_enunciated_00040,ex03::HOW ARE YOU SIR,enunciated,intent_3408_last,13,5.2903804822748635
ex03_enunciated_00040,ex03::HOW ARE YOU SIR,enunciated,speaker_count_3408_last,3,1.511537280649961
ex03_enunciated_00040,ex03::HOW ARE YOU SIR,enunciated,emotion_3407,11,4.534611841949883
ex03_enunciated_00040,ex03::HOW ARE YOU SIR,enunciated,emotion_3409,9,3.7788432016249023
ex03_enunciated_00040,ex03::HOW ARE YOU SIR,enunciated,intent_3408,14,5.668264802437354
ex03_enunciated_00040,ex03::HOW ARE YOU SIR,enunciated,speaker_count_3408,14,5.668264802437354
ex03_enunciated_00104,ex03::GRANNY SMITH APPLES YOUR FAVORITE,enunciated,asr_3408,32,9.384664604884291
ex03_enunciated_00104,ex03::GRANNY SMITH APPLES YOUR FAVORITE,enunciated,emotion_3408,16,4.834524190394938
ex03_enunciated_00104,ex03::GRANNY SMITH APPLES YOUR FAVORITE,enunciated,intent_3408_last,22,6.5408268458284455
ex03_enunciated_00104,ex03::GRANNY SMITH APPLES YOUR FAVORITE,enunciated,speaker_count_3408_last,7,2.2750702072446765
ex03_enunciated_00104,ex03::GRANNY SMITH APPLES YOUR FAVORITE,enunciated,emotion_3407,19,5.687675518111692
ex03_enunciated_00104,ex03::GRANNY SMITH APPLES YOUR FAVORITE,enunciated,emotion_3409,14,4.265756638583769
ex03_enunciated_00104,ex03::GRANNY SMITH APPLES YOUR FAVORITE,enunciated,intent_3408,32,9.384664604884291
ex03_enunciated_00104,ex03::GRANNY SMITH APPLES YOUR FAVORITE,enunciated,speaker_count_3408,29,8.531513277167537
ex03_enunciated_00134,ex03::WHO STARS IN THE NUTTY PROFESSOR,enunciated,asr_3408,31,9.248554913294798
ex03_enunciated_00134,ex03::WHO STARS IN THE NUTTY PROFESSOR,enunciated,emotion_3408,14,4.335260115606936
ex03_enunciated_00134,ex03::WHO STARS IN THE NUTTY PROFESSOR,enunciated,intent_3408_last,21,6.358381502890174
ex03_enunciated_00134,ex03::WHO STARS IN THE NUTTY PROFESSOR,enunciated,speaker_count_3408_last,6,2.023121387283237
ex03_enunciated_00134,ex03::WHO STARS IN THE NUTTY PROFESSOR,enunciated,emotion_3407,16,4.913294797687861
ex03_enunciated_00134,ex03::WHO STARS IN THE NUTTY PROFESSOR,enunciated,emotion_3409,14,4.335260115606936
ex03_enunciated_00134,ex03::WHO STARS IN THE NUTTY PROFESSOR,enunciated,intent_3408,31,9.248554913294798
ex03_enunciated_00134,ex03::WHO STARS IN THE NUTTY PROFESSOR,enunciated,speaker_count_3408,29,8.670520231213873
ex03_enunciated_00143,ex03::OH ME TOO,enunciated,asr_3408,10,4.812819601301649
ex03_enunciated_00143,ex03::OH ME TOO,enunciated,emotion_3408,5,2.6251743279827173
ex03_enunciated_00143,ex03::OH ME TOO,enunciated,intent_3408_last,9,4.375290546637863
ex03_enunciated_00143,ex03::OH ME TOO,enunciated,speaker_count_3408_last,4,2.1876452733189313
ex03_enunciated_00143,ex03::OH ME TOO,enunciated,emotion_3407,8,3.937761491974076
ex03_enunciated_00143,ex03::OH ME TOO,enunciated,emotion_3409,5,2.6251743279827173
ex03_enunciated_00143,ex03::OH ME TOO,enunciated,intent_3408,10,4.812819601301649
ex03_enunciated_00143,ex03::OH ME TOO,enunciated,speaker_count_3408,9,4.375290546637863
ex03_enunciated_00175,ex03::WHAT IS TAI CHI,enunciated,asr_3408,16,6.986181743463297
ex03_enunciated_00175,ex03::WHAT IS TAI CHI,enunciated,emotion_3408,6,2.8766630708378282
ex03_enunciated_00175,ex03::WHAT IS TAI CHI,enunciated,intent_3408_last,11,4.931422407150563
ex03_enunciated_00175,ex03::WHAT IS TAI CHI,enunciated,speaker_count_3408_last,3,1.6438074690501876
ex03_enunciated_00175,ex03::WHAT IS TAI CHI,enunciated,emotion_3407,9,4.109518672625469
ex03_enunciated_00175,ex03::WHAT IS TAI CHI,enunciated,emotion_3409,5,2.4657112035752813
ex03_enunciated_00175,ex03::WHAT IS TAI CHI,enunciated,intent_3408,16,6.986181743463297
ex03_enunciated_00175,ex03::WHAT IS TAI CHI,enunciated,speaker_count_3408,16,6.986181743463297
ex03_enunciated_00198,ex03::OF COURSE HE DOES,enunciated,asr_3408,19,8.003601620729329
ex03_enunciated_00198,ex03::OF COURSE HE DOES,enunciated,emotion_3408,8,3.601620729328198
ex03_enunciated_00198,ex03::OF COURSE HE DOES,enunciated,intent_3408_last,14,6.002701215546996
ex03_enunciated_00198,ex03::OF COURSE HE DOES,enunciated,speaker_count_3408_last,4,2.0009004051823323
ex03_enunciated_00198,ex03::OF COURSE HE DOES,enunciated,emotion_3407,11,4.802160972437597
ex03_enunciated_00198,ex03::OF COURSE HE DOES,enunciated,emotion_3409,8,3.601620729328198
ex03_enunciated_00198,ex03::OF COURSE HE DOES,enunciated,intent_3408,19,8.003601620729329
ex03_enunciated_00198,ex03::OF COURSE HE DOES,enunciated,speaker_count_3408,17,7.203241458656396
ex03_enunciated_00205,ex03::MILESTONES FOR ALEX AND THE OTHER TRAVEL ZOO BREAK OUT YOUR SCORECARDS,enunciated,asr_3408,70,8.559115156264127
ex03_enunciated_00205,ex03::MILESTONES FOR ALEX AND THE OTHER TRAVEL ZOO BREAK OUT YOUR SCORECARDS,enunciated,emotion_3408,38,4.701485790060577
ex03_enunciated_00205,ex03::MILESTONES FOR ALEX AND THE OTHER TRAVEL ZOO BREAK OUT YOUR SCORECARDS,enunciated,intent_3408_last,53,6.509749555468492
ex03_enunciated_00205,ex03::MILESTONES FOR ALEX AND THE OTHER TRAVEL ZOO BREAK OUT YOUR SCORECARDS,enunciated,speaker_count_3408_last,16,2.0493656007956362
ex03_enunciated_00205,ex03::MILESTONES FOR ALEX AND THE OTHER TRAVEL ZOO BREAK OUT YOUR SCORECARDS,enunciated,emotion_3407,41,5.06313854314216
ex03_enunciated_00205,ex03::MILESTONES FOR ALEX AND THE OTHER TRAVEL ZOO BREAK OUT YOUR SCORECARDS,enunciated,emotion_3409,34,4.2192821192851335
ex03_enunciated_00205,ex03::MILESTONES FOR ALEX AND THE OTHER TRAVEL ZOO BREAK OUT YOUR SCORECARDS,enunciated,intent_3408,70,8.559115156264127
ex03_enunciated_00205,ex03::MILESTONES FOR ALEX AND THE OTHER TRAVEL ZOO BREAK OUT YOUR SCORECARDS,enunciated,speaker_count_3408,66,8.076911485488685
ex03_enunciated_00226,ex03::IT'S GONNA BE SUNNY WITH TEMPERATURES GOING FROM SIXTY EIGHT TO SEVENTY EIGHT TODAY IN COVINGTON,enunciated,asr_3408,76,11.310223266745005
ex03_enunciated_00226,ex03::IT'S GONNA BE SUNNY WITH TEMPERATURES GOING FROM SIXTY EIGHT TO SEVENTY EIGHT TODAY IN COVINGTON,enunciated,emotion_3408,37,5.581668625146886
ex03_enunciated_00226,ex03::IT'S GONNA BE SUNNY WITH TEMPERATURES GOING FROM SIXTY EIGHT TO SEVENTY EIGHT TODAY IN COVINGTON,enunciated,intent_3408_last,51,7.63807285546416
ex03_enunciated_00226,ex03::IT'S GONNA BE SUNNY WITH TEMPERATURES GOING FROM SIXTY EIGHT TO SEVENTY EIGHT TODAY IN COVINGTON,enunciated,speaker_count_3408_last,24,3.672150411280846
ex03_enunciated_00226,ex03::IT'S GONNA BE SUNNY WITH TEMPERATURES GOING FROM SIXTY EIGHT TO SEVENTY EIGHT TODAY IN COVINGTON,enunciated,emotion_3407,42,6.3160987074030555
ex03_enunciated_00226,ex03::IT'S GONNA BE SUNNY WITH TEMPERATURES GOING FROM SIXTY EIGHT TO SEVENTY EIGHT TODAY IN COVINGTON,enunciated,emotion_3409,36,5.434782608695652
ex03_enunciated_00226,ex03::IT'S GONNA BE SUNNY WITH TEMPERATURES GOING FROM SIXTY EIGHT TO SEVENTY EIGHT TODAY IN COVINGTON,enunciated,intent_3408,76,11.310223266745005
ex03_enunciated_00226,ex03::IT'S GONNA BE SUNNY WITH TEMPERATURES GOING FROM SIXTY EIGHT TO SEVENTY EIGHT TODAY IN COVINGTON,enunciated,speaker_count_3408,72,10.722679200940071
ex03_enunciated_00269,ex03::DOES THE PROSECUTION HAVE A RECOMMENDATION,enunciated,asr_3408,41,8.76186502555544
ex03_enunciated_00269,ex03::DOES THE PROSECUTION HAVE A RECOMMENDATION,enunciated,emotion_3408,20,4.38093251277772
ex03_enunciated_00269,ex03::DOES THE PROSECUTION HAVE A RECOMMENDATION,enunciated,intent_3408_last,30,6.467090852195682
ex03_enunciated_00269,ex03::DOES THE PROSECUTION HAVE A RECOMMENDATION,enunciated,speaker_count_3408_last,13,2.9206216751851466
ex03_enunciated_00269,ex03::DOES THE PROSECUTION HAVE A RECOMMENDATION,enunciated,emotion_3407,23,5.006780014603109
ex03_enunciated_00269,ex03::DOES THE PROSECUTION HAVE A RECOMMENDATION,enunciated,emotion_3409,16,3.546469177010535
ex03_enunciated_00269,ex03::DOES THE PROSECUTION HAVE A RECOMMENDATION,enunciated,intent_3408,41,8.76186502555544
ex03_enunciated_00269,ex03::DOES THE PROSECUTION HAVE A RECOMMENDATION,enunciated,speaker_count_3408,38,8.136017523730052
ex03_enunciated_00285,ex03::DON'T THROW THAT OUT,enunciated,asr_3408,21,8.591862139666578
ex03_enunciated_00285,ex03::DON'T THROW THAT OUT,enunciated,emotion_3408,12,5.077009446166613
ex03_enunciated_00285,ex03::DON'T THROW THAT OUT,enunciated,intent_3408_last,16,6.639166198833264
ex03_enunciated_00285,ex03::DON'T THROW THAT OUT,enunciated,speaker_count_3408_last,4,1.9526959408333129
ex03_enunciated_00285,ex03::DON'T THROW THAT OUT,enunciated,emotion_3407,11,4.686470257999951
ex03_enunciated_00285,ex03::DON'T THROW THAT OUT,enunciated,emotion_3409,9,3.9053918816666258
ex03_enunciated_00285,ex03::DON'T THROW THAT OUT,enunciated,intent_3408,21,8.591862139666578
ex03_enunciated_00285,ex03::DON'T THROW THAT OUT,enunciated,speaker_count_3408,20,8.201322951499915
ex03_enunciated_00343,ex03::OKAY ENOUGH OF THE SPEECHES,enunciated,asr_3408,28,8.579405728232532
ex03_enunciated_00343,ex03::OKAY ENOUGH OF THE SPEECHES,enunciated,emotion_3408,12,3.845940498862859
ex03_enunciated_00343,ex03::OKAY ENOUGH OF THE SPEECHES,enunciated,intent_3408_last,18,5.6209899598764865
ex03_enunciated_00343,ex03::OKAY ENOUGH OF THE SPEECHES,enunciated,speaker_count_3408_last,9,2.9584157683560455
ex03_enunciated_00343,ex03::OKAY ENOUGH OF THE SPEECHES,enunciated,emotion_3407,15,4.733465229369672
ex03_enunciated_00343,ex03::OKAY ENOUGH OF THE SPEECHES,enunciated,emotion_3409,12,3.845940498862859
ex03_enunciated_00343,ex03::OKAY ENOUGH OF THE SPEECHES,enunciated,intent_3408,28,8.579405728232532
ex03_enunciated_00343,ex03::OKAY ENOUGH OF THE SPEECHES,enunciated,speaker_count_3408,27,8.283564151396927
ex03_enunciated_00376,ex03::HIS NAME IS ADAM BRODY,enunciated,asr_3408,25,9.033266741943889
ex03_enunciated_00376,ex03::HIS NAME IS ADAM BRODY,enunciated,emotion_3408,11,4.169200034743334
ex03_enunciated_00376,ex03::HIS NAME IS ADAM BRODY,enunciated,intent_3408_last,19,6.948666724572223
ex03_enunciated_00376,ex03::HIS NAME IS ADAM BRODY,enunciated,speaker_count_3408_last,5,2.084600017371667
ex03_enunciated_00376,ex03::HIS NAME IS ADAM BRODY,enunciated,emotion_3407,14,5.211500043429167
ex03_enunciated_00376,ex03::HIS NAME IS ADAM BRODY,enunciated,emotion_3409,10,3.8217666985147227
ex03_enunciated_00376,ex03::HIS NAME IS ADAM BRODY,enunciated,intent_3408,25,9.033266741943889
ex03_enunciated_00376,ex03::HIS NAME IS ADAM BRODY,enunciated,speaker_count_3408,24,8.685833405715279
ex03_happy_00010,ex03::IS THAT SUCCESS,happy,asr_3408,14,9.452168091055887
ex03_happy_00010,ex03::IS THAT SUCCESS,happy,emotion_3408,4,3.150722697018629
ex03_happy_00010,ex03::IS THAT SUCCESS,happy,intent_3408_last,9,6.301445394037258
ex03_happy_00010,ex03::IS THAT SUCCESS,happy,speaker_count_3408_last,3,2.520578157614903
ex03_happy_00010,ex03::IS THAT SUCCESS,happy,emotion_3407,6,4.41101177582608
ex03_happy_00010,ex03::IS THAT SUCCESS,happy,emotion_3409,4,3.150722697018629
ex03_happy_00010,ex03::IS THAT SUCCESS,happy,intent_3408,14,9.452168091055887
ex03_happy_00010,ex03::IS THAT SUCCESS,happy,speaker_count_3408,14,9.452168091055887
ex03_happy_00014,ex03::IS IT THE SHAPE OF THINGS TO COME,happy,asr_3408,28,12.866729521379847
ex03_happy_00014,ex03::IS IT THE SHAPE OF THINGS TO COME,happy,emotion_3408,13,6.211524596528202
ex03_happy_00014,ex03::IS IT THE SHAPE OF THINGS TO COME,happy,intent_3408_last,17,7.986245909821974
ex03_happy_00014,ex03::IS IT THE SHAPE OF THINGS TO COME,happy,speaker_count_3408_last,7,3.549442626587544
ex03_happy_00014,ex03::IS IT THE SHAPE OF THINGS TO COME,happy,emotion_3407,14,6.6552049248516445
ex03_happy_00014,ex03::IS IT THE SHAPE OF THINGS TO COME,happy,emotion_3409,11,5.324163939881315
ex03_happy_00014,ex03::IS IT THE SHAPE OF THINGS TO COME,happy,intent_3408,28,12.866729521379847
ex03_happy_00014,ex03::IS IT THE SHAPE OF THINGS TO COME,happy,speaker_count_3408,27,12.423049193056404
ex03_happy_00037,ex03::THE VACANCIES ARE IN SUPPORT SERVICES AND ARTS,happy,asr_3408,36,13.20220334069267
ex03_happy_00037,ex03::THE VACANCIES ARE IN SUPPORT SERVICES AND ARTS,happy,emotion_3408,17,6.422693517093731
ex03_happy_00037,ex03::THE VACANCIES ARE IN SUPPORT SERVICES AND ARTS,happy,intent_3408_last,24,8.920407662630183
ex03_happy_00037,ex03::THE VACANCIES ARE IN SUPPORT SERVICES AND ARTS,happy,speaker_count_3408_last,11,4.281795678062488
ex03_happy_00037,ex03::THE VACANCIES ARE IN SUPPORT SERVICES AND ARTS,happy,emotion_3407,22,8.206775049619768
ex03_happy_00037,ex03::THE VACANCIES ARE IN SUPPORT SERVICES AND ARTS,happy,emotion_3409,15,5.709060904083317
ex03_happy_00037,ex03::THE VACANCIES ARE IN SUPPORT SERVICES AND ARTS,happy,intent_3408,36,13.20220334069267
ex03_happy_00037,ex03::THE VACANCIES ARE IN SUPPORT SERVICES AND ARTS,happy,speaker_count_3408,34,12.488570727682255
ex03_happy_00040,ex03::HOW ARE YOU SIR,happy,asr_3408,10,8.396946564885496
ex03_happy_00040,ex03::HOW ARE YOU SIR,happy,emotion_3408,2,2.2900763358778624
ex03_happy_00040,ex03::HOW ARE YOU SIR,happy,intent_3408_last,8,6.870229007633587
ex03_happy_00040,ex03::HOW ARE YOU SIR,happy,speaker_count_3408_last,3,3.0534351145038165
ex03_happy_00040,ex03::HOW ARE YOU SIR,happy,emotion_3407,5,4.580152671755725
ex03_happy_00040,ex03::HOW ARE YOU SIR,happy,emotion_3409,2,2.2900763358778624
ex03_happy_00040,ex03::HOW ARE YOU SIR,happy,intent_3408,10,8.396946564885496
ex03_happy_00040,ex03::HOW ARE YOU SIR,happy,speaker_count_3408,10,8.396946564885496
ex03_happy_00104,ex03::GRANNY SMITH APPLES YOUR FAVORITE,happy,asr_3408,28,12.35027947830716
ex03_happy_00104,ex03::GRANNY SMITH APPLES YOUR FAVORITE,happy,emotion_3408,12,5.536332179930795
ex03_happy_00104,ex03::GRANNY SMITH APPLES YOUR FAVORITE,happy,intent_3408_last,19,8.517434122970455
ex03_happy_00104,ex03::GRANNY SMITH APPLES YOUR FAVORITE,happy,speaker_count_3408_last,6,2.9811019430396595
ex03_happy_00104,ex03::GRANNY SMITH APPLES YOUR FAVORITE,happy,emotion_3407,16,7.239819004524887
ex03_happy_00104,ex03::GRANNY SMITH APPLES YOUR FAVORITE,happy,emotion_3409,13,5.962203886079319
ex03_happy_00104,ex03::GRANNY SMITH APPLES YOUR FAVORITE,happy,intent_3408,28,12.35027947830716
ex03_happy_00104,ex03::GRANNY SMITH APPLES YOUR FAVORITE,happy,speaker_count_3408,27,11.924407772158638
ex03_happy_00134,ex03::WHO STARS IN THE NUTTY PROFESSOR,happy,asr_3408,23,11.429932134777951
ex03_happy_00134,ex03::WHO STARS IN THE NUTTY PROFESSOR,happy,emotion_3408,10,5.238718895106561
ex03_happy_00134,ex03::WHO STARS IN THE NUTTY PROFESSOR,happy,intent_3408_last,14,7.143707584236219
ex03_happy_00134,ex03::WHO STARS IN THE NUTTY PROFESSOR,happy,speaker_count_3408_last,7,3.809977378259317
ex03_happy_00134,ex03::WHO STARS IN THE NUTTY PROFESSOR,happy,emotion_3407,11,5.714966067388976
ex03_happy_00134,ex03::WHO STARS IN THE NUTTY PROFESSOR,happy,emotion_3409,9,4.762471722824146
ex03_happy_00134,ex03::WHO STARS IN THE NUTTY PROFESSOR,happy,intent_3408,23,11.429932134777951
ex03_happy_00134,ex03::WHO STARS IN THE NUTTY PROFESSOR,happy,speaker_count_3408,22,10.953684962495537
ex03_happy_00143,ex03::OH ME TOO,happy,asr_3408,8,7.428424039205571
ex03_happy_00143,ex03::OH ME TOO,happy,emotion_3408,3,3.301521795202476
ex03_happy_00143,ex03::OH ME TOO,happy,intent_3408_last,5,4.952282692803714
ex03_happy_00143,ex03::OH ME TOO,happy,speaker_count_3408_last,2,2.476141346401857
ex03_happy_00143,ex03::OH ME TOO,happy,emotion_3407,3,3.301521795202476
ex03_happy_00143,ex03::OH ME TOO,happy,emotion_3409,3,3.301521795202476
ex03_happy_00143,ex03::OH ME TOO,happy,intent_3408,8,7.428424039205571
ex03_happy_00143,ex03::OH ME TOO,happy,speaker_count_3408,8,7.428424039205571
ex03_happy_00175,ex03::WHAT IS TAI CHI,happy,asr_3408,12,7.648183556405353
ex03_happy_00175,ex03::WHAT IS TAI CHI,happy,emotion_3408,5,3.5299308721870863
ex03_happy_00175,ex03::WHAT IS TAI CHI,happy,intent_3408_last,7,4.7065744962494485
ex03_happy_00175,ex03::WHAT IS TAI CHI,happy,speaker_count_3408_last,3,2.3532872481247242
ex03_happy_00175,ex03::WHAT IS TAI CHI,happy,emotion_3407,6,4.118252684218267
ex03_happy_00175,ex03::WHAT IS TAI CHI,happy,emotion_3409,4,2.9416090601559053
ex03_happy_00175,ex03::WHAT IS TAI CHI,happy,intent_3408,12,7.648183556405353
ex03_happy_00175,ex03::WHAT IS TAI CHI,happy,speaker_count_3408,12,7.648183556405353
ex03_happy_00198,ex03::OF COURSE HE DOES,happy,asr_3408,15,9.852975136633054
ex03_happy_00198,ex03::OF COURSE HE DOES,happy,emotion_3408,5,3.694865676237395
ex03_happy_00198,ex03::OF COURSE HE DOES,happy,intent_3408_last,9,6.158109460395659
ex03_happy_00198,ex03::OF COURSE HE DOES,happy,speaker_count_3408_last,3,2.4632437841582635
ex03_happy_00198,ex03::OF COURSE HE DOES,happy,emotion_3407,6,4.3106766222769615
ex03_happy_00198,ex03::OF COURSE HE DOES,happy,emotion_3409,4,3.0790547301978295
ex03_happy_00198,ex03::OF COURSE HE DOES,happy,intent_3408,15,9.852975136633054
ex03_happy_00198,ex03::OF COURSE HE DOES,happy,speaker_count_3408,13,8.621353244553923
ex03_happy_00205,ex03::MILESTONES FOR ALEX AND THE OTHER TRAVEL ZOO BREAK OUT YOUR SCORECARDS,happy,asr_3408,53,11.61290322580645
ex03_happy_00205,ex03::MILESTONES FOR ALEX AND THE OTHER TRAVEL ZOO BREAK OUT YOUR SCORECARDS,happy,emotion_3408,27,6.021505376344086
ex03_happy_00205,ex03::MILESTONES FOR ALEX AND THE OTHER TRAVEL ZOO BREAK OUT YOUR SCORECARDS,happy,intent_3408_last,39,8.602150537634408
ex03_happy_00205,ex03::MILESTONES FOR ALEX AND THE OTHER TRAVEL ZOO BREAK OUT YOUR SCORECARDS,happy,speaker_count_3408_last,16,3.6559139784946235
ex03_happy_00205,ex03::MILESTONES FOR ALEX AND THE OTHER TRAVEL ZOO BREAK OUT YOUR SCORECARDS,happy,emotion_3407,30,6.666666666666666
ex03_happy_00205,ex03::MILESTONES FOR ALEX AND THE OTHER TRAVEL ZOO BREAK OUT YOUR SCORECARDS,happy,emotion_3409,25,5.591397849462365
ex03_happy_00205,ex03::MILESTONES FOR ALEX AND THE OTHER TRAVEL ZOO BREAK OUT YOUR SCORECARDS,happy,intent_3408,53,11.61290322580645
ex03_happy_00205,ex03::MILESTONES FOR ALEX AND THE OTHER TRAVEL ZOO BREAK OUT YOUR SCORECARDS,happy,speaker_count_3408,48,10.53763440860215
ex03_happy_00226,ex03::IT'S GONNA BE SUNNY WITH TEMPERATURES GOING FROM SIXTY EIGHT TO SEVENTY EIGHT TODAY IN COVINGTON,happy,asr_3408,69,13.739128301377592
ex03_happy_00226,ex03::IT'S GONNA BE SUNNY WITH TEMPERATURES GOING FROM SIXTY EIGHT TO SEVENTY EIGHT TODAY IN COVINGTON,happy,emotion_3408,33,6.673290889240545
ex03_happy_00226,ex03::IT'S GONNA BE SUNNY WITH TEMPERATURES GOING FROM SIXTY EIGHT TO SEVENTY EIGHT TODAY IN COVINGTON,happy,intent_3408_last,44,8.832296765171309
ex03_happy_00226,ex03::IT'S GONNA BE SUNNY WITH TEMPERATURES GOING FROM SIXTY EIGHT TO SEVENTY EIGHT TODAY IN COVINGTON,happy,speaker_count_3408_last,21,4.318011751861529
ex03_happy_00226,ex03::IT'S GONNA BE SUNNY WITH TEMPERATURES GOING FROM SIXTY EIGHT TO SEVENTY EIGHT TODAY IN COVINGTON,happy,emotion_3407,37,7.45838393503355
ex03_happy_00226,ex03::IT'S GONNA BE SUNNY WITH TEMPERATURES GOING FROM SIXTY EIGHT TO SEVENTY EIGHT TODAY IN COVINGTON,happy,emotion_3409,34,6.869564150688796
ex03_happy_00226,ex03::IT'S GONNA BE SUNNY WITH TEMPERATURES GOING FROM SIXTY EIGHT TO SEVENTY EIGHT TODAY IN COVINGTON,happy,intent_3408,69,13.739128301377592
ex03_happy_00226,ex03::IT'S GONNA BE SUNNY WITH TEMPERATURES GOING FROM SIXTY EIGHT TO SEVENTY EIGHT TODAY IN COVINGTON,happy,speaker_count_3408,66,13.150308517032839
ex03_happy_00269,ex03::DOES THE PROSECUTION HAVE A RECOMMENDATION,happy,asr_3408,35,13.688212927756654
ex03_happy_00269,ex03::DOES THE PROSECUTION HAVE A RECOMMENDATION,happy,emotion_3408,16,6.463878326996198
ex03_happy_00269,ex03::DOES THE PROSECUTION HAVE A RECOMMENDATION,happy,intent_3408_last,22,8.745247148288973
ex03_happy_00269,ex03::DOES THE PROSECUTION HAVE A RECOMMENDATION,happy,speaker_count_3408_last,11,4.562737642585551
ex03_happy_00269,ex03::DOES THE PROSECUTION HAVE A RECOMMENDATION,happy,emotion_3407,17,6.844106463878327
ex03_happy_00269,ex03::DOES THE PROSECUTION HAVE A RECOMMENDATION,happy,emotion_3409,13,5.32319391634981
ex03_happy_00269,ex03::DOES THE PROSECUTION HAVE A RECOMMENDATION,happy,intent_3408,35,13.688212927756654
ex03_happy_00269,ex03::DOES THE PROSECUTION HAVE A RECOMMENDATION,happy,speaker_count_3408,33,12.927756653992397
ex03_happy_00285,ex03::DON'T THROW THAT OUT,happy,asr_3408,13,10.259698621352998
ex03_happy_00285,ex03::DON'T THROW THAT OUT,happy,emotion_3408,5,4.397013694865571
ex03_happy_00285,ex03::DON'T THROW THAT OUT,happy,intent_3408_last,8,6.595520542298356
ex03_happy_00285,ex03::DON'T THROW THAT OUT,happy,speaker_count_3408_last,2,2.1985068474327853
ex03_happy_00285,ex03::DON'T THROW THAT OUT,happy,emotion_3407,7,5.862684926487428
ex03_happy_00285,ex03::DON'T THROW THAT OUT,happy,emotion_3409,5,4.397013694865571
ex03_happy_00285,ex03::DON'T THROW THAT OUT,happy,intent_3408,13,10.259698621352998
ex03_happy_00285,ex03::DON'T THROW THAT OUT,happy,speaker_count_3408,13,10.259698621352998
ex03_happy_00343,ex03::OKAY ENOUGH OF THE SPEECHES,happy,asr_3408,24,9.773499157035697
ex03_happy_00343,ex03::OKAY ENOUGH OF THE SPEECHES,happy,emotion_3408,13,5.473159527939991
ex03_happy_00343,ex03::OKAY ENOUGH OF THE SPEECHES,happy,intent_3408_last,18,7.4278593593471305
ex03_happy_00343,ex03::OKAY ENOUGH OF THE SPEECHES,happy,speaker_count_3408_last,8,3.5184596965328514
ex03_happy_00343,ex03::OKAY ENOUGH OF THE SPEECHES,happy,emotion_3407,14,5.864099494221419
ex03_happy_00343,ex03::OKAY ENOUGH OF THE SPEECHES,happy,emotion_3409,14,5.864099494221419
ex03_happy_00343,ex03::OKAY ENOUGH OF THE SPEECHES,happy,intent_3408,24,9.773499157035697
ex03_happy_00343,ex03::OKAY ENOUGH OF THE SPEECHES,happy,speaker_count_3408,23,9.38255919075427
ex03_happy_00376,ex03::HIS NAME IS ADAM BRODY,happy,asr_3408,20,11.666666666666666
ex03_happy_00376,ex03::HIS NAME IS ADAM BRODY,happy,emotion_3408,7,4.444444444444445
ex03_happy_00376,ex03::HIS NAME IS ADAM BRODY,happy,intent_3408_last,13,7.777777777777778
ex03_happy_00376,ex03::HIS NAME IS ADAM BRODY,happy,speaker_count_3408_last,5,3.333333333333333
ex03_happy_00376,ex03::HIS NAME IS ADAM BRODY,happy,emotion_3407,10,6.111111111111111
ex03_happy_00376,ex03::HIS NAME IS ADAM BRODY,happy,emotion_3409,9,5.555555555555555
ex03_happy_00376,ex03::HIS NAME IS ADAM BRODY,happy,intent_3408,20,11.666666666666666
ex03_happy_00376,ex03::HIS NAME IS ADAM BRODY,happy,speaker_count_3408,20,11.666666666666666
ex03_laughing_00010,ex03::IS THAT SUCCESS,laughing,asr_3408,24,10.412870307700317
ex03_laughing_00010,ex03::IS THAT SUCCESS,laughing,emotion_3408,9,4.165148123080127
ex03_laughing_00010,ex03::IS THAT SUCCESS,laughing,intent_3408_last,15,6.664236996928203
ex03_laughing_00010,ex03::IS THAT SUCCESS,laughing,speaker_count_3408_last,6,2.915603686156089
ex03_laughing_00010,ex03::IS THAT SUCCESS,laughing,emotion_3407,9,4.165148123080127
ex03_laughing_00010,ex03::IS THAT SUCCESS,laughing,emotion_3409,9,4.165148123080127
ex03_laughing_00010,ex03::IS THAT SUCCESS,laughing,intent_3408,24,10.412870307700317
ex03_laughing_00010,ex03::IS THAT SUCCESS,laughing,speaker_count_3408,21,9.16332587077628
ex03_laughing_00014,ex03::IS IT THE SHAPE OF THINGS TO COME,laughing,asr_3408,36,12.266379346069371
ex03_laughing_00014,ex03::IS IT THE SHAPE OF THINGS TO COME,laughing,emotion_3408,17,5.967427789979694
ex03_laughing_00014,ex03::IS IT THE SHAPE OF THINGS TO COME,laughing,intent_3408_last,24,8.288094152749576
ex03_laughing_00014,ex03::IS IT THE SHAPE OF THINGS TO COME,laughing,speaker_count_3408_last,8,2.983713894989847
ex03_laughing_00014,ex03::IS IT THE SHAPE OF THINGS TO COME,laughing,emotion_3407,18,6.298951556089677
ex03_laughing_00014,ex03::IS IT THE SHAPE OF THINGS TO COME,laughing,emotion_3409,15,5.304380257759728
ex03_laughing_00014,ex03::IS IT THE SHAPE OF THINGS TO COME,laughing,intent_3408,36,12.266379346069371
ex03_laughing_00014,ex03::IS IT THE SHAPE OF THINGS TO COME,laughing,speaker_count_3408,34,11.603331813849405
ex03_laughing_00037,ex03::THE VACANCIES ARE IN SUPPORT SERVICES AND ARTS,laughing,asr_3408,46,12.228835333528474
ex03_laughing_00037,ex03::THE VACANCIES ARE IN SUPPORT SERVICES AND ARTS,laughing,emotion_3408,22,5.98432367385436
ex03_laughing_00037,ex03::THE VACANCIES ARE IN SUPPORT SERVICES AND ARTS,laughing,intent_3408_last,28,7.545451588772888
ex03_laughing_00037,ex03::THE VACANCIES ARE IN SUPPORT SERVICES AND ARTS,laughing,speaker_count_3408_last,13,3.6426318014765666
ex03_laughing_00037,ex03::THE VACANCIES ARE IN SUPPORT SERVICES AND ARTS,laughing,emotion_3407,24,6.5046996454938695
ex03_laughing_00037,ex03::THE VACANCIES ARE IN SUPPORT SERVICES AND ARTS,laughing,emotion_3409,19,5.203759716395095
ex03_laughing_00037,ex03::THE VACANCIES ARE IN SUPPORT SERVICES AND ARTS,laughing,intent_3408,46,12.228835333528474
ex03_laughing_00037,ex03::THE VACANCIES ARE IN SUPPORT SERVICES AND ARTS,laughing,speaker_count_3408,43,11.44827137606921
ex03_laughing_00040,ex03::HOW ARE YOU SIR,laughing,asr_3408,16,10.649543870639365
ex03_laughing_00040,ex03::HOW ARE YOU SIR,laughing,emotion_3408,5,3.758662542578599
ex03_laughing_00040,ex03::HOW ARE YOU SIR,laughing,intent_3408_last,11,7.517325085157198
ex03_laughing_00040,ex03::HOW ARE YOU SIR,laughing,speaker_count_3408_last,3,2.5057750283857327
ex03_laughing_00040,ex03::HOW ARE YOU SIR,laughing,emotion_3407,7,5.0115500567714655
ex03_laughing_00040,ex03::HOW ARE YOU SIR,laughing,emotion_3409,6,4.385106299675032
ex03_laughing_00040,ex03::HOW ARE YOU SIR,laughing,intent_3408,16,10.649543870639365
ex03_laughing_00040,ex03::HOW ARE YOU SIR,laughing,speaker_count_3408,13,8.770212599350064
ex03_laughing_00104,ex03::GRANNY SMITH APPLES YOUR FAVORITE,laughing,asr_3408,31,11.295695722196484
ex03_laughing_00104,ex03::GRANNY SMITH APPLES YOUR FAVORITE,laughing,emotion_3408,13,4.941866878460962
ex03_laughing_00104,ex03::GRANNY SMITH APPLES YOUR FAVORITE,laughing,intent_3408_last,20,7.412800317691443
ex03_laughing_00104,ex03::GRANNY SMITH APPLES YOUR FAVORITE,laughing,speaker_count_3408_last,9,3.5299049131864013
ex03_laughing_00104,ex03::GRANNY SMITH APPLES YOUR FAVORITE,laughing,emotion_3407,15,5.647847861098242
ex03_laughing_00104,ex03::GRANNY SMITH APPLES YOUR FAVORITE,laughing,emotion_3409,12,4.588876387142322
ex03_laughing_00104,ex03::GRANNY SMITH APPLES YOUR FAVORITE,laughing,intent_3408,31,11.295695722196484
ex03_laughing_00104,ex03::GRANNY SMITH APPLES YOUR FAVORITE,laughing,speaker_count_3408,29,10.589714739559204
ex03_laughing_00134,ex03::WHO STARS IN THE NUTTY PROFESSOR,laughing,asr_3408,31,13.499617686608484
ex03_laughing_00134,ex03::WHO STARS IN THE NUTTY PROFESSOR,laughing,emotion_3408,12,5.484219685184697
ex03_laughing_00134,ex03::WHO STARS IN THE NUTTY PROFESSOR,laughing,intent_3408_last,19,8.437261054130303
ex03_laughing_00134,ex03::WHO STARS IN THE NUTTY PROFESSOR,laughing,speaker_count_3408_last,10,4.640493579771666
ex03_laughing_00134,ex03::WHO STARS IN THE NUTTY PROFESSOR,laughing,emotion_3407,16,7.171671896010758
ex03_laughing_00134,ex03::WHO STARS IN THE NUTTY PROFESSOR,laughing,emotion_3409,15,6.749808843304242
ex03_laughing_00134,ex03::WHO STARS IN THE NUTTY PROFESSOR,laughing,intent_3408,30,13.07775463390197
ex03_laughing_00134,ex03::WHO STARS IN THE NUTTY PROFESSOR,laughing,speaker_count_3408,27,11.812165475782423
ex03_laughing_00143,ex03::OH ME TOO,laughing,asr_3408,14,8.447729672650475
ex03_laughing_00143,ex03::OH ME TOO,laughing,emotion_3408,5,3.37909186906019
ex03_laughing_00143,ex03::OH ME TOO,laughing,intent_3408_last,11,6.75818373812038
ex03_laughing_00143,ex03::OH ME TOO,laughing,speaker_count_3408_last,4,2.815909890883492
ex03_laughing_00143,ex03::OH ME TOO,laughing,emotion_3407,8,5.068637803590285
ex03_laughing_00143,ex03::OH ME TOO,laughing,emotion_3409,5,3.37909186906019
ex03_laughing_00143,ex03::OH ME TOO,laughing,intent_3408,14,8.447729672650475
ex03_laughing_00143,ex03::OH ME TOO,laughing,speaker_count_3408,13,7.884547694473777
ex03_laughing_00175,ex03::WHAT IS TAI CHI,laughing,asr_3408,16,7.493319375189399
ex03_laughing_00175,ex03::WHAT IS TAI CHI,laughing,emotion_3408,8,3.9670514339237997
ex03_laughing_00175,ex03::WHAT IS TAI CHI,laughing,intent_3408_last,11,5.289401911898399
ex03_laughing_00175,ex03::WHAT IS TAI CHI,laughing,speaker_count_3408_last,4,2.203917463291
ex03_laughing_00175,ex03::WHAT IS TAI CHI,laughing,emotion_3407,10,4.848618419240199
ex03_laughing_00175,ex03::WHAT IS TAI CHI,laughing,emotion_3409,9,4.407834926582
ex03_laughing_00175,ex03::WHAT IS TAI CHI,laughing,intent_3408,16,7.493319375189399
ex03_laughing_00175,ex03::WHAT IS TAI CHI,laughing,speaker_count_3408,15,7.052535882531199
ex03_laughing_00198,ex03::OF COURSE HE DOES,laughing,asr_3408,16,9.322091987113579
ex03_laughing_00198,ex03::OF COURSE HE DOES,laughing,emotion_3408,7,4.386866817465213
ex03_laughing_00198,ex03::OF COURSE HE DOES,laughing,intent_3408_last,11,6.58030022619782
ex03_laughing_00198,ex03::OF COURSE HE DOES,laughing,speaker_count_3408_last,4,2.7417917609157585
ex03_laughing_00198,ex03::OF COURSE HE DOES,laughing,emotion_3407,8,4.935225169648365
ex03_laughing_00198,ex03::OF COURSE HE DOES,laughing,emotion_3409,7,4.386866817465213
ex03_laughing_00198,ex03::OF COURSE HE DOES,laughing,intent_3408,16,9.322091987113579
ex03_laughing_00198,ex03::OF COURSE HE DOES,laughing,speaker_count_3408,15,8.773733634930426
ex03_laughing_00205,ex03::MILESTONES FOR ALEX AND THE OTHER TRAVEL ZOO BREAK OUT YOUR SCORECARDS,laughing,asr_3408,61,11.311546443476477
ex03_laughing_00205,ex03::MILESTONES FOR ALEX AND THE OTHER TRAVEL ZOO BREAK OUT YOUR SCORECARDS,laughing,emotion_3408,37,6.932883304066228
ex03_laughing_00205,ex03::MILESTONES FOR ALEX AND THE OTHER TRAVEL ZOO BREAK OUT YOUR SCORECARDS,laughing,intent_3408_last,47,8.757326278820498
ex03_laughing_00205,ex03::MILESTONES FOR ALEX AND THE OTHER TRAVEL ZOO BREAK OUT YOUR SCORECARDS,laughing,speaker_count_3408_last,15,2.9191087596068326
ex03_laughing_00205,ex03::MILESTONES FOR ALEX AND THE OTHER TRAVEL ZOO BREAK OUT YOUR SCORECARDS,laughing,emotion_3407,37,6.932883304066228
ex03_laughing_00205,ex03::MILESTONES FOR ALEX AND THE OTHER TRAVEL ZOO BREAK OUT YOUR SCORECARDS,laughing,emotion_3409,30,5.655773221738238
ex03_laughing_00205,ex03::MILESTONES FOR ALEX AND THE OTHER TRAVEL ZOO BREAK OUT YOUR SCORECARDS,laughing,intent_3408,61,11.311546443476477
ex03_laughing_00205,ex03::MILESTONES FOR ALEX AND THE OTHER TRAVEL ZOO BREAK OUT YOUR SCORECARDS,laughing,speaker_count_3408,58,10.764213551050196
ex03_laughing_00226,ex03::IT'S GONNA BE SUNNY WITH TEMPERATURES GOING FROM SIXTY EIGHT TO SEVENTY EIGHT TODAY IN COVINGTON,laughing,asr_3408,71,13.1487336354194
ex03_laughing_00226,ex03::IT'S GONNA BE SUNNY WITH TEMPERATURES GOING FROM SIXTY EIGHT TO SEVENTY EIGHT TODAY IN COVINGTON,laughing,emotion_3408,40,7.487473320169381
ex03_laughing_00226,ex03::IT'S GONNA BE SUNNY WITH TEMPERATURES GOING FROM SIXTY EIGHT TO SEVENTY EIGHT TODAY IN COVINGTON,laughing,intent_3408_last,48,8.94844372410487
ex03_laughing_00226,ex03::IT'S GONNA BE SUNNY WITH TEMPERATURES GOING FROM SIXTY EIGHT TO SEVENTY EIGHT TODAY IN COVINGTON,laughing,speaker_count_3408_last,22,4.200289911314531
ex03_laughing_00226,ex03::IT'S GONNA BE SUNNY WITH TEMPERATURES GOING FROM SIXTY EIGHT TO SEVENTY EIGHT TODAY IN COVINGTON,laughing,emotion_3407,41,7.670094620661318
ex03_laughing_00226,ex03::IT'S GONNA BE SUNNY WITH TEMPERATURES GOING FROM SIXTY EIGHT TO SEVENTY EIGHT TODAY IN COVINGTON,laughing,emotion_3409,39,7.304852019677445
ex03_laughing_00226,ex03::IT'S GONNA BE SUNNY WITH TEMPERATURES GOING FROM SIXTY EIGHT TO SEVENTY EIGHT TODAY IN COVINGTON,laughing,intent_3408,71,13.1487336354194
ex03_laughing_00226,ex03::IT'S GONNA BE SUNNY WITH TEMPERATURES GOING FROM SIXTY EIGHT TO SEVENTY EIGHT TODAY IN COVINGTON,laughing,speaker_count_3408,69,12.78349103443553
ex03_laughing_00269,ex03::DOES THE PROSECUTION HAVE A RECOMMENDATION,laughing,asr_3408,39,11.703820200062177
ex03_laughing_00269,ex03::DOES THE PROSECUTION HAVE A RECOMMENDATION,laughing,emotion_3408,20,6.144505605032642
ex03_laughing_00269,ex03::DOES THE PROSECUTION HAVE A RECOMMENDATION,laughing,intent_3408_last,25,7.607483130040415
ex03_laughing_00269,ex03::DOES THE PROSECUTION HAVE A RECOMMENDATION,laughing,speaker_count_3408_last,13,4.096337070021762
ex03_laughing_00269,ex03::DOES THE PROSECUTION HAVE A RECOMMENDATION,laughing,emotion_3407,20,6.144505605032642
ex03_laughing_00269,ex03::DOES THE PROSECUTION HAVE A RECOMMENDATION,laughing,emotion_3409,18,5.559314595029534
ex03_laughing_00269,ex03::DOES THE PROSECUTION HAVE A RECOMMENDATION,laughing,intent_3408,39,11.703820200062177
ex03_laughing_00269,ex03::DOES THE PROSECUTION HAVE A RECOMMENDATION,laughing,speaker_count_3408,38,11.411224695060621
ex03_laughing_00285,ex03::DON'T THROW THAT OUT,laughing,asr_3408,16,10.002574191887618
ex03_laughing_00285,ex03::DON'T THROW THAT OUT,laughing,emotion_3408,7,4.707093737358879
ex03_laughing_00285,ex03::DON'T THROW THAT OUT,laughing,intent_3408_last,10,6.472253888868458
ex03_laughing_00285,ex03::DON'T THROW THAT OUT,laughing,speaker_count_3408_last,3,2.3535468686794396
ex03_laughing_00285,ex03::DON'T THROW THAT OUT,laughing,emotion_3407,7,4.707093737358879
ex03_laughing_00285,ex03::DON'T THROW THAT OUT,laughing,emotion_3409,7,4.707093737358879
ex03_laughing_00285,ex03::DON'T THROW THAT OUT,laughing,intent_3408,16,10.002574191887618
ex03_laughing_00285,ex03::DON'T THROW THAT OUT,laughing,speaker_count_3408,15,9.414187474717759
ex03_laughing_00343,ex03::OKAY ENOUGH OF THE SPEECHES,laughing,asr_3408,25,11.304347826086957
ex03_laughing_00343,ex03::OKAY ENOUGH OF THE SPEECHES,laughing,emotion_3408,15,6.9565217391304355
ex03_laughing_00343,ex03::OKAY ENOUGH OF THE SPEECHES,laughing,intent_3408_last,17,7.82608695652174
ex03_laughing_00343,ex03::OKAY ENOUGH OF THE SPEECHES,laughing,speaker_count_3408_last,8,3.91304347826087
ex03_laughing_00343,ex03::OKAY ENOUGH OF THE SPEECHES,laughing,emotion_3407,16,7.391304347826088
ex03_laughing_00343,ex03::OKAY ENOUGH OF THE SPEECHES,laughing,emotion_3409,13,6.086956521739131
ex03_laughing_00343,ex03::OKAY ENOUGH OF THE SPEECHES,laughing,intent_3408,25,11.304347826086957
ex03_laughing_00343,ex03::OKAY ENOUGH OF THE SPEECHES,laughing,speaker_count_3408,25,11.304347826086957
ex03_laughing_00376,ex03::HIS NAME IS ADAM BRODY,laughing,asr_3408,23,12.090680100755668
ex03_laughing_00376,ex03::HIS NAME IS ADAM BRODY,laughing,emotion_3408,7,4.030226700251889
ex03_laughing_00376,ex03::HIS NAME IS ADAM BRODY,laughing,intent_3408_last,16,8.564231738035264
ex03_laughing_00376,ex03::HIS NAME IS ADAM BRODY,laughing,speaker_count_3408_last,6,3.526448362720403
ex03_laughing_00376,ex03::HIS NAME IS ADAM BRODY,laughing,emotion_3407,9,5.037783375314861
ex03_laughing_00376,ex03::HIS NAME IS ADAM BRODY,laughing,emotion_3409,8,4.534005037783375
ex03_laughing_00376,ex03::HIS NAME IS ADAM BRODY,laughing,intent_3408,23,12.090680100755668
ex03_laughing_00376,ex03::HIS NAME IS ADAM BRODY,laughing,speaker_count_3408,23,12.090680100755668
ex03_sad_00010,ex03::IS THAT SUCCESS,sad,asr_3408,15,8.714596949891067
ex03_sad_00010,ex03::IS THAT SUCCESS,sad,emotion_3408,6,3.812636165577342
ex03_sad_00010,ex03::IS THAT SUCCESS,sad,intent_3408_last,11,6.5359477124183005
ex03_sad_00010,ex03::IS THAT SUCCESS,sad,speaker_count_3408_last,4,2.7233115468409586
ex03_sad_00010,ex03::IS THAT SUCCESS,sad,emotion_3407,6,3.812636165577342
ex03_sad_00010,ex03::IS THAT SUCCESS,sad,emotion_3409,5,3.2679738562091503
ex03_sad_00010,ex03::IS THAT SUCCESS,sad,intent_3408,15,8.714596949891067
ex03_sad_00010,ex03::IS THAT SUCCESS,sad,speaker_count_3408,14,8.169934640522875
ex03_sad_00014,ex03::IS IT THE SHAPE OF THINGS TO COME,sad,asr_3408,27,11.666666666666668
ex03_sad_00014,ex03::IS IT THE SHAPE OF THINGS TO COME,sad,emotion_3408,11,5.0
ex03_sad_00014,ex03::IS IT THE SHAPE OF THINGS TO COME,sad,intent_3408_last,17,7.5
ex03_sad_00014,ex03::IS IT THE SHAPE OF THINGS TO COME,sad,speaker_count_3408_last,7,3.3333333333333335
ex03_sad_00014,ex03::IS IT THE SHAPE OF THINGS TO COME,sad,emotion_3407,12,5.416666666666667
ex03_sad_00014,ex03::IS IT THE SHAPE OF THINGS TO COME,sad,emotion_3409,12,5.416666666666667
ex03_sad_00014,ex03::IS IT THE SHAPE OF THINGS TO COME,sad,intent_3408,27,11.666666666666668
ex03_sad_00014,ex03::IS IT THE SHAPE OF THINGS TO COME,sad,speaker_count_3408,26,11.25
ex03_sad_00037,ex03::THE VACANCIES ARE IN SUPPORT SERVICES AND ARTS,sad,asr_3408,41,11.185645088802703
ex03_sad_00037,ex03::THE VACANCIES ARE IN SUPPORT SERVICES AND ARTS,sad,emotion_3408,19,5.326497661334621
ex03_sad_00037,ex03::THE VACANCIES ARE IN SUPPORT SERVICES AND ARTS,sad,intent_3408_last,26,7.190771842801738
ex03_sad_00037,ex03::THE VACANCIES ARE IN SUPPORT SERVICES AND ARTS,sad,speaker_count_3408_last,12,3.4622234798675033
ex03_sad_00037,ex03::THE VACANCIES ARE IN SUPPORT SERVICES AND ARTS,sad,emotion_3407,22,6.125472310534814
ex03_sad_00037,ex03::THE VACANCIES ARE IN SUPPORT SERVICES AND ARTS,sad,emotion_3409,16,4.527523012134427
ex03_sad_00037,ex03::THE VACANCIES ARE IN SUPPORT SERVICES AND ARTS,sad,intent_3408,41,11.185645088802703
ex03_sad_00037,ex03::THE VACANCIES ARE IN SUPPORT SERVICES AND ARTS,sad,speaker_count_3408,38,10.38667043960251
ex03_sad_00040,ex03::HOW ARE YOU SIR,sad,asr_3408,10,7.294429708222812
ex03_sad_00040,ex03::HOW ARE YOU SIR,sad,emotion_3408,3,2.6525198938992043
ex03_sad_00040,ex03::HOW ARE YOU SIR,sad,intent_3408_last,9,6.63129973474801
ex03_sad_00040,ex03::HOW ARE YOU SIR,sad,speaker_count_3408_last,3,2.6525198938992043
ex03_sad_00040,ex03::HOW ARE YOU SIR,sad,emotion_3407,5,3.9787798408488064
ex03_sad_00040,ex03::HOW ARE YOU SIR,sad,emotion_3409,4,3.315649867374005
ex03_sad_00040,ex03::HOW ARE YOU SIR,sad,intent_3408,10,7.294429708222812
ex03_sad_00040,ex03::HOW ARE YOU SIR,sad,speaker_count_3408,10,7.294429708222812
ex03_sad_00104,ex03::GRANNY SMITH APPLES YOUR FAVORITE,sad,asr_3408,27,9.849617447893765
ex03_sad_00104,ex03::GRANNY SMITH APPLES YOUR FAVORITE,sad,emotion_3408,15,5.628352827367865
ex03_sad_00104,ex03::GRANNY SMITH APPLES YOUR FAVORITE,sad,intent_3408_last,16,5.980124879078357
ex03_sad_00104,ex03::GRANNY SMITH APPLES YOUR FAVORITE,sad,speaker_count_3408_last,6,2.4624043619734413
ex03_sad_00104,ex03::GRANNY SMITH APPLES YOUR FAVORITE,sad,emotion_3407,16,5.980124879078357
ex03_sad_00104,ex03::GRANNY SMITH APPLES YOUR FAVORITE,sad,emotion_3409,14,5.276580775657374
ex03_sad_00104,ex03::GRANNY SMITH APPLES YOUR FAVORITE,sad,intent_3408,27,9.849617447893765
ex03_sad_00104,ex03::GRANNY SMITH APPLES YOUR FAVORITE,sad,speaker_count_3408,26,9.497845396183273
ex03_sad_00134,ex03::WHO STARS IN THE NUTTY PROFESSOR,sad,asr_3408,26,10.46562333446388
ex03_sad_00134,ex03::WHO STARS IN THE NUTTY PROFESSOR,sad,emotion_3408,12,5.039003827704831
ex03_sad_00134,ex03::WHO STARS IN THE NUTTY PROFESSOR,sad,intent_3408_last,18,7.364697902030137
ex03_sad_00134,ex03::WHO STARS IN THE NUTTY PROFESSOR,sad,speaker_count_3408_last,7,3.100925432433742
ex03_sad_00134,ex03::WHO STARS IN THE NUTTY PROFESSOR,sad,emotion_3407,14,5.814235185813266
ex03_sad_00134,ex03::WHO STARS IN THE NUTTY PROFESSOR,sad,emotion_3409,12,5.039003827704831
ex03_sad_00134,ex03::WHO STARS IN THE NUTTY PROFESSOR,sad,intent_3408,26,10.46562333446388
ex03_sad_00134,ex03::WHO STARS IN THE NUTTY PROFESSOR,sad,speaker_count_3408,24,9.690391976355444
ex03_sad_00143,ex03::OH ME TOO,sad,asr_3408,9,6.110135186741006
ex03_sad_00143,ex03::OH ME TOO,sad,emotion_3408,3,2.444054074696403
ex03_sad_00143,ex03::OH ME TOO,sad,intent_3408_last,7,4.888108149392806
ex03_sad_00143,ex03::OH ME TOO,sad,speaker_count_3408_last,3,2.444054074696403
ex03_sad_00143,ex03::OH ME TOO,sad,emotion_3407,4,3.055067593370503
ex03_sad_00143,ex03::OH ME TOO,sad,emotion_3409,3,2.444054074696403
ex03_sad_00143,ex03::OH ME TOO,sad,intent_3408,9,6.110135186741006
ex03_sad_00143,ex03::OH ME TOO,sad,speaker_count_3408,9,6.110135186741006
ex03_sad_00175,ex03::WHAT IS TAI CHI,sad,asr_3408,15,7.338607957803005
ex03_sad_00175,ex03::WHAT IS TAI CHI,sad,emotion_3408,7,3.6693039789015023
ex03_sad_00175,ex03::WHAT IS TAI CHI,sad,intent_3408_last,11,5.503955968352253
ex03_sad_00175,ex03::WHAT IS TAI CHI,sad,speaker_count_3408_last,2,1.3759889920880632
ex03_sad_00175,ex03::WHAT IS TAI CHI,sad,emotion_3407,8,4.12796697626419
ex03_sad_00175,ex03::WHAT IS TAI CHI,sad,emotion_3409,7,3.6693039789015023
ex03_sad_00175,ex03::WHAT IS TAI CHI,sad,intent_3408,15,7.338607957803005
ex03_sad_00175,ex03::WHAT IS TAI CHI,sad,speaker_count_3408,13,6.421281963077629
ex03_sad_00198,ex03::OF COURSE HE DOES,sad,asr_3408,15,9.344088768843305
ex03_sad_00198,ex03::OF COURSE HE DOES,sad,emotion_3408,4,2.920027740263533
ex03_sad_00198,ex03::OF COURSE HE DOES,sad,intent_3408_last,11,7.008066576632478
ex03_sad_00198,ex03::OF COURSE HE DOES,sad,speaker_count_3408_last,4,2.920027740263533
ex03_sad_00198,ex03::OF COURSE HE DOES,sad,emotion_3407,7,4.672044384421652
ex03_sad_00198,ex03::OF COURSE HE DOES,sad,emotion_3409,4,2.920027740263533
ex03_sad_00198,ex03::OF COURSE HE DOES,sad,intent_3408,15,9.344088768843305
ex03_sad_00198,ex03::OF COURSE HE DOES,sad,speaker_count_3408,14,8.760083220790598
ex03_sad_00205,ex03::MILESTONES FOR ALEX AND THE OTHER TRAVEL ZOO BREAK OUT YOUR SCORECARDS,sad,asr_3408,60,10.22707030062976
ex03_sad_00205,ex03::MILESTONES FOR ALEX AND THE OTHER TRAVEL ZOO BREAK OUT YOUR SCORECARDS,sad,emotion_3408,31,5.3650204855762675
ex03_sad_00205,ex03::MILESTONES FOR ALEX AND THE OTHER TRAVEL ZOO BREAK OUT YOUR SCORECARDS,sad,intent_3408_last,43,7.376903167667368
ex03_sad_00205,ex03::MILESTONES FOR ALEX AND THE OTHER TRAVEL ZOO BREAK OUT YOUR SCORECARDS,sad,speaker_count_3408_last,16,2.850167132962392
ex03_sad_00205,ex03::MILESTONES FOR ALEX AND THE OTHER TRAVEL ZOO BREAK OUT YOUR SCORECARDS,sad,emotion_3407,37,6.370961826621818
ex03_sad_00205,ex03::MILESTONES FOR ALEX AND THE OTHER TRAVEL ZOO BREAK OUT YOUR SCORECARDS,sad,emotion_3409,31,5.3650204855762675
ex03_sad_00205,ex03::MILESTONES FOR ALEX AND THE OTHER TRAVEL ZOO BREAK OUT YOUR SCORECARDS,sad,intent_3408,60,10.22707030062976
ex03_sad_00205,ex03::MILESTONES FOR ALEX AND THE OTHER TRAVEL ZOO BREAK OUT YOUR SCORECARDS,sad,speaker_count_3408,58,9.891756520281243
ex03_sad_00226,ex03::IT'S GONNA BE SUNNY WITH TEMPERATURES GOING FROM SIXTY EIGHT TO SEVENTY EIGHT TODAY IN COVINGTON,sad,asr_3408,81,11.748797807846262
ex03_sad_00226,ex03::IT'S GONNA BE SUNNY WITH TEMPERATURES GOING FROM SIXTY EIGHT TO SEVENTY EIGHT TODAY IN COVINGTON,sad,emotion_3408,40,5.874398903923131
ex03_sad_00226,ex03::IT'S GONNA BE SUNNY WITH TEMPERATURES GOING FROM SIXTY EIGHT TO SEVENTY EIGHT TODAY IN COVINGTON,sad,intent_3408_last,50,7.307179124392188
ex03_sad_00226,ex03::IT'S GONNA BE SUNNY WITH TEMPERATURES GOING FROM SIXTY EIGHT TO SEVENTY EIGHT TODAY IN COVINGTON,sad,speaker_count_3408_last,24,3.581950551172641
ex03_sad_00226,ex03::IT'S GONNA BE SUNNY WITH TEMPERATURES GOING FROM SIXTY EIGHT TO SEVENTY EIGHT TODAY IN COVINGTON,sad,emotion_3407,45,6.590789014157659
ex03_sad_00226,ex03::IT'S GONNA BE SUNNY WITH TEMPERATURES GOING FROM SIXTY EIGHT TO SEVENTY EIGHT TODAY IN COVINGTON,sad,emotion_3409,42,6.1609549480169425
ex03_sad_00226,ex03::IT'S GONNA BE SUNNY WITH TEMPERATURES GOING FROM SIXTY EIGHT TO SEVENTY EIGHT TODAY IN COVINGTON,sad,intent_3408,81,11.748797807846262
ex03_sad_00226,ex03::IT'S GONNA BE SUNNY WITH TEMPERATURES GOING FROM SIXTY EIGHT TO SEVENTY EIGHT TODAY IN COVINGTON,sad,speaker_count_3408,75,10.889129675564828
ex03_sad_00269,ex03::DOES THE PROSECUTION HAVE A RECOMMENDATION,sad,asr_3408,33,11.026878015161957
ex03_sad_00269,ex03::DOES THE PROSECUTION HAVE A RECOMMENDATION,sad,emotion_3408,18,6.162078890825799
ex03_sad_00269,ex03::DOES THE PROSECUTION HAVE A RECOMMENDATION,sad,intent_3408_last,23,7.783678598937851
ex03_sad_00269,ex03::DOES THE PROSECUTION HAVE A RECOMMENDATION,sad,speaker_count_3408_last,11,3.8918392994689257
ex03_sad_00269,ex03::DOES THE PROSECUTION HAVE A RECOMMENDATION,sad,emotion_3407,21,7.135038715693031
ex03_sad_00269,ex03::DOES THE PROSECUTION HAVE A RECOMMENDATION,sad,emotion_3409,17,5.837758949203389
ex03_sad_00269,ex03::DOES THE PROSECUTION HAVE A RECOMMENDATION,sad,intent_3408,33,11.026878015161957
ex03_sad_00269,ex03::DOES THE PROSECUTION HAVE A RECOMMENDATION,sad,speaker_count_3408,33,11.026878015161957
ex03_sad_00285,ex03::DON'T THROW THAT OUT,sad,asr_3408,15,10.414547821488142
ex03_sad_00285,ex03::DON'T THROW THAT OUT,sad,emotion_3408,6,4.556364671901062
ex03_sad_00285,ex03::DON'T THROW THAT OUT,sad,intent_3408_last,11,7.810910866116106
ex03_sad_00285,ex03::DON'T THROW THAT OUT,sad,speaker_count_3408_last,3,2.6036369553720355
ex03_sad_00285,ex03::DON'T THROW THAT OUT,sad,emotion_3407,7,5.207273910744071
ex03_sad_00285,ex03::DON'T THROW THAT OUT,sad,emotion_3409,5,3.905455433058053
ex03_sad_00285,ex03::DON'T THROW THAT OUT,sad,intent_3408,15,10.414547821488142
ex03_sad_00285,ex03::DON'T THROW THAT OUT,sad,speaker_count_3408,15,10.414547821488142
ex03_sad_00343,ex03::OKAY ENOUGH OF THE SPEECHES,sad,asr_3408,24,8.806305314605257
ex03_sad_00343,ex03::OKAY ENOUGH OF THE SPEECHES,sad,emotion_3408,12,4.5792787635947345
ex03_sad_00343,ex03::OKAY ENOUGH OF THE SPEECHES,sad,intent_3408_last,19,7.045044251684207
ex03_sad_00343,ex03::OKAY ENOUGH OF THE SPEECHES,sad,speaker_count_3408_last,6,2.465765488089472
ex03_sad_00343,ex03::OKAY ENOUGH OF THE SPEECHES,sad,emotion_3407,14,5.283783188763155
ex03_sad_00343,ex03::OKAY ENOUGH OF THE SPEECHES,sad,emotion_3409,13,4.931530976178944
ex03_sad_00343,ex03::OKAY ENOUGH OF THE SPEECHES,sad,intent_3408,24,8.806305314605257
ex03_sad_00343,ex03::OKAY ENOUGH OF THE SPEECHES,sad,speaker_count_3408,23,8.454053102021048
ex03_sad_00376,ex03::HIS NAME IS ADAM BRODY,sad,asr_3408,24,11.425633408552086
ex03_sad_00376,ex03::HIS NAME IS ADAM BRODY,sad,emotion_3408,10,5.027278699762918
ex03_sad_00376,ex03::HIS NAME IS ADAM BRODY,sad,intent_3408_last,17,8.226456054157502
ex03_sad_00376,ex03::HIS NAME IS ADAM BRODY,sad,speaker_count_3408_last,6,3.199177354394584
ex03_sad_00376,ex03::HIS NAME IS ADAM BRODY,sad,emotion_3407,11,5.4843040361050015
ex03_sad_00376,ex03::HIS NAME IS ADAM BRODY,sad,emotion_3409,10,5.027278699762918
ex03_sad_00376,ex03::HIS NAME IS ADAM BRODY,sad,intent_3408,24,11.425633408552086
ex03_sad_00376,ex03::HIS NAME IS ADAM BRODY,sad,speaker_count_3408,23,10.968608072210003
ex03_whisper_00010,ex03::IS THAT SUCCESS,whisper,asr_3408,16,10.147360567058385
ex03_whisper_00010,ex03::IS THAT SUCCESS,whisper,emotion_3408,7,4.775228502145122
ex03_whisper_00010,ex03::IS THAT SUCCESS,whisper,intent_3408_last,8,5.372132064913263
ex03_whisper_00010,ex03::IS THAT SUCCESS,whisper,speaker_count_3408_last,4,2.9845178138407014
ex03_whisper_00010,ex03::IS THAT SUCCESS,whisper,emotion_3407,6,4.178324939376982
ex03_whisper_00010,ex03::IS THAT SUCCESS,whisper,emotion_3409,6,4.178324939376982
ex03_whisper_00010,ex03::IS THAT SUCCESS,whisper,intent_3408,16,10.147360567058385
ex03_whisper_00010,ex03::IS THAT SUCCESS,whisper,speaker_count_3408,15,9.550457004290244
ex03_whisper_00014,ex03::IS IT THE SHAPE OF THINGS TO COME,whisper,asr_3408,25,11.685393258426966
ex03_whisper_00014,ex03::IS IT THE SHAPE OF THINGS TO COME,whisper,emotion_3408,11,5.393258426966292
ex03_whisper_00014,ex03::IS IT THE SHAPE OF THINGS TO COME,whisper,intent_3408_last,15,7.191011235955056
ex03_whisper_00014,ex03::IS IT THE SHAPE OF THINGS TO COME,whisper,speaker_count_3408_last,6,3.1460674157303368
ex03_whisper_00014,ex03::IS IT THE SHAPE OF THINGS TO COME,whisper,emotion_3407,14,6.741573033707865
ex03_whisper_00014,ex03::IS IT THE SHAPE OF THINGS TO COME,whisper,emotion_3409,12,5.842696629213483
ex03_whisper_00014,ex03::IS IT THE SHAPE OF THINGS TO COME,whisper,intent_3408,25,11.685393258426966
ex03_whisper_00014,ex03::IS IT THE SHAPE OF THINGS TO COME,whisper,speaker_count_3408,25,11.685393258426966
ex03_whisper_00037,ex03::THE VACANCIES ARE IN SUPPORT SERVICES AND ARTS,whisper,asr_3408,36,11.891131867028221
ex03_whisper_00037,ex03::THE VACANCIES ARE IN SUPPORT SERVICES AND ARTS,whisper,emotion_3408,17,5.784874962338054
ex03_whisper_00037,ex03::THE VACANCIES ARE IN SUPPORT SERVICES AND ARTS,whisper,intent_3408_last,22,7.391784674098624
ex03_whisper_00037,ex03::THE VACANCIES ARE IN SUPPORT SERVICES AND ARTS,whisper,speaker_count_3408_last,12,4.177965250577484
ex03_whisper_00037,ex03::THE VACANCIES ARE IN SUPPORT SERVICES AND ARTS,whisper,emotion_3407,19,6.4276388470422825
ex03_whisper_00037,ex03::THE VACANCIES ARE IN SUPPORT SERVICES AND ARTS,whisper,emotion_3409,16,5.46349301998594
ex03_whisper_00037,ex03::THE VACANCIES ARE IN SUPPORT SERVICES AND ARTS,whisper,intent_3408,35,11.569749924676108
ex03_whisper_00037,ex03::THE VACANCIES ARE IN SUPPORT SERVICES AND ARTS,whisper,speaker_count_3408,35,11.569749924676108
ex03_whisper_00040,ex03::HOW ARE YOU SIR,whisper,asr_3408,13,10.283248404719275
ex03_whisper_00040,ex03::HOW ARE YOU SIR,whisper,emotion_3408,2,2.203553229582702
ex03_whisper_00040,ex03::HOW ARE YOU SIR,whisper,intent_3408_last,10,8.079695175136575
ex03_whisper_00040,ex03::HOW ARE YOU SIR,whisper,speaker_count_3408_last,2,2.203553229582702
ex03_whisper_00040,ex03::HOW ARE YOU SIR,whisper,emotion_3407,6,5.141624202359638
ex03_whisper_00040,ex03::HOW ARE YOU SIR,whisper,emotion_3409,4,3.67258871597117
ex03_whisper_00040,ex03::HOW ARE YOU SIR,whisper,intent_3408,13,10.283248404719275
ex03_whisper_00040,ex03::HOW ARE YOU SIR,whisper,speaker_count_3408,12,9.548730661525042
ex03_whisper_00104,ex03::GRANNY SMITH APPLES YOUR FAVORITE,whisper,asr_3408,25,11.360843324139061
ex03_whisper_00104,ex03::GRANNY SMITH APPLES YOUR FAVORITE,whisper,emotion_3408,13,6.117377174536418
ex03_whisper_00104,ex03::GRANNY SMITH APPLES YOUR FAVORITE,whisper,intent_3408_last,18,8.302154736870852
ex03_whisper_00104,ex03::GRANNY SMITH APPLES YOUR FAVORITE,whisper,speaker_count_3408_last,7,3.495644099735096
ex03_whisper_00104,ex03::GRANNY SMITH APPLES YOUR FAVORITE,whisper,emotion_3407,15,6.991288199470192
ex03_whisper_00104,ex03::GRANNY SMITH APPLES YOUR FAVORITE,whisper,emotion_3409,13,6.117377174536418
ex03_whisper_00104,ex03::GRANNY SMITH APPLES YOUR FAVORITE,whisper,intent_3408,25,11.360843324139061
ex03_whisper_00104,ex03::GRANNY SMITH APPLES YOUR FAVORITE,whisper,speaker_count_3408,24,10.923887811672175
ex03_whisper_00134,ex03::WHO STARS IN THE NUTTY PROFESSOR,whisper,asr_3408,28,11.709483672336345
ex03_whisper_00134,ex03::WHO STARS IN THE NUTTY PROFESSOR,whisper,emotion_3408,12,5.249078887599051
ex03_whisper_00134,ex03::WHO STARS IN THE NUTTY PROFESSOR,whisper,intent_3408_last,19,8.075505980921617
ex03_whisper_00134,ex03::WHO STARS IN THE NUTTY PROFESSOR,whisper,speaker_count_3408_last,7,3.230202392368647
ex03_whisper_00134,ex03::WHO STARS IN THE NUTTY PROFESSOR,whisper,emotion_3407,15,6.460404784737294
ex03_whisper_00134,ex03::WHO STARS IN THE NUTTY PROFESSOR,whisper,emotion_3409,13,5.652854186645133
ex03_whisper_00134,ex03::WHO STARS IN THE NUTTY PROFESSOR,whisper,intent_3408,28,11.709483672336345
ex03_whisper_00134,ex03::WHO STARS IN THE NUTTY PROFESSOR,whisper,speaker_count_3408,28,11.709483672336345
ex03_whisper_00143,ex03::OH ME TOO,whisper,asr_3408,9,7.2480181200453
ex03_whisper_00143,ex03::OH ME TOO,whisper,emotion_3408,5,4.3488108720271805
ex03_whisper_00143,ex03::OH ME TOO,whisper,intent_3408_last,7,5.798414496036241
ex03_whisper_00143,ex03::OH ME TOO,whisper,speaker_count_3408_last,3,2.8992072480181204
ex03_whisper_00143,ex03::OH ME TOO,whisper,emotion_3407,6,5.07361268403171
ex03_whisper_00143,ex03::OH ME TOO,whisper,emotion_3409,3,2.8992072480181204
ex03_whisper_00143,ex03::OH ME TOO,whisper,intent_3408,9,7.2480181200453
ex03_whisper_00143,ex03::OH ME TOO,whisper,speaker_count_3408,7,5.798414496036241
ex03_whisper_00175,ex03::WHAT IS TAI CHI,whisper,asr_3408,14,9.022895597578856
ex03_whisper_00175,ex03::WHAT IS TAI CHI,whisper,emotion_3408,5,3.6091582390315424
ex03_whisper_00175,ex03::WHAT IS TAI CHI,whisper,intent_3408_last,11,7.218316478063085
ex03_whisper_00175,ex03::WHAT IS TAI CHI,whisper,speaker_count_3408_last,2,1.8045791195157712
ex03_whisper_00175,ex03::WHAT IS TAI CHI,whisper,emotion_3407,7,4.81221098537539
ex03_whisper_00175,ex03::WHAT IS TAI CHI,whisper,emotion_3409,5,3.6091582390315424
ex03_whisper_00175,ex03::WHAT IS TAI CHI,whisper,intent_3408,14,9.022895597578856
ex03_whisper_00175,ex03::WHAT IS TAI CHI,whisper,speaker_count_3408,13,8.421369224406932
ex03_whisper_00198,ex03::OF COURSE HE DOES,whisper,asr_3408,15,10.104997236914818
ex03_whisper_00198,ex03::OF COURSE HE DOES,whisper,emotion_3408,5,3.789373963843057
ex03_whisper_00198,ex03::OF COURSE HE DOES,whisper,intent_3408_last,11,7.578747927686114
ex03_whisper_00198,ex03::OF COURSE HE DOES,whisper,speaker_count_3408_last,4,3.1578116365358806
ex03_whisper_00198,ex03::OF COURSE HE DOES,whisper,emotion_3407,7,5.052498618457409
ex03_whisper_00198,ex03::OF COURSE HE DOES,whisper,emotion_3409,5,3.789373963843057
ex03_whisper_00198,ex03::OF COURSE HE DOES,whisper,intent_3408,15,10.104997236914818
ex03_whisper_00198,ex03::OF COURSE HE DOES,whisper,speaker_count_3408,15,10.104997236914818
ex03_whisper_00205,ex03::MILESTONES FOR ALEX AND THE OTHER TRAVEL ZOO BREAK OUT YOUR SCORECARDS,whisper,asr_3408,52,11.306515913121158
ex03_whisper_00205,ex03::MILESTONES FOR ALEX AND THE OTHER TRAVEL ZOO BREAK OUT YOUR SCORECARDS,whisper,emotion_3408,28,6.186584178877615
ex03_whisper_00205,ex03::MILESTONES FOR ALEX AND THE OTHER TRAVEL ZOO BREAK OUT YOUR SCORECARDS,whisper,intent_3408_last,37,8.106558579218943
ex03_whisper_00205,ex03::MILESTONES FOR ALEX AND THE OTHER TRAVEL ZOO BREAK OUT YOUR SCORECARDS,whisper,speaker_count_3408_last,18,4.053279289609471
ex03_whisper_00205,ex03::MILESTONES FOR ALEX AND THE OTHER TRAVEL ZOO BREAK OUT YOUR SCORECARDS,whisper,emotion_3407,33,7.253236623511686
ex03_whisper_00205,ex03::MILESTONES FOR ALEX AND THE OTHER TRAVEL ZOO BREAK OUT YOUR SCORECARDS,whisper,emotion_3409,28,6.186584178877615
ex03_whisper_00205,ex03::MILESTONES FOR ALEX AND THE OTHER TRAVEL ZOO BREAK OUT YOUR SCORECARDS,whisper,intent_3408,52,11.306515913121158
ex03_whisper_00205,ex03::MILESTONES FOR ALEX AND THE OTHER TRAVEL ZOO BREAK OUT YOUR SCORECARDS,whisper,speaker_count_3408,51,11.093185424194344
ex03_whisper_00226,ex03::IT'S GONNA BE SUNNY WITH TEMPERATURES GOING FROM SIXTY EIGHT TO SEVENTY EIGHT TODAY IN COVINGTON,whisper,asr_3408,66,13.431059324688341
ex03_whisper_00226,ex03::IT'S GONNA BE SUNNY WITH TEMPERATURES GOING FROM SIXTY EIGHT TO SEVENTY EIGHT TODAY IN COVINGTON,whisper,emotion_3408,34,7.016225020359582
ex03_whisper_00226,ex03::IT'S GONNA BE SUNNY WITH TEMPERATURES GOING FROM SIXTY EIGHT TO SEVENTY EIGHT TODAY IN COVINGTON,whisper,intent_3408_last,42,8.619933596441772
ex03_whisper_00226,ex03::IT'S GONNA BE SUNNY WITH TEMPERATURES GOING FROM SIXTY EIGHT TO SEVENTY EIGHT TODAY IN COVINGTON,whisper,speaker_count_3408_last,22,4.610662156236296
ex03_whisper_00226,ex03::IT'S GONNA BE SUNNY WITH TEMPERATURES GOING FROM SIXTY EIGHT TO SEVENTY EIGHT TODAY IN COVINGTON,whisper,emotion_3407,37,7.617615736390403
ex03_whisper_00226,ex03::IT'S GONNA BE SUNNY WITH TEMPERATURES GOING FROM SIXTY EIGHT TO SEVENTY EIGHT TODAY IN COVINGTON,whisper,emotion_3409,33,6.815761448349308
ex03_whisper_00226,ex03::IT'S GONNA BE SUNNY WITH TEMPERATURES GOING FROM SIXTY EIGHT TO SEVENTY EIGHT TODAY IN COVINGTON,whisper,intent_3408,66,13.431059324688341
ex03_whisper_00226,ex03::IT'S GONNA BE SUNNY WITH TEMPERATURES GOING FROM SIXTY EIGHT TO SEVENTY EIGHT TODAY IN COVINGTON,whisper,speaker_count_3408,65,13.230595752678068
ex03_whisper_00269,ex03::DOES THE PROSECUTION HAVE A RECOMMENDATION,whisper,asr_3408,32,12.431134341008619
ex03_whisper_00269,ex03::DOES THE PROSECUTION HAVE A RECOMMENDATION,whisper,emotion_3408,14,5.650515609549372
ex03_whisper_00269,ex03::DOES THE PROSECUTION HAVE A RECOMMENDATION,whisper,intent_3408_last,22,8.66412393464237
ex03_whisper_00269,ex03::DOES THE PROSECUTION HAVE A RECOMMENDATION,whisper,speaker_count_3408_last,10,4.143711447002873
ex03_whisper_00269,ex03::DOES THE PROSECUTION HAVE A RECOMMENDATION,whisper,emotion_3407,19,7.5340208127324955
ex03_whisper_00269,ex03::DOES THE PROSECUTION HAVE A RECOMMENDATION,whisper,emotion_3409,14,5.650515609549372
ex03_whisper_00269,ex03::DOES THE PROSECUTION HAVE A RECOMMENDATION,whisper,intent_3408,32,12.431134341008619
ex03_whisper_00269,ex03::DOES THE PROSECUTION HAVE A RECOMMENDATION,whisper,speaker_count_3408,31,12.054433300371993
ex03_whisper_00285,ex03::DON'T THROW THAT OUT,whisper,asr_3408,14,10.260356547390023
ex03_whisper_00285,ex03::DON'T THROW THAT OUT,whisper,emotion_3408,5,4.104142618956009
ex03_whisper_00285,ex03::DON'T THROW THAT OUT,whisper,intent_3408_last,7,5.472190158608012
ex03_whisper_00285,ex03::DON'T THROW THAT OUT,whisper,speaker_count_3408_last,3,2.736095079304006
ex03_whisper_00285,ex03::DON'T THROW THAT OUT,whisper,emotion_3407,6,4.7881663887820105
ex03_whisper_00285,ex03::DON'T THROW THAT OUT,whisper,emotion_3409,6,4.7881663887820105
ex03_whisper_00285,ex03::DON'T THROW THAT OUT,whisper,intent_3408,14,10.260356547390023
ex03_whisper_00285,ex03::DON'T THROW THAT OUT,whisper,speaker_count_3408,13,9.576332777564021
ex03_whisper_00343,ex03::OKAY ENOUGH OF THE SPEECHES,whisper,asr_3408,22,10.455733606091602
ex03_whisper_00343,ex03::OKAY ENOUGH OF THE SPEECHES,whisper,emotion_3408,9,4.545971133083305
ex03_whisper_00343,ex03::OKAY ENOUGH OF THE SPEECHES,whisper,intent_3408_last,16,7.728150926241619
ex03_whisper_00343,ex03::OKAY ENOUGH OF THE SPEECHES,whisper,speaker_count_3408_last,7,3.636776906466644
ex03_whisper_00343,ex03::OKAY ENOUGH OF THE SPEECHES,whisper,emotion_3407,13,6.364359586316628
ex03_whisper_00343,ex03::OKAY ENOUGH OF THE SPEECHES,whisper,emotion_3409,12,5.909762473008297
ex03_whisper_00343,ex03::OKAY ENOUGH OF THE SPEECHES,whisper,intent_3408,22,10.455733606091602
ex03_whisper_00343,ex03::OKAY ENOUGH OF THE SPEECHES,whisper,speaker_count_3408,21,10.00113649278327
ex03_whisper_00376,ex03::HIS NAME IS ADAM BRODY,whisper,asr_3408,22,10.653388530237676
ex03_whisper_00376,ex03::HIS NAME IS ADAM BRODY,whisper,emotion_3408,10,5.095098862287584
ex03_whisper_00376,ex03::HIS NAME IS ADAM BRODY,whisper,intent_3408_last,17,8.337434501925136
ex03_whisper_00376,ex03::HIS NAME IS ADAM BRODY,whisper,speaker_count_3408_last,6,3.2423356396375533
ex03_whisper_00376,ex03::HIS NAME IS ADAM BRODY,whisper,emotion_3407,10,5.095098862287584
ex03_whisper_00376,ex03::HIS NAME IS ADAM BRODY,whisper,emotion_3409,9,4.631908056625076
ex03_whisper_00376,ex03::HIS NAME IS ADAM BRODY,whisper,intent_3408,22,10.653388530237676
ex03_whisper_00376,ex03::HIS NAME IS ADAM BRODY,whisper,speaker_count_3408,21,10.190197724575167
ex04_confused_00004,ex04::HEAVIER THAN YOU THOUGHT IT WOULD BE,confused,asr_3408,25,10.470150005033727
ex04_confused_00004,ex04::HEAVIER THAN YOU THOUGHT IT WOULD BE,confused,emotion_3408,11,4.832376925400181
ex04_confused_00004,ex04::HEAVIER THAN YOU THOUGHT IT WOULD BE,confused,intent_3408_last,18,7.651263465216954
ex04_confused_00004,ex04::HEAVIER THAN YOU THOUGHT IT WOULD BE,confused,speaker_count_3408_last,6,2.8188865398167726
ex04_confused_00004,ex04::HEAVIER THAN YOU THOUGHT IT WOULD BE,confused,emotion_3407,16,6.84586731098359
ex04_confused_00004,ex04::HEAVIER THAN YOU THOUGHT IT WOULD BE,confused,emotion_3409,11,4.832376925400181
ex04_confused_00004,ex04::HEAVIER THAN YOU THOUGHT IT WOULD BE,confused,intent_3408,25,10.470150005033727
ex04_confused_00004,ex04::HEAVIER THAN YOU THOUGHT IT WOULD BE,confused,speaker_count_3408,25,10.470150005033727
ex04_confused_00015,ex04::FENNEL IS A BULB VEGETABLE WITH A LICORICE ANISE FLAVOR TO IT,confused,asr_3408,56,8.630479218714513
ex04_confused_00015,ex04::FENNEL IS A BULB VEGETABLE WITH A LICORICE ANISE FLAVOR TO IT,confused,emotion_3408,34,5.299417064122947
ex04_confused_00015,ex04::FENNEL IS A BULB VEGETABLE WITH A LICORICE ANISE FLAVOR TO IT,confused,intent_3408_last,45,6.96494814141873
ex04_confused_00015,ex04::FENNEL IS A BULB VEGETABLE WITH A LICORICE ANISE FLAVOR TO IT,confused,speaker_count_3408_last,20,3.179650238473768
ex04_confused_00015,ex04::FENNEL IS A BULB VEGETABLE WITH A LICORICE ANISE FLAVOR TO IT,confused,emotion_3407,37,5.753652812476342
ex04_confused_00015,ex04::FENNEL IS A BULB VEGETABLE WITH A LICORICE ANISE FLAVOR TO IT,confused,emotion_3409,30,4.693769399651753
ex04_confused_00015,ex04::FENNEL IS A BULB VEGETABLE WITH A LICORICE ANISE FLAVOR TO IT,confused,intent_3408,56,8.630479218714513
ex04_confused_00015,ex04::FENNEL IS A BULB VEGETABLE WITH A LICORICE ANISE FLAVOR TO IT,confused,speaker_count_3408,54,8.327655386478916
ex04_confused_00080,ex04::I'M DOING SOCIETY A FAVOR,confused,asr_3408,25,7.360486924519622
ex04_confused_00080,ex04::I'M DOING SOCIETY A FAVOR,confused,emotion_3408,13,3.9633391132028732
ex04_confused_00080,ex04::I'M DOING SOCIETY A FAVOR,confused,intent_3408_last,19,5.661913018861248
ex04_confused_00080,ex04::I'M DOING SOCIETY A FAVOR,confused,speaker_count_3408_last,8,2.5478608584875615
ex04_confused_00080,ex04::I'M DOING SOCIETY A FAVOR,confused,emotion_3407,15,4.529530415088998
ex04_confused_00080,ex04::I'M DOING SOCIETY A FAVOR,confused,emotion_3409,12,3.680243462259811
ex04_confused_00080,ex04::I'M DOING SOCIETY A FAVOR,confused,intent_3408,25,7.360486924519622
ex04_confused_00080,ex04::I'M DOING SOCIETY A FAVOR,confused,speaker_count_3408,25,7.360486924519622
ex04_confused_00099,ex04::DOES WEBMD HAVE A WEBPAGE ON DECODING CODE,confused,asr_3408,43,10.596026490066226
ex04_confused_00099,ex04::DOES WEBMD HAVE A WEBPAGE ON DECODING CODE,confused,emotion_3408,23,5.779650812763395
ex04_confused_00099,ex04::DOES WEBMD HAVE A WEBPAGE ON DECODING CODE,confused,intent_3408_last,31,7.706201083684528
ex04_confused_00099,ex04::DOES WEBMD HAVE A WEBPAGE ON DECODING CODE,confused,speaker_count_3408_last,12,3.1306441902468394
ex04_confused_00099,ex04::DOES WEBMD HAVE A WEBPAGE ON DECODING CODE,confused,emotion_3407,26,6.50210716435882
ex04_confused_00099,ex04::DOES WEBMD HAVE A WEBPAGE ON DECODING CODE,confused,emotion_3409,23,5.779650812763395
ex04_confused_00099,ex04::DOES WEBMD HAVE A WEBPAGE ON DECODING CODE,confused,intent_3408,43,10.596026490066226
ex04_confused_00099,ex04::DOES WEBMD HAVE A WEBPAGE ON DECODING CODE,confused,speaker_count_3408,41,10.114388922335943
ex04_confused_00147,ex04::YOU'RE ANGRY ON THE TIN ROOF,confused,asr_3408,23,8.93397236052301
ex04_confused_00147,ex04::YOU'RE ANGRY ON THE TIN ROOF,confused,emotion_3408,11,4.466986180261505
ex04_confused_00147,ex04::YOU'RE ANGRY ON THE TIN ROOF,confused,intent_3408_last,18,7.072728118747383
ex04_confused_00147,ex04::YOU'RE ANGRY ON THE TIN ROOF,confused,speaker_count_3408_last,6,2.605741938485878
ex04_confused_00147,ex04::YOU'RE ANGRY ON THE TIN ROOF,confused,emotion_3407,13,5.211483876971756
ex04_confused_00147,ex04::YOU'RE ANGRY ON THE TIN ROOF,confused,emotion_3409,10,4.094737331906379
ex04_confused_00147,ex04::YOU'RE ANGRY ON THE TIN ROOF,confused,intent_3408,23,8.93397236052301
ex04_confused_00147,ex04::YOU'RE ANGRY ON THE TIN ROOF,confused,speaker_count_3408,22,8.561723512167884
ex04_confused_00158,ex04::AND THEN HE WOULD COME OVER TO OUR SET AND FILM THROUGHOUT THE NIGHT,confused,asr_3408,49,10.905720050166313
ex04_confused_00158,ex04::AND THEN HE WOULD COME OVER TO OUR SET AND FILM THROUGHOUT THE NIGHT,confused,emotion_3408,21,4.798516822073178
ex04_confused_00158,ex04::AND THEN HE WOULD COME OVER TO OUR SET AND FILM THROUGHOUT THE NIGHT,confused,intent_3408_last,33,7.415889634113093
ex04_confused_00158,ex04::AND THEN HE WOULD COME OVER TO OUR SET AND FILM THROUGHOUT THE NIGHT,confused,speaker_count_3408_last,16,3.7079448170565463
ex04_confused_00158,ex04::AND THEN HE WOULD COME OVER TO OUR SET AND FILM THROUGHOUT THE NIGHT,confused,emotion_3407,25,5.670974426086483
ex04_confused_00158,ex04::AND THEN HE WOULD COME OVER TO OUR SET AND FILM THROUGHOUT THE NIGHT,confused,emotion_3409,20,4.580402421069851
ex04_confused_00158,ex04::AND THEN HE WOULD COME OVER TO OUR SET AND FILM THROUGHOUT THE NIGHT,confused,intent_3408,49,10.905720050166313
ex04_confused_00158,ex04::AND THEN HE WOULD COME OVER TO OUR SET AND FILM THROUGHOUT THE NIGHT,confused,speaker_count_3408,47,10.469491248159661
ex04_confused_00183,ex04::THE SON ALLEGIANT AND WALK TWO MOONS ARE SIMILAR,confused,asr_3408,40,9.88755915955747
ex04_confused_00183,ex04::THE SON ALLEGIANT AND WALK TWO MOONS ARE SIMILAR,confused,emotion_3408,20,5.0643595695294366
ex04_confused_00183,ex04::THE SON ALLEGIANT AND WALK TWO MOONS ARE SIMILAR,confused,intent_3408_last,29,7.234799385042052
ex04_confused_00183,ex04::THE SON ALLEGIANT AND WALK TWO MOONS ARE SIMILAR,confused,speaker_count_3408_last,12,3.1350797335182223
ex04_confused_00183,ex04::THE SON ALLEGIANT AND WALK TWO MOONS ARE SIMILAR,confused,emotion_3407,23,5.787839508033642
ex04_confused_00183,ex04::THE SON ALLEGIANT AND WALK TWO MOONS ARE SIMILAR,confused,emotion_3409,19,4.823199590028034
ex04_confused_00183,ex04::THE SON ALLEGIANT AND WALK TWO MOONS ARE SIMILAR,confused,intent_3408,39,9.646399180056068
ex04_confused_00183,ex04::THE SON ALLEGIANT AND WALK TWO MOONS ARE SIMILAR,confused,speaker_count_3408,37,9.164079221053266
ex04_confused_00206,ex04::ENJOY THE MOVIE,confused,asr_3408,13,9.217727665528168
ex04_confused_00206,ex04::ENJOY THE MOVIE,confused,emotion_3408,5,3.9504547137977863
ex04_confused_00206,ex04::ENJOY THE MOVIE,confused,intent_3408_last,8,5.92568207069668
ex04_confused_00206,ex04::ENJOY THE MOVIE,confused,speaker_count_3408_last,4,3.292045594831489
ex04_confused_00206,ex04::ENJOY THE MOVIE,confused,emotion_3407,5,3.9504547137977863
ex04_confused_00206,ex04::ENJOY THE MOVIE,confused,emotion_3409,5,3.9504547137977863
ex04_confused_00206,ex04::ENJOY THE MOVIE,confused,intent_3408,13,9.217727665528168
ex04_confused_00206,ex04::ENJOY THE MOVIE,confused,speaker_count_3408,13,9.217727665528168
ex04_confused_00209,ex04::ANY TRIPLE DIGIT TEMPS THIS WEEK IN TEXAS,confused,asr_3408,32,11.3098425618507
ex04_confused_00209,ex04::ANY TRIPLE DIGIT TEMPS THIS WEEK IN TEXAS,confused,emotion_3408,15,5.483560029988219
ex04_confused_00209,ex04::ANY TRIPLE DIGIT TEMPS THIS WEEK IN TEXAS,confused,intent_3408_last,19,6.8544500374852735
ex04_confused_00209,ex04::ANY TRIPLE DIGIT TEMPS THIS WEEK IN TEXAS,confused,speaker_count_3408_last,9,3.4272250187426367
ex04_confused_00209,ex04::ANY TRIPLE DIGIT TEMPS THIS WEEK IN TEXAS,confused,emotion_3407,16,5.826282531862482
ex04_confused_00209,ex04::ANY TRIPLE DIGIT TEMPS THIS WEEK IN TEXAS,confused,emotion_3409,13,4.798115026239691
ex04_confused_00209,ex04::ANY TRIPLE DIGIT TEMPS THIS WEEK IN TEXAS,confused,intent_3408,32,11.3098425618507
ex04_confused_00209,ex04::ANY TRIPLE DIGIT TEMPS THIS WEEK IN TEXAS,confused,speaker_count_3408,31,10.967120059976438
ex04_confused_00254,ex04::ANY INDICATION ON HOW HE'S LEANING,confused,asr_3408,30,10.125755348685285
ex04_confused_00254,ex04::ANY INDICATION ON HOW HE'S LEANING,confused,emotion_3408,16,5.552833578311285
ex04_confused_00254,ex04::ANY INDICATION ON HOW HE'S LEANING,confused,intent_3408_last,22,7.512657194185857
ex04_confused_00254,ex04::ANY INDICATION ON HOW HE'S LEANING,confused,speaker_count_3408_last,9,3.2663726931242856
ex04_confused_00254,ex04::ANY INDICATION ON HOW HE'S LEANING,confused,emotion_3407,15,5.226196308998857
ex04_confused_00254,ex04::ANY INDICATION ON HOW HE'S LEANING,confused,emotion_3409,14,4.899559039686428
ex04_confused_00254,ex04::ANY INDICATION ON HOW HE'S LEANING,confused,intent_3408,30,10.125755348685285
ex04_confused_00254,ex04::ANY INDICATION ON HOW HE'S LEANING,confused,speaker_count_3408,28,9.472480810060427
ex04_confused_00278,ex04::HEY GAGA HOW'S IT GOING IN THERE,confused,asr_3408,25,8.906015842432026
ex04_confused_00278,ex04::HEY GAGA HOW'S IT GOING IN THERE,confused,emotion_3408,15,5.480625133804325
ex04_confused_00278,ex04::HEY GAGA HOW'S IT GOING IN THERE,confused,intent_3408_last,21,7.535859558980946
ex04_confused_00278,ex04::HEY GAGA HOW'S IT GOING IN THERE,confused,speaker_count_3408_last,9,3.425390708627703
ex04_confused_00278,ex04::HEY GAGA HOW'S IT GOING IN THERE,confused,emotion_3407,18,6.5082423463926355
ex04_confused_00278,ex04::HEY GAGA HOW'S IT GOING IN THERE,confused,emotion_3409,11,4.110468850353243
ex04_confused_00278,ex04::HEY GAGA HOW'S IT GOING IN THERE,confused,intent_3408,25,8.906015842432026
ex04_confused_00278,ex04::HEY GAGA HOW'S IT GOING IN THERE,confused,speaker_count_3408,24,8.563476771569256
ex04_confused_00284,ex04::YOU COULD HAVE WRECKED HIS LIFE,confused,asr_3408,25,8.98158343588747
ex04_confused_00284,ex04::YOU COULD HAVE WRECKED HIS LIFE,confused,emotion_3408,12,4.490791717943735
ex04_confused_00284,ex04::YOU COULD HAVE WRECKED HIS LIFE,confused,intent_3408_last,18,6.563464818533152
ex04_confused_00284,ex04::YOU COULD HAVE WRECKED HIS LIFE,confused,speaker_count_3408_last,7,2.763564134119222
ex04_confused_00284,ex04::YOU COULD HAVE WRECKED HIS LIFE,confused,emotion_3407,11,4.145346201178833
ex04_confused_00284,ex04::YOU COULD HAVE WRECKED HIS LIFE,confused,emotion_3409,11,4.145346201178833
ex04_confused_00284,ex04::YOU COULD HAVE WRECKED HIS LIFE,confused,intent_3408,25,8.98158343588747
ex04_confused_00284,ex04::YOU COULD HAVE WRECKED HIS LIFE,confused,speaker_count_3408,23,8.290692402357665
ex04_confused_00295,ex04::AND FEE AND STEFFY THEY'RE TEENAGERS,confused,asr_3408,28,9.248186239336682
ex04_confused_00295,ex04::AND FEE AND STEFFY THEY'RE TEENAGERS,confused,emotion_3408,13,4.464641632783226
ex04_confused_00295,ex04::AND FEE AND STEFFY THEY'RE TEENAGERS,confused,intent_3408_last,20,6.696962449174839
ex04_confused_00295,ex04::AND FEE AND STEFFY THEY'RE TEENAGERS,confused,speaker_count_3408_last,9,3.1890297377023042
ex04_confused_00295,ex04::AND FEE AND STEFFY THEY'RE TEENAGERS,confused,emotion_3407,15,5.102447580323687
ex04_confused_00295,ex04::AND FEE AND STEFFY THEY'RE TEENAGERS,confused,emotion_3409,13,4.464641632783226
ex04_confused_00295,ex04::AND FEE AND STEFFY THEY'RE TEENAGERS,confused,intent_3408,28,9.248186239336682
ex04_confused_00295,ex04::AND FEE AND STEFFY THEY'RE TEENAGERS,confused,speaker_count_3408,27,8.929283265566452
ex04_confused_00327,ex04::NOT SO FAST,confused,asr_3408,11,5.671412536184794
ex04_confused_00327,ex04::NOT SO FAST,confused,emotion_3408,6,3.3083239794411297
ex04_confused_00327,ex04::NOT SO FAST,confused,intent_3408_last,9,4.726177113487328
ex04_confused_00327,ex04::NOT SO FAST,confused,speaker_count_3408_last,4,2.363088556743664
ex04_confused_00327,ex04::NOT SO FAST,confused,emotion_3407,6,3.3083239794411297
ex04_confused_00327,ex04::NOT SO FAST,confused,emotion_3409,5,2.835706268092397
ex04_confused_00327,ex04::NOT SO FAST,confused,intent_3408,11,5.671412536184794
ex04_confused_00327,ex04::NOT SO FAST,confused,speaker_count_3408,10,5.198794824836061
ex04_confused_00334,ex04::OKAY SINCE WE'RE TALKING ABOUT WILL SMITH WHAT OTHER MOVIES DID HE ACT IN,confused,asr_3408,57,11.473646468268196
ex04_confused_00334,ex04::OKAY SINCE WE'RE TALKING ABOUT WILL SMITH WHAT OTHER MOVIES DID HE ACT IN,confused,emotion_3408,29,5.934644724966309
ex04_confused_00334,ex04::OKAY SINCE WE'RE TALKING ABOUT WILL SMITH WHAT OTHER MOVIES DID HE ACT IN,confused,intent_3408_last,39,7.912859633288411
ex04_confused_00334,ex04::OKAY SINCE WE'RE TALKING ABOUT WILL SMITH WHAT OTHER MOVIES DID HE ACT IN,confused,speaker_count_3408_last,17,3.560786834979785
ex04_confused_00334,ex04::OKAY SINCE WE'RE TALKING ABOUT WILL SMITH WHAT OTHER MOVIES DID HE ACT IN,confused,emotion_3407,30,6.132466215798519
ex04_confused_00334,ex04::OKAY SINCE WE'RE TALKING ABOUT WILL SMITH WHAT OTHER MOVIES DID HE ACT IN,confused,emotion_3409,28,5.736823234134098
ex04_confused_00334,ex04::OKAY SINCE WE'RE TALKING ABOUT WILL SMITH WHAT OTHER MOVIES DID HE ACT IN,confused,intent_3408,57,11.473646468268196
ex04_confused_00334,ex04::OKAY SINCE WE'RE TALKING ABOUT WILL SMITH WHAT OTHER MOVIES DID HE ACT IN,confused,speaker_count_3408,57,11.473646468268196
ex04_default_00004,ex04::HEAVIER THAN YOU THOUGHT IT WOULD BE,default,asr_3408,24,13.23582939015916
ex04_default_00004,ex04::HEAVIER THAN YOU THOUGHT IT WOULD BE,default,emotion_3408,10,5.823764931670031
ex04_default_00004,ex04::HEAVIER THAN YOU THOUGHT IT WOULD BE,default,intent_3408_last,14,7.941497634095496
ex04_default_00004,ex04::HEAVIER THAN YOU THOUGHT IT WOULD BE,default,speaker_count_3408_last,7,4.235465404850931
ex04_default_00004,ex04::HEAVIER THAN YOU THOUGHT IT WOULD BE,default,emotion_3407,12,6.882631282882763
ex04_default_00004,ex04::HEAVIER THAN YOU THOUGHT IT WOULD BE,default,emotion_3409,11,6.353198107276397
ex04_default_00004,ex04::HEAVIER THAN YOU THOUGHT IT WOULD BE,default,intent_3408,24,13.23582939015916
ex04_default_00004,ex04::HEAVIER THAN YOU THOUGHT IT WOULD BE,default,speaker_count_3408,21,11.647529863340061
ex04_default_00015,ex04::FENNEL IS A BULB VEGETABLE WITH A LICORICE ANISE FLAVOR TO IT,default,asr_3408,51,12.38261076632287
ex04_default_00015,ex04::FENNEL IS A BULB VEGETABLE WITH A LICORICE ANISE FLAVOR TO IT,default,emotion_3408,23,5.715051122918248
ex04_default_00015,ex04::FENNEL IS A BULB VEGETABLE WITH A LICORICE ANISE FLAVOR TO IT,default,intent_3408_last,34,8.334449554255778
ex04_default_00015,ex04::FENNEL IS A BULB VEGETABLE WITH A LICORICE ANISE FLAVOR TO IT,default,speaker_count_3408_last,16,4.048161212067092
ex04_default_00015,ex04::FENNEL IS A BULB VEGETABLE WITH A LICORICE ANISE FLAVOR TO IT,default,emotion_3407,30,7.381941033769404
ex04_default_00015,ex04::FENNEL IS A BULB VEGETABLE WITH A LICORICE ANISE FLAVOR TO IT,default,emotion_3409,24,5.953178253039842
ex04_default_00015,ex04::FENNEL IS A BULB VEGETABLE WITH A LICORICE ANISE FLAVOR TO IT,default,intent_3408,51,12.38261076632287
ex04_default_00015,ex04::FENNEL IS A BULB VEGETABLE WITH A LICORICE ANISE FLAVOR TO IT,default,speaker_count_3408,48,11.66822937595809
ex04_default_00080,ex04::I'M DOING SOCIETY A FAVOR,default,asr_3408,22,11.492816989381636
ex04_default_00080,ex04::I'M DOING SOCIETY A FAVOR,default,emotion_3408,8,4.497189256714553
ex04_default_00080,ex04::I'M DOING SOCIETY A FAVOR,default,intent_3408_last,14,7.495315427857588
ex04_default_00080,ex04::I'M DOING SOCIETY A FAVOR,default,speaker_count_3408_last,6,3.497813866333541
ex04_default_00080,ex04::I'M DOING SOCIETY A FAVOR,default,emotion_3407,11,5.996252342286071
ex04_default_00080,ex04::I'M DOING SOCIETY A FAVOR,default,emotion_3409,9,4.996876951905059
ex04_default_00080,ex04::I'M DOING SOCIETY A FAVOR,default,intent_3408,22,11.492816989381636
ex04_default_00080,ex04::I'M DOING SOCIETY A FAVOR,default,speaker_count_3408,22,11.492816989381636
ex04_default_00099,ex04::DOES WEBMD HAVE A WEBPAGE ON DECODING CODE,default,asr_3408,36,12.656874692664571
ex04_default_00099,ex04::DOES WEBMD HAVE A WEBPAGE ON DECODING CODE,default,emotion_3408,18,6.499476193530455
ex04_default_00099,ex04::DOES WEBMD HAVE A WEBPAGE ON DECODING CODE,default,intent_3408_last,25,8.894020054304834
ex04_default_00099,ex04::DOES WEBMD HAVE A WEBPAGE ON DECODING CODE,default,speaker_count_3408_last,12,4.447010027152417
ex04_default_00099,ex04::DOES WEBMD HAVE A WEBPAGE ON DECODING CODE,default,emotion_3407,20,7.183631582323135
ex04_default_00099,ex04::DOES WEBMD HAVE A WEBPAGE ON DECODING CODE,default,emotion_3409,16,5.815320804737776
ex04_default_00099,ex04::DOES WEBMD HAVE A WEBPAGE ON DECODING CODE,default,intent_3408,36,12.656874692664571
ex04_default_00099,ex04::DOES WEBMD HAVE A WEBPAGE ON DECODING CODE,default,speaker_count_3408,34,11.97271930387189
ex04_default_00147,ex04::YOU'RE ANGRY ON THE TIN ROOF,default,asr_3408,23,11.04845206583036
ex04_default_00147,ex04::YOU'RE ANGRY ON THE TIN ROOF,default,emotion_3408,9,4.603521694095983
ex04_default_00147,ex04::YOU'RE ANGRY ON THE TIN ROOF,default,intent_3408_last,15,7.365634710553573
ex04_default_00147,ex04::YOU'RE ANGRY ON THE TIN ROOF,default,speaker_count_3408_last,7,3.6828173552767867
ex04_default_00147,ex04::YOU'RE ANGRY ON THE TIN ROOF,default,emotion_3407,11,5.52422603291518
ex04_default_00147,ex04::YOU'RE ANGRY ON THE TIN ROOF,default,emotion_3409,11,5.52422603291518
ex04_default_00147,ex04::YOU'RE ANGRY ON THE TIN ROOF,default,intent_3408,23,11.04845206583036
ex04_default_00147,ex04::YOU'RE ANGRY ON THE TIN ROOF,default,speaker_count_3408,20,9.667395557601566
ex04_default_00158,ex04::AND THEN HE WOULD COME OVER TO OUR SET AND FILM THROUGHOUT THE NIGHT,default,asr_3408,45,12.844452976387846
ex04_default_00158,ex04::AND THEN HE WOULD COME OVER TO OUR SET AND FILM THROUGHOUT THE NIGHT,default,emotion_3408,20,5.863772010959669
ex04_default_00158,ex04::AND THEN HE WOULD COME OVER TO OUR SET AND FILM THROUGHOUT THE NIGHT,default,intent_3408_last,27,7.818362681279559
ex04_default_00158,ex04::AND THEN HE WOULD COME OVER TO OUR SET AND FILM THROUGHOUT THE NIGHT,default,speaker_count_3408_last,13,3.9091813406397793
ex04_default_00158,ex04::AND THEN HE WOULD COME OVER TO OUR SET AND FILM THROUGHOUT THE NIGHT,default,emotion_3407,22,6.422226488193923
ex04_default_00158,ex04::AND THEN HE WOULD COME OVER TO OUR SET AND FILM THROUGHOUT THE NIGHT,default,emotion_3409,19,5.584544772342542
ex04_default_00158,ex04::AND THEN HE WOULD COME OVER TO OUR SET AND FILM THROUGHOUT THE NIGHT,default,intent_3408,45,12.844452976387846
ex04_default_00158,ex04::AND THEN HE WOULD COME OVER TO OUR SET AND FILM THROUGHOUT THE NIGHT,default,speaker_count_3408,45,12.844452976387846
ex04_default_00183,ex04::THE SON ALLEGIANT AND WALK TWO MOONS ARE SIMILAR,default,asr_3408,38,10.182767624020888
ex04_default_00183,ex04::THE SON ALLEGIANT AND WALK TWO MOONS ARE SIMILAR,default,emotion_3408,17,4.699738903394255
ex04_default_00183,ex04::THE SON ALLEGIANT AND WALK TWO MOONS ARE SIMILAR,default,intent_3408_last,26,7.049608355091384
ex04_default_00183,ex04::THE SON ALLEGIANT AND WALK TWO MOONS ARE SIMILAR,default,speaker_count_3408_last,13,3.6553524804177546
ex04_default_00183,ex04::THE SON ALLEGIANT AND WALK TWO MOONS ARE SIMILAR,default,emotion_3407,18,4.960835509138381
ex04_default_00183,ex04::THE SON ALLEGIANT AND WALK TWO MOONS ARE SIMILAR,default,emotion_3409,18,4.960835509138381
ex04_default_00183,ex04::THE SON ALLEGIANT AND WALK TWO MOONS ARE SIMILAR,default,intent_3408,38,10.182767624020888
ex04_default_00183,ex04::THE SON ALLEGIANT AND WALK TWO MOONS ARE SIMILAR,default,speaker_count_3408,36,9.660574412532636
ex04_default_00206,ex04::ENJOY THE MOVIE,default,asr_3408,13,10.975012248897599
ex04_default_00206,ex04::ENJOY THE MOVIE,default,emotion_3408,5,4.703576678098971
ex04_default_00206,ex04::ENJOY THE MOVIE,default,intent_3408_last,7,6.271435570798628
ex04_default_00206,ex04::ENJOY THE MOVIE,default,speaker_count_3408_last,4,3.9196472317491424
ex04_default_00206,ex04::ENJOY THE MOVIE,default,emotion_3407,5,4.703576678098971
ex04_default_00206,ex04::ENJOY THE MOVIE,default,emotion_3409,5,4.703576678098971
ex04_default_00206,ex04::ENJOY THE MOVIE,default,intent_3408,13,10.975012248897599
ex04_default_00206,ex04::ENJOY THE MOVIE,default,speaker_count_3408,13,10.975012248897599
ex04_default_00209,ex04::ANY TRIPLE DIGIT TEMPS THIS WEEK IN TEXAS,default,asr_3408,29,11.740247034364682
ex04_default_00209,ex04::ANY TRIPLE DIGIT TEMPS THIS WEEK IN TEXAS,default,emotion_3408,15,6.261465084994497
ex04_default_00209,ex04::ANY TRIPLE DIGIT TEMPS THIS WEEK IN TEXAS,default,intent_3408_last,18,7.435489788430965
ex04_default_00209,ex04::ANY TRIPLE DIGIT TEMPS THIS WEEK IN TEXAS,default,speaker_count_3408_last,10,4.3047572459337164
ex04_default_00209,ex04::ANY TRIPLE DIGIT TEMPS THIS WEEK IN TEXAS,default,emotion_3407,16,6.652806652806653
ex04_default_00209,ex04::ANY TRIPLE DIGIT TEMPS THIS WEEK IN TEXAS,default,emotion_3409,14,5.870123517182341
ex04_default_00209,ex04::ANY TRIPLE DIGIT TEMPS THIS WEEK IN TEXAS,default,intent_3408,29,11.740247034364682
ex04_default_00209,ex04::ANY TRIPLE DIGIT TEMPS THIS WEEK IN TEXAS,default,speaker_count_3408,27,10.95756389874037
ex04_default_00254,ex04::ANY INDICATION ON HOW HE'S LEANING,default,asr_3408,25,11.893190005146092
ex04_default_00254,ex04::ANY INDICATION ON HOW HE'S LEANING,default,emotion_3408,9,4.574303848133112
ex04_default_00254,ex04::ANY INDICATION ON HOW HE'S LEANING,default,intent_3408_last,16,7.77631654182629
ex04_default_00254,ex04::ANY INDICATION ON HOW HE'S LEANING,default,speaker_count_3408_last,8,4.116873463319801
ex04_default_00254,ex04::ANY INDICATION ON HOW HE'S LEANING,default,emotion_3407,11,5.489164617759735
ex04_default_00254,ex04::ANY INDICATION ON HOW HE'S LEANING,default,emotion_3409,9,4.574303848133112
ex04_default_00254,ex04::ANY INDICATION ON HOW HE'S LEANING,default,intent_3408,25,11.893190005146092
ex04_default_00254,ex04::ANY INDICATION ON HOW HE'S LEANING,default,speaker_count_3408,23,10.97832923551947
ex04_default_00278,ex04::HEY GAGA HOW'S IT GOING IN THERE,default,asr_3408,23,11.728772144166157
ex04_default_00278,ex04::HEY GAGA HOW'S IT GOING IN THERE,default,emotion_3408,9,4.886988393402565
ex04_default_00278,ex04::HEY GAGA HOW'S IT GOING IN THERE,default,intent_3408_last,13,6.841783750763591
ex04_default_00278,ex04::HEY GAGA HOW'S IT GOING IN THERE,default,speaker_count_3408_last,7,3.9095907147220523
ex04_default_00278,ex04::HEY GAGA HOW'S IT GOING IN THERE,default,emotion_3407,12,6.353084911423335
ex04_default_00278,ex04::HEY GAGA HOW'S IT GOING IN THERE,default,emotion_3409,10,5.375687232742822
ex04_default_00278,ex04::HEY GAGA HOW'S IT GOING IN THERE,default,intent_3408,22,11.2400733048259
ex04_default_00278,ex04::HEY GAGA HOW'S IT GOING IN THERE,default,speaker_count_3408,20,10.262675626145388
ex04_default_00284,ex04::YOU COULD HAVE WRECKED HIS LIFE,default,asr_3408,19,10.478747789639138
ex04_default_00284,ex04::YOU COULD HAVE WRECKED HIS LIFE,default,emotion_3408,9,5.239373894819569
ex04_default_00284,ex04::YOU COULD HAVE WRECKED HIS LIFE,default,intent_3408_last,12,6.811186063265439
ex04_default_00284,ex04::YOU COULD HAVE WRECKED HIS LIFE,default,speaker_count_3408_last,5,3.1436243368917416
ex04_default_00284,ex04::YOU COULD HAVE WRECKED HIS LIFE,default,emotion_3407,10,5.763311284301526
ex04_default_00284,ex04::YOU COULD HAVE WRECKED HIS LIFE,default,emotion_3409,9,5.239373894819569
ex04_default_00284,ex04::YOU COULD HAVE WRECKED HIS LIFE,default,intent_3408,19,10.478747789639138
ex04_default_00284,ex04::YOU COULD HAVE WRECKED HIS LIFE,default,speaker_count_3408,18,9.95481040015718
ex04_default_00295,ex04::AND FEE AND STEFFY THEY'RE TEENAGERS,default,asr_3408,24,9.531525520659581
ex04_default_00295,ex04::AND FEE AND STEFFY THEY'RE TEENAGERS,default,emotion_3408,12,4.956393270742982
ex04_default_00295,ex04::AND FEE AND STEFFY THEY'RE TEENAGERS,default,intent_3408_last,17,6.862698374874898
ex04_default_00295,ex04::AND FEE AND STEFFY THEY'RE TEENAGERS,default,speaker_count_3408_last,8,3.431349187437449
ex04_default_00295,ex04::AND FEE AND STEFFY THEY'RE TEENAGERS,default,emotion_3407,14,5.718915312395748
ex04_default_00295,ex04::AND FEE AND STEFFY THEY'RE TEENAGERS,default,emotion_3409,12,4.956393270742982
ex04_default_00295,ex04::AND FEE AND STEFFY THEY'RE TEENAGERS,default,intent_3408,24,9.531525520659581
ex04_default_00295,ex04::AND FEE AND STEFFY THEY'RE TEENAGERS,default,speaker_count_3408,23,9.150264499833199
ex04_default_00327,ex04::NOT SO FAST,default,asr_3408,9,7.161079532739561
ex04_default_00327,ex04::NOT SO FAST,default,emotion_3408,4,3.5805397663697804
ex04_default_00327,ex04::NOT SO FAST,default,intent_3408_last,7,5.728863626191648
ex04_default_00327,ex04::NOT SO FAST,default,speaker_count_3408_last,2,2.1483238598218684
ex04_default_00327,ex04::NOT SO FAST,default,emotion_3407,5,4.296647719643737
ex04_default_00327,ex04::NOT SO FAST,default,emotion_3409,3,2.864431813095824
ex04_default_00327,ex04::NOT SO FAST,default,intent_3408,9,7.161079532739561
ex04_default_00327,ex04::NOT SO FAST,default,speaker_count_3408,7,5.728863626191648
ex04_default_00334,ex04::OKAY SINCE WE'RE TALKING ABOUT WILL SMITH WHAT OTHER MOVIES DID HE ACT IN,default,asr_3408,49,12.274833522570349
ex04_default_00334,ex04::OKAY SINCE WE'RE TALKING ABOUT WILL SMITH WHAT OTHER MOVIES DID HE ACT IN,default,emotion_3408,22,5.6464234203823604
ex04_default_00334,ex04::OKAY SINCE WE'RE TALKING ABOUT WILL SMITH WHAT OTHER MOVIES DID HE ACT IN,default,intent_3408_last,34,8.592383465799244
ex04_default_00334,ex04::OKAY SINCE WE'RE TALKING ABOUT WILL SMITH WHAT OTHER MOVIES DID HE ACT IN,default,speaker_count_3408_last,14,3.6824500567711045
ex04_default_00334,ex04::OKAY SINCE WE'RE TALKING ABOUT WILL SMITH WHAT OTHER MOVIES DID HE ACT IN,default,emotion_3407,28,7.119403443090802
ex04_default_00334,ex04::OKAY SINCE WE'RE TALKING ABOUT WILL SMITH WHAT OTHER MOVIES DID HE ACT IN,default,emotion_3409,22,5.6464234203823604
ex04_default_00334,ex04::OKAY SINCE WE'RE TALKING ABOUT WILL SMITH WHAT OTHER MOVIES DID HE ACT IN,default,intent_3408,49,12.274833522570349
ex04_default_00334,ex04::OKAY SINCE WE'RE TALKING ABOUT WILL SMITH WHAT OTHER MOVIES DID HE ACT IN,default,speaker_count_3408,46,11.538343511216128
ex04_enunciated_00004,ex04::HEAVIER THAN YOU THOUGHT IT WOULD BE,enunciated,asr_3408,25,8.509419682124083
ex04_enunciated_00004,ex04::HEAVIER THAN YOU THOUGHT IT WOULD BE,enunciated,emotion_3408,13,4.581995213451429
ex04_enunciated_00004,ex04::HEAVIER THAN YOU THOUGHT IT WOULD BE,enunciated,intent_3408_last,17,5.891136703008979
ex04_enunciated_00004,ex04::HEAVIER THAN YOU THOUGHT IT WOULD BE,enunciated,speaker_count_3408_last,7,2.618282979115102
ex04_enunciated_00004,ex04::HEAVIER THAN YOU THOUGHT IT WOULD BE,enunciated,emotion_3407,15,5.236565958230204
ex04_enunciated_00004,ex04::HEAVIER THAN YOU THOUGHT IT WOULD BE,enunciated,emotion_3409,13,4.581995213451429
ex04_enunciated_00004,ex04::HEAVIER THAN YOU THOUGHT IT WOULD BE,enunciated,intent_3408,25,8.509419682124083
ex04_enunciated_00004,ex04::HEAVIER THAN YOU THOUGHT IT WOULD BE,enunciated,speaker_count_3408,25,8.509419682124083
ex04_enunciated_00015,ex04::FENNEL IS A BULB VEGETABLE WITH A LICORICE ANISE FLAVOR TO IT,enunciated,asr_3408,58,10.363263110515858
ex04_enunciated_00015,ex04::FENNEL IS A BULB VEGETABLE WITH A LICORICE ANISE FLAVOR TO IT,enunciated,emotion_3408,35,6.323346982687642
ex04_enunciated_00015,ex04::FENNEL IS A BULB VEGETABLE WITH A LICORICE ANISE FLAVOR TO IT,enunciated,intent_3408_last,44,7.904183728359553
ex04_enunciated_00015,ex04::FENNEL IS A BULB VEGETABLE WITH A LICORICE ANISE FLAVOR TO IT,enunciated,speaker_count_3408_last,17,3.161673491343821
ex04_enunciated_00015,ex04::FENNEL IS A BULB VEGETABLE WITH A LICORICE ANISE FLAVOR TO IT,enunciated,emotion_3407,38,6.85029256457828
ex04_enunciated_00015,ex04::FENNEL IS A BULB VEGETABLE WITH A LICORICE ANISE FLAVOR TO IT,enunciated,emotion_3409,33,5.972049928093885
ex04_enunciated_00015,ex04::FENNEL IS A BULB VEGETABLE WITH A LICORICE ANISE FLAVOR TO IT,enunciated,intent_3408,58,10.363263110515858
ex04_enunciated_00015,ex04::FENNEL IS A BULB VEGETABLE WITH A LICORICE ANISE FLAVOR TO IT,enunciated,speaker_count_3408,55,9.836317528625221
ex04_enunciated_00080,ex04::I'M DOING SOCIETY A FAVOR,enunciated,asr_3408,25,7.099945385035499
ex04_enunciated_00080,ex04::I'M DOING SOCIETY A FAVOR,enunciated,emotion_3408,14,4.09612233752048
ex04_enunciated_00080,ex04::I'M DOING SOCIETY A FAVOR,enunciated,intent_3408_last,19,5.461496450027307
ex04_enunciated_00080,ex04::I'M DOING SOCIETY A FAVOR,enunciated,speaker_count_3408_last,7,2.184598580010923
ex04_enunciated_00080,ex04::I'M DOING SOCIETY A FAVOR,enunciated,emotion_3407,15,4.369197160021846
ex04_enunciated_00080,ex04::I'M DOING SOCIETY A FAVOR,enunciated,emotion_3409,10,3.003823047515019
ex04_enunciated_00080,ex04::I'M DOING SOCIETY A FAVOR,enunciated,intent_3408,25,7.099945385035499
ex04_enunciated_00080,ex04::I'M DOING SOCIETY A FAVOR,enunciated,speaker_count_3408,25,7.099945385035499
ex04_enunciated_00099,ex04::DOES WEBMD HAVE A WEBPAGE ON DECODING CODE,enunciated,asr_3408,46,8.459228095436291
ex04_enunciated_00099,ex04::DOES WEBMD HAVE A WEBPAGE ON DECODING CODE,enunciated,emotion_3408,25,4.679572988964757
ex04_enunciated_00099,ex04::DOES WEBMD HAVE A WEBPAGE ON DECODING CODE,enunciated,intent_3408_last,33,6.1194416009539125
ex04_enunciated_00099,ex04::DOES WEBMD HAVE A WEBPAGE ON DECODING CODE,enunciated,speaker_count_3408_last,11,2.159802917983734
ex04_enunciated_00099,ex04::DOES WEBMD HAVE A WEBPAGE ON DECODING CODE,enunciated,emotion_3407,27,5.039540141962045
ex04_enunciated_00099,ex04::DOES WEBMD HAVE A WEBPAGE ON DECODING CODE,enunciated,emotion_3409,22,4.1396222594688235
ex04_enunciated_00099,ex04::DOES WEBMD HAVE A WEBPAGE ON DECODING CODE,enunciated,intent_3408,46,8.459228095436291
ex04_enunciated_00099,ex04::DOES WEBMD HAVE A WEBPAGE ON DECODING CODE,enunciated,speaker_count_3408,43,7.919277365940357
ex04_enunciated_00147,ex04::YOU'RE ANGRY ON THE TIN ROOF,enunciated,asr_3408,26,8.102481384924133
ex04_enunciated_00147,ex04::YOU'RE ANGRY ON THE TIN ROOF,enunciated,emotion_3408,14,4.501378547180074
ex04_enunciated_00147,ex04::YOU'RE ANGRY ON THE TIN ROOF,enunciated,intent_3408_last,22,6.90211377234278
ex04_enunciated_00147,ex04::YOU'RE ANGRY ON THE TIN ROOF,enunciated,speaker_count_3408_last,7,2.400735225162706
ex04_enunciated_00147,ex04::YOU'RE ANGRY ON THE TIN ROOF,enunciated,emotion_3407,15,4.801470450325412
ex04_enunciated_00147,ex04::YOU'RE ANGRY ON THE TIN ROOF,enunciated,emotion_3409,12,3.901194740889397
ex04_enunciated_00147,ex04::YOU'RE ANGRY ON THE TIN ROOF,enunciated,intent_3408,26,8.102481384924133
ex04_enunciated_00147,ex04::YOU'RE ANGRY ON THE TIN ROOF,enunciated,speaker_count_3408,23,7.202205675488118
ex04_enunciated_00158,ex04::AND THEN HE WOULD COME OVER TO OUR SET AND FILM THROUGHOUT THE NIGHT,enunciated,asr_3408,60,9.422759439654756
ex04_enunciated_00158,ex04::AND THEN HE WOULD COME OVER TO OUR SET AND FILM THROUGHOUT THE NIGHT,enunciated,emotion_3408,35,5.560972784058545
ex04_enunciated_00158,ex04::AND THEN HE WOULD COME OVER TO OUR SET AND FILM THROUGHOUT THE NIGHT,enunciated,intent_3408_last,42,6.642273047625484
ex04_enunciated_00158,ex04::AND THEN HE WOULD COME OVER TO OUR SET AND FILM THROUGHOUT THE NIGHT,enunciated,speaker_count_3408_last,18,2.934957858253121
ex04_enunciated_00158,ex04::AND THEN HE WOULD COME OVER TO OUR SET AND FILM THROUGHOUT THE NIGHT,enunciated,emotion_3407,35,5.560972784058545
ex04_enunciated_00158,ex04::AND THEN HE WOULD COME OVER TO OUR SET AND FILM THROUGHOUT THE NIGHT,enunciated,emotion_3409,28,4.479672520491606
ex04_enunciated_00158,ex04::AND THEN HE WOULD COME OVER TO OUR SET AND FILM THROUGHOUT THE NIGHT,enunciated,intent_3408,60,9.422759439654756
ex04_enunciated_00158,ex04::AND THEN HE WOULD COME OVER TO OUR SET AND FILM THROUGHOUT THE NIGHT,enunciated,speaker_count_3408,56,8.804873574759362
ex04_enunciated_00183,ex04::THE SON ALLEGIANT AND WALK TWO MOONS ARE SIMILAR,enunciated,asr_3408,46,7.482587064676617
ex04_enunciated_00183,ex04::THE SON ALLEGIANT AND WALK TWO MOONS ARE SIMILAR,enunciated,emotion_3408,24,3.9800995024875623
ex04_enunciated_00183,ex04::THE SON ALLEGIANT AND WALK TWO MOONS ARE SIMILAR,enunciated,intent_3408_last,34,5.5721393034825875
ex04_enunciated_00183,ex04::THE SON ALLEGIANT AND WALK TWO MOONS ARE SIMILAR,enunciated,speaker_count_3408_last,16,2.7064676616915424
ex04_enunciated_00183,ex04::THE SON ALLEGIANT AND WALK TWO MOONS ARE SIMILAR,enunciated,emotion_3407,26,4.298507462686567
ex04_enunciated_00183,ex04::THE SON ALLEGIANT AND WALK TWO MOONS ARE SIMILAR,enunciated,emotion_3409,24,3.9800995024875623
ex04_enunciated_00183,ex04::THE SON ALLEGIANT AND WALK TWO MOONS ARE SIMILAR,enunciated,intent_3408,46,7.482587064676617
ex04_enunciated_00183,ex04::THE SON ALLEGIANT AND WALK TWO MOONS ARE SIMILAR,enunciated,speaker_count_3408,42,6.845771144278607
ex04_enunciated_00206,ex04::ENJOY THE MOVIE,enunciated,asr_3408,16,7.718501702610669
ex04_enunciated_00206,ex04::ENJOY THE MOVIE,enunciated,emotion_3408,6,3.1782065834279227
ex04_enunciated_00206,ex04::ENJOY THE MOVIE,enunciated,intent_3408_last,11,5.448354143019296
ex04_enunciated_00206,ex04::ENJOY THE MOVIE,enunciated,speaker_count_3408_last,4,2.2701475595913734
ex04_enunciated_00206,ex04::ENJOY THE MOVIE,enunciated,emotion_3407,8,4.086265607264472
ex04_enunciated_00206,ex04::ENJOY THE MOVIE,enunciated,emotion_3409,6,3.1782065834279227
ex04_enunciated_00206,ex04::ENJOY THE MOVIE,enunciated,intent_3408,16,7.718501702610669
ex04_enunciated_00206,ex04::ENJOY THE MOVIE,enunciated,speaker_count_3408,14,6.81044267877412
ex04_enunciated_00209,ex04::ANY TRIPLE DIGIT TEMPS THIS WEEK IN TEXAS,enunciated,asr_3408,37,8.798842257597686
ex04_enunciated_00209,ex04::ANY TRIPLE DIGIT TEMPS THIS WEEK IN TEXAS,enunciated,emotion_3408,22,5.325615050651231
ex04_enunciated_00209,ex04::ANY TRIPLE DIGIT TEMPS THIS WEEK IN TEXAS,enunciated,intent_3408_last,28,6.7149059334298125
ex04_enunciated_00209,ex04::ANY TRIPLE DIGIT TEMPS THIS WEEK IN TEXAS,enunciated,speaker_count_3408_last,12,3.010130246020261
ex04_enunciated_00209,ex04::ANY TRIPLE DIGIT TEMPS THIS WEEK IN TEXAS,enunciated,emotion_3407,24,5.788712011577425
ex04_enunciated_00209,ex04::ANY TRIPLE DIGIT TEMPS THIS WEEK IN TEXAS,enunciated,emotion_3409,21,5.094066570188134
ex04_enunciated_00209,ex04::ANY TRIPLE DIGIT TEMPS THIS WEEK IN TEXAS,enunciated,intent_3408,37,8.798842257597686
ex04_enunciated_00209,ex04::ANY TRIPLE DIGIT TEMPS THIS WEEK IN TEXAS,enunciated,speaker_count_3408,36,8.567293777134589
ex04_enunciated_00254,ex04::ANY INDICATION ON HOW HE'S LEANING,enunciated,asr_3408,34,9.56757957321761
ex04_enunciated_00254,ex04::ANY INDICATION ON HOW HE'S LEANING,enunciated,emotion_3408,15,4.373750662042337
ex04_enunciated_00254,ex04::ANY INDICATION ON HOW HE'S LEANING,enunciated,intent_3408_last,25,7.107344825818797
ex04_enunciated_00254,ex04::ANY INDICATION ON HOW HE'S LEANING,enunciated,speaker_count_3408_last,9,2.7335941637764605
ex04_enunciated_00254,ex04::ANY INDICATION ON HOW HE'S LEANING,enunciated,emotion_3407,19,5.467188327552921
ex04_enunciated_00254,ex04::ANY INDICATION ON HOW HE'S LEANING,enunciated,emotion_3409,14,4.1003912456646905
ex04_enunciated_00254,ex04::ANY INDICATION ON HOW HE'S LEANING,enunciated,intent_3408,34,9.56757957321761
ex04_enunciated_00254,ex04::ANY INDICATION ON HOW HE'S LEANING,enunciated,speaker_count_3408,31,8.747501324084674
ex04_enunciated_00278,ex04::HEY GAGA HOW'S IT GOING IN THERE,enunciated,asr_3408,29,7.557983907792596
ex04_enunciated_00278,ex04::HEY GAGA HOW'S IT GOING IN THERE,enunciated,emotion_3408,13,3.5270591569698784
ex04_enunciated_00278,ex04::HEY GAGA HOW'S IT GOING IN THERE,enunciated,intent_3408_last,22,5.794454329307658
ex04_enunciated_00278,ex04::HEY GAGA HOW'S IT GOING IN THERE,enunciated,speaker_count_3408_last,10,2.771260766190619
ex04_enunciated_00278,ex04::HEY GAGA HOW'S IT GOING IN THERE,enunciated,emotion_3407,19,5.0386559385283975
ex04_enunciated_00278,ex04::HEY GAGA HOW'S IT GOING IN THERE,enunciated,emotion_3409,13,3.5270591569698784
ex04_enunciated_00278,ex04::HEY GAGA HOW'S IT GOING IN THERE,enunciated,intent_3408,29,7.557983907792596
ex04_enunciated_00278,ex04::HEY GAGA HOW'S IT GOING IN THERE,enunciated,speaker_count_3408,29,7.557983907792596
ex04_enunciated_00284,ex04::YOU COULD HAVE WRECKED HIS LIFE,enunciated,asr_3408,29,8.372433761839144
ex04_enunciated_00284,ex04::YOU COULD HAVE WRECKED HIS LIFE,enunciated,emotion_3408,17,5.023460257103486
ex04_enunciated_00284,ex04::YOU COULD HAVE WRECKED HIS LIFE,enunciated,intent_3408_last,21,6.139784758682039
ex04_enunciated_00284,ex04::YOU COULD HAVE WRECKED HIS LIFE,enunciated,speaker_count_3408_last,7,2.232649003157105
ex04_enunciated_00284,ex04::YOU COULD HAVE WRECKED HIS LIFE,enunciated,emotion_3407,16,4.744379131708849
ex04_enunciated_00284,ex04::YOU COULD HAVE WRECKED HIS LIFE,enunciated,emotion_3409,13,3.907135755524934
ex04_enunciated_00284,ex04::YOU COULD HAVE WRECKED HIS LIFE,enunciated,intent_3408,29,8.372433761839144
ex04_enunciated_00284,ex04::YOU COULD HAVE WRECKED HIS LIFE,enunciated,speaker_count_3408,26,7.53519038565523
ex04_enunciated_00295,ex04::AND FEE AND STEFFY THEY'RE TEENAGERS,enunciated,asr_3408,31,7.04913744441232
ex04_enunciated_00295,ex04::AND FEE AND STEFFY THEY'RE TEENAGERS,enunciated,emotion_3408,16,3.744854267344045
ex04_enunciated_00295,ex04::AND FEE AND STEFFY THEY'RE TEENAGERS,enunciated,intent_3408_last,23,5.28685308330924
ex04_enunciated_00295,ex04::AND FEE AND STEFFY THEY'RE TEENAGERS,enunciated,speaker_count_3408_last,11,2.64342654165462
ex04_enunciated_00295,ex04::AND FEE AND STEFFY THEY'RE TEENAGERS,enunciated,emotion_3407,16,3.744854267344045
ex04_enunciated_00295,ex04::AND FEE AND STEFFY THEY'RE TEENAGERS,enunciated,emotion_3409,15,3.52456872220616
ex04_enunciated_00295,ex04::AND FEE AND STEFFY THEY'RE TEENAGERS,enunciated,intent_3408,31,7.04913744441232
ex04_enunciated_00295,ex04::AND FEE AND STEFFY THEY'RE TEENAGERS,enunciated,speaker_count_3408,30,6.828851899274435
ex04_enunciated_00327,ex04::NOT SO FAST,enunciated,asr_3408,13,6.1924639924805795
ex04_enunciated_00327,ex04::NOT SO FAST,enunciated,emotion_3408,5,2.653913139634534
ex04_enunciated_00327,ex04::NOT SO FAST,enunciated,intent_3408_last,11,5.307826279269068
ex04_enunciated_00327,ex04::NOT SO FAST,enunciated,speaker_count_3408_last,3,1.7692754264230226
ex04_enunciated_00327,ex04::NOT SO FAST,enunciated,emotion_3407,9,4.423188566057557
ex04_enunciated_00327,ex04::NOT SO FAST,enunciated,emotion_3409,4,2.2115942830287785
ex04_enunciated_00327,ex04::NOT SO FAST,enunciated,intent_3408,13,6.1924639924805795
ex04_enunciated_00327,ex04::NOT SO FAST,enunciated,speaker_count_3408,12,5.750145135874823
ex04_enunciated_00334,ex04::OKAY SINCE WE'RE TALKING ABOUT WILL SMITH WHAT OTHER MOVIES DID HE ACT IN,enunciated,asr_3408,68,8.508014796547473
ex04_enunciated_00334,ex04::OKAY SINCE WE'RE TALKING ABOUT WILL SMITH WHAT OTHER MOVIES DID HE ACT IN,enunciated,emotion_3408,41,5.178791615289766
ex04_enunciated_00334,ex04::OKAY SINCE WE'RE TALKING ABOUT WILL SMITH WHAT OTHER MOVIES DID HE ACT IN,enunciated,intent_3408_last,54,6.781750924784218
ex04_enunciated_00334,ex04::OKAY SINCE WE'RE TALKING ABOUT WILL SMITH WHAT OTHER MOVIES DID HE ACT IN,enunciated,speaker_count_3408_last,21,2.712700369913687
ex04_enunciated_00334,ex04::OKAY SINCE WE'RE TALKING ABOUT WILL SMITH WHAT OTHER MOVIES DID HE ACT IN,enunciated,emotion_3407,43,5.425400739827374
ex04_enunciated_00334,ex04::OKAY SINCE WE'RE TALKING ABOUT WILL SMITH WHAT OTHER MOVIES DID HE ACT IN,enunciated,emotion_3409,36,4.562268803945746
ex04_enunciated_00334,ex04::OKAY SINCE WE'RE TALKING ABOUT WILL SMITH WHAT OTHER MOVIES DID HE ACT IN,enunciated,intent_3408,68,8.508014796547473
ex04_enunciated_00334,ex04::OKAY SINCE WE'RE TALKING ABOUT WILL SMITH WHAT OTHER MOVIES DID HE ACT IN,enunciated,speaker_count_3408,62,7.768187422934649
ex04_happy_00004,ex04::HEAVIER THAN YOU THOUGHT IT WOULD BE,happy,asr_3408,21,11.277352385224106
ex04_happy_00004,ex04::HEAVIER THAN YOU THOUGHT IT WOULD BE,happy,emotion_3408,9,5.126069266010957
ex04_happy_00004,ex04::HEAVIER THAN YOU THOUGHT IT WOULD BE,happy,intent_3408_last,13,7.17649697241534
ex04_happy_00004,ex04::HEAVIER THAN YOU THOUGHT IT WOULD BE,happy,speaker_count_3408_last,6,3.58824848620767
ex04_happy_00004,ex04::HEAVIER THAN YOU THOUGHT IT WOULD BE,happy,emotion_3407,11,6.151283119213148
ex04_happy_00004,ex04::HEAVIER THAN YOU THOUGHT IT WOULD BE,happy,emotion_3409,11,6.151283119213148
ex04_happy_00004,ex04::HEAVIER THAN YOU THOUGHT IT WOULD BE,happy,intent_3408,21,11.277352385224106
ex04_happy_00004,ex04::HEAVIER THAN YOU THOUGHT IT WOULD BE,happy,speaker_count_3408,21,11.277352385224106
ex04_happy_00015,ex04::FENNEL IS A BULB VEGETABLE WITH A LICORICE ANISE FLAVOR TO IT,happy,asr_3408,49,12.461059190031152
ex04_happy_00015,ex04::FENNEL IS A BULB VEGETABLE WITH A LICORICE ANISE FLAVOR TO IT,happy,emotion_3408,23,5.981308411214953
ex04_happy_00015,ex04::FENNEL IS A BULB VEGETABLE WITH A LICORICE ANISE FLAVOR TO IT,happy,intent_3408_last,31,7.975077881619938
ex04_happy_00015,ex04::FENNEL IS A BULB VEGETABLE WITH A LICORICE ANISE FLAVOR TO IT,happy,speaker_count_3408_last,15,3.987538940809969
ex04_happy_00015,ex04::FENNEL IS A BULB VEGETABLE WITH A LICORICE ANISE FLAVOR TO IT,happy,emotion_3407,29,7.4766355140186915
ex04_happy_00015,ex04::FENNEL IS A BULB VEGETABLE WITH A LICORICE ANISE FLAVOR TO IT,happy,emotion_3409,21,5.482866043613707
ex04_happy_00015,ex04::FENNEL IS A BULB VEGETABLE WITH A LICORICE ANISE FLAVOR TO IT,happy,intent_3408,49,12.461059190031152
ex04_happy_00015,ex04::FENNEL IS A BULB VEGETABLE WITH A LICORICE ANISE FLAVOR TO IT,happy,speaker_count_3408,46,11.713395638629283
ex04_happy_00080,ex04::I'M DOING SOCIETY A FAVOR,happy,asr_3408,21,10.437051532941943
ex04_happy_00080,ex04::I'M DOING SOCIETY A FAVOR,happy,emotion_3408,7,3.7952914665243433
ex04_happy_00080,ex04::I'M DOING SOCIETY A FAVOR,happy,intent_3408_last,13,6.641760066417601
ex04_happy_00080,ex04::I'M DOING SOCIETY A FAVOR,happy,speaker_count_3408_last,8,4.269702899839886
ex04_happy_00080,ex04::I'M DOING SOCIETY A FAVOR,happy,emotion_3407,10,5.218525766470972
ex04_happy_00080,ex04::I'M DOING SOCIETY A FAVOR,happy,emotion_3409,8,4.269702899839886
ex04_happy_00080,ex04::I'M DOING SOCIETY A FAVOR,happy,intent_3408,21,10.437051532941943
ex04_happy_00080,ex04::I'M DOING SOCIETY A FAVOR,happy,speaker_count_3408,20,9.962640099626402
ex04_happy_00099,ex04::DOES WEBMD HAVE A WEBPAGE ON DECODING CODE,happy,asr_3408,37,12.77284090670364
ex04_happy_00099,ex04::DOES WEBMD HAVE A WEBPAGE ON DECODING CODE,happy,emotion_3408,20,7.05867523791517
ex04_happy_00099,ex04::DOES WEBMD HAVE A WEBPAGE ON DECODING CODE,happy,intent_3408_last,25,8.739312199323544
ex04_happy_00099,ex04::DOES WEBMD HAVE A WEBPAGE ON DECODING CODE,happy,speaker_count_3408_last,12,4.369656099661772
ex04_happy_00099,ex04::DOES WEBMD HAVE A WEBPAGE ON DECODING CODE,happy,emotion_3407,22,7.730930022478519
ex04_happy_00099,ex04::DOES WEBMD HAVE A WEBPAGE ON DECODING CODE,happy,emotion_3409,20,7.05867523791517
ex04_happy_00099,ex04::DOES WEBMD HAVE A WEBPAGE ON DECODING CODE,happy,intent_3408,37,12.77284090670364
ex04_happy_00099,ex04::DOES WEBMD HAVE A WEBPAGE ON DECODING CODE,happy,speaker_count_3408,34,11.764458729858617
ex04_happy_00147,ex04::YOU'RE ANGRY ON THE TIN ROOF,happy,asr_3408,21,9.791376912378302
ex04_happy_00147,ex04::YOU'RE ANGRY ON THE TIN ROOF,happy,emotion_3408,11,5.3407510431154375
ex04_happy_00147,ex04::YOU'RE ANGRY ON THE TIN ROOF,happy,intent_3408_last,18,8.456189151599443
ex04_happy_00147,ex04::YOU'RE ANGRY ON THE TIN ROOF,happy,speaker_count_3408_last,5,2.6703755215577187
ex04_happy_00147,ex04::YOU'RE ANGRY ON THE TIN ROOF,happy,emotion_3407,11,5.3407510431154375
ex04_happy_00147,ex04::YOU'RE ANGRY ON THE TIN ROOF,happy,emotion_3409,10,4.895688456189151
ex04_happy_00147,ex04::YOU'RE ANGRY ON THE TIN ROOF,happy,intent_3408,21,9.791376912378302
ex04_happy_00147,ex04::YOU'RE ANGRY ON THE TIN ROOF,happy,speaker_count_3408,19,8.90125173852573
ex04_happy_00158,ex04::AND THEN HE WOULD COME OVER TO OUR SET AND FILM THROUGHOUT THE NIGHT,happy,asr_3408,44,12.505210504376823
ex04_happy_00158,ex04::AND THEN HE WOULD COME OVER TO OUR SET AND FILM THROUGHOUT THE NIGHT,happy,emotion_3408,19,5.5578713352785885
ex04_happy_00158,ex04::AND THEN HE WOULD COME OVER TO OUR SET AND FILM THROUGHOUT THE NIGHT,happy,intent_3408_last,27,7.781019869390024
ex04_happy_00158,ex04::AND THEN HE WOULD COME OVER TO OUR SET AND FILM THROUGHOUT THE NIGHT,happy,speaker_count_3408_last,16,4.7241906349868
ex04_happy_00158,ex04::AND THEN HE WOULD COME OVER TO OUR SET AND FILM THROUGHOUT THE NIGHT,happy,emotion_3407,20,5.835764902042517
ex04_happy_00158,ex04::AND THEN HE WOULD COME OVER TO OUR SET AND FILM THROUGHOUT THE NIGHT,happy,emotion_3409,18,5.279977768514659
ex04_happy_00158,ex04::AND THEN HE WOULD COME OVER TO OUR SET AND FILM THROUGHOUT THE NIGHT,happy,intent_3408,44,12.505210504376823
ex04_happy_00158,ex04::AND THEN HE WOULD COME OVER TO OUR SET AND FILM THROUGHOUT THE NIGHT,happy,speaker_count_3408,44,12.505210504376823
ex04_happy_00183,ex04::THE SON ALLEGIANT AND WALK TWO MOONS ARE SIMILAR,happy,asr_3408,39,10.240655401945725
ex04_happy_00183,ex04::THE SON ALLEGIANT AND WALK TWO MOONS ARE SIMILAR,happy,emotion_3408,16,4.352278545826933
ex04_happy_00183,ex04::THE SON ALLEGIANT AND WALK TWO MOONS ARE SIMILAR,happy,intent_3408_last,25,6.65642601126472
ex04_happy_00183,ex04::THE SON ALLEGIANT AND WALK TWO MOONS ARE SIMILAR,happy,speaker_count_3408_last,13,3.5842293906810037
ex04_happy_00183,ex04::THE SON ALLEGIANT AND WALK TWO MOONS ARE SIMILAR,happy,emotion_3407,20,5.376344086021505
ex04_happy_00183,ex04::THE SON ALLEGIANT AND WALK TWO MOONS ARE SIMILAR,happy,emotion_3409,16,4.352278545826933
ex04_happy_00183,ex04::THE SON ALLEGIANT AND WALK TWO MOONS ARE SIMILAR,happy,intent_3408,39,10.240655401945725
ex04_happy_00183,ex04::THE SON ALLEGIANT AND WALK TWO MOONS ARE SIMILAR,happy,speaker_count_3408,37,9.728622631848438
ex04_happy_00206,ex04::ENJOY THE MOVIE,happy,asr_3408,14,10.600238505366372
ex04_happy_00206,ex04::ENJOY THE MOVIE,happy,emotion_3408,5,4.240095402146548
ex04_happy_00206,ex04::ENJOY THE MOVIE,happy,intent_3408_last,8,6.360143103219823
ex04_happy_00206,ex04::ENJOY THE MOVIE,happy,speaker_count_3408_last,4,3.5334128351221237
ex04_happy_00206,ex04::ENJOY THE MOVIE,happy,emotion_3407,5,4.240095402146548
ex04_happy_00206,ex04::ENJOY THE MOVIE,happy,emotion_3409,5,4.240095402146548
ex04_happy_00206,ex04::ENJOY THE MOVIE,happy,intent_3408,14,10.600238505366372
ex04_happy_00206,ex04::ENJOY THE MOVIE,happy,speaker_count_3408,12,9.186873371317523
ex04_happy_00209,ex04::ANY TRIPLE DIGIT TEMPS THIS WEEK IN TEXAS,happy,asr_3408,31,12.324579351515297
ex04_happy_00209,ex04::ANY TRIPLE DIGIT TEMPS THIS WEEK IN TEXAS,happy,emotion_3408,15,6.162289675757648
ex04_happy_00209,ex04::ANY TRIPLE DIGIT TEMPS THIS WEEK IN TEXAS,happy,intent_3408_last,20,8.088005199431914
ex04_happy_00209,ex04::ANY TRIPLE DIGIT TEMPS THIS WEEK IN TEXAS,happy,speaker_count_3408_last,8,3.4662879426136777
ex04_happy_00209,ex04::ANY TRIPLE DIGIT TEMPS THIS WEEK IN TEXAS,happy,emotion_3407,16,6.547432780492501
ex04_happy_00209,ex04::ANY TRIPLE DIGIT TEMPS THIS WEEK IN TEXAS,happy,emotion_3409,13,5.392003466287942
ex04_happy_00209,ex04::ANY TRIPLE DIGIT TEMPS THIS WEEK IN TEXAS,happy,intent_3408,31,12.324579351515297
ex04_happy_00209,ex04::ANY TRIPLE DIGIT TEMPS THIS WEEK IN TEXAS,happy,speaker_count_3408,29,11.55429314204559
ex04_happy_00254,ex04::ANY INDICATION ON HOW HE'S LEANING,happy,asr_3408,27,13.467608597625132
ex04_happy_00254,ex04::ANY INDICATION ON HOW HE'S LEANING,happy,emotion_3408,10,5.290846234781301
ex04_happy_00254,ex04::ANY INDICATION ON HOW HE'S LEANING,happy,intent_3408_last,16,8.17676236284383
ex04_happy_00254,ex04::ANY INDICATION ON HOW HE'S LEANING,happy,speaker_count_3408_last,8,4.328874192093792
ex04_happy_00254,ex04::ANY INDICATION ON HOW HE'S LEANING,happy,emotion_3407,13,6.733804298812566
ex04_happy_00254,ex04::ANY INDICATION ON HOW HE'S LEANING,happy,emotion_3409,10,5.290846234781301
ex04_happy_00254,ex04::ANY INDICATION ON HOW HE'S LEANING,happy,intent_3408,27,13.467608597625132
ex04_happy_00254,ex04::ANY INDICATION ON HOW HE'S LEANING,happy,speaker_count_3408,25,12.505636554937622
ex04_happy_00278,ex04::HEY GAGA HOW'S IT GOING IN THERE,happy,asr_3408,23,11.306088799905783
ex04_happy_00278,ex04::HEY GAGA HOW'S IT GOING IN THERE,happy,emotion_3408,11,5.653044399952892
ex04_happy_00278,ex04::HEY GAGA HOW'S IT GOING IN THERE,happy,intent_3408_last,16,8.008479566599929
ex04_happy_00278,ex04::HEY GAGA HOW'S IT GOING IN THERE,happy,speaker_count_3408_last,9,4.710870333294077
ex04_happy_00278,ex04::HEY GAGA HOW'S IT GOING IN THERE,happy,emotion_3407,14,7.066305499941114
ex04_happy_00278,ex04::HEY GAGA HOW'S IT GOING IN THERE,happy,emotion_3409,12,6.124131433282299
ex04_happy_00278,ex04::HEY GAGA HOW'S IT GOING IN THERE,happy,intent_3408,23,11.306088799905783
ex04_happy_00278,ex04::HEY GAGA HOW'S IT GOING IN THERE,happy,speaker_count_3408,23,11.306088799905783
ex04_happy_00284,ex04::YOU COULD HAVE WRECKED HIS LIFE,happy,asr_3408,19,10.806064903927329
ex04_happy_00284,ex04::YOU COULD HAVE WRECKED HIS LIFE,happy,emotion_3408,9,5.403032451963664
ex04_happy_00284,ex04::YOU COULD HAVE WRECKED HIS LIFE,happy,intent_3408_last,12,7.023942187552764
ex04_happy_00284,ex04::YOU COULD HAVE WRECKED HIS LIFE,happy,speaker_count_3408_last,5,3.2418194711781987
ex04_happy_00284,ex04::YOU COULD HAVE WRECKED HIS LIFE,happy,emotion_3407,9,5.403032451963664
ex04_happy_00284,ex04::YOU COULD HAVE WRECKED HIS LIFE,happy,emotion_3409,9,5.403032451963664
ex04_happy_00284,ex04::YOU COULD HAVE WRECKED HIS LIFE,happy,intent_3408,19,10.806064903927329
ex04_happy_00284,ex04::YOU COULD HAVE WRECKED HIS LIFE,happy,speaker_count_3408,17,9.725458413534597
ex04_happy_00295,ex04::AND FEE AND STEFFY THEY'RE TEENAGERS,happy,asr_3408,28,9.906909215133657
ex04_happy_00295,ex04::AND FEE AND STEFFY THEY'RE TEENAGERS,happy,emotion_3408,13,4.782645827995559
ex04_happy_00295,ex04::AND FEE AND STEFFY THEY'RE TEENAGERS,happy,intent_3408_last,18,6.490733623708259
ex04_happy_00295,ex04::AND FEE AND STEFFY THEY'RE TEENAGERS,happy,speaker_count_3408_last,8,3.0745580322828596
ex04_happy_00295,ex04::AND FEE AND STEFFY THEY'RE TEENAGERS,happy,emotion_3407,15,5.465880946280639
ex04_happy_00295,ex04::AND FEE AND STEFFY THEY'RE TEENAGERS,happy,emotion_3409,12,4.441028268853019
ex04_happy_00295,ex04::AND FEE AND STEFFY THEY'RE TEENAGERS,happy,intent_3408,27,9.565291655991118
ex04_happy_00295,ex04::AND FEE AND STEFFY THEY'RE TEENAGERS,happy,speaker_count_3408,23,8.198821419420959
ex04_happy_00327,ex04::NOT SO FAST,happy,asr_3408,8,6.895891198161095
ex04_happy_00327,ex04::NOT SO FAST,happy,emotion_3408,3,3.064840532516042
ex04_happy_00327,ex04::NOT SO FAST,happy,intent_3408_last,6,5.363470931903074
ex04_happy_00327,ex04::NOT SO FAST,happy,speaker_count_3408_last,3,3.064840532516042
ex04_happy_00327,ex04::NOT SO FAST,happy,emotion_3407,5,4.597260798774063
ex04_happy_00327,ex04::NOT SO FAST,happy,emotion_3409,4,3.8310506656450527
ex04_happy_00327,ex04::NOT SO FAST,happy,intent_3408,8,6.895891198161095
ex04_happy_00327,ex04::NOT SO FAST,happy,speaker_count_3408,8,6.895891198161095
ex04_happy_00334,ex04::OKAY SINCE WE'RE TALKING ABOUT WILL SMITH WHAT OTHER MOVIES DID HE ACT IN,happy,asr_3408,51,12.168724039080326
ex04_happy_00334,ex04::OKAY SINCE WE'RE TALKING ABOUT WILL SMITH WHAT OTHER MOVIES DID HE ACT IN,happy,emotion_3408,23,5.616334171883227
ex04_happy_00334,ex04::OKAY SINCE WE'RE TALKING ABOUT WILL SMITH WHAT OTHER MOVIES DID HE ACT IN,happy,intent_3408_last,33,7.956473410167905
ex04_happy_00334,ex04::OKAY SINCE WE'RE TALKING ABOUT WILL SMITH WHAT OTHER MOVIES DID HE ACT IN,happy,speaker_count_3408_last,16,3.9782367050839524
ex04_happy_00334,ex04::OKAY SINCE WE'RE TALKING ABOUT WILL SMITH WHAT OTHER MOVIES DID HE ACT IN,happy,emotion_3407,26,6.318375943368631
ex04_happy_00334,ex04::OKAY SINCE WE'RE TALKING ABOUT WILL SMITH WHAT OTHER MOVIES DID HE ACT IN,happy,emotion_3409,21,5.148306324226292
ex04_happy_00334,ex04::OKAY SINCE WE'RE TALKING ABOUT WILL SMITH WHAT OTHER MOVIES DID HE ACT IN,happy,intent_3408,51,12.168724039080326
ex04_happy_00334,ex04::OKAY SINCE WE'RE TALKING ABOUT WILL SMITH WHAT OTHER MOVIES DID HE ACT IN,happy,speaker_count_3408,48,11.466682267594923
ex04_laughing_00004,ex04::HEAVIER THAN YOU THOUGHT IT WOULD BE,laughing,asr_3408,35,12.800853390226015
ex04_laughing_00004,ex04::HEAVIER THAN YOU THOUGHT IT WOULD BE,laughing,emotion_3408,16,6.044847434273396
ex04_laughing_00004,ex04::HEAVIER THAN YOU THOUGHT IT WOULD BE,laughing,intent_3408_last,22,8.178322999311066
ex04_laughing_00004,ex04::HEAVIER THAN YOU THOUGHT IT WOULD BE,laughing,speaker_count_3408_last,10,3.911371869235727
ex04_laughing_00004,ex04::HEAVIER THAN YOU THOUGHT IT WOULD BE,laughing,emotion_3407,19,7.11158521679223
ex04_laughing_00004,ex04::HEAVIER THAN YOU THOUGHT IT WOULD BE,laughing,emotion_3409,16,6.044847434273396
ex04_laughing_00004,ex04::HEAVIER THAN YOU THOUGHT IT WOULD BE,laughing,intent_3408,35,12.800853390226015
ex04_laughing_00004,ex04::HEAVIER THAN YOU THOUGHT IT WOULD BE,laughing,speaker_count_3408,33,12.089694868546792
ex04_laughing_00015,ex04::FENNEL IS A BULB VEGETABLE WITH A LICORICE ANISE FLAVOR TO IT,laughing,asr_3408,64,12.078136250667782
ex04_laughing_00015,ex04::FENNEL IS A BULB VEGETABLE WITH A LICORICE ANISE FLAVOR TO IT,laughing,emotion_3408,34,6.503611827282652
ex04_laughing_00015,ex04::FENNEL IS A BULB VEGETABLE WITH A LICORICE ANISE FLAVOR TO IT,laughing,intent_3408_last,41,7.804334192739183
ex04_laughing_00015,ex04::FENNEL IS A BULB VEGETABLE WITH A LICORICE ANISE FLAVOR TO IT,laughing,speaker_count_3408_last,17,3.3447146540310784
ex04_laughing_00015,ex04::FENNEL IS A BULB VEGETABLE WITH A LICORICE ANISE FLAVOR TO IT,laughing,emotion_3407,37,7.061064269621165
ex04_laughing_00015,ex04::FENNEL IS A BULB VEGETABLE WITH A LICORICE ANISE FLAVOR TO IT,laughing,emotion_3409,35,6.689429308062157
ex04_laughing_00015,ex04::FENNEL IS A BULB VEGETABLE WITH A LICORICE ANISE FLAVOR TO IT,laughing,intent_3408,64,12.078136250667782
ex04_laughing_00015,ex04::FENNEL IS A BULB VEGETABLE WITH A LICORICE ANISE FLAVOR TO IT,laughing,speaker_count_3408,59,11.14904884677026
ex04_laughing_00080,ex04::I'M DOING SOCIETY A FAVOR,laughing,asr_3408,28,10.837576493670294
ex04_laughing_00080,ex04::I'M DOING SOCIETY A FAVOR,laughing,emotion_3408,13,5.231933479702901
ex04_laughing_00080,ex04::I'M DOING SOCIETY A FAVOR,laughing,intent_3408_last,19,7.474190685289859
ex04_laughing_00080,ex04::I'M DOING SOCIETY A FAVOR,laughing,speaker_count_3408_last,8,3.3633858083804364
ex04_laughing_00080,ex04::I'M DOING SOCIETY A FAVOR,laughing,emotion_3407,15,5.979352548231887
ex04_laughing_00080,ex04::I'M DOING SOCIETY A FAVOR,laughing,emotion_3409,12,4.858223945438408
ex04_laughing_00080,ex04::I'M DOING SOCIETY A FAVOR,laughing,intent_3408,28,10.837576493670294
ex04_laughing_00080,ex04::I'M DOING SOCIETY A FAVOR,laughing,speaker_count_3408,25,9.716447890876816
ex04_laughing_00099,ex04::DOES WEBMD HAVE A WEBPAGE ON DECODING CODE,laughing,asr_3408,47,12.167300380228138
ex04_laughing_00099,ex04::DOES WEBMD HAVE A WEBPAGE ON DECODING CODE,laughing,emotion_3408,24,6.337135614702155
ex04_laughing_00099,ex04::DOES WEBMD HAVE A WEBPAGE ON DECODING CODE,laughing,intent_3408_last,28,7.3510773130545
ex04_laughing_00099,ex04::DOES WEBMD HAVE A WEBPAGE ON DECODING CODE,laughing,speaker_count_3408_last,13,3.548795944233207
ex04_laughing_00099,ex04::DOES WEBMD HAVE A WEBPAGE ON DECODING CODE,laughing,emotion_3407,26,6.844106463878327
ex04_laughing_00099,ex04::DOES WEBMD HAVE A WEBPAGE ON DECODING CODE,laughing,emotion_3409,22,5.830164765525982
ex04_laughing_00099,ex04::DOES WEBMD HAVE A WEBPAGE ON DECODING CODE,laughing,intent_3408,47,12.167300380228138
ex04_laughing_00099,ex04::DOES WEBMD HAVE A WEBPAGE ON DECODING CODE,laughing,speaker_count_3408,45,11.660329531051964
ex04_laughing_00147,ex04::YOU'RE ANGRY ON THE TIN ROOF,laughing,asr_3408,27,11.388479332960497
ex04_laughing_00147,ex04::YOU'RE ANGRY ON THE TIN ROOF,laughing,emotion_3408,13,5.694239666480248
ex04_laughing_00147,ex04::YOU'RE ANGRY ON THE TIN ROOF,laughing,intent_3408_last,19,8.134628094971783
ex04_laughing_00147,ex04::YOU'RE ANGRY ON THE TIN ROOF,laughing,speaker_count_3408_last,8,3.6605826427373023
ex04_laughing_00147,ex04::YOU'RE ANGRY ON THE TIN ROOF,laughing,emotion_3407,16,6.9144338807260155
ex04_laughing_00147,ex04::YOU'RE ANGRY ON THE TIN ROOF,laughing,emotion_3409,15,6.5077024759774265
ex04_laughing_00147,ex04::YOU'RE ANGRY ON THE TIN ROOF,laughing,intent_3408,27,11.388479332960497
ex04_laughing_00147,ex04::YOU'RE ANGRY ON THE TIN ROOF,laughing,speaker_count_3408,25,10.575016523463317
ex04_laughing_00158,ex04::AND THEN HE WOULD COME OVER TO OUR SET AND FILM THROUGHOUT THE NIGHT,laughing,asr_3408,52,11.757691721087586
ex04_laughing_00158,ex04::AND THEN HE WOULD COME OVER TO OUR SET AND FILM THROUGHOUT THE NIGHT,laughing,emotion_3408,23,5.324237760492491
ex04_laughing_00158,ex04::AND THEN HE WOULD COME OVER TO OUR SET AND FILM THROUGHOUT THE NIGHT,laughing,intent_3408_last,32,7.320826920677176
ex04_laughing_00158,ex04::AND THEN HE WOULD COME OVER TO OUR SET AND FILM THROUGHOUT THE NIGHT,laughing,speaker_count_3408_last,16,3.771335080348848
ex04_laughing_00158,ex04::AND THEN HE WOULD COME OVER TO OUR SET AND FILM THROUGHOUT THE NIGHT,laughing,emotion_3407,25,5.7679242405335325
ex04_laughing_00158,ex04::AND THEN HE WOULD COME OVER TO OUR SET AND FILM THROUGHOUT THE NIGHT,laughing,emotion_3409,22,5.102394520471971
ex04_laughing_00158,ex04::AND THEN HE WOULD COME OVER TO OUR SET AND FILM THROUGHOUT THE NIGHT,laughing,intent_3408,52,11.757691721087586
ex04_laughing_00158,ex04::AND THEN HE WOULD COME OVER TO OUR SET AND FILM THROUGHOUT THE NIGHT,laughing,speaker_count_3408,50,11.314005241046544
ex04_laughing_00183,ex04::THE SON ALLEGIANT AND WALK TWO MOONS ARE SIMILAR,laughing,asr_3408,60,10.628450707292904
ex04_laughing_00183,ex04::THE SON ALLEGIANT AND WALK TWO MOONS ARE SIMILAR,laughing,emotion_3408,27,4.878633111544284
ex04_laughing_00183,ex04::THE SON ALLEGIANT AND WALK TWO MOONS ARE SIMILAR,laughing,intent_3408_last,40,7.143712770475559
ex04_laughing_00183,ex04::THE SON ALLEGIANT AND WALK TWO MOONS ARE SIMILAR,laughing,speaker_count_3408_last,21,3.8332117304990803
ex04_laughing_00183,ex04::THE SON ALLEGIANT AND WALK TWO MOONS ARE SIMILAR,laughing,emotion_3407,31,5.5755806989077525
ex04_laughing_00183,ex04::THE SON ALLEGIANT AND WALK TWO MOONS ARE SIMILAR,laughing,emotion_3409,23,4.181685524180815
ex04_laughing_00183,ex04::THE SON ALLEGIANT AND WALK TWO MOONS ARE SIMILAR,laughing,intent_3408,60,10.628450707292904
ex04_laughing_00183,ex04::THE SON ALLEGIANT AND WALK TWO MOONS ARE SIMILAR,laughing,speaker_count_3408,55,9.757266223088568
ex04_laughing_00206,ex04::ENJOY THE MOVIE,laughing,asr_3408,18,9.947643979057592
ex04_laughing_00206,ex04::ENJOY THE MOVIE,laughing,emotion_3408,7,4.18848167539267
ex04_laughing_00206,ex04::ENJOY THE MOVIE,laughing,intent_3408_last,12,6.806282722513089
ex04_laughing_00206,ex04::ENJOY THE MOVIE,laughing,speaker_count_3408_last,6,3.6649214659685865
ex04_laughing_00206,ex04::ENJOY THE MOVIE,laughing,emotion_3407,9,5.235602094240838
ex04_laughing_00206,ex04::ENJOY THE MOVIE,laughing,emotion_3409,8,4.712041884816754
ex04_laughing_00206,ex04::ENJOY THE MOVIE,laughing,intent_3408,18,9.947643979057592
ex04_laughing_00206,ex04::ENJOY THE MOVIE,laughing,speaker_count_3408,16,8.900523560209425
ex04_laughing_00209,ex04::ANY TRIPLE DIGIT TEMPS THIS WEEK IN TEXAS,laughing,asr_3408,37,11.38022685583798
ex04_laughing_00209,ex04::ANY TRIPLE DIGIT TEMPS THIS WEEK IN TEXAS,laughing,emotion_3408,21,6.588552390221989
ex04_laughing_00209,ex04::ANY TRIPLE DIGIT TEMPS THIS WEEK IN TEXAS,laughing,intent_3408_last,24,7.486991352524988
ex04_laughing_00209,ex04::ANY TRIPLE DIGIT TEMPS THIS WEEK IN TEXAS,laughing,speaker_count_3408_last,10,3.2942761951109945
ex04_laughing_00209,ex04::ANY TRIPLE DIGIT TEMPS THIS WEEK IN TEXAS,laughing,emotion_3407,21,6.588552390221989
ex04_laughing_00209,ex04::ANY TRIPLE DIGIT TEMPS THIS WEEK IN TEXAS,laughing,emotion_3409,20,6.28907273612099
ex04_laughing_00209,ex04::ANY TRIPLE DIGIT TEMPS THIS WEEK IN TEXAS,laughing,intent_3408,37,11.38022685583798
ex04_laughing_00209,ex04::ANY TRIPLE DIGIT TEMPS THIS WEEK IN TEXAS,laughing,speaker_count_3408,35,10.781267547635982
ex04_laughing_00254,ex04::ANY INDICATION ON HOW HE'S LEANING,laughing,asr_3408,30,11.72078075523418
ex04_laughing_00254,ex04::ANY INDICATION ON HOW HE'S LEANING,laughing,emotion_3408,11,4.537076421380973
ex04_laughing_00254,ex04::ANY INDICATION ON HOW HE'S LEANING,laughing,intent_3408_last,22,8.696063140980199
ex04_laughing_00254,ex04::ANY INDICATION ON HOW HE'S LEANING,laughing,speaker_count_3408_last,7,3.024717614253982
ex04_laughing_00254,ex04::ANY INDICATION ON HOW HE'S LEANING,laughing,emotion_3407,15,6.049435228507964
ex04_laughing_00254,ex04::ANY INDICATION ON HOW HE'S LEANING,laughing,emotion_3409,11,4.537076421380973
ex04_laughing_00254,ex04::ANY INDICATION ON HOW HE'S LEANING,laughing,intent_3408,30,11.72078075523418
ex04_laughing_00254,ex04::ANY INDICATION ON HOW HE'S LEANING,laughing,speaker_count_3408,29,11.342691053452432
ex04_laughing_00278,ex04::HEY GAGA HOW'S IT GOING IN THERE,laughing,asr_3408,35,11.747909443198042
ex04_laughing_00278,ex04::HEY GAGA HOW'S IT GOING IN THERE,laughing,emotion_3408,17,5.873954721599021
ex04_laughing_00278,ex04::HEY GAGA HOW'S IT GOING IN THERE,laughing,intent_3408_last,24,8.158270446665307
ex04_laughing_00278,ex04::HEY GAGA HOW'S IT GOING IN THERE,laughing,speaker_count_3408_last,12,4.24230063226596
ex04_laughing_00278,ex04::HEY GAGA HOW'S IT GOING IN THERE,laughing,emotion_3407,20,6.8529471751988575
ex04_laughing_00278,ex04::HEY GAGA HOW'S IT GOING IN THERE,laughing,emotion_3409,17,5.873954721599021
ex04_laughing_00278,ex04::HEY GAGA HOW'S IT GOING IN THERE,laughing,intent_3408,35,11.747909443198042
ex04_laughing_00278,ex04::HEY GAGA HOW'S IT GOING IN THERE,laughing,speaker_count_3408,33,11.095247807464817
ex04_laughing_00284,ex04::YOU COULD HAVE WRECKED HIS LIFE,laughing,asr_3408,32,11.646887545771385
ex04_laughing_00284,ex04::YOU COULD HAVE WRECKED HIS LIFE,laughing,emotion_3408,16,5.999911766003441
ex04_laughing_00284,ex04::YOU COULD HAVE WRECKED HIS LIFE,laughing,intent_3408_last,20,7.411655710945427
ex04_laughing_00284,ex04::YOU COULD HAVE WRECKED HIS LIFE,laughing,speaker_count_3408_last,7,2.823487889883972
ex04_laughing_00284,ex04::YOU COULD HAVE WRECKED HIS LIFE,laughing,emotion_3407,18,6.705783738474434
ex04_laughing_00284,ex04::YOU COULD HAVE WRECKED HIS LIFE,laughing,emotion_3409,16,5.999911766003441
ex04_laughing_00284,ex04::YOU COULD HAVE WRECKED HIS LIFE,laughing,intent_3408,32,11.646887545771385
ex04_laughing_00284,ex04::YOU COULD HAVE WRECKED HIS LIFE,laughing,speaker_count_3408,28,10.2351436008294
ex04_laughing_00295,ex04::AND FEE AND STEFFY THEY'RE TEENAGERS,laughing,asr_3408,33,10.272485223860867
ex04_laughing_00295,ex04::AND FEE AND STEFFY THEY'RE TEENAGERS,laughing,emotion_3408,15,4.834110693581585
ex04_laughing_00295,ex04::AND FEE AND STEFFY THEY'RE TEENAGERS,laughing,intent_3408_last,22,6.949034122023528
ex04_laughing_00295,ex04::AND FEE AND STEFFY THEY'RE TEENAGERS,laughing,speaker_count_3408_last,10,3.32345110183734
ex04_laughing_00295,ex04::AND FEE AND STEFFY THEY'RE TEENAGERS,laughing,emotion_3407,20,6.34477028532583
ex04_laughing_00295,ex04::AND FEE AND STEFFY THEY'RE TEENAGERS,laughing,emotion_3409,16,5.136242611930434
ex04_laughing_00295,ex04::AND FEE AND STEFFY THEY'RE TEENAGERS,laughing,intent_3408,33,10.272485223860867
ex04_laughing_00295,ex04::AND FEE AND STEFFY THEY'RE TEENAGERS,laughing,speaker_count_3408,30,9.366089468814321
ex04_laughing_00327,ex04::NOT SO FAST,laughing,asr_3408,13,8.468168758505973
ex04_laughing_00327,ex04::NOT SO FAST,laughing,emotion_3408,5,3.6292151822168455
ex04_laughing_00327,ex04::NOT SO FAST,laughing,intent_3408_last,8,5.443822773325268
ex04_laughing_00327,ex04::NOT SO FAST,laughing,speaker_count_3408_last,5,3.6292151822168455
ex04_laughing_00327,ex04::NOT SO FAST,laughing,emotion_3407,5,3.6292151822168455
ex04_laughing_00327,ex04::NOT SO FAST,laughing,emotion_3409,4,3.0243459851807044
ex04_laughing_00327,ex04::NOT SO FAST,laughing,intent_3408,13,8.468168758505973
ex04_laughing_00327,ex04::NOT SO FAST,laughing,speaker_count_3408,12,7.863299561469832
ex04_laughing_00334,ex04::OKAY SINCE WE'RE TALKING ABOUT WILL SMITH WHAT OTHER MOVIES DID HE ACT IN,laughing,asr_3408,62,12.46414086457612
ex04_laughing_00334,ex04::OKAY SINCE WE'RE TALKING ABOUT WILL SMITH WHAT OTHER MOVIES DID HE ACT IN,laughing,emotion_3408,30,6.133148679394599
ex04_laughing_00334,ex04::OKAY SINCE WE'RE TALKING ABOUT WILL SMITH WHAT OTHER MOVIES DID HE ACT IN,laughing,intent_3408_last,40,8.111583737263825
ex04_laughing_00334,ex04::OKAY SINCE WE'RE TALKING ABOUT WILL SMITH WHAT OTHER MOVIES DID HE ACT IN,laughing,speaker_count_3408_last,18,3.7590266099515284
ex04_laughing_00334,ex04::OKAY SINCE WE'RE TALKING ABOUT WILL SMITH WHAT OTHER MOVIES DID HE ACT IN,laughing,emotion_3407,34,6.924522702542289
ex04_laughing_00334,ex04::OKAY SINCE WE'RE TALKING ABOUT WILL SMITH WHAT OTHER MOVIES DID HE ACT IN,laughing,emotion_3409,26,5.341774656246908
ex04_laughing_00334,ex04::OKAY SINCE WE'RE TALKING ABOUT WILL SMITH WHAT OTHER MOVIES DID HE ACT IN,laughing,intent_3408,62,12.46414086457612
ex04_laughing_00334,ex04::OKAY SINCE WE'RE TALKING ABOUT WILL SMITH WHAT OTHER MOVIES DID HE ACT IN,laughing,speaker_count_3408,59,11.870610347215353
ex04_sad_00004,ex04::HEAVIER THAN YOU THOUGHT IT WOULD BE,sad,asr_3408,23,11.718392383044952
ex04_sad_00004,ex04::HEAVIER THAN YOU THOUGHT IT WOULD BE,sad,emotion_3408,10,5.370929842228936
ex04_sad_00004,ex04::HEAVIER THAN YOU THOUGHT IT WOULD BE,sad,intent_3408_last,15,7.812261588696634
ex04_sad_00004,ex04::HEAVIER THAN YOU THOUGHT IT WOULD BE,sad,speaker_count_3408_last,7,3.906130794348317
ex04_sad_00004,ex04::HEAVIER THAN YOU THOUGHT IT WOULD BE,sad,emotion_3407,13,6.835728890109555
ex04_sad_00004,ex04::HEAVIER THAN YOU THOUGHT IT WOULD BE,sad,emotion_3409,12,6.347462540816015
ex04_sad_00004,ex04::HEAVIER THAN YOU THOUGHT IT WOULD BE,sad,intent_3408,23,11.718392383044952
ex04_sad_00004,ex04::HEAVIER THAN YOU THOUGHT IT WOULD BE,sad,speaker_count_3408,22,11.230126033751413
ex04_sad_00015,ex04::FENNEL IS A BULB VEGETABLE WITH A LICORICE ANISE FLAVOR TO IT,sad,asr_3408,51,11.490284356916957
ex04_sad_00015,ex04::FENNEL IS A BULB VEGETABLE WITH A LICORICE ANISE FLAVOR TO IT,sad,emotion_3408,26,5.966109185322266
ex04_sad_00015,ex04::FENNEL IS A BULB VEGETABLE WITH A LICORICE ANISE FLAVOR TO IT,sad,intent_3408_last,35,7.9548122470963545
ex04_sad_00015,ex04::FENNEL IS A BULB VEGETABLE WITH A LICORICE ANISE FLAVOR TO IT,sad,speaker_count_3408_last,16,3.7564391166843896
ex04_sad_00015,ex04::FENNEL IS A BULB VEGETABLE WITH A LICORICE ANISE FLAVOR TO IT,sad,emotion_3407,29,6.629010205913629
ex04_sad_00015,ex04::FENNEL IS A BULB VEGETABLE WITH A LICORICE ANISE FLAVOR TO IT,sad,emotion_3409,24,5.524175171594691
ex04_sad_00015,ex04::FENNEL IS A BULB VEGETABLE WITH A LICORICE ANISE FLAVOR TO IT,sad,intent_3408,51,11.490284356916957
ex04_sad_00015,ex04::FENNEL IS A BULB VEGETABLE WITH A LICORICE ANISE FLAVOR TO IT,sad,speaker_count_3408,51,11.490284356916957
ex04_sad_00080,ex04::I'M DOING SOCIETY A FAVOR,sad,asr_3408,23,10.111116962451945
ex04_sad_00080,ex04::I'M DOING SOCIETY A FAVOR,sad,emotion_3408,10,4.634261941123809
ex04_sad_00080,ex04::I'M DOING SOCIETY A FAVOR,sad,intent_3408_last,15,6.74074464163463
ex04_sad_00080,ex04::I'M DOING SOCIETY A FAVOR,sad,speaker_count_3408_last,7,3.370372320817315
ex04_sad_00080,ex04::I'M DOING SOCIETY A FAVOR,sad,emotion_3407,12,5.476855021328137
ex04_sad_00080,ex04::I'M DOING SOCIETY A FAVOR,sad,emotion_3409,9,4.212965401021644
ex04_sad_00080,ex04::I'M DOING SOCIETY A FAVOR,sad,intent_3408,23,10.111116962451945
ex04_sad_00080,ex04::I'M DOING SOCIETY A FAVOR,sad,speaker_count_3408,22,9.689820422349781
ex04_sad_00099,ex04::DOES WEBMD HAVE A WEBPAGE ON DECODING CODE,sad,asr_3408,40,12.186513096786179
ex04_sad_00099,ex04::DOES WEBMD HAVE A WEBPAGE ON DECODING CODE,sad,emotion_3408,21,6.539104588519413
ex04_sad_00099,ex04::DOES WEBMD HAVE A WEBPAGE ON DECODING CODE,sad,intent_3408_last,26,8.025264722273825
ex04_sad_00099,ex04::DOES WEBMD HAVE A WEBPAGE ON DECODING CODE,sad,speaker_count_3408_last,12,3.8640163477614715
ex04_sad_00099,ex04::DOES WEBMD HAVE A WEBPAGE ON DECODING CODE,sad,emotion_3407,24,7.4308006687720605
ex04_sad_00099,ex04::DOES WEBMD HAVE A WEBPAGE ON DECODING CODE,sad,emotion_3409,21,6.539104588519413
ex04_sad_00099,ex04::DOES WEBMD HAVE A WEBPAGE ON DECODING CODE,sad,intent_3408,40,12.186513096786179
ex04_sad_00099,ex04::DOES WEBMD HAVE A WEBPAGE ON DECODING CODE,sad,speaker_count_3408,37,11.294817016533532
ex04_sad_00147,ex04::YOU'RE ANGRY ON THE TIN ROOF,sad,asr_3408,21,9.52123343251285
ex04_sad_00147,ex04::YOU'RE ANGRY ON THE TIN ROOF,sad,emotion_3408,10,4.760616716256425
ex04_sad_00147,ex04::YOU'RE ANGRY ON THE TIN ROOF,sad,intent_3408_last,17,7.790100081146876
ex04_sad_00147,ex04::YOU'RE ANGRY ON THE TIN ROOF,sad,speaker_count_3408_last,6,3.029483364890452
ex04_sad_00147,ex04::YOU'RE ANGRY ON THE TIN ROOF,sad,emotion_3407,12,5.626183391939411
ex04_sad_00147,ex04::YOU'RE ANGRY ON THE TIN ROOF,sad,emotion_3409,10,4.760616716256425
ex04_sad_00147,ex04::YOU'RE ANGRY ON THE TIN ROOF,sad,intent_3408,21,9.52123343251285
ex04_sad_00147,ex04::YOU'RE ANGRY ON THE TIN ROOF,sad,speaker_count_3408,20,9.088450094671355
ex04_sad_00158,ex04::AND THEN HE WOULD COME OVER TO OUR SET AND FILM THROUGHOUT THE NIGHT,sad,asr_3408,45,12.938384459875188
ex04_sad_00158,ex04::AND THEN HE WOULD COME OVER TO OUR SET AND FILM THROUGHOUT THE NIGHT,sad,emotion_3408,20,5.906653775160412
ex04_sad_00158,ex04::AND THEN HE WOULD COME OVER TO OUR SET AND FILM THROUGHOUT THE NIGHT,sad,intent_3408_last,25,7.312999912103367
ex04_sad_00158,ex04::AND THEN HE WOULD COME OVER TO OUR SET AND FILM THROUGHOUT THE NIGHT,sad,speaker_count_3408_last,14,4.219038410828865
ex04_sad_00158,ex04::AND THEN HE WOULD COME OVER TO OUR SET AND FILM THROUGHOUT THE NIGHT,sad,emotion_3407,22,6.469192229937594
ex04_sad_00158,ex04::AND THEN HE WOULD COME OVER TO OUR SET AND FILM THROUGHOUT THE NIGHT,sad,emotion_3409,20,5.906653775160412
ex04_sad_00158,ex04::AND THEN HE WOULD COME OVER TO OUR SET AND FILM THROUGHOUT THE NIGHT,sad,intent_3408,45,12.938384459875188
ex04_sad_00158,ex04::AND THEN HE WOULD COME OVER TO OUR SET AND FILM THROUGHOUT THE NIGHT,sad,speaker_count_3408,41,11.813307550320824
ex04_sad_00183,ex04::THE SON ALLEGIANT AND WALK TWO MOONS ARE SIMILAR,sad,asr_3408,42,9.581638905910534
ex04_sad_00183,ex04::THE SON ALLEGIANT AND WALK TWO MOONS ARE SIMILAR,sad,emotion_3408,21,4.902233858837947
ex04_sad_00183,ex04::THE SON ALLEGIANT AND WALK TWO MOONS ARE SIMILAR,sad,intent_3408_last,31,7.13052197649156
ex04_sad_00183,ex04::THE SON ALLEGIANT AND WALK TWO MOONS ARE SIMILAR,sad,speaker_count_3408_last,11,2.673945741184335
ex04_sad_00183,ex04::THE SON ALLEGIANT AND WALK TWO MOONS ARE SIMILAR,sad,emotion_3407,24,5.5707202941340315
ex04_sad_00183,ex04::THE SON ALLEGIANT AND WALK TWO MOONS ARE SIMILAR,sad,emotion_3409,20,4.679405047072587
ex04_sad_00183,ex04::THE SON ALLEGIANT AND WALK TWO MOONS ARE SIMILAR,sad,intent_3408,42,9.581638905910534
ex04_sad_00183,ex04::THE SON ALLEGIANT AND WALK TWO MOONS ARE SIMILAR,sad,speaker_count_3408,40,9.135981282379811
ex04_sad_00206,ex04::ENJOY THE MOVIE,sad,asr_3408,16,9.247926016591867
ex04_sad_00206,ex04::ENJOY THE MOVIE,sad,emotion_3408,6,3.8079695362437103
ex04_sad_00206,ex04::ENJOY THE MOVIE,sad,intent_3408_last,12,7.071943424452605
ex04_sad_00206,ex04::ENJOY THE MOVIE,sad,speaker_count_3408_last,5,3.2639738882088944
ex04_sad_00206,ex04::ENJOY THE MOVIE,sad,emotion_3407,7,4.351965184278526
ex04_sad_00206,ex04::ENJOY THE MOVIE,sad,emotion_3409,6,3.8079695362437103
ex04_sad_00206,ex04::ENJOY THE MOVIE,sad,intent_3408,16,9.247926016591867
ex04_sad_00206,ex04::ENJOY THE MOVIE,sad,speaker_count_3408,16,9.247926016591867
ex04_sad_00209,ex04::ANY TRIPLE DIGIT TEMPS THIS WEEK IN TEXAS,sad,asr_3408,33,10.928303099700676
ex04_sad_00209,ex04::ANY TRIPLE DIGIT TEMPS THIS WEEK IN TEXAS,sad,emotion_3408,17,5.785572229253299
ex04_sad_00209,ex04::ANY TRIPLE DIGIT TEMPS THIS WEEK IN TEXAS,sad,intent_3408_last,21,7.071254946865143
ex04_sad_00209,ex04::ANY TRIPLE DIGIT TEMPS THIS WEEK IN TEXAS,sad,speaker_count_3408_last,9,3.214206794029611
ex04_sad_00209,ex04::ANY TRIPLE DIGIT TEMPS THIS WEEK IN TEXAS,sad,emotion_3407,19,6.428413588059222
ex04_sad_00209,ex04::ANY TRIPLE DIGIT TEMPS THIS WEEK IN TEXAS,sad,emotion_3409,15,5.142730870447377
ex04_sad_00209,ex04::ANY TRIPLE DIGIT TEMPS THIS WEEK IN TEXAS,sad,intent_3408,33,10.928303099700676
ex04_sad_00209,ex04::ANY TRIPLE DIGIT TEMPS THIS WEEK IN TEXAS,sad,speaker_count_3408,32,10.606882420297715
ex04_sad_00254,ex04::ANY INDICATION ON HOW HE'S LEANING,sad,asr_3408,26,11.591092031124228
ex04_sad_00254,ex04::ANY INDICATION ON HOW HE'S LEANING,sad,emotion_3408,13,6.0101958679903404
ex04_sad_00254,ex04::ANY INDICATION ON HOW HE'S LEANING,sad,intent_3408_last,20,9.01529380198551
ex04_sad_00254,ex04::ANY INDICATION ON HOW HE'S LEANING,sad,speaker_count_3408_last,8,3.863697343708076
ex04_sad_00254,ex04::ANY INDICATION ON HOW HE'S LEANING,sad,emotion_3407,13,6.0101958679903404
ex04_sad_00254,ex04::ANY INDICATION ON HOW HE'S LEANING,sad,emotion_3409,9,4.292997048564529
ex04_sad_00254,ex04::ANY INDICATION ON HOW HE'S LEANING,sad,intent_3408,26,11.591092031124228
ex04_sad_00254,ex04::ANY INDICATION ON HOW HE'S LEANING,sad,speaker_count_3408,25,11.161792326267776
ex04_sad_00278,ex04::HEY GAGA HOW'S IT GOING IN THERE,sad,asr_3408,27,10.034493571652556
ex04_sad_00278,ex04::HEY GAGA HOW'S IT GOING IN THERE,sad,emotion_3408,14,5.37562155624244
ex04_sad_00278,ex04::HEY GAGA HOW'S IT GOING IN THERE,sad,intent_3408_last,20,7.525870178739416
ex04_sad_00278,ex04::HEY GAGA HOW'S IT GOING IN THERE,sad,speaker_count_3408_last,9,3.583747704161627
ex04_sad_00278,ex04::HEY GAGA HOW'S IT GOING IN THERE,sad,emotion_3407,18,6.809120637907092
ex04_sad_00278,ex04::HEY GAGA HOW'S IT GOING IN THERE,sad,emotion_3409,14,5.37562155624244
ex04_sad_00278,ex04::HEY GAGA HOW'S IT GOING IN THERE,sad,intent_3408,27,10.034493571652556
ex04_sad_00278,ex04::HEY GAGA HOW'S IT GOING IN THERE,sad,speaker_count_3408,26,9.676118801236393
ex04_sad_00284,ex04::YOU COULD HAVE WRECKED HIS LIFE,sad,asr_3408,21,9.312662045610878
ex04_sad_00284,ex04::YOU COULD HAVE WRECKED HIS LIFE,sad,emotion_3408,10,4.656331022805439
ex04_sad_00284,ex04::YOU COULD HAVE WRECKED HIS LIFE,sad,intent_3408_last,15,6.772845124080638
ex04_sad_00284,ex04::YOU COULD HAVE WRECKED HIS LIFE,sad,speaker_count_3408_last,4,2.1165141012752
ex04_sad_00284,ex04::YOU COULD HAVE WRECKED HIS LIFE,sad,emotion_3407,12,5.502936663315519
ex04_sad_00284,ex04::YOU COULD HAVE WRECKED HIS LIFE,sad,emotion_3409,11,5.0796338430604795
ex04_sad_00284,ex04::YOU COULD HAVE WRECKED HIS LIFE,sad,intent_3408,21,9.312662045610878
ex04_sad_00284,ex04::YOU COULD HAVE WRECKED HIS LIFE,sad,speaker_count_3408,21,9.312662045610878
ex04_sad_00295,ex04::AND FEE AND STEFFY THEY'RE TEENAGERS,sad,asr_3408,27,9.157059929686861
ex04_sad_00295,ex04::AND FEE AND STEFFY THEY'RE TEENAGERS,sad,emotion_3408,13,4.5785299648434306
ex04_sad_00295,ex04::AND FEE AND STEFFY THEY'RE TEENAGERS,sad,intent_3408_last,19,6.540757092633473
ex04_sad_00295,ex04::AND FEE AND STEFFY THEY'RE TEENAGERS,sad,speaker_count_3408_last,8,2.9433406916850626
ex04_sad_00295,ex04::AND FEE AND STEFFY THEY'RE TEENAGERS,sad,emotion_3407,14,4.905567819475104
ex04_sad_00295,ex04::AND FEE AND STEFFY THEY'RE TEENAGERS,sad,emotion_3409,14,4.905567819475104
ex04_sad_00295,ex04::AND FEE AND STEFFY THEY'RE TEENAGERS,sad,intent_3408,27,9.157059929686861
ex04_sad_00295,ex04::AND FEE AND STEFFY THEY'RE TEENAGERS,sad,speaker_count_3408,26,8.830022075055188
ex04_sad_00327,ex04::NOT SO FAST,sad,asr_3408,10,6.948008369191899
ex04_sad_00327,ex04::NOT SO FAST,sad,emotion_3408,5,3.789822746831945
ex04_sad_00327,ex04::NOT SO FAST,sad,intent_3408_last,7,5.053096995775927
ex04_sad_00327,ex04::NOT SO FAST,sad,speaker_count_3408_last,4,3.1581856223599543
ex04_sad_00327,ex04::NOT SO FAST,sad,emotion_3407,6,4.421459871303936
ex04_sad_00327,ex04::NOT SO FAST,sad,emotion_3409,3,2.5265484978879633
ex04_sad_00327,ex04::NOT SO FAST,sad,intent_3408,10,6.948008369191899
ex04_sad_00327,ex04::NOT SO FAST,sad,speaker_count_3408,10,6.948008369191899
ex04_sad_00334,ex04::OKAY SINCE WE'RE TALKING ABOUT WILL SMITH WHAT OTHER MOVIES DID HE ACT IN,sad,asr_3408,53,11.343942019851898
ex04_sad_00334,ex04::OKAY SINCE WE'RE TALKING ABOUT WILL SMITH WHAT OTHER MOVIES DID HE ACT IN,sad,emotion_3408,29,6.3021900110288325
ex04_sad_00334,ex04::OKAY SINCE WE'RE TALKING ABOUT WILL SMITH WHAT OTHER MOVIES DID HE ACT IN,sad,intent_3408_last,37,7.982774013969855
ex04_sad_00334,ex04::OKAY SINCE WE'RE TALKING ABOUT WILL SMITH WHAT OTHER MOVIES DID HE ACT IN,sad,speaker_count_3408_last,16,3.5712410062496716
ex04_sad_00334,ex04::OKAY SINCE WE'RE TALKING ABOUT WILL SMITH WHAT OTHER MOVIES DID HE ACT IN,sad,emotion_3407,30,6.512263011396461
ex04_sad_00334,ex04::OKAY SINCE WE'RE TALKING ABOUT WILL SMITH WHAT OTHER MOVIES DID HE ACT IN,sad,emotion_3409,24,5.251825009190694
ex04_sad_00334,ex04::OKAY SINCE WE'RE TALKING ABOUT WILL SMITH WHAT OTHER MOVIES DID HE ACT IN,sad,intent_3408,53,11.343942019851898
ex04_sad_00334,ex04::OKAY SINCE WE'RE TALKING ABOUT WILL SMITH WHAT OTHER MOVIES DID HE ACT IN,sad,speaker_count_3408,50,10.713723018749015
ex04_whisper_00004,ex04::HEAVIER THAN YOU THOUGHT IT WOULD BE,whisper,asr_3408,25,12.573293840294989
ex04_whisper_00004,ex04::HEAVIER THAN YOU THOUGHT IT WOULD BE,whisper,emotion_3408,10,5.319470470894034
ex04_whisper_00004,ex04::HEAVIER THAN YOU THOUGHT IT WOULD BE,whisper,intent_3408_last,15,7.7374115940276855
ex04_whisper_00004,ex04::HEAVIER THAN YOU THOUGHT IT WOULD BE,whisper,speaker_count_3408_last,6,3.3851175723871125
ex04_whisper_00004,ex04::HEAVIER THAN YOU THOUGHT IT WOULD BE,whisper,emotion_3407,11,5.803058695520765
ex04_whisper_00004,ex04::HEAVIER THAN YOU THOUGHT IT WOULD BE,whisper,emotion_3409,10,5.319470470894034
ex04_whisper_00004,ex04::HEAVIER THAN YOU THOUGHT IT WOULD BE,whisper,intent_3408,25,12.573293840294989
ex04_whisper_00004,ex04::HEAVIER THAN YOU THOUGHT IT WOULD BE,whisper,speaker_count_3408,23,11.60611739104153
ex04_whisper_00015,ex04::FENNEL IS A BULB VEGETABLE WITH A LICORICE ANISE FLAVOR TO IT,whisper,asr_3408,54,12.10021175370569
ex04_whisper_00015,ex04::FENNEL IS A BULB VEGETABLE WITH A LICORICE ANISE FLAVOR TO IT,whisper,emotion_3408,30,6.820119352088661
ex04_whisper_00015,ex04::FENNEL IS A BULB VEGETABLE WITH A LICORICE ANISE FLAVOR TO IT,whisper,intent_3408_last,38,8.58015015262767
ex04_whisper_00015,ex04::FENNEL IS A BULB VEGETABLE WITH A LICORICE ANISE FLAVOR TO IT,whisper,speaker_count_3408_last,17,3.9600693012127715
ex04_whisper_00015,ex04::FENNEL IS A BULB VEGETABLE WITH A LICORICE ANISE FLAVOR TO IT,whisper,emotion_3407,36,8.140142452492919
ex04_whisper_00015,ex04::FENNEL IS A BULB VEGETABLE WITH A LICORICE ANISE FLAVOR TO IT,whisper,emotion_3409,31,7.040123202156038
ex04_whisper_00015,ex04::FENNEL IS A BULB VEGETABLE WITH A LICORICE ANISE FLAVOR TO IT,whisper,intent_3408,54,12.10021175370569
ex04_whisper_00015,ex04::FENNEL IS A BULB VEGETABLE WITH A LICORICE ANISE FLAVOR TO IT,whisper,speaker_count_3408,52,11.660204053570938
ex04_whisper_00080,ex04::I'M DOING SOCIETY A FAVOR,whisper,asr_3408,25,10.612244897959183
ex04_whisper_00080,ex04::I'M DOING SOCIETY A FAVOR,whisper,emotion_3408,11,4.897959183673469
ex04_whisper_00080,ex04::I'M DOING SOCIETY A FAVOR,whisper,intent_3408_last,15,6.530612244897958
ex04_whisper_00080,ex04::I'M DOING SOCIETY A FAVOR,whisper,speaker_count_3408_last,7,3.265306122448979
ex04_whisper_00080,ex04::I'M DOING SOCIETY A FAVOR,whisper,emotion_3407,13,5.7142857142857135
ex04_whisper_00080,ex04::I'M DOING SOCIETY A FAVOR,whisper,emotion_3409,13,5.7142857142857135
ex04_whisper_00080,ex04::I'M DOING SOCIETY A FAVOR,whisper,intent_3408,25,10.612244897959183
ex04_whisper_00080,ex04::I'M DOING SOCIETY A FAVOR,whisper,speaker_count_3408,24,10.204081632653061
ex04_whisper_00099,ex04::DOES WEBMD HAVE A WEBPAGE ON DECODING CODE,whisper,asr_3408,40,11.742803952455965
ex04_whisper_00099,ex04::DOES WEBMD HAVE A WEBPAGE ON DECODING CODE,whisper,emotion_3408,23,6.873836459974224
ex04_whisper_00099,ex04::DOES WEBMD HAVE A WEBPAGE ON DECODING CODE,whisper,intent_3408_last,28,8.305885722468853
ex04_whisper_00099,ex04::DOES WEBMD HAVE A WEBPAGE ON DECODING CODE,whisper,speaker_count_3408_last,12,3.7233280824860375
ex04_whisper_00099,ex04::DOES WEBMD HAVE A WEBPAGE ON DECODING CODE,whisper,emotion_3407,24,7.1602463124731495
ex04_whisper_00099,ex04::DOES WEBMD HAVE A WEBPAGE ON DECODING CODE,whisper,emotion_3409,21,6.301016754976372
ex04_whisper_00099,ex04::DOES WEBMD HAVE A WEBPAGE ON DECODING CODE,whisper,intent_3408,40,11.742803952455965
ex04_whisper_00099,ex04::DOES WEBMD HAVE A WEBPAGE ON DECODING CODE,whisper,speaker_count_3408,38,11.169984247458114
ex04_whisper_00147,ex04::YOU'RE ANGRY ON THE TIN ROOF,whisper,asr_3408,23,11.454822062464576
ex04_whisper_00147,ex04::YOU'RE ANGRY ON THE TIN ROOF,whisper,emotion_3408,11,5.727411031232288
ex04_whisper_00147,ex04::YOU'RE ANGRY ON THE TIN ROOF,whisper,intent_3408_last,16,8.113832294245741
ex04_whisper_00147,ex04::YOU'RE ANGRY ON THE TIN ROOF,whisper,speaker_count_3408_last,7,3.818274020821525
ex04_whisper_00147,ex04::YOU'RE ANGRY ON THE TIN ROOF,whisper,emotion_3407,12,6.204695283834979
ex04_whisper_00147,ex04::YOU'RE ANGRY ON THE TIN ROOF,whisper,emotion_3409,11,5.727411031232288
ex04_whisper_00147,ex04::YOU'RE ANGRY ON THE TIN ROOF,whisper,intent_3408,23,11.454822062464576
ex04_whisper_00147,ex04::YOU'RE ANGRY ON THE TIN ROOF,whisper,speaker_count_3408,21,10.500253557259194
ex04_whisper_00158,ex04::AND THEN HE WOULD COME OVER TO OUR SET AND FILM THROUGHOUT THE NIGHT,whisper,asr_3408,48,12.039312039312039
ex04_whisper_00158,ex04::AND THEN HE WOULD COME OVER TO OUR SET AND FILM THROUGHOUT THE NIGHT,whisper,emotion_3408,23,5.896805896805897
ex04_whisper_00158,ex04::AND THEN HE WOULD COME OVER TO OUR SET AND FILM THROUGHOUT THE NIGHT,whisper,intent_3408_last,29,7.37100737100737
ex04_whisper_00158,ex04::AND THEN HE WOULD COME OVER TO OUR SET AND FILM THROUGHOUT THE NIGHT,whisper,speaker_count_3408_last,14,3.685503685503685
ex04_whisper_00158,ex04::AND THEN HE WOULD COME OVER TO OUR SET AND FILM THROUGHOUT THE NIGHT,whisper,emotion_3407,24,6.142506142506142
ex04_whisper_00158,ex04::AND THEN HE WOULD COME OVER TO OUR SET AND FILM THROUGHOUT THE NIGHT,whisper,emotion_3409,20,5.159705159705159
ex04_whisper_00158,ex04::AND THEN HE WOULD COME OVER TO OUR SET AND FILM THROUGHOUT THE NIGHT,whisper,intent_3408,48,12.039312039312039
ex04_whisper_00158,ex04::AND THEN HE WOULD COME OVER TO OUR SET AND FILM THROUGHOUT THE NIGHT,whisper,speaker_count_3408,46,11.547911547911546
ex04_whisper_00183,ex04::THE SON ALLEGIANT AND WALK TWO MOONS ARE SIMILAR,whisper,asr_3408,40,10.364986569758257
ex04_whisper_00183,ex04::THE SON ALLEGIANT AND WALK TWO MOONS ARE SIMILAR,whisper,emotion_3408,19,5.056091009638173
ex04_whisper_00183,ex04::THE SON ALLEGIANT AND WALK TWO MOONS ARE SIMILAR,whisper,intent_3408_last,25,6.572918312529626
ex04_whisper_00183,ex04::THE SON ALLEGIANT AND WALK TWO MOONS ARE SIMILAR,whisper,speaker_count_3408_last,12,3.286459156264813
ex04_whisper_00183,ex04::THE SON ALLEGIANT AND WALK TWO MOONS ARE SIMILAR,whisper,emotion_3407,22,5.8145046610839
ex04_whisper_00183,ex04::THE SON ALLEGIANT AND WALK TWO MOONS ARE SIMILAR,whisper,emotion_3409,18,4.803286459156265
ex04_whisper_00183,ex04::THE SON ALLEGIANT AND WALK TWO MOONS ARE SIMILAR,whisper,intent_3408,40,10.364986569758257
ex04_whisper_00183,ex04::THE SON ALLEGIANT AND WALK TWO MOONS ARE SIMILAR,whisper,speaker_count_3408,37,9.60657291831253
ex04_whisper_00206,ex04::ENJOY THE MOVIE,whisper,asr_3408,13,9.182209469153515
ex04_whisper_00206,ex04::ENJOY THE MOVIE,whisper,emotion_3408,5,3.9352326296372206
ex04_whisper_00206,ex04::ENJOY THE MOVIE,whisper,intent_3408_last,8,5.902848944455831
ex04_whisper_00206,ex04::ENJOY THE MOVIE,whisper,speaker_count_3408_last,4,3.279360524697684
ex04_whisper_00206,ex04::ENJOY THE MOVIE,whisper,emotion_3407,6,4.591104734576757
ex04_whisper_00206,ex04::ENJOY THE MOVIE,whisper,emotion_3409,6,4.591104734576757
ex04_whisper_00206,ex04::ENJOY THE MOVIE,whisper,intent_3408,13,9.182209469153515
ex04_whisper_00206,ex04::ENJOY THE MOVIE,whisper,speaker_count_3408,13,9.182209469153515
ex04_whisper_00209,ex04::ANY TRIPLE DIGIT TEMPS THIS WEEK IN TEXAS,whisper,asr_3408,34,11.264205974052096
ex04_whisper_00209,ex04::ANY TRIPLE DIGIT TEMPS THIS WEEK IN TEXAS,whisper,emotion_3408,18,6.114854671628281
ex04_whisper_00209,ex04::ANY TRIPLE DIGIT TEMPS THIS WEEK IN TEXAS,whisper,intent_3408_last,22,7.402192497234235
ex04_whisper_00209,ex04::ANY TRIPLE DIGIT TEMPS THIS WEEK IN TEXAS,whisper,speaker_count_3408_last,8,2.896510107613396
ex04_whisper_00209,ex04::ANY TRIPLE DIGIT TEMPS THIS WEEK IN TEXAS,whisper,emotion_3407,20,6.7585235844312574
ex04_whisper_00209,ex04::ANY TRIPLE DIGIT TEMPS THIS WEEK IN TEXAS,whisper,emotion_3409,19,6.436689128029769
ex04_whisper_00209,ex04::ANY TRIPLE DIGIT TEMPS THIS WEEK IN TEXAS,whisper,intent_3408,34,11.264205974052096
ex04_whisper_00209,ex04::ANY TRIPLE DIGIT TEMPS THIS WEEK IN TEXAS,whisper,speaker_count_3408,33,10.942371517650608
ex04_whisper_00254,ex04::ANY INDICATION ON HOW HE'S LEANING,whisper,asr_3408,28,11.579735462939855
ex04_whisper_00254,ex04::ANY INDICATION ON HOW HE'S LEANING,whisper,emotion_3408,11,4.79161467431994
ex04_whisper_00254,ex04::ANY INDICATION ON HOW HE'S LEANING,whisper,intent_3408_last,20,8.385325680059895
ex04_whisper_00254,ex04::ANY INDICATION ON HOW HE'S LEANING,whisper,speaker_count_3408_last,9,3.99301222859995
ex04_whisper_00254,ex04::ANY INDICATION ON HOW HE'S LEANING,whisper,emotion_3407,16,6.788120788619915
ex04_whisper_00254,ex04::ANY INDICATION ON HOW HE'S LEANING,whisper,emotion_3409,11,4.79161467431994
ex04_whisper_00254,ex04::ANY INDICATION ON HOW HE'S LEANING,whisper,intent_3408,28,11.579735462939855
ex04_whisper_00254,ex04::ANY INDICATION ON HOW HE'S LEANING,whisper,speaker_count_3408,27,11.18043424007986
ex04_whisper_00278,ex04::HEY GAGA HOW'S IT GOING IN THERE,whisper,asr_3408,27,10.37301164648406
ex04_whisper_00278,ex04::HEY GAGA HOW'S IT GOING IN THERE,whisper,emotion_3408,13,5.18650582324203
ex04_whisper_00278,ex04::HEY GAGA HOW'S IT GOING IN THERE,whisper,intent_3408_last,20,7.7797587348630435
ex04_whisper_00278,ex04::HEY GAGA HOW'S IT GOING IN THERE,whisper,speaker_count_3408_last,8,3.3341823149413043
ex04_whisper_00278,ex04::HEY GAGA HOW'S IT GOING IN THERE,whisper,emotion_3407,17,6.668364629882609
ex04_whisper_00278,ex04::HEY GAGA HOW'S IT GOING IN THERE,whisper,emotion_3409,14,5.556970524902174
ex04_whisper_00278,ex04::HEY GAGA HOW'S IT GOING IN THERE,whisper,intent_3408,27,10.37301164648406
ex04_whisper_00278,ex04::HEY GAGA HOW'S IT GOING IN THERE,whisper,speaker_count_3408,25,9.632082243163769
ex04_whisper_00284,ex04::YOU COULD HAVE WRECKED HIS LIFE,whisper,asr_3408,23,10.027680576591633
ex04_whisper_00284,ex04::YOU COULD HAVE WRECKED HIS LIFE,whisper,emotion_3408,12,5.431660312320468
ex04_whisper_00284,ex04::YOU COULD HAVE WRECKED HIS LIFE,whisper,intent_3408_last,14,6.267300360369771
ex04_whisper_00284,ex04::YOU COULD HAVE WRECKED HIS LIFE,whisper,speaker_count_3408_last,5,2.5069201441479083
ex04_whisper_00284,ex04::YOU COULD HAVE WRECKED HIS LIFE,whisper,emotion_3407,11,5.013840288295817
ex04_whisper_00284,ex04::YOU COULD HAVE WRECKED HIS LIFE,whisper,emotion_3409,10,4.596020264271165
ex04_whisper_00284,ex04::YOU COULD HAVE WRECKED HIS LIFE,whisper,intent_3408,23,10.027680576591633
ex04_whisper_00284,ex04::YOU COULD HAVE WRECKED HIS LIFE,whisper,speaker_count_3408,21,9.19204052854233
ex04_whisper_00295,ex04::AND FEE AND STEFFY THEY'RE TEENAGERS,whisper,asr_3408,31,9.783688756401437
ex04_whisper_00295,ex04::AND FEE AND STEFFY THEY'RE TEENAGERS,whisper,emotion_3408,13,4.280363830925628
ex04_whisper_00295,ex04::AND FEE AND STEFFY THEY'RE TEENAGERS,whisper,intent_3408_last,22,7.032026293663533
ex04_whisper_00295,ex04::AND FEE AND STEFFY THEY'RE TEENAGERS,whisper,speaker_count_3408_last,8,2.751662462737904
ex04_whisper_00295,ex04::AND FEE AND STEFFY THEY'RE TEENAGERS,whisper,emotion_3407,18,5.809065199113353
ex04_whisper_00295,ex04::AND FEE AND STEFFY THEY'RE TEENAGERS,whisper,emotion_3409,15,4.891844378200719
ex04_whisper_00295,ex04::AND FEE AND STEFFY THEY'RE TEENAGERS,whisper,intent_3408,31,9.783688756401437
ex04_whisper_00295,ex04::AND FEE AND STEFFY THEY'RE TEENAGERS,whisper,speaker_count_3408,28,8.866467935488803
ex04_whisper_00327,ex04::NOT SO FAST,whisper,asr_3408,11,7.2245635159542445
ex04_whisper_00327,ex04::NOT SO FAST,whisper,emotion_3408,4,3.0102347983142685
ex04_whisper_00327,ex04::NOT SO FAST,whisper,intent_3408_last,8,5.418422636965683
ex04_whisper_00327,ex04::NOT SO FAST,whisper,speaker_count_3408_last,3,2.408187838651415
ex04_whisper_00327,ex04::NOT SO FAST,whisper,emotion_3407,5,3.6122817579771223
ex04_whisper_00327,ex04::NOT SO FAST,whisper,emotion_3409,3,2.408187838651415
ex04_whisper_00327,ex04::NOT SO FAST,whisper,intent_3408,11,7.2245635159542445
ex04_whisper_00327,ex04::NOT SO FAST,whisper,speaker_count_3408,11,7.2245635159542445
ex04_whisper_00334,ex04::OKAY SINCE WE'RE TALKING ABOUT WILL SMITH WHAT OTHER MOVIES DID HE ACT IN,whisper,asr_3408,57,11.776948653519124
ex04_whisper_00334,ex04::OKAY SINCE WE'RE TALKING ABOUT WILL SMITH WHAT OTHER MOVIES DID HE ACT IN,whisper,emotion_3408,28,5.888474326759562
ex04_whisper_00334,ex04::OKAY SINCE WE'RE TALKING ABOUT WILL SMITH WHAT OTHER MOVIES DID HE ACT IN,whisper,intent_3408_last,40,8.325084393004898
ex04_whisper_00334,ex04::OKAY SINCE WE'RE TALKING ABOUT WILL SMITH WHAT OTHER MOVIES DID HE ACT IN,whisper,speaker_count_3408_last,15,3.248813421660448
ex04_whisper_00334,ex04::OKAY SINCE WE'RE TALKING ABOUT WILL SMITH WHAT OTHER MOVIES DID HE ACT IN,whisper,emotion_3407,35,7.309830198736008
ex04_whisper_00334,ex04::OKAY SINCE WE'RE TALKING ABOUT WILL SMITH WHAT OTHER MOVIES DID HE ACT IN,whisper,emotion_3409,28,5.888474326759562
ex04_whisper_00334,ex04::OKAY SINCE WE'RE TALKING ABOUT WILL SMITH WHAT OTHER MOVIES DID HE ACT IN,whisper,intent_3408,57,11.776948653519124
ex04_whisper_00334,ex04::OKAY SINCE WE'RE TALKING ABOUT WILL SMITH WHAT OTHER MOVIES DID HE ACT IN,whisper,speaker_count_3408,55,11.370846975811569
